#-----------------------------------------------------------
# Vivado v2024.2 (64-bit)
# SW Build 5239630 on Fri Nov 08 22:35:27 MST 2024
# IP Build 5239520 on Sun Nov 10 16:12:51 MST 2024
# SharedData Build 5239561 on Fri Nov 08 14:39:27 MST 2024
# Start of session at: Fri Nov 21 21:05:15 2025
# Process ID         : 29660
# Current directory  : D:/cd3/project_3
# Command line       : vivado.exe -gui_launcher_event rodinguilauncherevent20548 D:\cd3\project_3\project_3.xpr
# Log file           : D:/cd3/project_3/vivado.log
# Journal file       : D:/cd3/project_3\vivado.jou
# Running On         : jyx
# Platform           : Windows Server 2016 or Windows 10
# Operating System   : 22631
# Processor Detail   : 12th Gen Intel(R) Core(TM) i5-1240P
# CPU Frequency      : 2112 MHz
# CPU Physical cores : 12
# CPU Logical cores  : 16
# Host memory        : 16794 MB
# Swap memory        : 3489 MB
# Total Virtual      : 20284 MB
# Available Virtual  : 7998 MB
#-----------------------------------------------------------
start_gui
open_project D:/cd3/project_3/project_3.xpr
Scanning sources...
Finished scanning sources
INFO: [IP_Flow 19-234] Refreshing IP repositories
INFO: [IP_Flow 19-1700] Loaded user IP repository 'd:/ip_repo'.
INFO: [IP_Flow 19-2313] Loaded Vivado IP repository 'D:/Vivado/2024.2/data/ip'.
INFO: [Project 1-5579] Found utility IPs instantiated in one or more block designs which have equivalent inline hdl with improved performance and reduced diskspace. It is recommended to migrate these utility IPs to inline hdl using the command upgrade_project -migrate_to_inline_hdl. The utility IPs may be deprecated in future releases. More information on inline hdl is available in UG994.
open_project: Time (s): cpu = 00:00:08 ; elapsed = 00:01:07 . Memory (MB): peak = 1291.297 ; gain = 227.059
update_compile_order -fileset sources_1
open_bd_design {D:/cd3/design_3/design_3.bd}
Reading block design file <D:/cd3/design_3/design_3.bd>...
Adding component instance block -- xilinx.com:module_ref:adpt_in:1.0 - adpt_in_0
Adding component instance block -- xilinx.com:ip:xlconstant:1.1 - xlconstant_0
Adding component instance block -- xilinx.com:ip:xlconstant:1.1 - xlconstant_1
Adding component instance block -- xilinx.com:module_ref:D_trigger:1.0 - D_trigger_0
Adding component instance block -- xilinx.com:module_ref:and_gate:1.0 - and_gate_0
Adding component instance block -- xilinx.com:module_ref:and_gate:1.0 - and_gate_1
Adding component instance block -- xilinx.com:module_ref:and_gate:1.0 - and_gate_2
Adding component instance block -- xilinx.com:module_ref:not_gate:1.0 - not_gate_0
Adding component instance block -- xilinx.com:module_ref:ic_74161:1.0 - ic_74161_0
Adding component instance block -- xilinx.com:module_ref:ic_74161:1.0 - ic_74161_1
Adding component instance block -- xilinx.com:module_ref:ic_74161:1.0 - ic_74161_2
Adding component instance block -- xilinx.com:ip:xlconcat:2.1 - xlconcat_0
Adding component instance block -- xilinx.com:module_ref:the_12bit_to_3x4bit:1.0 - the_12bit_to_3x4bit_0
Adding component instance block -- xilinx.com:module_ref:ram:1.0 - ram_0
Adding component instance block -- xilinx.com:module_ref:register_16bit:1.0 - R0
Adding component instance block -- xilinx.com:module_ref:register_16bit:1.0 - R1
Adding component instance block -- xilinx.com:module_ref:register_16bit:1.0 - R2
Adding component instance block -- xilinx.com:module_ref:register_16bit:1.0 - X
Adding component instance block -- xilinx.com:module_ref:register_16bit:1.0 - Z
Adding component instance block -- xilinx.com:module_ref:register_12bit:1.0 - MAR
Adding component instance block -- xilinx.com:module_ref:register_16bit:1.0 - MDR
Adding component instance block -- xilinx.com:module_ref:register_16bit:1.0 - MDRE
Adding component instance block -- xilinx.com:module_ref:register_16bit:1.0 - IR
Adding component instance block -- xilinx.com:module_ref:mux_5to1_16bit:1.0 - mux_5to1_16bit_0
Adding component instance block -- xilinx.com:module_ref:aggregator_4bit:1.0 - aggregator_4bit_0
Adding component instance block -- xilinx.com:module_ref:carry_lookahead_74182:1.0 - carry_lookahead_74182_0
Adding component instance block -- xilinx.com:module_ref:aggregator_4bit:1.0 - aggregator_4bit_1
Adding component instance block -- xilinx.com:module_ref:alu_74181:1.0 - alu_74181_0
Adding component instance block -- xilinx.com:module_ref:alu_74181:1.0 - alu_74181_1
Adding component instance block -- xilinx.com:module_ref:alu_74181:1.0 - alu_74181_2
Adding component instance block -- xilinx.com:module_ref:aggregate_4x4_to_16bit:1.0 - aggregate_4x4_to_16b_0
Adding component instance block -- xilinx.com:module_ref:the_16bit_to_4x4bit:1.0 - the_16bit_to_4x4bit_1
Adding component instance block -- xilinx.com:module_ref:the_16bit_to_4x4bit:1.0 - the_16bit_to_4x4bit_0
Adding component instance block -- xilinx.com:module_ref:alu_74181:1.0 - alu_74181_3
Adding component instance block -- xilinx.com:module_ref:carry_output_splitter:1.0 - carry_output_splitter_0
Adding component instance block -- xilinx.com:module_ref:not_gate:1.0 - not_gate_1
Adding component instance block -- xilinx.com:module_ref:ic_74161:1.0 - ic_74161_0
Adding component instance block -- xilinx.com:module_ref:ic_74161:1.0 - ic_74161_1
Adding component instance block -- xilinx.com:module_ref:ic_74161:1.0 - ic_74161_2
Adding component instance block -- xilinx.com:ip:xlconcat:2.1 - xlconcat_0
Adding component instance block -- xilinx.com:module_ref:the_12bit_to_3x4bit:1.0 - the_12bit_to_3x4bit_0
Adding component instance block -- xilinx.com:module_ref:rom_1kx23:1.0 - Crom_1kx23_0
Adding component instance block -- xilinx.com:module_ref:bit_splitter_23:1.0 - bit_splitter_23_0
Adding component instance block -- xilinx.com:module_ref:decoder_3to8:1.0 - decoder_3to8_0
Adding component instance block -- xilinx.com:module_ref:decoder_2to4:1.0 - decoder_2to4_0
Adding component instance block -- xilinx.com:module_ref:decoder_3to8:1.0 - decoder_3to8_1
Adding component instance block -- xilinx.com:module_ref:decoder_2to4:1.0 - decoder_2to4_1
Adding component instance block -- xilinx.com:module_ref:not1:1.0 - not1_0
Adding component instance block -- xilinx.com:module_ref:decoder_3to8:1.0 - decoder_3to8_2
Adding component instance block -- xilinx.com:module_ref:and2:1.0 - and2_1
Adding component instance block -- xilinx.com:module_ref:and2:1.0 - and2_2
Adding component instance block -- xilinx.com:module_ref:or3_gate:1.0 - or3_gate_0
Adding component instance block -- xilinx.com:module_ref:and2:1.0 - and2_0
Adding component instance block -- xilinx.com:module_ref:and2:1.0 - and2_1
Adding component instance block -- xilinx.com:module_ref:and2:1.0 - and2_2
Adding component instance block -- xilinx.com:module_ref:or3_gate:1.0 - or3_gate_0
Adding component instance block -- xilinx.com:module_ref:and2:1.0 - and2_0
Adding component instance block -- xilinx.com:module_ref:and2:1.0 - and2_3
Adding component instance block -- xilinx.com:module_ref:and2:1.0 - and2_1
Adding component instance block -- xilinx.com:module_ref:and2:1.0 - and2_2
Adding component instance block -- xilinx.com:module_ref:or3_gate:1.0 - or3_gate_0
Adding component instance block -- xilinx.com:module_ref:and2:1.0 - and2_0
Adding component instance block -- xilinx.com:module_ref:and2:1.0 - and2_3
Adding component instance block -- xilinx.com:module_ref:and2:1.0 - and2_1
Adding component instance block -- xilinx.com:module_ref:and2:1.0 - and2_2
Adding component instance block -- xilinx.com:module_ref:or3_gate:1.0 - or3_gate_0
Adding component instance block -- xilinx.com:module_ref:and2:1.0 - and2_0
Adding component instance block -- xilinx.com:module_ref:and2:1.0 - and2_3
Adding component instance block -- xilinx.com:module_ref:and2:1.0 - and2_1
Adding component instance block -- xilinx.com:module_ref:and2:1.0 - and2_2
Adding component instance block -- xilinx.com:module_ref:or3_gate:1.0 - or3_gate_0
Adding component instance block -- xilinx.com:module_ref:and2:1.0 - and2_0
Adding component instance block -- xilinx.com:module_ref:and2:1.0 - and2_3
Adding component instance block -- xilinx.com:module_ref:and2:1.0 - and2_1
Adding component instance block -- xilinx.com:module_ref:and2:1.0 - and2_2
Adding component instance block -- xilinx.com:module_ref:or3_gate:1.0 - or3_gate_0
Adding component instance block -- xilinx.com:module_ref:and2:1.0 - and2_0
Adding component instance block -- xilinx.com:module_ref:and2:1.0 - and2_3
Adding component instance block -- xilinx.com:module_ref:and2:1.0 - and2_1
Adding component instance block -- xilinx.com:module_ref:and2:1.0 - and2_2
Adding component instance block -- xilinx.com:module_ref:or3_gate:1.0 - or3_gate_0
Adding component instance block -- xilinx.com:module_ref:and2:1.0 - and2_0
Adding component instance block -- xilinx.com:module_ref:and2:1.0 - and2_3
Adding component instance block -- xilinx.com:module_ref:and2:1.0 - and2_1
Adding component instance block -- xilinx.com:module_ref:and2:1.0 - and2_2
Adding component instance block -- xilinx.com:module_ref:or3_gate:1.0 - or3_gate_0
Adding component instance block -- xilinx.com:module_ref:and2:1.0 - and2_0
Adding component instance block -- xilinx.com:module_ref:and2:1.0 - and2_3
Adding component instance block -- xilinx.com:module_ref:and2:1.0 - and2_1
Adding component instance block -- xilinx.com:module_ref:and2:1.0 - and2_2
Adding component instance block -- xilinx.com:module_ref:or3_gate:1.0 - or3_gate_0
Adding component instance block -- xilinx.com:module_ref:and2:1.0 - and2_0
Adding component instance block -- xilinx.com:module_ref:and2:1.0 - and2_3
Adding component instance block -- xilinx.com:module_ref:and2:1.0 - and2_1
Adding component instance block -- xilinx.com:module_ref:and2:1.0 - and2_2
Adding component instance block -- xilinx.com:module_ref:or3_gate:1.0 - or3_gate_0
Adding component instance block -- xilinx.com:module_ref:and2:1.0 - and2_0
Adding component instance block -- xilinx.com:module_ref:and2:1.0 - and2_3
Adding component instance block -- xilinx.com:module_ref:aggregator_12inputs_to_12bit_sync:1.0 - aggregator_12inputs_0
Adding component instance block -- xilinx.com:module_ref:splitter_16bit_to_16outputs:1.0 - splitter_16bit_to_16_0
Adding component instance block -- xilinx.com:module_ref:not_gate:1.0 - not_gate_0
Adding component instance block -- xilinx.com:module_ref:bus_slicer_16to12:1.0 - bus_slicer_16to12_0
Adding component instance block -- xilinx.com:module_ref:or_gate:1.0 - or_gate_0
Adding component instance block -- xilinx.com:module_ref:and_gate:1.0 - and_gate_0
Adding component instance block -- xilinx.com:module_ref:and_gate:1.0 - and_gate_1
Adding component instance block -- xilinx.com:module_ref:not_gate:1.0 - not_gate_1
Adding component instance block -- xilinx.com:module_ref:or_gate:1.0 - or_gate_1
Adding component instance block -- xilinx.com:module_ref:and2:1.0 - and2_0
Adding component instance block -- xilinx.com:module_ref:splitter_12bit_to_12outputs:1.0 - splitter_12bit_to_12_0
Successfully read diagram <design_3> from block design file <D:/cd3/design_3/design_3.bd>
open_bd_design: Time (s): cpu = 00:00:06 ; elapsed = 00:00:26 . Memory (MB): peak = 1535.727 ; gain = 164.117
create_bd_cell -type module -reference and2 and2_1
connect_bd_net [get_bd_pins or_gate_1/y] [get_bd_pins and2_1/B]
connect_bd_net [get_bd_pins and2_1/A] [get_bd_pins decoder_3to8_2/out1]
report_ip_status -name ip_status 
update_module_reference [get_ips  design_3_rom_1kx23_0_0]
INFO: [IP_Flow 19-5107] Inferred bus interface 'clk' of definition 'xilinx.com:signal:clock:1.0' (from Xilinx Repository).
WARNING: [IP_Flow 19-5661] Bus Interface 'clk' does not have any bus interfaces associated with it.
WARNING: [IP_Flow 19-11770] Clock interface 'clk' has no FREQ_HZ parameter.
INFO: [IP_Flow 19-5107] Inferred bus interface 'clk' of definition 'xilinx.com:signal:clock:1.0' (from Xilinx Repository).
WARNING: [IP_Flow 19-5661] Bus Interface 'clk' does not have any bus interfaces associated with it.
WARNING: [IP_Flow 19-11770] Clock interface 'clk' has no FREQ_HZ parameter.
Upgrading 'D:/cd3/design_3/design_3.bd'
INFO: [IP_Flow 19-3420] Updated design_3_rom_1kx23_0_0 to use current project options
WARNING: [BD 41-597] NET <D_trigger_0_q> has no source
Wrote  : <D:\cd3\design_3\design_3.bd> 
Wrote  : <D:/cd3/design_3/ui/bd_205a0ed2.ui> 
generate_target Simulation [get_files D:/cd3/design_3/design_3.bd]
CRITICAL WARNING: [BD 41-1367] The port name 'out' of cell '/mux_5to1_16bit_0' is a reserved keyword in a Hardware Description Language. Please consider renaming the port.
CRITICAL WARNING: [BD 41-759] The input pins (listed below) are either not connected or do not have a source port, and they don't have a tie-off specified. These pins are tied-off to all 0's to avoid error in Implementation flow.
Please check your design and connect them as needed: 
/start/a
/start/D_trigger_0/d
/start/D_trigger_0/set_n
/start/and_gate_0/a
/mux_5to1_16bit_0/MDRE
/mux_5to1_16bit_0/selMDRE
/dlxzq0/and2_1/A
/dlxzq0/and2_2/A
/dlxzq0/or3_gate_0/d
/dlxzq1/and2_1/A
/dlxzq2/and2_1/A
/dlxzq3/and2_1/A
/aggregator_12inputs_0/in11
/aggregator_12inputs_0/in10

WARNING: [BD 41-597] NET <D_trigger_0_q> has no source
Wrote  : <D:\cd3\design_3\design_3.bd> 
WARNING: [BD 41-166] Source port for the net:D_trigger_0_q is NULL! Connection will be grounded!
CRITICAL WARNING: [BD 41-2383] Width mismatch when connecting input pin '/mux_5to1_16bit_0/PC'(16) to pin '/PC/dout'(12) - Only lower order bits will be connected, and other input bits of this pin will be left unconnected.
CRITICAL WARNING: [BD 41-2383] Width mismatch when connecting input pin '/Crom_1kx23_0/addr'(10) to pin '/uPC/dout'(12) - Only lower order bits will be connected, and other input bits of this pin will be left unconnected.
Verilog Output written to : D:/cd3/design_3/synth/design_3.v
WARNING: [BD 41-166] Source port for the net:D_trigger_0_q is NULL! Connection will be grounded!
CRITICAL WARNING: [BD 41-2383] Width mismatch when connecting input pin '/mux_5to1_16bit_0/PC'(16) to pin '/PC/dout'(12) - Only lower order bits will be connected, and other input bits of this pin will be left unconnected.
CRITICAL WARNING: [BD 41-2383] Width mismatch when connecting input pin '/Crom_1kx23_0/addr'(10) to pin '/uPC/dout'(12) - Only lower order bits will be connected, and other input bits of this pin will be left unconnected.
Verilog Output written to : D:/cd3/design_3/sim/design_3.v
Verilog Output written to : D:/cd3/design_3/hdl/design_3_wrapper.v
INFO: [BD 41-1029] Generation completed for the IP Integrator block adpt_in_0 .
INFO: [BD 41-1029] Generation completed for the IP Integrator block PC/the_12bit_to_3x4bit_0 .
INFO: [BD 41-1029] Generation completed for the IP Integrator block ALU/carry_output_splitter_0 .
INFO: [BD 41-1029] Generation completed for the IP Integrator block uPC/the_12bit_to_3x4bit_0 .
INFO: [BD 41-1029] Generation completed for the IP Integrator block Crom_1kx23_0 .
INFO: [BD 41-1029] Generation completed for the IP Integrator block not1_0 .
INFO: [BD 41-1029] Generation completed for the IP Integrator block dlxzq0/and2_1 .
INFO: [BD 41-1029] Generation completed for the IP Integrator block dlxzq0/and2_2 .
INFO: [BD 41-1029] Generation completed for the IP Integrator block dlxzq0/or3_gate_0 .
INFO: [BD 41-1029] Generation completed for the IP Integrator block dlxzq0/and2_0 .
INFO: [BD 41-1029] Generation completed for the IP Integrator block dlxzq1/and2_1 .
INFO: [BD 41-1029] Generation completed for the IP Integrator block dlxzq1/and2_2 .
INFO: [BD 41-1029] Generation completed for the IP Integrator block dlxzq1/or3_gate_0 .
INFO: [BD 41-1029] Generation completed for the IP Integrator block dlxzq1/and2_0 .
INFO: [BD 41-1029] Generation completed for the IP Integrator block dlxzq1/and2_3 .
INFO: [BD 41-1029] Generation completed for the IP Integrator block dlxzq2/and2_1 .
INFO: [BD 41-1029] Generation completed for the IP Integrator block dlxzq2/and2_2 .
INFO: [BD 41-1029] Generation completed for the IP Integrator block dlxzq2/or3_gate_0 .
INFO: [BD 41-1029] Generation completed for the IP Integrator block dlxzq2/and2_0 .
INFO: [BD 41-1029] Generation completed for the IP Integrator block dlxzq2/and2_3 .
INFO: [BD 41-1029] Generation completed for the IP Integrator block dlxzq3/and2_1 .
INFO: [BD 41-1029] Generation completed for the IP Integrator block dlxzq3/and2_2 .
INFO: [BD 41-1029] Generation completed for the IP Integrator block dlxzq3/or3_gate_0 .
INFO: [BD 41-1029] Generation completed for the IP Integrator block dlxzq3/and2_0 .
INFO: [BD 41-1029] Generation completed for the IP Integrator block dlxzq3/and2_3 .
INFO: [BD 41-1029] Generation completed for the IP Integrator block dlxzq4/and2_1 .
INFO: [BD 41-1029] Generation completed for the IP Integrator block dlxzq4/and2_2 .
INFO: [BD 41-1029] Generation completed for the IP Integrator block dlxzq4/or3_gate_0 .
INFO: [BD 41-1029] Generation completed for the IP Integrator block dlxzq4/and2_0 .
INFO: [BD 41-1029] Generation completed for the IP Integrator block dlxzq4/and2_3 .
INFO: [BD 41-1029] Generation completed for the IP Integrator block dlxzq5/and2_1 .
INFO: [BD 41-1029] Generation completed for the IP Integrator block dlxzq5/and2_2 .
INFO: [BD 41-1029] Generation completed for the IP Integrator block dlxzq5/or3_gate_0 .
INFO: [BD 41-1029] Generation completed for the IP Integrator block dlxzq5/and2_0 .
INFO: [BD 41-1029] Generation completed for the IP Integrator block dlxzq5/and2_3 .
INFO: [BD 41-1029] Generation completed for the IP Integrator block dlxzq6/and2_1 .
INFO: [BD 41-1029] Generation completed for the IP Integrator block dlxzq6/and2_2 .
INFO: [BD 41-1029] Generation completed for the IP Integrator block dlxzq6/or3_gate_0 .
INFO: [BD 41-1029] Generation completed for the IP Integrator block dlxzq6/and2_0 .
INFO: [BD 41-1029] Generation completed for the IP Integrator block dlxzq6/and2_3 .
INFO: [BD 41-1029] Generation completed for the IP Integrator block dlxzq7/and2_1 .
INFO: [BD 41-1029] Generation completed for the IP Integrator block dlxzq7/and2_2 .
INFO: [BD 41-1029] Generation completed for the IP Integrator block dlxzq7/or3_gate_0 .
INFO: [BD 41-1029] Generation completed for the IP Integrator block dlxzq7/and2_0 .
INFO: [BD 41-1029] Generation completed for the IP Integrator block dlxzq7/and2_3 .
INFO: [BD 41-1029] Generation completed for the IP Integrator block dlxzq8/and2_1 .
INFO: [BD 41-1029] Generation completed for the IP Integrator block dlxzq8/and2_2 .
INFO: [BD 41-1029] Generation completed for the IP Integrator block dlxzq8/or3_gate_0 .
INFO: [BD 41-1029] Generation completed for the IP Integrator block dlxzq8/and2_0 .
INFO: [BD 41-1029] Generation completed for the IP Integrator block dlxzq8/and2_3 .
INFO: [BD 41-1029] Generation completed for the IP Integrator block dlxzq9/and2_1 .
INFO: [BD 41-1029] Generation completed for the IP Integrator block dlxzq9/and2_2 .
INFO: [BD 41-1029] Generation completed for the IP Integrator block dlxzq9/or3_gate_0 .
INFO: [BD 41-1029] Generation completed for the IP Integrator block dlxzq9/and2_0 .
INFO: [BD 41-1029] Generation completed for the IP Integrator block dlxzq9/and2_3 .
INFO: [BD 41-1029] Generation completed for the IP Integrator block aggregator_12inputs_0 .
INFO: [BD 41-1029] Generation completed for the IP Integrator block splitter_16bit_to_16_0 .
INFO: [BD 41-1029] Generation completed for the IP Integrator block bus_slicer_16to12_0 .
INFO: [BD 41-1029] Generation completed for the IP Integrator block and2_0 .
INFO: [BD 41-1029] Generation completed for the IP Integrator block splitter_12bit_to_12_0 .
INFO: [BD 41-1029] Generation completed for the IP Integrator block and2_1 .
Exporting to file D:/cd3/design_3/hw_handoff/design_3.hwh
Generated Hardware Definition File D:/cd3/design_3/synth/design_3.hwdef
generate_target: Time (s): cpu = 00:00:03 ; elapsed = 00:00:31 . Memory (MB): peak = 1619.344 ; gain = 25.945
export_ip_user_files -of_objects [get_files D:/cd3/design_3/design_3.bd] -no_script -sync -force -quiet
export_simulation -of_objects [get_files D:/cd3/design_3/design_3.bd] -directory D:/cd3/project_3/project_3.ip_user_files/sim_scripts -ip_user_files_dir D:/cd3/project_3/project_3.ip_user_files -ipstatic_source_dir D:/cd3/project_3/project_3.ip_user_files/ipstatic -lib_map_path [list {modelsim=D:/cd3/project_3/project_3.cache/compile_simlib/modelsim} {questa=D:/cd3/project_3/project_3.cache/compile_simlib/questa} {riviera=D:/cd3/project_3/project_3.cache/compile_simlib/riviera} {activehdl=D:/cd3/project_3/project_3.cache/compile_simlib/activehdl}] -use_ip_compiled_libs -force -quiet
launch_simulation -simset [get_filesets sim_2 ]
Command: launch_simulation  -simset sim_2
INFO: [Vivado 12-12493] Simulation top is 'complete_monitor_test'
WARNING: [Vivado 12-13340] Unable to auto find GCC executables from simulator install path! (path not set)
INFO: [Vivado 12-12490] The selected simulation model for 'design_3_and2_1_10' IP changed to 'rtl' from '', the simulation run directory will be deleted.
INFO: [Vivado 12-5698] Checking validity of IPs in the design for the 'XSim' simulator...
INFO: [Vivado 12-5682] Launching behavioral simulation in 'D:/cd3/project_3/project_3.sim/sim_2/behav/xsim'
INFO: [Vivado 12-13660] Precompiled IP simulation library mode is enabled (default). The design IP libraries will be referenced from the compiled library path. Please note that if the precompiled version of the library is not found from the path or the IP is in locked state, then the library source files for these IPs will be compiled locally as part of the compile order.
INFO: [Vivado 12-4795] Using compiled simulation libraries for IPs
INFO: [SIM-utils-51] Simulation object is 'sim_2'
INFO: [SIM-utils-72] Using boost library from 'D:/Vivado/2024.2/tps/boost_1_72_0'
INFO: [USF-XSim-7] Finding pre-compiled libraries...
INFO: [USF-XSim-11] File 'D:/Vivado/2024.2/data/xsim/xsim.ini' copied to run dir:'D:/cd3/project_3/project_3.sim/sim_2/behav/xsim'
INFO: [SIM-utils-54] Inspecting design source files for 'complete_monitor_test' in fileset 'sim_2'...
INFO: [USF-XSim-97] Finding global include files...
INFO: [USF-XSim-98] Fetching design files from 'sim_2'...
INFO: [USF-XSim-2] XSim::Compile design
INFO: [USF-XSim-61] Executing 'COMPILE and ANALYZE' step in 'D:/cd3/project_3/project_3.sim/sim_2/behav/xsim'
"xvlog --incr --relax -prj complete_monitor_test_vlog.prj"
INFO: [VRFC 10-2263] Analyzing Verilog file "D:/cd3/exp3/exp14_source.v" into library xil_defaultlib
INFO: [VRFC 10-311] analyzing module adpt_in
INFO: [VRFC 10-311] analyzing module adpt_out
INFO: [VRFC 10-311] analyzing module adpt_out8
INFO: [VRFC 10-311] analyzing module adpt_out12
INFO: [VRFC 10-311] analyzing module adpt_out16
INFO: [VRFC 10-311] analyzing module adpt_out23
INFO: [VRFC 10-311] analyzing module and2
INFO: [VRFC 10-311] analyzing module not1
INFO: [VRFC 10-311] analyzing module addr_adpt
INFO: [VRFC 10-311] analyzing module UIR
INFO: [VRFC 10-311] analyzing module m74LS161
INFO: [VRFC 10-311] analyzing module rom1_256x24
INFO: [VRFC 10-311] analyzing module rom2_4Kx16
INFO: [VRFC 10-311] analyzing module adder4
INFO: [VRFC 10-311] analyzing module dff4
WARNING: [VRFC 10-9336] redeclaration of ANSI port 'Q3' is not allowed [D:/cd3/exp3/exp14_source.v:265]
INFO: [VRFC 10-311] analyzing module shifter
INFO: [VRFC 10-311] analyzing module carry_output_splitter
INFO: [VRFC 10-311] analyzing module the_12bit_to_3x4bit
INFO: [VRFC 10-311] analyzing module four_bit_checker
INFO: [VRFC 10-311] analyzing module or3_gate
INFO: [VRFC 10-311] analyzing module aggregator_12inputs_to_12bit_sync
INFO: [VRFC 10-311] analyzing module splitter_16bit_to_16outputs
INFO: [VRFC 10-311] analyzing module splitter_12bit_to_12outputs
INFO: [VRFC 10-311] analyzing module bus_slicer_16to12
INFO: [VRFC 10-311] analyzing module register_temp
INFO: [VRFC 10-2263] Analyzing Verilog file "D:/cd3/exp3/D_trigger.v" into library xil_defaultlib
INFO: [VRFC 10-311] analyzing module D_trigger
INFO: [VRFC 10-2263] Analyzing Verilog file "D:/cd3/exp3/and_gate.v" into library xil_defaultlib
INFO: [VRFC 10-311] analyzing module and_gate
INFO: [VRFC 10-2263] Analyzing Verilog file "D:/cd3/exp3/not_gate.v" into library xil_defaultlib
INFO: [VRFC 10-311] analyzing module not_gate
INFO: [VRFC 10-2263] Analyzing Verilog file "D:/cd3/exp3/74161.v" into library xil_defaultlib
INFO: [VRFC 10-311] analyzing module ic_74161
INFO: [VRFC 10-2263] Analyzing Verilog file "D:/cd3/exp3/ram.v" into library xil_defaultlib
INFO: [VRFC 10-311] analyzing module ram
INFO: [VRFC 10-2263] Analyzing Verilog file "D:/cd3/exp3/16bit_reg.v" into library xil_defaultlib
INFO: [VRFC 10-311] analyzing module register_16bit
INFO: [VRFC 10-2263] Analyzing Verilog file "D:/cd3/exp3/12bit_reg.v" into library xil_defaultlib
INFO: [VRFC 10-311] analyzing module register_12bit
INFO: [VRFC 10-2263] Analyzing Verilog file "D:/cd3/exp3/mix5to1.v" into library xil_defaultlib
INFO: [VRFC 10-311] analyzing module mux_5to1_16bit
INFO: [VRFC 10-2263] Analyzing Verilog file "D:/cd3/exp3/aggregator_4bit.v" into library xil_defaultlib
INFO: [VRFC 10-311] analyzing module aggregator_4bit
INFO: [VRFC 10-2263] Analyzing Verilog file "D:/cd3/exp3/74182.v" into library xil_defaultlib
INFO: [VRFC 10-311] analyzing module carry_lookahead_74182
INFO: [VRFC 10-2263] Analyzing Verilog file "D:/cd3/exp3/74181.v" into library xil_defaultlib
INFO: [VRFC 10-311] analyzing module alu_74181
INFO: [VRFC 10-2263] Analyzing Verilog file "D:/cd3/exp3/aggregate_4x4_to_16bit.v" into library xil_defaultlib
INFO: [VRFC 10-311] analyzing module aggregate_4x4_to_16bit
INFO: [VRFC 10-311] analyzing module adpt_out_16bit
INFO: [VRFC 10-2263] Analyzing Verilog file "D:/cd3/exp3/the_16bit_to_4x4bit.v" into library xil_defaultlib
INFO: [VRFC 10-311] analyzing module the_16bit_to_4x4bit
INFO: [VRFC 10-2263] Analyzing Verilog file "D:/cd3/exp3/rom.v" into library xil_defaultlib
INFO: [VRFC 10-311] analyzing module rom_1kx23
INFO: [VRFC 10-2263] Analyzing Verilog file "D:/cd3/exp3/bit_splitter_23.v" into library xil_defaultlib
INFO: [VRFC 10-311] analyzing module bit_splitter_23
INFO: [VRFC 10-2263] Analyzing Verilog file "D:/cd3/exp3/decoder_3to8.v" into library xil_defaultlib
INFO: [VRFC 10-311] analyzing module decoder_3to8
INFO: [VRFC 10-2263] Analyzing Verilog file "D:/cd3/exp3/decoder_2to4.v" into library xil_defaultlib
INFO: [VRFC 10-311] analyzing module decoder_2to4
INFO: [VRFC 10-2263] Analyzing Verilog file "D:/cd3/exp3/or_gate.v" into library xil_defaultlib
INFO: [VRFC 10-311] analyzing module or_gate
INFO: [VRFC 10-2263] Analyzing Verilog file "D:/cd3/project_3/project_3.ip_user_files/bd/design_3/ip/design_3_adpt_in_0_0/sim/design_3_adpt_in_0_0.v" into library xil_defaultlib
INFO: [VRFC 10-311] analyzing module design_3_adpt_in_0_0
INFO: [VRFC 10-2263] Analyzing Verilog file "D:/cd3/project_3/project_3.ip_user_files/bd/design_3/ip/design_3_xlconstant_0_0/sim/design_3_xlconstant_0_0.v" into library xil_defaultlib
INFO: [VRFC 10-311] analyzing module design_3_xlconstant_0_0
INFO: [VRFC 10-2263] Analyzing Verilog file "D:/cd3/project_3/project_3.ip_user_files/bd/design_3/ip/design_3_xlconstant_0_1/sim/design_3_xlconstant_0_1.v" into library xil_defaultlib
INFO: [VRFC 10-311] analyzing module design_3_xlconstant_0_1
INFO: [VRFC 10-2263] Analyzing Verilog file "D:/cd3/project_3/project_3.ip_user_files/bd/design_3/ip/design_3_D_trigger_0_0/sim/design_3_D_trigger_0_0.v" into library xil_defaultlib
INFO: [VRFC 10-311] analyzing module design_3_D_trigger_0_0
INFO: [VRFC 10-2263] Analyzing Verilog file "D:/cd3/project_3/project_3.ip_user_files/bd/design_3/ip/design_3_and_gate_0_0/sim/design_3_and_gate_0_0.v" into library xil_defaultlib
INFO: [VRFC 10-311] analyzing module design_3_and_gate_0_0
INFO: [VRFC 10-2263] Analyzing Verilog file "D:/cd3/project_3/project_3.ip_user_files/bd/design_3/ip/design_3_and_gate_1_0/sim/design_3_and_gate_1_0.v" into library xil_defaultlib
INFO: [VRFC 10-311] analyzing module design_3_and_gate_1_0
INFO: [VRFC 10-2263] Analyzing Verilog file "D:/cd3/project_3/project_3.ip_user_files/bd/design_3/ip/design_3_and_gate_2_0/sim/design_3_and_gate_2_0.v" into library xil_defaultlib
INFO: [VRFC 10-311] analyzing module design_3_and_gate_2_0
INFO: [VRFC 10-2263] Analyzing Verilog file "D:/cd3/project_3/project_3.ip_user_files/bd/design_3/ip/design_3_not_gate_0_0/sim/design_3_not_gate_0_0.v" into library xil_defaultlib
INFO: [VRFC 10-311] analyzing module design_3_not_gate_0_0
INFO: [VRFC 10-2263] Analyzing Verilog file "D:/cd3/project_3/project_3.ip_user_files/bd/design_3/ip/design_3_ic_74161_0_0/sim/design_3_ic_74161_0_0.v" into library xil_defaultlib
INFO: [VRFC 10-311] analyzing module design_3_ic_74161_0_0
INFO: [VRFC 10-2263] Analyzing Verilog file "D:/cd3/project_3/project_3.ip_user_files/bd/design_3/ip/design_3_ic_74161_1_0/sim/design_3_ic_74161_1_0.v" into library xil_defaultlib
INFO: [VRFC 10-311] analyzing module design_3_ic_74161_1_0
INFO: [VRFC 10-2263] Analyzing Verilog file "D:/cd3/project_3/project_3.ip_user_files/bd/design_3/ip/design_3_ic_74161_2_0/sim/design_3_ic_74161_2_0.v" into library xil_defaultlib
INFO: [VRFC 10-311] analyzing module design_3_ic_74161_2_0
INFO: [VRFC 10-2263] Analyzing Verilog file "D:/cd3/project_3/project_3.ip_user_files/bd/design_3/ip/design_3_xlconcat_0_0/sim/design_3_xlconcat_0_0.v" into library xil_defaultlib
INFO: [VRFC 10-311] analyzing module design_3_xlconcat_0_0
INFO: [VRFC 10-2263] Analyzing Verilog file "D:/cd3/project_3/project_3.ip_user_files/bd/design_3/ip/design_3_the_12bit_to_3x4bit_0_1/sim/design_3_the_12bit_to_3x4bit_0_1.v" into library xil_defaultlib
INFO: [VRFC 10-311] analyzing module design_3_the_12bit_to_3x4bit_0_1
INFO: [VRFC 10-2263] Analyzing Verilog file "D:/cd3/project_3/project_3.ip_user_files/bd/design_3/ip/design_3_ram_0_0/sim/design_3_ram_0_0.v" into library xil_defaultlib
INFO: [VRFC 10-311] analyzing module design_3_ram_0_0
INFO: [VRFC 10-2263] Analyzing Verilog file "D:/cd3/project_3/project_3.ip_user_files/bd/design_3/ip/design_3_register_16bit_0_0/sim/design_3_register_16bit_0_0.v" into library xil_defaultlib
INFO: [VRFC 10-311] analyzing module design_3_register_16bit_0_0
INFO: [VRFC 10-2263] Analyzing Verilog file "D:/cd3/project_3/project_3.ip_user_files/bd/design_3/ip/design_3_register_16bit_1_0/sim/design_3_register_16bit_1_0.v" into library xil_defaultlib
INFO: [VRFC 10-311] analyzing module design_3_register_16bit_1_0
INFO: [VRFC 10-2263] Analyzing Verilog file "D:/cd3/project_3/project_3.ip_user_files/bd/design_3/ip/design_3_register_16bit_2_0/sim/design_3_register_16bit_2_0.v" into library xil_defaultlib
INFO: [VRFC 10-311] analyzing module design_3_register_16bit_2_0
INFO: [VRFC 10-2263] Analyzing Verilog file "D:/cd3/project_3/project_3.ip_user_files/bd/design_3/ip/design_3_register_16bit_3_0/sim/design_3_register_16bit_3_0.v" into library xil_defaultlib
INFO: [VRFC 10-311] analyzing module design_3_register_16bit_3_0
INFO: [VRFC 10-2263] Analyzing Verilog file "D:/cd3/project_3/project_3.ip_user_files/bd/design_3/ip/design_3_register_16bit_4_0/sim/design_3_register_16bit_4_0.v" into library xil_defaultlib
INFO: [VRFC 10-311] analyzing module design_3_register_16bit_4_0
INFO: [VRFC 10-2263] Analyzing Verilog file "D:/cd3/project_3/project_3.ip_user_files/bd/design_3/ip/design_3_register_12bit_0_0/sim/design_3_register_12bit_0_0.v" into library xil_defaultlib
INFO: [VRFC 10-311] analyzing module design_3_register_12bit_0_0
INFO: [VRFC 10-2263] Analyzing Verilog file "D:/cd3/project_3/project_3.ip_user_files/bd/design_3/ip/design_3_register_16bit_3_1/sim/design_3_register_16bit_3_1.v" into library xil_defaultlib
INFO: [VRFC 10-311] analyzing module design_3_register_16bit_3_1
INFO: [VRFC 10-2263] Analyzing Verilog file "D:/cd3/project_3/project_3.ip_user_files/bd/design_3/ip/design_3_MDR_0/sim/design_3_MDR_0.v" into library xil_defaultlib
INFO: [VRFC 10-311] analyzing module design_3_MDR_0
INFO: [VRFC 10-2263] Analyzing Verilog file "D:/cd3/project_3/project_3.ip_user_files/bd/design_3/ip/design_3_register_16bit_0_1/sim/design_3_register_16bit_0_1.v" into library xil_defaultlib
INFO: [VRFC 10-311] analyzing module design_3_register_16bit_0_1
INFO: [VRFC 10-2263] Analyzing Verilog file "D:/cd3/project_3/project_3.ip_user_files/bd/design_3/ip/design_3_mux_5to1_16bit_0_0/sim/design_3_mux_5to1_16bit_0_0.v" into library xil_defaultlib
INFO: [VRFC 10-311] analyzing module design_3_mux_5to1_16bit_0_0
INFO: [VRFC 10-2263] Analyzing Verilog file "D:/cd3/project_3/project_3.ip_user_files/bd/design_3/ip/design_3_aggregator_4bit_0_1/sim/design_3_aggregator_4bit_0_1.v" into library xil_defaultlib
INFO: [VRFC 10-311] analyzing module design_3_aggregator_4bit_0_1
INFO: [VRFC 10-2263] Analyzing Verilog file "D:/cd3/project_3/project_3.ip_user_files/bd/design_3/ip/design_3_carry_lookahead_74182_0_0/sim/design_3_carry_lookahead_74182_0_0.v" into library xil_defaultlib
INFO: [VRFC 10-311] analyzing module design_3_carry_lookahead_74182_0_0
INFO: [VRFC 10-2263] Analyzing Verilog file "D:/cd3/project_3/project_3.ip_user_files/bd/design_3/ip/design_3_aggregator_4bit_1_0/sim/design_3_aggregator_4bit_1_0.v" into library xil_defaultlib
INFO: [VRFC 10-311] analyzing module design_3_aggregator_4bit_1_0
INFO: [VRFC 10-2263] Analyzing Verilog file "D:/cd3/project_3/project_3.ip_user_files/bd/design_3/ip/design_3_alu_74181_0_0/sim/design_3_alu_74181_0_0.v" into library xil_defaultlib
INFO: [VRFC 10-311] analyzing module design_3_alu_74181_0_0
INFO: [VRFC 10-2263] Analyzing Verilog file "D:/cd3/project_3/project_3.ip_user_files/bd/design_3/ip/design_3_alu_74181_1_0/sim/design_3_alu_74181_1_0.v" into library xil_defaultlib
INFO: [VRFC 10-311] analyzing module design_3_alu_74181_1_0
INFO: [VRFC 10-2263] Analyzing Verilog file "D:/cd3/project_3/project_3.ip_user_files/bd/design_3/ip/design_3_alu_74181_2_0/sim/design_3_alu_74181_2_0.v" into library xil_defaultlib
INFO: [VRFC 10-311] analyzing module design_3_alu_74181_2_0
INFO: [VRFC 10-2263] Analyzing Verilog file "D:/cd3/project_3/project_3.ip_user_files/bd/design_3/ip/design_3_aggregate_4x4_to_16b_0_0/sim/design_3_aggregate_4x4_to_16b_0_0.v" into library xil_defaultlib
INFO: [VRFC 10-311] analyzing module design_3_aggregate_4x4_to_16b_0_0
INFO: [VRFC 10-2263] Analyzing Verilog file "D:/cd3/project_3/project_3.ip_user_files/bd/design_3/ip/design_3_the_16bit_to_4x4bit_2_0/sim/design_3_the_16bit_to_4x4bit_2_0.v" into library xil_defaultlib
INFO: [VRFC 10-311] analyzing module design_3_the_16bit_to_4x4bit_2_0
INFO: [VRFC 10-2263] Analyzing Verilog file "D:/cd3/project_3/project_3.ip_user_files/bd/design_3/ip/design_3_the_16bit_to_4x4bit_0_1/sim/design_3_the_16bit_to_4x4bit_0_1.v" into library xil_defaultlib
INFO: [VRFC 10-311] analyzing module design_3_the_16bit_to_4x4bit_0_1
INFO: [VRFC 10-2263] Analyzing Verilog file "D:/cd3/project_3/project_3.ip_user_files/bd/design_3/ip/design_3_alu_74181_3_0/sim/design_3_alu_74181_3_0.v" into library xil_defaultlib
INFO: [VRFC 10-311] analyzing module design_3_alu_74181_3_0
INFO: [VRFC 10-2263] Analyzing Verilog file "D:/cd3/project_3/project_3.ip_user_files/bd/design_3/ip/design_3_carry_output_splitter_0_0/sim/design_3_carry_output_splitter_0_0.v" into library xil_defaultlib
INFO: [VRFC 10-311] analyzing module design_3_carry_output_splitter_0_0
INFO: [VRFC 10-2263] Analyzing Verilog file "D:/cd3/project_3/project_3.ip_user_files/bd/design_3/ip/design_3_not_gate_1_0/sim/design_3_not_gate_1_0.v" into library xil_defaultlib
INFO: [VRFC 10-311] analyzing module design_3_not_gate_1_0
INFO: [VRFC 10-2263] Analyzing Verilog file "D:/cd3/project_3/project_3.ip_user_files/bd/design_3/ip/design_3_ic_74161_0_1/sim/design_3_ic_74161_0_1.v" into library xil_defaultlib
INFO: [VRFC 10-311] analyzing module design_3_ic_74161_0_1
INFO: [VRFC 10-2263] Analyzing Verilog file "D:/cd3/project_3/project_3.ip_user_files/bd/design_3/ip/design_3_ic_74161_1_1/sim/design_3_ic_74161_1_1.v" into library xil_defaultlib
INFO: [VRFC 10-311] analyzing module design_3_ic_74161_1_1
INFO: [VRFC 10-2263] Analyzing Verilog file "D:/cd3/project_3/project_3.ip_user_files/bd/design_3/ip/design_3_ic_74161_2_1/sim/design_3_ic_74161_2_1.v" into library xil_defaultlib
INFO: [VRFC 10-311] analyzing module design_3_ic_74161_2_1
INFO: [VRFC 10-2263] Analyzing Verilog file "D:/cd3/project_3/project_3.ip_user_files/bd/design_3/ip/design_3_xlconcat_0_1/sim/design_3_xlconcat_0_1.v" into library xil_defaultlib
INFO: [VRFC 10-311] analyzing module design_3_xlconcat_0_1
INFO: [VRFC 10-2263] Analyzing Verilog file "D:/cd3/project_3/project_3.ip_user_files/bd/design_3/ip/design_3_the_12bit_to_3x4bit_0_0/sim/design_3_the_12bit_to_3x4bit_0_0.v" into library xil_defaultlib
INFO: [VRFC 10-311] analyzing module design_3_the_12bit_to_3x4bit_0_0
INFO: [VRFC 10-2263] Analyzing Verilog file "D:/cd3/project_3/project_3.ip_user_files/bd/design_3/ip/design_3_rom_1kx23_0_0/sim/design_3_rom_1kx23_0_0.v" into library xil_defaultlib
INFO: [VRFC 10-311] analyzing module design_3_rom_1kx23_0_0
INFO: [VRFC 10-2263] Analyzing Verilog file "D:/cd3/project_3/project_3.ip_user_files/bd/design_3/ip/design_3_bit_splitter_23_0_0/sim/design_3_bit_splitter_23_0_0.v" into library xil_defaultlib
INFO: [VRFC 10-311] analyzing module design_3_bit_splitter_23_0_0
INFO: [VRFC 10-2263] Analyzing Verilog file "D:/cd3/project_3/project_3.ip_user_files/bd/design_3/ip/design_3_decoder_3to8_0_2/sim/design_3_decoder_3to8_0_2.v" into library xil_defaultlib
INFO: [VRFC 10-311] analyzing module design_3_decoder_3to8_0_2
INFO: [VRFC 10-2263] Analyzing Verilog file "D:/cd3/project_3/project_3.ip_user_files/bd/design_3/ip/design_3_decoder_2to4_0_0/sim/design_3_decoder_2to4_0_0.v" into library xil_defaultlib
INFO: [VRFC 10-311] analyzing module design_3_decoder_2to4_0_0
INFO: [VRFC 10-2263] Analyzing Verilog file "D:/cd3/project_3/project_3.ip_user_files/bd/design_3/ip/design_3_decoder_3to8_1_0/sim/design_3_decoder_3to8_1_0.v" into library xil_defaultlib
INFO: [VRFC 10-311] analyzing module design_3_decoder_3to8_1_0
INFO: [VRFC 10-2263] Analyzing Verilog file "D:/cd3/project_3/project_3.ip_user_files/bd/design_3/ip/design_3_decoder_2to4_1_0/sim/design_3_decoder_2to4_1_0.v" into library xil_defaultlib
INFO: [VRFC 10-311] analyzing module design_3_decoder_2to4_1_0
INFO: [VRFC 10-2263] Analyzing Verilog file "D:/cd3/project_3/project_3.ip_user_files/bd/design_3/ip/design_3_not1_0_0/sim/design_3_not1_0_0.v" into library xil_defaultlib
INFO: [VRFC 10-311] analyzing module design_3_not1_0_0
INFO: [VRFC 10-2263] Analyzing Verilog file "D:/cd3/project_3/project_3.ip_user_files/bd/design_3/ip/design_3_decoder_3to8_2_0/sim/design_3_decoder_3to8_2_0.v" into library xil_defaultlib
INFO: [VRFC 10-311] analyzing module design_3_decoder_3to8_2_0
INFO: [VRFC 10-2263] Analyzing Verilog file "D:/cd3/project_3/project_3.ip_user_files/bd/design_3/ip/design_3_and2_1_0/sim/design_3_and2_1_0.v" into library xil_defaultlib
INFO: [VRFC 10-311] analyzing module design_3_and2_1_0
INFO: [VRFC 10-2263] Analyzing Verilog file "D:/cd3/project_3/project_3.ip_user_files/bd/design_3/ip/design_3_and2_2_0/sim/design_3_and2_2_0.v" into library xil_defaultlib
INFO: [VRFC 10-311] analyzing module design_3_and2_2_0
INFO: [VRFC 10-2263] Analyzing Verilog file "D:/cd3/project_3/project_3.ip_user_files/bd/design_3/ip/design_3_or3_gate_0_0/sim/design_3_or3_gate_0_0.v" into library xil_defaultlib
INFO: [VRFC 10-311] analyzing module design_3_or3_gate_0_0
INFO: [VRFC 10-2263] Analyzing Verilog file "D:/cd3/project_3/project_3.ip_user_files/bd/design_3/ip/design_3_and2_0_0/sim/design_3_and2_0_0.v" into library xil_defaultlib
INFO: [VRFC 10-311] analyzing module design_3_and2_0_0
INFO: [VRFC 10-2263] Analyzing Verilog file "D:/cd3/project_3/project_3.ip_user_files/bd/design_3/ip/design_3_and2_1_1/sim/design_3_and2_1_1.v" into library xil_defaultlib
INFO: [VRFC 10-311] analyzing module design_3_and2_1_1
INFO: [VRFC 10-2263] Analyzing Verilog file "D:/cd3/project_3/project_3.ip_user_files/bd/design_3/ip/design_3_and2_2_1/sim/design_3_and2_2_1.v" into library xil_defaultlib
INFO: [VRFC 10-311] analyzing module design_3_and2_2_1
INFO: [VRFC 10-2263] Analyzing Verilog file "D:/cd3/project_3/project_3.ip_user_files/bd/design_3/ip/design_3_or3_gate_0_1/sim/design_3_or3_gate_0_1.v" into library xil_defaultlib
INFO: [VRFC 10-311] analyzing module design_3_or3_gate_0_1
INFO: [VRFC 10-2263] Analyzing Verilog file "D:/cd3/project_3/project_3.ip_user_files/bd/design_3/ip/design_3_and2_0_1/sim/design_3_and2_0_1.v" into library xil_defaultlib
INFO: [VRFC 10-311] analyzing module design_3_and2_0_1
INFO: [VRFC 10-2263] Analyzing Verilog file "D:/cd3/project_3/project_3.ip_user_files/bd/design_3/ip/design_3_and2_3_7/sim/design_3_and2_3_7.v" into library xil_defaultlib
INFO: [VRFC 10-311] analyzing module design_3_and2_3_7
INFO: [VRFC 10-2263] Analyzing Verilog file "D:/cd3/project_3/project_3.ip_user_files/bd/design_3/ip/design_3_and2_1_2/sim/design_3_and2_1_2.v" into library xil_defaultlib
INFO: [VRFC 10-311] analyzing module design_3_and2_1_2
INFO: [VRFC 10-2263] Analyzing Verilog file "D:/cd3/project_3/project_3.ip_user_files/bd/design_3/ip/design_3_and2_2_2/sim/design_3_and2_2_2.v" into library xil_defaultlib
INFO: [VRFC 10-311] analyzing module design_3_and2_2_2
INFO: [VRFC 10-2263] Analyzing Verilog file "D:/cd3/project_3/project_3.ip_user_files/bd/design_3/ip/design_3_or3_gate_0_2/sim/design_3_or3_gate_0_2.v" into library xil_defaultlib
INFO: [VRFC 10-311] analyzing module design_3_or3_gate_0_2
INFO: [VRFC 10-2263] Analyzing Verilog file "D:/cd3/project_3/project_3.ip_user_files/bd/design_3/ip/design_3_and2_0_2/sim/design_3_and2_0_2.v" into library xil_defaultlib
INFO: [VRFC 10-311] analyzing module design_3_and2_0_2
INFO: [VRFC 10-2263] Analyzing Verilog file "D:/cd3/project_3/project_3.ip_user_files/bd/design_3/ip/design_3_and2_3_6/sim/design_3_and2_3_6.v" into library xil_defaultlib
INFO: [VRFC 10-311] analyzing module design_3_and2_3_6
INFO: [VRFC 10-2263] Analyzing Verilog file "D:/cd3/project_3/project_3.ip_user_files/bd/design_3/ip/design_3_and2_1_3/sim/design_3_and2_1_3.v" into library xil_defaultlib
INFO: [VRFC 10-311] analyzing module design_3_and2_1_3
INFO: [VRFC 10-2263] Analyzing Verilog file "D:/cd3/project_3/project_3.ip_user_files/bd/design_3/ip/design_3_and2_2_3/sim/design_3_and2_2_3.v" into library xil_defaultlib
INFO: [VRFC 10-311] analyzing module design_3_and2_2_3
INFO: [VRFC 10-2263] Analyzing Verilog file "D:/cd3/project_3/project_3.ip_user_files/bd/design_3/ip/design_3_or3_gate_0_3/sim/design_3_or3_gate_0_3.v" into library xil_defaultlib
INFO: [VRFC 10-311] analyzing module design_3_or3_gate_0_3
INFO: [VRFC 10-2263] Analyzing Verilog file "D:/cd3/project_3/project_3.ip_user_files/bd/design_3/ip/design_3_and2_0_3/sim/design_3_and2_0_3.v" into library xil_defaultlib
INFO: [VRFC 10-311] analyzing module design_3_and2_0_3
INFO: [VRFC 10-2263] Analyzing Verilog file "D:/cd3/project_3/project_3.ip_user_files/bd/design_3/ip/design_3_and2_3_5/sim/design_3_and2_3_5.v" into library xil_defaultlib
INFO: [VRFC 10-311] analyzing module design_3_and2_3_5
INFO: [VRFC 10-2263] Analyzing Verilog file "D:/cd3/project_3/project_3.ip_user_files/bd/design_3/ip/design_3_and2_1_4/sim/design_3_and2_1_4.v" into library xil_defaultlib
INFO: [VRFC 10-311] analyzing module design_3_and2_1_4
INFO: [VRFC 10-2263] Analyzing Verilog file "D:/cd3/project_3/project_3.ip_user_files/bd/design_3/ip/design_3_and2_2_4/sim/design_3_and2_2_4.v" into library xil_defaultlib
INFO: [VRFC 10-311] analyzing module design_3_and2_2_4
INFO: [VRFC 10-2263] Analyzing Verilog file "D:/cd3/project_3/project_3.ip_user_files/bd/design_3/ip/design_3_or3_gate_0_4/sim/design_3_or3_gate_0_4.v" into library xil_defaultlib
INFO: [VRFC 10-311] analyzing module design_3_or3_gate_0_4
INFO: [VRFC 10-2263] Analyzing Verilog file "D:/cd3/project_3/project_3.ip_user_files/bd/design_3/ip/design_3_and2_0_4/sim/design_3_and2_0_4.v" into library xil_defaultlib
INFO: [VRFC 10-311] analyzing module design_3_and2_0_4
INFO: [VRFC 10-2263] Analyzing Verilog file "D:/cd3/project_3/project_3.ip_user_files/bd/design_3/ip/design_3_and2_1_10/sim/design_3_and2_1_10.v" into library xil_defaultlib
INFO: [VRFC 10-311] analyzing module design_3_and2_1_10
INFO: [VRFC 10-2263] Analyzing Verilog file "D:/cd3/project_3/project_3.ip_user_files/bd/design_3/ip/design_3_and2_1_5/sim/design_3_and2_1_5.v" into library xil_defaultlib
INFO: [VRFC 10-311] analyzing module design_3_and2_1_5
INFO: [VRFC 10-2263] Analyzing Verilog file "D:/cd3/project_3/project_3.ip_user_files/bd/design_3/ip/design_3_and2_2_5/sim/design_3_and2_2_5.v" into library xil_defaultlib
INFO: [VRFC 10-311] analyzing module design_3_and2_2_5
INFO: [VRFC 10-2263] Analyzing Verilog file "D:/cd3/project_3/project_3.ip_user_files/bd/design_3/ip/design_3_or3_gate_0_5/sim/design_3_or3_gate_0_5.v" into library xil_defaultlib
INFO: [VRFC 10-311] analyzing module design_3_or3_gate_0_5
INFO: [VRFC 10-2263] Analyzing Verilog file "D:/cd3/project_3/project_3.ip_user_files/bd/design_3/ip/design_3_and2_0_5/sim/design_3_and2_0_5.v" into library xil_defaultlib
INFO: [VRFC 10-311] analyzing module design_3_and2_0_5
INFO: [VRFC 10-2263] Analyzing Verilog file "D:/cd3/project_3/project_3.ip_user_files/bd/design_3/ip/design_3_and2_3_4/sim/design_3_and2_3_4.v" into library xil_defaultlib
INFO: [VRFC 10-311] analyzing module design_3_and2_3_4
INFO: [VRFC 10-2263] Analyzing Verilog file "D:/cd3/project_3/project_3.ip_user_files/bd/design_3/ip/design_3_and2_1_6/sim/design_3_and2_1_6.v" into library xil_defaultlib
INFO: [VRFC 10-311] analyzing module design_3_and2_1_6
INFO: [VRFC 10-2263] Analyzing Verilog file "D:/cd3/project_3/project_3.ip_user_files/bd/design_3/ip/design_3_and2_2_6/sim/design_3_and2_2_6.v" into library xil_defaultlib
INFO: [VRFC 10-311] analyzing module design_3_and2_2_6
INFO: [VRFC 10-2263] Analyzing Verilog file "D:/cd3/project_3/project_3.ip_user_files/bd/design_3/ip/design_3_or3_gate_0_6/sim/design_3_or3_gate_0_6.v" into library xil_defaultlib
INFO: [VRFC 10-311] analyzing module design_3_or3_gate_0_6
INFO: [VRFC 10-2263] Analyzing Verilog file "D:/cd3/project_3/project_3.ip_user_files/bd/design_3/ip/design_3_and2_0_6/sim/design_3_and2_0_6.v" into library xil_defaultlib
INFO: [VRFC 10-311] analyzing module design_3_and2_0_6
INFO: [VRFC 10-2263] Analyzing Verilog file "D:/cd3/project_3/project_3.ip_user_files/bd/design_3/ip/design_3_and2_3_3/sim/design_3_and2_3_3.v" into library xil_defaultlib
INFO: [VRFC 10-311] analyzing module design_3_and2_3_3
INFO: [VRFC 10-2263] Analyzing Verilog file "D:/cd3/project_3/project_3.ip_user_files/bd/design_3/ip/design_3_and2_1_7/sim/design_3_and2_1_7.v" into library xil_defaultlib
INFO: [VRFC 10-311] analyzing module design_3_and2_1_7
INFO: [VRFC 10-2263] Analyzing Verilog file "D:/cd3/project_3/project_3.ip_user_files/bd/design_3/ip/design_3_and2_2_7/sim/design_3_and2_2_7.v" into library xil_defaultlib
INFO: [VRFC 10-311] analyzing module design_3_and2_2_7
INFO: [VRFC 10-2263] Analyzing Verilog file "D:/cd3/project_3/project_3.ip_user_files/bd/design_3/ip/design_3_or3_gate_0_7/sim/design_3_or3_gate_0_7.v" into library xil_defaultlib
INFO: [VRFC 10-311] analyzing module design_3_or3_gate_0_7
INFO: [VRFC 10-2263] Analyzing Verilog file "D:/cd3/project_3/project_3.ip_user_files/bd/design_3/ip/design_3_and2_0_7/sim/design_3_and2_0_7.v" into library xil_defaultlib
INFO: [VRFC 10-311] analyzing module design_3_and2_0_7
INFO: [VRFC 10-2263] Analyzing Verilog file "D:/cd3/project_3/project_3.ip_user_files/bd/design_3/ip/design_3_and2_3_2/sim/design_3_and2_3_2.v" into library xil_defaultlib
INFO: [VRFC 10-311] analyzing module design_3_and2_3_2
INFO: [VRFC 10-2263] Analyzing Verilog file "D:/cd3/project_3/project_3.ip_user_files/bd/design_3/ip/design_3_and2_1_8/sim/design_3_and2_1_8.v" into library xil_defaultlib
INFO: [VRFC 10-311] analyzing module design_3_and2_1_8
INFO: [VRFC 10-2263] Analyzing Verilog file "D:/cd3/project_3/project_3.ip_user_files/bd/design_3/ip/design_3_and2_2_8/sim/design_3_and2_2_8.v" into library xil_defaultlib
INFO: [VRFC 10-311] analyzing module design_3_and2_2_8
INFO: [VRFC 10-2263] Analyzing Verilog file "D:/cd3/project_3/project_3.ip_user_files/bd/design_3/ip/design_3_or3_gate_0_8/sim/design_3_or3_gate_0_8.v" into library xil_defaultlib
INFO: [VRFC 10-311] analyzing module design_3_or3_gate_0_8
INFO: [VRFC 10-2263] Analyzing Verilog file "D:/cd3/project_3/project_3.ip_user_files/bd/design_3/ip/design_3_and2_0_8/sim/design_3_and2_0_8.v" into library xil_defaultlib
INFO: [VRFC 10-311] analyzing module design_3_and2_0_8
INFO: [VRFC 10-2263] Analyzing Verilog file "D:/cd3/project_3/project_3.ip_user_files/bd/design_3/ip/design_3_and2_3_1/sim/design_3_and2_3_1.v" into library xil_defaultlib
INFO: [VRFC 10-311] analyzing module design_3_and2_3_1
INFO: [VRFC 10-2263] Analyzing Verilog file "D:/cd3/project_3/project_3.ip_user_files/bd/design_3/ip/design_3_and2_1_9/sim/design_3_and2_1_9.v" into library xil_defaultlib
INFO: [VRFC 10-311] analyzing module design_3_and2_1_9
INFO: [VRFC 10-2263] Analyzing Verilog file "D:/cd3/project_3/project_3.ip_user_files/bd/design_3/ip/design_3_and2_2_9/sim/design_3_and2_2_9.v" into library xil_defaultlib
INFO: [VRFC 10-311] analyzing module design_3_and2_2_9
INFO: [VRFC 10-2263] Analyzing Verilog file "D:/cd3/project_3/project_3.ip_user_files/bd/design_3/ip/design_3_or3_gate_0_9/sim/design_3_or3_gate_0_9.v" into library xil_defaultlib
INFO: [VRFC 10-311] analyzing module design_3_or3_gate_0_9
INFO: [VRFC 10-2263] Analyzing Verilog file "D:/cd3/project_3/project_3.ip_user_files/bd/design_3/ip/design_3_and2_0_9/sim/design_3_and2_0_9.v" into library xil_defaultlib
INFO: [VRFC 10-311] analyzing module design_3_and2_0_9
INFO: [VRFC 10-2263] Analyzing Verilog file "D:/cd3/project_3/project_3.ip_user_files/bd/design_3/ip/design_3_and2_3_0/sim/design_3_and2_3_0.v" into library xil_defaultlib
INFO: [VRFC 10-311] analyzing module design_3_and2_3_0
INFO: [VRFC 10-2263] Analyzing Verilog file "D:/cd3/project_3/project_3.ip_user_files/bd/design_3/ip/design_3_aggregator_12inputs_0_1/sim/design_3_aggregator_12inputs_0_1.v" into library xil_defaultlib
INFO: [VRFC 10-311] analyzing module design_3_aggregator_12inputs_0_1
INFO: [VRFC 10-2263] Analyzing Verilog file "D:/cd3/project_3/project_3.ip_user_files/bd/design_3/ip/design_3_splitter_16bit_to_16_0_0/sim/design_3_splitter_16bit_to_16_0_0.v" into library xil_defaultlib
INFO: [VRFC 10-311] analyzing module design_3_splitter_16bit_to_16_0_0
INFO: [VRFC 10-2263] Analyzing Verilog file "D:/cd3/project_3/project_3.ip_user_files/bd/design_3/ip/design_3_not_gate_0_1/sim/design_3_not_gate_0_1.v" into library xil_defaultlib
INFO: [VRFC 10-311] analyzing module design_3_not_gate_0_1
INFO: [VRFC 10-2263] Analyzing Verilog file "D:/cd3/project_3/project_3.ip_user_files/bd/design_3/ip/design_3_bus_slicer_16to12_0_0/sim/design_3_bus_slicer_16to12_0_0.v" into library xil_defaultlib
INFO: [VRFC 10-311] analyzing module design_3_bus_slicer_16to12_0_0
INFO: [VRFC 10-2263] Analyzing Verilog file "D:/cd3/project_3/project_3.ip_user_files/bd/design_3/ip/design_3_or_gate_0_0/sim/design_3_or_gate_0_0.v" into library xil_defaultlib
INFO: [VRFC 10-311] analyzing module design_3_or_gate_0_0
INFO: [VRFC 10-2263] Analyzing Verilog file "D:/cd3/project_3/project_3.ip_user_files/bd/design_3/ip/design_3_and_gate_0_1/sim/design_3_and_gate_0_1.v" into library xil_defaultlib
INFO: [VRFC 10-311] analyzing module design_3_and_gate_0_1
INFO: [VRFC 10-2263] Analyzing Verilog file "D:/cd3/project_3/project_3.ip_user_files/bd/design_3/ip/design_3_and_gate_1_1/sim/design_3_and_gate_1_1.v" into library xil_defaultlib
INFO: [VRFC 10-311] analyzing module design_3_and_gate_1_1
INFO: [VRFC 10-2263] Analyzing Verilog file "D:/cd3/project_3/project_3.ip_user_files/bd/design_3/ip/design_3_not_gate_1_1/sim/design_3_not_gate_1_1.v" into library xil_defaultlib
INFO: [VRFC 10-311] analyzing module design_3_not_gate_1_1
INFO: [VRFC 10-2263] Analyzing Verilog file "D:/cd3/project_3/project_3.ip_user_files/bd/design_3/ip/design_3_or_gate_1_0/sim/design_3_or_gate_1_0.v" into library xil_defaultlib
INFO: [VRFC 10-311] analyzing module design_3_or_gate_1_0
INFO: [VRFC 10-2263] Analyzing Verilog file "D:/cd3/project_3/project_3.ip_user_files/bd/design_3/ip/design_3_and2_0_10/sim/design_3_and2_0_10.v" into library xil_defaultlib
INFO: [VRFC 10-311] analyzing module design_3_and2_0_10
INFO: [VRFC 10-2263] Analyzing Verilog file "D:/cd3/project_3/project_3.ip_user_files/bd/design_3/ip/design_3_splitter_12bit_to_12_0_0/sim/design_3_splitter_12bit_to_12_0_0.v" into library xil_defaultlib
INFO: [VRFC 10-311] analyzing module design_3_splitter_12bit_to_12_0_0
INFO: [VRFC 10-2263] Analyzing Verilog file "D:/cd3/project_3/project_3.ip_user_files/bd/design_3/ip/design_3_and2_1_11/sim/design_3_and2_1_11.v" into library xil_defaultlib
INFO: [VRFC 10-311] analyzing module design_3_and2_1_11
INFO: [VRFC 10-2263] Analyzing Verilog file "D:/cd3/project_3/project_3.ip_user_files/bd/design_3/sim/design_3.v" into library xil_defaultlib
INFO: [VRFC 10-311] analyzing module ALU_imp_JZDUAB
INFO: [VRFC 10-311] analyzing module PC_imp_1MALNP6
INFO: [VRFC 10-311] analyzing module design_3
INFO: [VRFC 10-311] analyzing module dlxzq0_imp_1UWU5O7
INFO: [VRFC 10-311] analyzing module dlxzq1_imp_1RX16K4
INFO: [VRFC 10-311] analyzing module dlxzq2_imp_1Q3O4OH
INFO: [VRFC 10-311] analyzing module dlxzq3_imp_1JOESQA
INFO: [VRFC 10-311] analyzing module dlxzq4_imp_1BY0A4B
INFO: [VRFC 10-311] analyzing module dlxzq5_imp_1G2S77C
INFO: [VRFC 10-311] analyzing module dlxzq6_imp_104XQRH
INFO: [VRFC 10-311] analyzing module dlxzq7_imp_15F2LTQ
INFO: [VRFC 10-311] analyzing module dlxzq8_imp_KT4I7J
INFO: [VRFC 10-311] analyzing module dlxzq9_imp_PY44MK
INFO: [VRFC 10-311] analyzing module start_imp_NYSA1T
INFO: [VRFC 10-311] analyzing module uPC_imp_E5D2MO
INFO: [VRFC 10-2263] Analyzing Verilog file "D:/cd3/design_3/hdl/design_3_wrapper.v" into library xil_defaultlib
INFO: [VRFC 10-311] analyzing module design_3_wrapper
INFO: [VRFC 10-2263] Analyzing Verilog file "D:/cd3/exp3/simple_core_test.v" into library xil_defaultlib
INFO: [VRFC 10-311] analyzing module complete_monitor_test
INFO: [VRFC 10-2263] Analyzing Verilog file "D:/cd3/project_3/project_3.sim/sim_2/behav/xsim/glbl.v" into library xil_defaultlib
INFO: [VRFC 10-311] analyzing module glbl
run_program: Time (s): cpu = 00:00:01 ; elapsed = 00:00:21 . Memory (MB): peak = 1619.344 ; gain = 0.000
INFO: [USF-XSim-69] 'compile' step finished in '21' seconds
INFO: [USF-XSim-3] XSim::Elaborate design
INFO: [USF-XSim-61] Executing 'ELABORATE' step in 'D:/cd3/project_3/project_3.sim/sim_2/behav/xsim'
"xelab --incr --debug typical --relax --mt 2 -L xil_defaultlib -L xlconstant_v1_1_9 -L xlconcat_v2_1_6 -L unisims_ver -L unimacro_ver -L secureip -L xpm --snapshot complete_monitor_test_behav xil_defaultlib.complete_monitor_test xil_defaultlib.glbl -log elaborate.log"
Vivado Simulator v2024.2.0
Copyright 1986-2022 Xilinx, Inc. All Rights Reserved.
Copyright 2022-2024 Advanced Micro Devices, Inc. All Rights Reserved.
Running: D:/Vivado/2024.2/bin/unwrapped/win64.o/xelab.exe --incr --debug typical --relax --mt 2 -L xil_defaultlib -L xlconstant_v1_1_9 -L xlconcat_v2_1_6 -L unisims_ver -L unimacro_ver -L secureip -L xpm --snapshot complete_monitor_test_behav xil_defaultlib.complete_monitor_test xil_defaultlib.glbl -log elaborate.log 
Using 2 slave threads.
Starting static elaboration
Pass Through NonSizing Optimizer
WARNING: [VRFC 10-5021] port 'a' is not connected on this instance [D:/cd3/project_3/project_3.ip_user_files/bd/design_3/sim/design_3.v:1268]
Completed static elaboration
Starting simulation data flow analysis
WARNING: [XSIM 43-4099] "D:/cd3/exp3/aggregate_4x4_to_16bit.v" Line 1. Module aggregate_4x4_to_16bit doesn't have a timescale but at least one module in design has a timescale.
WARNING: [XSIM 43-4099] "D:/cd3/exp3/aggregator_4bit.v" Line 1. Module aggregator_4bit doesn't have a timescale but at least one module in design has a timescale.
WARNING: [XSIM 43-4099] "D:/cd3/exp3/aggregator_4bit.v" Line 1. Module aggregator_4bit doesn't have a timescale but at least one module in design has a timescale.
WARNING: [XSIM 43-4099] "D:/cd3/exp3/74181.v" Line 1. Module alu_74181 doesn't have a timescale but at least one module in design has a timescale.
WARNING: [XSIM 43-4099] "D:/cd3/exp3/74181.v" Line 1. Module alu_74181 doesn't have a timescale but at least one module in design has a timescale.
WARNING: [XSIM 43-4099] "D:/cd3/exp3/74181.v" Line 1. Module alu_74181 doesn't have a timescale but at least one module in design has a timescale.
WARNING: [XSIM 43-4099] "D:/cd3/exp3/74181.v" Line 1. Module alu_74181 doesn't have a timescale but at least one module in design has a timescale.
WARNING: [XSIM 43-4099] "D:/cd3/exp3/74182.v" Line 1. Module carry_lookahead_74182 doesn't have a timescale but at least one module in design has a timescale.
WARNING: [XSIM 43-4099] "D:/cd3/exp3/exp14_source.v" Line 309. Module carry_output_splitter doesn't have a timescale but at least one module in design has a timescale.
WARNING: [XSIM 43-4099] "D:/cd3/exp3/not_gate.v" Line 1. Module not_gate doesn't have a timescale but at least one module in design has a timescale.
WARNING: [XSIM 43-4099] "D:/cd3/exp3/the_16bit_to_4x4bit.v" Line 1. Module the_16bit_to_4x4bit doesn't have a timescale but at least one module in design has a timescale.
WARNING: [XSIM 43-4099] "D:/cd3/exp3/the_16bit_to_4x4bit.v" Line 1. Module the_16bit_to_4x4bit doesn't have a timescale but at least one module in design has a timescale.
WARNING: [XSIM 43-4099] "D:/cd3/exp3/rom.v" Line 1. Module rom_1kx23 doesn't have a timescale but at least one module in design has a timescale.
WARNING: [XSIM 43-4099] "D:/cd3/exp3/16bit_reg.v" Line 1. Module register_16bit doesn't have a timescale but at least one module in design has a timescale.
WARNING: [XSIM 43-4099] "D:/cd3/exp3/12bit_reg.v" Line 1. Module register_12bit doesn't have a timescale but at least one module in design has a timescale.
WARNING: [XSIM 43-4099] "D:/cd3/exp3/16bit_reg.v" Line 1. Module register_16bit doesn't have a timescale but at least one module in design has a timescale.
WARNING: [XSIM 43-4099] "D:/cd3/exp3/16bit_reg.v" Line 1. Module register_16bit doesn't have a timescale but at least one module in design has a timescale.
WARNING: [XSIM 43-4099] "D:/cd3/exp3/74161.v" Line 1. Module ic_74161 doesn't have a timescale but at least one module in design has a timescale.
WARNING: [XSIM 43-4099] "D:/cd3/exp3/74161.v" Line 1. Module ic_74161 doesn't have a timescale but at least one module in design has a timescale.
WARNING: [XSIM 43-4099] "D:/cd3/exp3/74161.v" Line 1. Module ic_74161 doesn't have a timescale but at least one module in design has a timescale.
WARNING: [XSIM 43-4099] "D:/cd3/exp3/exp14_source.v" Line 326. Module the_12bit_to_3x4bit doesn't have a timescale but at least one module in design has a timescale.
WARNING: [XSIM 43-4099] "D:/cd3/exp3/16bit_reg.v" Line 1. Module register_16bit doesn't have a timescale but at least one module in design has a timescale.
WARNING: [XSIM 43-4099] "D:/cd3/exp3/16bit_reg.v" Line 1. Module register_16bit doesn't have a timescale but at least one module in design has a timescale.
WARNING: [XSIM 43-4099] "D:/cd3/exp3/16bit_reg.v" Line 1. Module register_16bit doesn't have a timescale but at least one module in design has a timescale.
WARNING: [XSIM 43-4099] "D:/cd3/exp3/16bit_reg.v" Line 1. Module register_16bit doesn't have a timescale but at least one module in design has a timescale.
WARNING: [XSIM 43-4099] "D:/cd3/exp3/16bit_reg.v" Line 1. Module register_16bit doesn't have a timescale but at least one module in design has a timescale.
WARNING: [XSIM 43-4099] "D:/cd3/exp3/exp14_source.v" Line 1. Module adpt_in doesn't have a timescale but at least one module in design has a timescale.
WARNING: [XSIM 43-4099] "D:/cd3/exp3/exp14_source.v" Line 376. Module aggregator_12inputs_to_12bit_sync doesn't have a timescale but at least one module in design has a timescale.
WARNING: [XSIM 43-4099] "D:/cd3/exp3/exp14_source.v" Line 76. Module and2 doesn't have a timescale but at least one module in design has a timescale.
WARNING: [XSIM 43-4099] "D:/cd3/exp3/exp14_source.v" Line 76. Module and2 doesn't have a timescale but at least one module in design has a timescale.
WARNING: [XSIM 43-4099] "D:/cd3/exp3/and_gate.v" Line 1. Module and_gate doesn't have a timescale but at least one module in design has a timescale.
WARNING: [XSIM 43-4099] "D:/cd3/exp3/and_gate.v" Line 1. Module and_gate doesn't have a timescale but at least one module in design has a timescale.
WARNING: [XSIM 43-4099] "D:/cd3/exp3/bit_splitter_23.v" Line 1. Module bit_splitter_23 doesn't have a timescale but at least one module in design has a timescale.
WARNING: [XSIM 43-4099] "D:/cd3/exp3/exp14_source.v" Line 459. Module bus_slicer_16to12 doesn't have a timescale but at least one module in design has a timescale.
WARNING: [XSIM 43-4099] "D:/cd3/exp3/decoder_2to4.v" Line 1. Module decoder_2to4 doesn't have a timescale but at least one module in design has a timescale.
WARNING: [XSIM 43-4099] "D:/cd3/exp3/decoder_2to4.v" Line 1. Module decoder_2to4 doesn't have a timescale but at least one module in design has a timescale.
WARNING: [XSIM 43-4099] "D:/cd3/exp3/decoder_3to8.v" Line 1. Module decoder_3to8 doesn't have a timescale but at least one module in design has a timescale.
WARNING: [XSIM 43-4099] "D:/cd3/exp3/decoder_3to8.v" Line 1. Module decoder_3to8 doesn't have a timescale but at least one module in design has a timescale.
WARNING: [XSIM 43-4099] "D:/cd3/exp3/decoder_3to8.v" Line 1. Module decoder_3to8 doesn't have a timescale but at least one module in design has a timescale.
WARNING: [XSIM 43-4099] "D:/cd3/exp3/exp14_source.v" Line 76. Module and2 doesn't have a timescale but at least one module in design has a timescale.
WARNING: [XSIM 43-4099] "D:/cd3/exp3/exp14_source.v" Line 76. Module and2 doesn't have a timescale but at least one module in design has a timescale.
WARNING: [XSIM 43-4099] "D:/cd3/exp3/exp14_source.v" Line 76. Module and2 doesn't have a timescale but at least one module in design has a timescale.
WARNING: [XSIM 43-4099] "D:/cd3/exp3/exp14_source.v" Line 362. Module or3_gate doesn't have a timescale but at least one module in design has a timescale.
WARNING: [XSIM 43-4099] "D:/cd3/exp3/exp14_source.v" Line 76. Module and2 doesn't have a timescale but at least one module in design has a timescale.
WARNING: [XSIM 43-4099] "D:/cd3/exp3/exp14_source.v" Line 76. Module and2 doesn't have a timescale but at least one module in design has a timescale.
WARNING: [XSIM 43-4099] "D:/cd3/exp3/exp14_source.v" Line 76. Module and2 doesn't have a timescale but at least one module in design has a timescale.
WARNING: [XSIM 43-4099] "D:/cd3/exp3/exp14_source.v" Line 76. Module and2 doesn't have a timescale but at least one module in design has a timescale.
WARNING: [XSIM 43-4099] "D:/cd3/exp3/exp14_source.v" Line 362. Module or3_gate doesn't have a timescale but at least one module in design has a timescale.
WARNING: [XSIM 43-4099] "D:/cd3/exp3/exp14_source.v" Line 76. Module and2 doesn't have a timescale but at least one module in design has a timescale.
WARNING: [XSIM 43-4099] "D:/cd3/exp3/exp14_source.v" Line 76. Module and2 doesn't have a timescale but at least one module in design has a timescale.
WARNING: [XSIM 43-4099] "D:/cd3/exp3/exp14_source.v" Line 76. Module and2 doesn't have a timescale but at least one module in design has a timescale.
WARNING: [XSIM 43-4099] "D:/cd3/exp3/exp14_source.v" Line 76. Module and2 doesn't have a timescale but at least one module in design has a timescale.
WARNING: [XSIM 43-4099] "D:/cd3/exp3/exp14_source.v" Line 362. Module or3_gate doesn't have a timescale but at least one module in design has a timescale.
WARNING: [XSIM 43-4099] "D:/cd3/exp3/exp14_source.v" Line 76. Module and2 doesn't have a timescale but at least one module in design has a timescale.
WARNING: [XSIM 43-4099] "D:/cd3/exp3/exp14_source.v" Line 76. Module and2 doesn't have a timescale but at least one module in design has a timescale.
WARNING: [XSIM 43-4099] "D:/cd3/exp3/exp14_source.v" Line 76. Module and2 doesn't have a timescale but at least one module in design has a timescale.
WARNING: [XSIM 43-4099] "D:/cd3/exp3/exp14_source.v" Line 76. Module and2 doesn't have a timescale but at least one module in design has a timescale.
WARNING: [XSIM 43-4099] "D:/cd3/exp3/exp14_source.v" Line 362. Module or3_gate doesn't have a timescale but at least one module in design has a timescale.
WARNING: [XSIM 43-4099] "D:/cd3/exp3/exp14_source.v" Line 76. Module and2 doesn't have a timescale but at least one module in design has a timescale.
WARNING: [XSIM 43-4099] "D:/cd3/exp3/exp14_source.v" Line 76. Module and2 doesn't have a timescale but at least one module in design has a timescale.
WARNING: [XSIM 43-4099] "D:/cd3/exp3/exp14_source.v" Line 76. Module and2 doesn't have a timescale but at least one module in design has a timescale.
WARNING: [XSIM 43-4099] "D:/cd3/exp3/exp14_source.v" Line 76. Module and2 doesn't have a timescale but at least one module in design has a timescale.
WARNING: [XSIM 43-4099] "D:/cd3/exp3/exp14_source.v" Line 362. Module or3_gate doesn't have a timescale but at least one module in design has a timescale.
WARNING: [XSIM 43-4099] "D:/cd3/exp3/exp14_source.v" Line 76. Module and2 doesn't have a timescale but at least one module in design has a timescale.
WARNING: [XSIM 43-4099] "D:/cd3/exp3/exp14_source.v" Line 76. Module and2 doesn't have a timescale but at least one module in design has a timescale.
WARNING: [XSIM 43-4099] "D:/cd3/exp3/exp14_source.v" Line 76. Module and2 doesn't have a timescale but at least one module in design has a timescale.
WARNING: [XSIM 43-4099] "D:/cd3/exp3/exp14_source.v" Line 76. Module and2 doesn't have a timescale but at least one module in design has a timescale.
WARNING: [XSIM 43-4099] "D:/cd3/exp3/exp14_source.v" Line 362. Module or3_gate doesn't have a timescale but at least one module in design has a timescale.
WARNING: [XSIM 43-4099] "D:/cd3/exp3/exp14_source.v" Line 76. Module and2 doesn't have a timescale but at least one module in design has a timescale.
WARNING: [XSIM 43-4099] "D:/cd3/exp3/exp14_source.v" Line 76. Module and2 doesn't have a timescale but at least one module in design has a timescale.
WARNING: [XSIM 43-4099] "D:/cd3/exp3/exp14_source.v" Line 76. Module and2 doesn't have a timescale but at least one module in design has a timescale.
WARNING: [XSIM 43-4099] "D:/cd3/exp3/exp14_source.v" Line 76. Module and2 doesn't have a timescale but at least one module in design has a timescale.
WARNING: [XSIM 43-4099] "D:/cd3/exp3/exp14_source.v" Line 362. Module or3_gate doesn't have a timescale but at least one module in design has a timescale.
WARNING: [XSIM 43-4099] "D:/cd3/exp3/exp14_source.v" Line 76. Module and2 doesn't have a timescale but at least one module in design has a timescale.
WARNING: [XSIM 43-4099] "D:/cd3/exp3/exp14_source.v" Line 76. Module and2 doesn't have a timescale but at least one module in design has a timescale.
WARNING: [XSIM 43-4099] "D:/cd3/exp3/exp14_source.v" Line 76. Module and2 doesn't have a timescale but at least one module in design has a timescale.
WARNING: [XSIM 43-4099] "D:/cd3/exp3/exp14_source.v" Line 76. Module and2 doesn't have a timescale but at least one module in design has a timescale.
WARNING: [XSIM 43-4099] "D:/cd3/exp3/exp14_source.v" Line 362. Module or3_gate doesn't have a timescale but at least one module in design has a timescale.
WARNING: [XSIM 43-4099] "D:/cd3/exp3/exp14_source.v" Line 76. Module and2 doesn't have a timescale but at least one module in design has a timescale.
WARNING: [XSIM 43-4099] "D:/cd3/exp3/exp14_source.v" Line 76. Module and2 doesn't have a timescale but at least one module in design has a timescale.
WARNING: [XSIM 43-4099] "D:/cd3/exp3/exp14_source.v" Line 76. Module and2 doesn't have a timescale but at least one module in design has a timescale.
WARNING: [XSIM 43-4099] "D:/cd3/exp3/exp14_source.v" Line 76. Module and2 doesn't have a timescale but at least one module in design has a timescale.
WARNING: [XSIM 43-4099] "D:/cd3/exp3/exp14_source.v" Line 362. Module or3_gate doesn't have a timescale but at least one module in design has a timescale.
WARNING: [XSIM 43-4099] "D:/cd3/exp3/exp14_source.v" Line 76. Module and2 doesn't have a timescale but at least one module in design has a timescale.
WARNING: [XSIM 43-4099] "D:/cd3/exp3/exp14_source.v" Line 76. Module and2 doesn't have a timescale but at least one module in design has a timescale.
WARNING: [XSIM 43-4099] "D:/cd3/exp3/exp14_source.v" Line 76. Module and2 doesn't have a timescale but at least one module in design has a timescale.
WARNING: [XSIM 43-4099] "D:/cd3/exp3/exp14_source.v" Line 76. Module and2 doesn't have a timescale but at least one module in design has a timescale.
WARNING: [XSIM 43-4099] "D:/cd3/exp3/exp14_source.v" Line 362. Module or3_gate doesn't have a timescale but at least one module in design has a timescale.
WARNING: [XSIM 43-4099] "D:/cd3/exp3/mix5to1.v" Line 1. Module mux_5to1_16bit doesn't have a timescale but at least one module in design has a timescale.
WARNING: [XSIM 43-4099] "D:/cd3/exp3/exp14_source.v" Line 87. Module not1 doesn't have a timescale but at least one module in design has a timescale.
WARNING: [XSIM 43-4099] "D:/cd3/exp3/not_gate.v" Line 1. Module not_gate doesn't have a timescale but at least one module in design has a timescale.
WARNING: [XSIM 43-4099] "D:/cd3/exp3/not_gate.v" Line 1. Module not_gate doesn't have a timescale but at least one module in design has a timescale.
WARNING: [XSIM 43-4099] "D:/cd3/exp3/or_gate.v" Line 1. Module or_gate doesn't have a timescale but at least one module in design has a timescale.
WARNING: [XSIM 43-4099] "D:/cd3/exp3/or_gate.v" Line 1. Module or_gate doesn't have a timescale but at least one module in design has a timescale.
WARNING: [XSIM 43-4099] "D:/cd3/exp3/ram.v" Line 1. Module ram doesn't have a timescale but at least one module in design has a timescale.
WARNING: [XSIM 43-4099] "D:/cd3/exp3/exp14_source.v" Line 432. Module splitter_12bit_to_12outputs doesn't have a timescale but at least one module in design has a timescale.
WARNING: [XSIM 43-4099] "D:/cd3/exp3/exp14_source.v" Line 400. Module splitter_16bit_to_16outputs doesn't have a timescale but at least one module in design has a timescale.
WARNING: [XSIM 43-4099] "D:/cd3/exp3/D_trigger.v" Line 1. Module D_trigger doesn't have a timescale but at least one module in design has a timescale.
WARNING: [XSIM 43-4099] "D:/cd3/exp3/and_gate.v" Line 1. Module and_gate doesn't have a timescale but at least one module in design has a timescale.
WARNING: [XSIM 43-4099] "D:/cd3/exp3/and_gate.v" Line 1. Module and_gate doesn't have a timescale but at least one module in design has a timescale.
WARNING: [XSIM 43-4099] "D:/cd3/exp3/and_gate.v" Line 1. Module and_gate doesn't have a timescale but at least one module in design has a timescale.
WARNING: [XSIM 43-4099] "D:/cd3/exp3/not_gate.v" Line 1. Module not_gate doesn't have a timescale but at least one module in design has a timescale.
WARNING: [XSIM 43-4099] "D:/cd3/exp3/74161.v" Line 1. Module ic_74161 doesn't have a timescale but at least one module in design has a timescale.
WARNING: [XSIM 43-4099] "D:/cd3/exp3/74161.v" Line 1. Module ic_74161 doesn't have a timescale but at least one module in design has a timescale.
WARNING: [XSIM 43-4099] "D:/cd3/exp3/74161.v" Line 1. Module ic_74161 doesn't have a timescale but at least one module in design has a timescale.
WARNING: [XSIM 43-4099] "D:/cd3/exp3/exp14_source.v" Line 326. Module the_12bit_to_3x4bit doesn't have a timescale but at least one module in design has a timescale.
WARNING: [XSIM 43-4099] "D:/cd3/exp3/aggregate_4x4_to_16bit.v" Line 1. Module aggregate_4x4_to_16bit doesn't have a timescale but at least one module in design has a timescale.
WARNING: [XSIM 43-4099] "D:/cd3/exp3/aggregator_4bit.v" Line 1. Module aggregator_4bit doesn't have a timescale but at least one module in design has a timescale.
WARNING: [XSIM 43-4099] "D:/cd3/exp3/aggregator_4bit.v" Line 1. Module aggregator_4bit doesn't have a timescale but at least one module in design has a timescale.
WARNING: [XSIM 43-4099] "D:/cd3/exp3/74181.v" Line 1. Module alu_74181 doesn't have a timescale but at least one module in design has a timescale.
WARNING: [XSIM 43-4099] "D:/cd3/exp3/74181.v" Line 1. Module alu_74181 doesn't have a timescale but at least one module in design has a timescale.
WARNING: [XSIM 43-4099] "D:/cd3/exp3/74181.v" Line 1. Module alu_74181 doesn't have a timescale but at least one module in design has a timescale.
WARNING: [XSIM 43-4099] "D:/cd3/exp3/74181.v" Line 1. Module alu_74181 doesn't have a timescale but at least one module in design has a timescale.
WARNING: [XSIM 43-4099] "D:/cd3/exp3/74182.v" Line 1. Module carry_lookahead_74182 doesn't have a timescale but at least one module in design has a timescale.
WARNING: [XSIM 43-4099] "D:/cd3/exp3/exp14_source.v" Line 309. Module carry_output_splitter doesn't have a timescale but at least one module in design has a timescale.
WARNING: [XSIM 43-4099] "D:/cd3/exp3/not_gate.v" Line 1. Module not_gate doesn't have a timescale but at least one module in design has a timescale.
WARNING: [XSIM 43-4099] "D:/cd3/exp3/the_16bit_to_4x4bit.v" Line 1. Module the_16bit_to_4x4bit doesn't have a timescale but at least one module in design has a timescale.
WARNING: [XSIM 43-4099] "D:/cd3/exp3/the_16bit_to_4x4bit.v" Line 1. Module the_16bit_to_4x4bit doesn't have a timescale but at least one module in design has a timescale.
WARNING: [XSIM 43-4099] "D:/cd3/exp3/rom.v" Line 1. Module rom_1kx23 doesn't have a timescale but at least one module in design has a timescale.
WARNING: [XSIM 43-4099] "D:/cd3/exp3/16bit_reg.v" Line 1. Module register_16bit doesn't have a timescale but at least one module in design has a timescale.
WARNING: [XSIM 43-4099] "D:/cd3/exp3/12bit_reg.v" Line 1. Module register_12bit doesn't have a timescale but at least one module in design has a timescale.
WARNING: [XSIM 43-4099] "D:/cd3/exp3/16bit_reg.v" Line 1. Module register_16bit doesn't have a timescale but at least one module in design has a timescale.
WARNING: [XSIM 43-4099] "D:/cd3/exp3/16bit_reg.v" Line 1. Module register_16bit doesn't have a timescale but at least one module in design has a timescale.
WARNING: [XSIM 43-4099] "D:/cd3/exp3/74161.v" Line 1. Module ic_74161 doesn't have a timescale but at least one module in design has a timescale.
WARNING: [XSIM 43-4099] "D:/cd3/exp3/74161.v" Line 1. Module ic_74161 doesn't have a timescale but at least one module in design has a timescale.
WARNING: [XSIM 43-4099] "D:/cd3/exp3/74161.v" Line 1. Module ic_74161 doesn't have a timescale but at least one module in design has a timescale.
WARNING: [XSIM 43-4099] "D:/cd3/exp3/exp14_source.v" Line 326. Module the_12bit_to_3x4bit doesn't have a timescale but at least one module in design has a timescale.
WARNING: [XSIM 43-4099] "D:/cd3/exp3/16bit_reg.v" Line 1. Module register_16bit doesn't have a timescale but at least one module in design has a timescale.
WARNING: [XSIM 43-4099] "D:/cd3/exp3/16bit_reg.v" Line 1. Module register_16bit doesn't have a timescale but at least one module in design has a timescale.
WARNING: [XSIM 43-4099] "D:/cd3/exp3/16bit_reg.v" Line 1. Module register_16bit doesn't have a timescale but at least one module in design has a timescale.
WARNING: [XSIM 43-4099] "D:/cd3/exp3/16bit_reg.v" Line 1. Module register_16bit doesn't have a timescale but at least one module in design has a timescale.
WARNING: [XSIM 43-4099] "D:/cd3/exp3/16bit_reg.v" Line 1. Module register_16bit doesn't have a timescale but at least one module in design has a timescale.
WARNING: [XSIM 43-4099] "D:/cd3/exp3/exp14_source.v" Line 1. Module adpt_in doesn't have a timescale but at least one module in design has a timescale.
WARNING: [XSIM 43-4099] "D:/cd3/exp3/exp14_source.v" Line 376. Module aggregator_12inputs_to_12bit_sync doesn't have a timescale but at least one module in design has a timescale.
WARNING: [XSIM 43-4099] "D:/cd3/exp3/exp14_source.v" Line 76. Module and2 doesn't have a timescale but at least one module in design has a timescale.
WARNING: [XSIM 43-4099] "D:/cd3/exp3/exp14_source.v" Line 76. Module and2 doesn't have a timescale but at least one module in design has a timescale.
WARNING: [XSIM 43-4099] "D:/cd3/exp3/and_gate.v" Line 1. Module and_gate doesn't have a timescale but at least one module in design has a timescale.
WARNING: [XSIM 43-4099] "D:/cd3/exp3/and_gate.v" Line 1. Module and_gate doesn't have a timescale but at least one module in design has a timescale.
WARNING: [XSIM 43-4099] "D:/cd3/exp3/bit_splitter_23.v" Line 1. Module bit_splitter_23 doesn't have a timescale but at least one module in design has a timescale.
WARNING: [XSIM 43-4099] "D:/cd3/exp3/exp14_source.v" Line 459. Module bus_slicer_16to12 doesn't have a timescale but at least one module in design has a timescale.
WARNING: [XSIM 43-4099] "D:/cd3/exp3/decoder_2to4.v" Line 1. Module decoder_2to4 doesn't have a timescale but at least one module in design has a timescale.
WARNING: [XSIM 43-4099] "D:/cd3/exp3/decoder_2to4.v" Line 1. Module decoder_2to4 doesn't have a timescale but at least one module in design has a timescale.
WARNING: [XSIM 43-4099] "D:/cd3/exp3/decoder_3to8.v" Line 1. Module decoder_3to8 doesn't have a timescale but at least one module in design has a timescale.
WARNING: [XSIM 43-4099] "D:/cd3/exp3/decoder_3to8.v" Line 1. Module decoder_3to8 doesn't have a timescale but at least one module in design has a timescale.
WARNING: [XSIM 43-4099] "D:/cd3/exp3/decoder_3to8.v" Line 1. Module decoder_3to8 doesn't have a timescale but at least one module in design has a timescale.
WARNING: [XSIM 43-4099] "D:/cd3/exp3/exp14_source.v" Line 76. Module and2 doesn't have a timescale but at least one module in design has a timescale.
WARNING: [XSIM 43-4099] "D:/cd3/exp3/exp14_source.v" Line 76. Module and2 doesn't have a timescale but at least one module in design has a timescale.
WARNING: [XSIM 43-4099] "D:/cd3/exp3/exp14_source.v" Line 76. Module and2 doesn't have a timescale but at least one module in design has a timescale.
WARNING: [XSIM 43-4099] "D:/cd3/exp3/exp14_source.v" Line 362. Module or3_gate doesn't have a timescale but at least one module in design has a timescale.
WARNING: [XSIM 43-4099] "D:/cd3/exp3/exp14_source.v" Line 76. Module and2 doesn't have a timescale but at least one module in design has a timescale.
WARNING: [XSIM 43-4099] "D:/cd3/exp3/exp14_source.v" Line 76. Module and2 doesn't have a timescale but at least one module in design has a timescale.
WARNING: [XSIM 43-4099] "D:/cd3/exp3/exp14_source.v" Line 76. Module and2 doesn't have a timescale but at least one module in design has a timescale.
WARNING: [XSIM 43-4099] "D:/cd3/exp3/exp14_source.v" Line 76. Module and2 doesn't have a timescale but at least one module in design has a timescale.
WARNING: [XSIM 43-4099] "D:/cd3/exp3/exp14_source.v" Line 362. Module or3_gate doesn't have a timescale but at least one module in design has a timescale.
WARNING: [XSIM 43-4099] "D:/cd3/exp3/exp14_source.v" Line 76. Module and2 doesn't have a timescale but at least one module in design has a timescale.
WARNING: [XSIM 43-4099] "D:/cd3/exp3/exp14_source.v" Line 76. Module and2 doesn't have a timescale but at least one module in design has a timescale.
WARNING: [XSIM 43-4099] "D:/cd3/exp3/exp14_source.v" Line 76. Module and2 doesn't have a timescale but at least one module in design has a timescale.
WARNING: [XSIM 43-4099] "D:/cd3/exp3/exp14_source.v" Line 76. Module and2 doesn't have a timescale but at least one module in design has a timescale.
WARNING: [XSIM 43-4099] "D:/cd3/exp3/exp14_source.v" Line 362. Module or3_gate doesn't have a timescale but at least one module in design has a timescale.
WARNING: [XSIM 43-4099] "D:/cd3/exp3/exp14_source.v" Line 76. Module and2 doesn't have a timescale but at least one module in design has a timescale.
WARNING: [XSIM 43-4099] "D:/cd3/exp3/exp14_source.v" Line 76. Module and2 doesn't have a timescale but at least one module in design has a timescale.
WARNING: [XSIM 43-4099] "D:/cd3/exp3/exp14_source.v" Line 76. Module and2 doesn't have a timescale but at least one module in design has a timescale.
WARNING: [XSIM 43-4099] "D:/cd3/exp3/exp14_source.v" Line 76. Module and2 doesn't have a timescale but at least one module in design has a timescale.
WARNING: [XSIM 43-4099] "D:/cd3/exp3/exp14_source.v" Line 362. Module or3_gate doesn't have a timescale but at least one module in design has a timescale.
WARNING: [XSIM 43-4099] "D:/cd3/exp3/exp14_source.v" Line 76. Module and2 doesn't have a timescale but at least one module in design has a timescale.
WARNING: [XSIM 43-4099] "D:/cd3/exp3/exp14_source.v" Line 76. Module and2 doesn't have a timescale but at least one module in design has a timescale.
WARNING: [XSIM 43-4099] "D:/cd3/exp3/exp14_source.v" Line 76. Module and2 doesn't have a timescale but at least one module in design has a timescale.
WARNING: [XSIM 43-4099] "D:/cd3/exp3/exp14_source.v" Line 76. Module and2 doesn't have a timescale but at least one module in design has a timescale.
WARNING: [XSIM 43-4099] "D:/cd3/exp3/exp14_source.v" Line 362. Module or3_gate doesn't have a timescale but at least one module in design has a timescale.
WARNING: [XSIM 43-4099] "D:/cd3/exp3/exp14_source.v" Line 76. Module and2 doesn't have a timescale but at least one module in design has a timescale.
WARNING: [XSIM 43-4099] "D:/cd3/exp3/exp14_source.v" Line 76. Module and2 doesn't have a timescale but at least one module in design has a timescale.
WARNING: [XSIM 43-4099] "D:/cd3/exp3/exp14_source.v" Line 76. Module and2 doesn't have a timescale but at least one module in design has a timescale.
WARNING: [XSIM 43-4099] "D:/cd3/exp3/exp14_source.v" Line 76. Module and2 doesn't have a timescale but at least one module in design has a timescale.
WARNING: [XSIM 43-4099] "D:/cd3/exp3/exp14_source.v" Line 362. Module or3_gate doesn't have a timescale but at least one module in design has a timescale.
WARNING: [XSIM 43-4099] "D:/cd3/exp3/exp14_source.v" Line 76. Module and2 doesn't have a timescale but at least one module in design has a timescale.
WARNING: [XSIM 43-4099] "D:/cd3/exp3/exp14_source.v" Line 76. Module and2 doesn't have a timescale but at least one module in design has a timescale.
WARNING: [XSIM 43-4099] "D:/cd3/exp3/exp14_source.v" Line 76. Module and2 doesn't have a timescale but at least one module in design has a timescale.
WARNING: [XSIM 43-4099] "D:/cd3/exp3/exp14_source.v" Line 76. Module and2 doesn't have a timescale but at least one module in design has a timescale.
WARNING: [XSIM 43-4099] "D:/cd3/exp3/exp14_source.v" Line 362. Module or3_gate doesn't have a timescale but at least one module in design has a timescale.
WARNING: [XSIM 43-4099] "D:/cd3/exp3/exp14_source.v" Line 76. Module and2 doesn't have a timescale but at least one module in design has a timescale.
WARNING: [XSIM 43-4099] "D:/cd3/exp3/exp14_source.v" Line 76. Module and2 doesn't have a timescale but at least one module in design has a timescale.
WARNING: [XSIM 43-4099] "D:/cd3/exp3/exp14_source.v" Line 76. Module and2 doesn't have a timescale but at least one module in design has a timescale.
WARNING: [XSIM 43-4099] "D:/cd3/exp3/exp14_source.v" Line 76. Module and2 doesn't have a timescale but at least one module in design has a timescale.
WARNING: [XSIM 43-4099] "D:/cd3/exp3/exp14_source.v" Line 362. Module or3_gate doesn't have a timescale but at least one module in design has a timescale.
WARNING: [XSIM 43-4099] "D:/cd3/exp3/exp14_source.v" Line 76. Module and2 doesn't have a timescale but at least one module in design has a timescale.
WARNING: [XSIM 43-4099] "D:/cd3/exp3/exp14_source.v" Line 76. Module and2 doesn't have a timescale but at least one module in design has a timescale.
WARNING: [XSIM 43-4099] "D:/cd3/exp3/exp14_source.v" Line 76. Module and2 doesn't have a timescale but at least one module in design has a timescale.
WARNING: [XSIM 43-4099] "D:/cd3/exp3/exp14_source.v" Line 76. Module and2 doesn't have a timescale but at least one module in design has a timescale.
WARNING: [XSIM 43-4099] "D:/cd3/exp3/exp14_source.v" Line 362. Module or3_gate doesn't have a timescale but at least one module in design has a timescale.
WARNING: [XSIM 43-4099] "D:/cd3/exp3/exp14_source.v" Line 76. Module and2 doesn't have a timescale but at least one module in design has a timescale.
WARNING: [XSIM 43-4099] "D:/cd3/exp3/exp14_source.v" Line 76. Module and2 doesn't have a timescale but at least one module in design has a timescale.
WARNING: [XSIM 43-4099] "D:/cd3/exp3/exp14_source.v" Line 76. Module and2 doesn't have a timescale but at least one module in design has a timescale.
WARNING: [XSIM 43-4099] "D:/cd3/exp3/exp14_source.v" Line 76. Module and2 doesn't have a timescale but at least one module in design has a timescale.
WARNING: [XSIM 43-4099] "D:/cd3/exp3/exp14_source.v" Line 362. Module or3_gate doesn't have a timescale but at least one module in design has a timescale.
WARNING: [XSIM 43-4099] "D:/cd3/exp3/mix5to1.v" Line 1. Module mux_5to1_16bit doesn't have a timescale but at least one module in design has a timescale.
WARNING: [XSIM 43-4099] "D:/cd3/exp3/exp14_source.v" Line 87. Module not1 doesn't have a timescale but at least one module in design has a timescale.
WARNING: [XSIM 43-4099] "D:/cd3/exp3/not_gate.v" Line 1. Module not_gate doesn't have a timescale but at least one module in design has a timescale.
WARNING: [XSIM 43-4099] "D:/cd3/exp3/not_gate.v" Line 1. Module not_gate doesn't have a timescale but at least one module in design has a timescale.
WARNING: [XSIM 43-4099] "D:/cd3/exp3/or_gate.v" Line 1. Module or_gate doesn't have a timescale but at least one module in design has a timescale.
WARNING: [XSIM 43-4099] "D:/cd3/exp3/or_gate.v" Line 1. Module or_gate doesn't have a timescale but at least one module in design has a timescale.
WARNING: [XSIM 43-4099] "D:/cd3/exp3/ram.v" Line 1. Module ram doesn't have a timescale but at least one module in design has a timescale.
WARNING: [XSIM 43-4099] "D:/cd3/exp3/exp14_source.v" Line 432. Module splitter_12bit_to_12outputs doesn't have a timescale but at least one module in design has a timescale.
WARNING: [XSIM 43-4099] "D:/cd3/exp3/exp14_source.v" Line 400. Module splitter_16bit_to_16outputs doesn't have a timescale but at least one module in design has a timescale.
WARNING: [XSIM 43-4099] "D:/cd3/exp3/D_trigger.v" Line 1. Module D_trigger doesn't have a timescale but at least one module in design has a timescale.
WARNING: [XSIM 43-4099] "D:/cd3/exp3/and_gate.v" Line 1. Module and_gate doesn't have a timescale but at least one module in design has a timescale.
WARNING: [XSIM 43-4099] "D:/cd3/exp3/and_gate.v" Line 1. Module and_gate doesn't have a timescale but at least one module in design has a timescale.
WARNING: [XSIM 43-4099] "D:/cd3/exp3/and_gate.v" Line 1. Module and_gate doesn't have a timescale but at least one module in design has a timescale.
WARNING: [XSIM 43-4099] "D:/cd3/exp3/not_gate.v" Line 1. Module not_gate doesn't have a timescale but at least one module in design has a timescale.
WARNING: [XSIM 43-4099] "D:/cd3/exp3/74161.v" Line 1. Module ic_74161 doesn't have a timescale but at least one module in design has a timescale.
WARNING: [XSIM 43-4099] "D:/cd3/exp3/74161.v" Line 1. Module ic_74161 doesn't have a timescale but at least one module in design has a timescale.
WARNING: [XSIM 43-4099] "D:/cd3/exp3/74161.v" Line 1. Module ic_74161 doesn't have a timescale but at least one module in design has a timescale.
WARNING: [XSIM 43-4099] "D:/cd3/exp3/exp14_source.v" Line 326. Module the_12bit_to_3x4bit doesn't have a timescale but at least one module in design has a timescale.
Completed simulation data flow analysis
Time Resolution for simulation is 1ps
Compiling module xil_defaultlib.aggregate_4x4_to_16bit
Compiling module xil_defaultlib.design_3_aggregate_4x4_to_16b_0_...
Compiling module xil_defaultlib.aggregator_4bit
Compiling module xil_defaultlib.design_3_aggregator_4bit_0_1
Compiling module xil_defaultlib.design_3_aggregator_4bit_1_0
Compiling module xil_defaultlib.alu_74181
Compiling module xil_defaultlib.design_3_alu_74181_0_0
Compiling module xil_defaultlib.design_3_alu_74181_1_0
Compiling module xil_defaultlib.design_3_alu_74181_2_0
Compiling module xil_defaultlib.design_3_alu_74181_3_0
Compiling module xil_defaultlib.carry_lookahead_74182
Compiling module xil_defaultlib.design_3_carry_lookahead_74182_0...
Compiling module xil_defaultlib.carry_output_splitter
Compiling module xil_defaultlib.design_3_carry_output_splitter_0...
Compiling module xil_defaultlib.not_gate
Compiling module xil_defaultlib.design_3_not_gate_1_0
Compiling module xil_defaultlib.the_16bit_to_4x4bit
Compiling module xil_defaultlib.design_3_the_16bit_to_4x4bit_0_1
Compiling module xil_defaultlib.design_3_the_16bit_to_4x4bit_2_0
Compiling module xil_defaultlib.ALU_imp_JZDUAB
Compiling module xil_defaultlib.rom_1kx23
Compiling module xil_defaultlib.design_3_rom_1kx23_0_0
Compiling module xil_defaultlib.register_16bit
Compiling module xil_defaultlib.design_3_register_16bit_0_1
Compiling module xil_defaultlib.register_12bit
Compiling module xil_defaultlib.design_3_register_12bit_0_0
Compiling module xil_defaultlib.design_3_register_16bit_3_1
Compiling module xil_defaultlib.design_3_MDR_0
Compiling module xil_defaultlib.ic_74161
Compiling module xil_defaultlib.design_3_ic_74161_0_0
Compiling module xil_defaultlib.design_3_ic_74161_1_0
Compiling module xil_defaultlib.design_3_ic_74161_2_0
Compiling module xil_defaultlib.the_12bit_to_3x4bit
Compiling module xil_defaultlib.design_3_the_12bit_to_3x4bit_0_1
Compiling module xlconcat_v2_1_6.xlconcat_v2_1_6_xlconcat(IN0_WID...
Compiling module xil_defaultlib.design_3_xlconcat_0_0
Compiling module xil_defaultlib.PC_imp_1MALNP6
Compiling module xil_defaultlib.design_3_register_16bit_0_0
Compiling module xil_defaultlib.design_3_register_16bit_1_0
Compiling module xil_defaultlib.design_3_register_16bit_2_0
Compiling module xil_defaultlib.design_3_register_16bit_3_0
Compiling module xil_defaultlib.design_3_register_16bit_4_0
Compiling module xil_defaultlib.adpt_in
Compiling module xil_defaultlib.design_3_adpt_in_0_0
Compiling module xil_defaultlib.aggregator_12inputs_to_12bit_syn...
Compiling module xil_defaultlib.design_3_aggregator_12inputs_0_1
Compiling module xil_defaultlib.and2
Compiling module xil_defaultlib.design_3_and2_0_10
Compiling module xil_defaultlib.design_3_and2_1_11
Compiling module xil_defaultlib.and_gate
Compiling module xil_defaultlib.design_3_and_gate_0_1
Compiling module xil_defaultlib.design_3_and_gate_1_1
Compiling module xil_defaultlib.bit_splitter_23
Compiling module xil_defaultlib.design_3_bit_splitter_23_0_0
Compiling module xil_defaultlib.bus_slicer_16to12
Compiling module xil_defaultlib.design_3_bus_slicer_16to12_0_0
Compiling module xil_defaultlib.decoder_2to4
Compiling module xil_defaultlib.design_3_decoder_2to4_0_0
Compiling module xil_defaultlib.design_3_decoder_2to4_1_0
Compiling module xil_defaultlib.decoder_3to8
Compiling module xil_defaultlib.design_3_decoder_3to8_0_2
Compiling module xil_defaultlib.design_3_decoder_3to8_1_0
Compiling module xil_defaultlib.design_3_decoder_3to8_2_0
Compiling module xil_defaultlib.design_3_and2_0_0
Compiling module xil_defaultlib.design_3_and2_1_0
Compiling module xil_defaultlib.design_3_and2_2_0
Compiling module xil_defaultlib.or3_gate
Compiling module xil_defaultlib.design_3_or3_gate_0_0
Compiling module xil_defaultlib.dlxzq0_imp_1UWU5O7
Compiling module xil_defaultlib.design_3_and2_0_1
Compiling module xil_defaultlib.design_3_and2_1_1
Compiling module xil_defaultlib.design_3_and2_2_1
Compiling module xil_defaultlib.design_3_and2_3_7
Compiling module xil_defaultlib.design_3_or3_gate_0_1
Compiling module xil_defaultlib.dlxzq1_imp_1RX16K4
Compiling module xil_defaultlib.design_3_and2_0_2
Compiling module xil_defaultlib.design_3_and2_1_2
Compiling module xil_defaultlib.design_3_and2_2_2
Compiling module xil_defaultlib.design_3_and2_3_6
Compiling module xil_defaultlib.design_3_or3_gate_0_2
Compiling module xil_defaultlib.dlxzq2_imp_1Q3O4OH
Compiling module xil_defaultlib.design_3_and2_0_3
Compiling module xil_defaultlib.design_3_and2_1_3
Compiling module xil_defaultlib.design_3_and2_2_3
Compiling module xil_defaultlib.design_3_and2_3_5
Compiling module xil_defaultlib.design_3_or3_gate_0_3
Compiling module xil_defaultlib.dlxzq3_imp_1JOESQA
Compiling module xil_defaultlib.design_3_and2_0_4
Compiling module xil_defaultlib.design_3_and2_1_4
Compiling module xil_defaultlib.design_3_and2_2_4
Compiling module xil_defaultlib.design_3_and2_1_10
Compiling module xil_defaultlib.design_3_or3_gate_0_4
Compiling module xil_defaultlib.dlxzq4_imp_1BY0A4B
Compiling module xil_defaultlib.design_3_and2_0_5
Compiling module xil_defaultlib.design_3_and2_1_5
Compiling module xil_defaultlib.design_3_and2_2_5
Compiling module xil_defaultlib.design_3_and2_3_4
Compiling module xil_defaultlib.design_3_or3_gate_0_5
Compiling module xil_defaultlib.dlxzq5_imp_1G2S77C
Compiling module xil_defaultlib.design_3_and2_0_6
Compiling module xil_defaultlib.design_3_and2_1_6
Compiling module xil_defaultlib.design_3_and2_2_6
Compiling module xil_defaultlib.design_3_and2_3_3
Compiling module xil_defaultlib.design_3_or3_gate_0_6
Compiling module xil_defaultlib.dlxzq6_imp_104XQRH
Compiling module xil_defaultlib.design_3_and2_0_7
Compiling module xil_defaultlib.design_3_and2_1_7
Compiling module xil_defaultlib.design_3_and2_2_7
Compiling module xil_defaultlib.design_3_and2_3_2
Compiling module xil_defaultlib.design_3_or3_gate_0_7
Compiling module xil_defaultlib.dlxzq7_imp_15F2LTQ
Compiling module xil_defaultlib.design_3_and2_0_8
Compiling module xil_defaultlib.design_3_and2_1_8
Compiling module xil_defaultlib.design_3_and2_2_8
Compiling module xil_defaultlib.design_3_and2_3_1
Compiling module xil_defaultlib.design_3_or3_gate_0_8
Compiling module xil_defaultlib.dlxzq8_imp_KT4I7J
Compiling module xil_defaultlib.design_3_and2_0_9
Compiling module xil_defaultlib.design_3_and2_1_9
Compiling module xil_defaultlib.design_3_and2_2_9
Compiling module xil_defaultlib.design_3_and2_3_0
Compiling module xil_defaultlib.design_3_or3_gate_0_9
Compiling module xil_defaultlib.dlxzq9_imp_PY44MK
Compiling module xil_defaultlib.mux_5to1_16bit
Compiling module xil_defaultlib.design_3_mux_5to1_16bit_0_0
Compiling module xil_defaultlib.not1
Compiling module xil_defaultlib.design_3_not1_0_0
Compiling module xil_defaultlib.design_3_not_gate_0_1
Compiling module xil_defaultlib.design_3_not_gate_1_1
Compiling module xil_defaultlib.or_gate
Compiling module xil_defaultlib.design_3_or_gate_0_0
Compiling module xil_defaultlib.design_3_or_gate_1_0
Compiling module xil_defaultlib.ram
Compiling module xil_defaultlib.design_3_ram_0_0
Compiling module xil_defaultlib.splitter_12bit_to_12outputs
Compiling module xil_defaultlib.design_3_splitter_12bit_to_12_0_...
Compiling module xil_defaultlib.splitter_16bit_to_16outputs
Compiling module xil_defaultlib.design_3_splitter_16bit_to_16_0_...
Compiling module xil_defaultlib.D_trigger
Compiling module xil_defaultlib.design_3_D_trigger_0_0
Compiling module xil_defaultlib.design_3_and_gate_0_0
Compiling module xil_defaultlib.design_3_and_gate_1_0
Compiling module xil_defaultlib.design_3_and_gate_2_0
Compiling module xil_defaultlib.design_3_not_gate_0_0
Compiling module xil_defaultlib.start_imp_NYSA1T
Compiling module xil_defaultlib.design_3_ic_74161_0_1
Compiling module xil_defaultlib.design_3_ic_74161_1_1
Compiling module xil_defaultlib.design_3_ic_74161_2_1
Compiling module xil_defaultlib.design_3_the_12bit_to_3x4bit_0_0
Compiling module xil_defaultlib.design_3_xlconcat_0_1
Compiling module xil_defaultlib.uPC_imp_E5D2MO
Compiling module xlconstant_v1_1_9.xlconstant_v1_1_9_xlconstant
Compiling module xil_defaultlib.design_3_xlconstant_0_0
Compiling module xil_defaultlib.design_3_xlconstant_0_1
Compiling module xil_defaultlib.design_3
Compiling module xil_defaultlib.design_3_wrapper
Compiling module xil_defaultlib.complete_monitor_test
Compiling module xil_defaultlib.glbl
Built simulation snapshot complete_monitor_test_behav
run_program: Time (s): cpu = 00:00:01 ; elapsed = 00:00:37 . Memory (MB): peak = 1619.344 ; gain = 0.000
INFO: [USF-XSim-69] 'elaborate' step finished in '37' seconds
INFO: [USF-XSim-4] XSim::Simulate design
INFO: [USF-XSim-61] Executing 'SIMULATE' step in 'D:/cd3/project_3/project_3.sim/sim_2/behav/xsim'
INFO: [USF-XSim-98] *** Running xsim
   with args "complete_monitor_test_behav -key {Behavioral:sim_2:Functional:complete_monitor_test} -tclbatch {complete_monitor_test.tcl} -protoinst "protoinst_files/design_3.protoinst" -log {simulate.log}"
INFO: [USF-XSim-8] Loading simulator feature
INFO: [Wavedata 42-565] Reading protoinst file protoinst_files/design_3.protoinst
Time resolution is 1 ps
source complete_monitor_test.tcl
# set curr_wave [current_wave_config]
# if { [string length $curr_wave] == 0 } {
#   if { [llength [get_objects]] > 0} {
#     add_wave /
#     set_property needs_save false [current_wave_config]
#   } else {
#      send_msg_id Add_Wave-1 WARNING "No top level signals found. Simulator will start without a wave window. If you want to open a wave window go to 'File->New Waveform Configuration' or type 'create_wave_config' in the TCL console."
#   }
# }
# run 1000ns
============== 完整监控测试 ==============
时间(ns)	复位	uPC		Crom		Bus		MAR
----------------------------------------------------------------
10000		0	0x000	0x00e181	0x0000	0x000
100000		1	0x000	0x00e181	0x0000	0x000 <- 复位释放
105000		1	0x001	0x00e181	0x0000	0x000
115000		1	0x002	0x000a11	0x0000	0x000
125000		1	0x003	0x00c041	0x0400	0x000
135000		1	0x010	0x000003	0x0000	0x000
145000		1	0x011	0x00e181	0x0001	0x001
155000		1	0x012	0x000a11	0x0000	0x001
165000		1	0x018	0x000184	0x0000	0x000
175000		1	0x019	0x00c081	0x55aa	0x000
185000		1	0x000	0x000002	0x0000	0x000
195000		1	0x001	0x00e181	0x0002	0x002
205000		1	0x002	0x000a11	0x0000	0x002
215000		1	0x003	0x00c041	0x0938	0x002
225000		1	0x020	0x000003	0x0000	0x002
235000		1	0x021	0x00e181	0x0003	0x003
245000		1	0x022	0x000a11	0x0000	0x003
255000		1	0x023	0x00c181	0x00a0	0x0a0
265000		1	0x024	0x000211	0x0000	0x0a0
275000		1	0x02a	0x000004	0x0000	0x0a0
285000		1	0x02b	0x00c0c1	0x1111	0x0a0
295000		1	0x000	0x000002	0x0000	0x0a0
305000		1	0x001	0x00e181	0x0004	0x004
315000		1	0x002	0x000a11	0x0000	0x004
325000		1	0x003	0x00c041	0x0d09	0x004
335000		1	0x030	0x000003	0x0000	0x004
345000		1	0x038	0x000004	0x0000	0x004
355000		1	0x039	0x004141	0x55aa	0x004
365000		1	0x031	0x003102	0x0d09	0x004
375000		1	0x13a	0x000005	0x0000	0x004
385000		1	0x13b	0x266401	0x1111	0x004
395000		1	0x132	0x013202	0x0d09	0x004
405000		1	0x133	0x00a0c1	0x66bb	0x004
415000		1	0x000	0x000002	0x0000	0x004
425000		1	0x001	0x00e181	0x0d09	0xd09
435000		1	0x002	0x000a11	0x0000	0xd09
445000		1	0x003	0x00c041	0x0000	0xd09
455000		1	0x000	0x000003	0x0000	0xd09
465000		1	0x001	0x00e181	0x0d0a	0xd0a
475000		1	0x002	0x000a11	0x0000	0xd0a
485000		1	0x003	0x00c041	0x0000	0xd0a
495000		1	0x000	0x000003	0x0000	0xd0a
505000		1	0x001	0x00e181	0x0d0b	0xd0b
515000		1	0x002	0x000a11	0x0000	0xd0b
525000		1	0x003	0x00c041	0x0000	0xd0b
535000		1	0x000	0x000003	0x0000	0xd0b
545000		1	0x001	0x00e181	0x0d0c	0xd0c
555000		1	0x002	0x000a11	0x0000	0xd0c
565000		1	0x003	0x00c041	0x0000	0xd0c
575000		1	0x000	0x000003	0x0000	0xd0c
585000		1	0x001	0x00e181	0x0d0d	0xd0d
595000		1	0x002	0x000a11	0x0000	0xd0d
605000		1	0x003	0x00c041	0x0000	0xd0d
615000		1	0x000	0x000003	0x0000	0xd0d
625000		1	0x001	0x00e181	0x0d0e	0xd0e
635000		1	0x002	0x000a11	0x0000	0xd0e
645000		1	0x003	0x00c041	0x0000	0xd0e
655000		1	0x000	0x000003	0x0000	0xd0e
665000		1	0x001	0x00e181	0x0d0f	0xd0f
675000		1	0x002	0x000a11	0x0000	0xd0f
685000		1	0x003	0x00c041	0x0000	0xd0f
695000		1	0x000	0x000003	0x0000	0xd0f
705000		1	0x001	0x00e181	0x0d10	0xd10
715000		1	0x002	0x000a11	0x0000	0xd10
725000		1	0x003	0x00c041	0x0000	0xd10
735000		1	0x000	0x000003	0x0000	0xd10
745000		1	0x001	0x00e181	0x0d11	0xd11
755000		1	0x002	0x000a11	0x0000	0xd11
765000		1	0x003	0x00c041	0x0000	0xd11
775000		1	0x000	0x000003	0x0000	0xd11
785000		1	0x001	0x00e181	0x0d12	0xd12
795000		1	0x002	0x000a11	0x0000	0xd12
805000		1	0x003	0x00c041	0x0000	0xd12
815000		1	0x000	0x000003	0x0000	0xd12
825000		1	0x001	0x00e181	0x0d13	0xd13
835000		1	0x002	0x000a11	0x0000	0xd13
845000		1	0x003	0x00c041	0x0000	0xd13
855000		1	0x000	0x000003	0x0000	0xd13
865000		1	0x001	0x00e181	0x0d14	0xd14
875000		1	0x002	0x000a11	0x0000	0xd14
885000		1	0x003	0x00c041	0x0000	0xd14
895000		1	0x000	0x000003	0x0000	0xd14
905000		1	0x001	0x00e181	0x0d15	0xd15
915000		1	0x002	0x000a11	0x0000	0xd15
925000		1	0x003	0x00c041	0x0000	0xd15
935000		1	0x000	0x000003	0x0000	0xd15
945000		1	0x001	0x00e181	0x0d16	0xd16
955000		1	0x002	0x000a11	0x0000	0xd16
965000		1	0x003	0x00c041	0x0000	0xd16
975000		1	0x000	0x000003	0x0000	0xd16
985000		1	0x001	0x00e181	0x0d17	0xd17
995000		1	0x002	0x000a11	0x0000	0xd17
xsim: Time (s): cpu = 00:00:02 ; elapsed = 00:00:07 . Memory (MB): peak = 1892.391 ; gain = 272.688
INFO: [USF-XSim-96] XSim completed. Design snapshot 'complete_monitor_test_behav' loaded.
INFO: [USF-XSim-97] XSim simulation ran for 1000ns
launch_simulation: Time (s): cpu = 00:00:05 ; elapsed = 00:01:12 . Memory (MB): peak = 1892.391 ; gain = 273.047
close_sim
INFO: [Simtcl 6-16] Simulation closed
disconnect_bd_net /clk_1 [get_bd_pins and2_1/B]
connect_bd_net [get_bd_pins or_gate_1/y] [get_bd_pins and2_1/B]
disconnect_bd_net /clk_1 [get_bd_pins PC/clk]
connect_bd_net [get_bd_pins PC/clk] [get_bd_pins and2_1/Y]
save_bd_design
WARNING: [BD 41-597] NET <D_trigger_0_q> has no source
Wrote  : <D:\cd3\design_3\design_3.bd> 
Wrote  : <D:/cd3/design_3/ui/bd_205a0ed2.ui> 
generate_target Simulation [get_files D:/cd3/design_3/design_3.bd]
CRITICAL WARNING: [BD 41-1367] The port name 'out' of cell '/mux_5to1_16bit_0' is a reserved keyword in a Hardware Description Language. Please consider renaming the port.
CRITICAL WARNING: [BD 41-759] The input pins (listed below) are either not connected or do not have a source port, and they don't have a tie-off specified. These pins are tied-off to all 0's to avoid error in Implementation flow.
Please check your design and connect them as needed: 
/start/a
/start/D_trigger_0/d
/start/D_trigger_0/set_n
/start/and_gate_0/a
/mux_5to1_16bit_0/MDRE
/mux_5to1_16bit_0/selMDRE
/dlxzq0/and2_1/A
/dlxzq0/and2_2/A
/dlxzq0/or3_gate_0/d
/dlxzq1/and2_1/A
/dlxzq2/and2_1/A
/dlxzq3/and2_1/A
/aggregator_12inputs_0/in11
/aggregator_12inputs_0/in10

WARNING: [BD 41-597] NET <D_trigger_0_q> has no source
Wrote  : <D:\cd3\design_3\design_3.bd> 
WARNING: [BD 41-166] Source port for the net:D_trigger_0_q is NULL! Connection will be grounded!
CRITICAL WARNING: [BD 41-2383] Width mismatch when connecting input pin '/mux_5to1_16bit_0/PC'(16) to pin '/PC/dout'(12) - Only lower order bits will be connected, and other input bits of this pin will be left unconnected.
CRITICAL WARNING: [BD 41-2383] Width mismatch when connecting input pin '/Crom_1kx23_0/addr'(10) to pin '/uPC/dout'(12) - Only lower order bits will be connected, and other input bits of this pin will be left unconnected.
Verilog Output written to : D:/cd3/design_3/synth/design_3.v
WARNING: [BD 41-166] Source port for the net:D_trigger_0_q is NULL! Connection will be grounded!
CRITICAL WARNING: [BD 41-2383] Width mismatch when connecting input pin '/mux_5to1_16bit_0/PC'(16) to pin '/PC/dout'(12) - Only lower order bits will be connected, and other input bits of this pin will be left unconnected.
CRITICAL WARNING: [BD 41-2383] Width mismatch when connecting input pin '/Crom_1kx23_0/addr'(10) to pin '/uPC/dout'(12) - Only lower order bits will be connected, and other input bits of this pin will be left unconnected.
Verilog Output written to : D:/cd3/design_3/sim/design_3.v
Verilog Output written to : D:/cd3/design_3/hdl/design_3_wrapper.v
Exporting to file D:/cd3/design_3/hw_handoff/design_3.hwh
Generated Hardware Definition File D:/cd3/design_3/synth/design_3.hwdef
export_ip_user_files -of_objects [get_files D:/cd3/design_3/design_3.bd] -no_script -sync -force -quiet
export_simulation -of_objects [get_files D:/cd3/design_3/design_3.bd] -directory D:/cd3/project_3/project_3.ip_user_files/sim_scripts -ip_user_files_dir D:/cd3/project_3/project_3.ip_user_files -ipstatic_source_dir D:/cd3/project_3/project_3.ip_user_files/ipstatic -lib_map_path [list {modelsim=D:/cd3/project_3/project_3.cache/compile_simlib/modelsim} {questa=D:/cd3/project_3/project_3.cache/compile_simlib/questa} {riviera=D:/cd3/project_3/project_3.cache/compile_simlib/riviera} {activehdl=D:/cd3/project_3/project_3.cache/compile_simlib/activehdl}] -use_ip_compiled_libs -force -quiet
launch_simulation -simset [get_filesets sim_2 ]
Command: launch_simulation  -simset sim_2
INFO: [Vivado 12-12493] Simulation top is 'complete_monitor_test'
WARNING: [Vivado 12-13340] Unable to auto find GCC executables from simulator install path! (path not set)
INFO: [Vivado 12-5698] Checking validity of IPs in the design for the 'XSim' simulator...
INFO: [Vivado 12-5682] Launching behavioral simulation in 'D:/cd3/project_3/project_3.sim/sim_2/behav/xsim'
INFO: [Vivado 12-13660] Precompiled IP simulation library mode is enabled (default). The design IP libraries will be referenced from the compiled library path. Please note that if the precompiled version of the library is not found from the path or the IP is in locked state, then the library source files for these IPs will be compiled locally as part of the compile order.
INFO: [Vivado 12-4795] Using compiled simulation libraries for IPs
INFO: [SIM-utils-51] Simulation object is 'sim_2'
INFO: [SIM-utils-72] Using boost library from 'D:/Vivado/2024.2/tps/boost_1_72_0'
INFO: [USF-XSim-7] Finding pre-compiled libraries...
INFO: [USF-XSim-11] File 'D:/Vivado/2024.2/data/xsim/xsim.ini' copied to run dir:'D:/cd3/project_3/project_3.sim/sim_2/behav/xsim'
INFO: [SIM-utils-54] Inspecting design source files for 'complete_monitor_test' in fileset 'sim_2'...
INFO: [USF-XSim-97] Finding global include files...
INFO: [USF-XSim-98] Fetching design files from 'sim_2'...
INFO: [USF-XSim-2] XSim::Compile design
INFO: [USF-XSim-61] Executing 'COMPILE and ANALYZE' step in 'D:/cd3/project_3/project_3.sim/sim_2/behav/xsim'
"xvlog --incr --relax -prj complete_monitor_test_vlog.prj"
INFO: [VRFC 10-2263] Analyzing Verilog file "D:/cd3/exp3/exp14_source.v" into library xil_defaultlib
INFO: [VRFC 10-311] analyzing module adpt_in
INFO: [VRFC 10-311] analyzing module adpt_out
INFO: [VRFC 10-311] analyzing module adpt_out8
INFO: [VRFC 10-311] analyzing module adpt_out12
INFO: [VRFC 10-311] analyzing module adpt_out16
INFO: [VRFC 10-311] analyzing module adpt_out23
INFO: [VRFC 10-311] analyzing module and2
INFO: [VRFC 10-311] analyzing module not1
INFO: [VRFC 10-311] analyzing module addr_adpt
INFO: [VRFC 10-311] analyzing module UIR
INFO: [VRFC 10-311] analyzing module m74LS161
INFO: [VRFC 10-311] analyzing module rom1_256x24
INFO: [VRFC 10-311] analyzing module rom2_4Kx16
INFO: [VRFC 10-311] analyzing module adder4
INFO: [VRFC 10-311] analyzing module dff4
WARNING: [VRFC 10-9336] redeclaration of ANSI port 'Q3' is not allowed [D:/cd3/exp3/exp14_source.v:265]
INFO: [VRFC 10-311] analyzing module shifter
INFO: [VRFC 10-311] analyzing module carry_output_splitter
INFO: [VRFC 10-311] analyzing module the_12bit_to_3x4bit
INFO: [VRFC 10-311] analyzing module four_bit_checker
INFO: [VRFC 10-311] analyzing module or3_gate
INFO: [VRFC 10-311] analyzing module aggregator_12inputs_to_12bit_sync
INFO: [VRFC 10-311] analyzing module splitter_16bit_to_16outputs
INFO: [VRFC 10-311] analyzing module splitter_12bit_to_12outputs
INFO: [VRFC 10-311] analyzing module bus_slicer_16to12
INFO: [VRFC 10-311] analyzing module register_temp
INFO: [VRFC 10-2263] Analyzing Verilog file "D:/cd3/exp3/D_trigger.v" into library xil_defaultlib
INFO: [VRFC 10-311] analyzing module D_trigger
INFO: [VRFC 10-2263] Analyzing Verilog file "D:/cd3/exp3/and_gate.v" into library xil_defaultlib
INFO: [VRFC 10-311] analyzing module and_gate
INFO: [VRFC 10-2263] Analyzing Verilog file "D:/cd3/exp3/not_gate.v" into library xil_defaultlib
INFO: [VRFC 10-311] analyzing module not_gate
INFO: [VRFC 10-2263] Analyzing Verilog file "D:/cd3/exp3/74161.v" into library xil_defaultlib
INFO: [VRFC 10-311] analyzing module ic_74161
INFO: [VRFC 10-2263] Analyzing Verilog file "D:/cd3/exp3/ram.v" into library xil_defaultlib
INFO: [VRFC 10-311] analyzing module ram
INFO: [VRFC 10-2263] Analyzing Verilog file "D:/cd3/exp3/16bit_reg.v" into library xil_defaultlib
INFO: [VRFC 10-311] analyzing module register_16bit
INFO: [VRFC 10-2263] Analyzing Verilog file "D:/cd3/exp3/12bit_reg.v" into library xil_defaultlib
INFO: [VRFC 10-311] analyzing module register_12bit
INFO: [VRFC 10-2263] Analyzing Verilog file "D:/cd3/exp3/mix5to1.v" into library xil_defaultlib
INFO: [VRFC 10-311] analyzing module mux_5to1_16bit
INFO: [VRFC 10-2263] Analyzing Verilog file "D:/cd3/exp3/aggregator_4bit.v" into library xil_defaultlib
INFO: [VRFC 10-311] analyzing module aggregator_4bit
INFO: [VRFC 10-2263] Analyzing Verilog file "D:/cd3/exp3/74182.v" into library xil_defaultlib
INFO: [VRFC 10-311] analyzing module carry_lookahead_74182
INFO: [VRFC 10-2263] Analyzing Verilog file "D:/cd3/exp3/74181.v" into library xil_defaultlib
INFO: [VRFC 10-311] analyzing module alu_74181
INFO: [VRFC 10-2263] Analyzing Verilog file "D:/cd3/exp3/aggregate_4x4_to_16bit.v" into library xil_defaultlib
INFO: [VRFC 10-311] analyzing module aggregate_4x4_to_16bit
INFO: [VRFC 10-311] analyzing module adpt_out_16bit
INFO: [VRFC 10-2263] Analyzing Verilog file "D:/cd3/exp3/the_16bit_to_4x4bit.v" into library xil_defaultlib
INFO: [VRFC 10-311] analyzing module the_16bit_to_4x4bit
INFO: [VRFC 10-2263] Analyzing Verilog file "D:/cd3/exp3/rom.v" into library xil_defaultlib
INFO: [VRFC 10-311] analyzing module rom_1kx23
INFO: [VRFC 10-2263] Analyzing Verilog file "D:/cd3/exp3/bit_splitter_23.v" into library xil_defaultlib
INFO: [VRFC 10-311] analyzing module bit_splitter_23
INFO: [VRFC 10-2263] Analyzing Verilog file "D:/cd3/exp3/decoder_3to8.v" into library xil_defaultlib
INFO: [VRFC 10-311] analyzing module decoder_3to8
INFO: [VRFC 10-2263] Analyzing Verilog file "D:/cd3/exp3/decoder_2to4.v" into library xil_defaultlib
INFO: [VRFC 10-311] analyzing module decoder_2to4
INFO: [VRFC 10-2263] Analyzing Verilog file "D:/cd3/exp3/or_gate.v" into library xil_defaultlib
INFO: [VRFC 10-311] analyzing module or_gate
INFO: [VRFC 10-2263] Analyzing Verilog file "D:/cd3/project_3/project_3.ip_user_files/bd/design_3/ip/design_3_adpt_in_0_0/sim/design_3_adpt_in_0_0.v" into library xil_defaultlib
INFO: [VRFC 10-311] analyzing module design_3_adpt_in_0_0
INFO: [VRFC 10-2263] Analyzing Verilog file "D:/cd3/project_3/project_3.ip_user_files/bd/design_3/ip/design_3_xlconstant_0_0/sim/design_3_xlconstant_0_0.v" into library xil_defaultlib
INFO: [VRFC 10-311] analyzing module design_3_xlconstant_0_0
INFO: [VRFC 10-2263] Analyzing Verilog file "D:/cd3/project_3/project_3.ip_user_files/bd/design_3/ip/design_3_xlconstant_0_1/sim/design_3_xlconstant_0_1.v" into library xil_defaultlib
INFO: [VRFC 10-311] analyzing module design_3_xlconstant_0_1
INFO: [VRFC 10-2263] Analyzing Verilog file "D:/cd3/project_3/project_3.ip_user_files/bd/design_3/ip/design_3_D_trigger_0_0/sim/design_3_D_trigger_0_0.v" into library xil_defaultlib
INFO: [VRFC 10-311] analyzing module design_3_D_trigger_0_0
INFO: [VRFC 10-2263] Analyzing Verilog file "D:/cd3/project_3/project_3.ip_user_files/bd/design_3/ip/design_3_and_gate_0_0/sim/design_3_and_gate_0_0.v" into library xil_defaultlib
INFO: [VRFC 10-311] analyzing module design_3_and_gate_0_0
INFO: [VRFC 10-2263] Analyzing Verilog file "D:/cd3/project_3/project_3.ip_user_files/bd/design_3/ip/design_3_and_gate_1_0/sim/design_3_and_gate_1_0.v" into library xil_defaultlib
INFO: [VRFC 10-311] analyzing module design_3_and_gate_1_0
INFO: [VRFC 10-2263] Analyzing Verilog file "D:/cd3/project_3/project_3.ip_user_files/bd/design_3/ip/design_3_and_gate_2_0/sim/design_3_and_gate_2_0.v" into library xil_defaultlib
INFO: [VRFC 10-311] analyzing module design_3_and_gate_2_0
INFO: [VRFC 10-2263] Analyzing Verilog file "D:/cd3/project_3/project_3.ip_user_files/bd/design_3/ip/design_3_not_gate_0_0/sim/design_3_not_gate_0_0.v" into library xil_defaultlib
INFO: [VRFC 10-311] analyzing module design_3_not_gate_0_0
INFO: [VRFC 10-2263] Analyzing Verilog file "D:/cd3/project_3/project_3.ip_user_files/bd/design_3/ip/design_3_ic_74161_0_0/sim/design_3_ic_74161_0_0.v" into library xil_defaultlib
INFO: [VRFC 10-311] analyzing module design_3_ic_74161_0_0
INFO: [VRFC 10-2263] Analyzing Verilog file "D:/cd3/project_3/project_3.ip_user_files/bd/design_3/ip/design_3_ic_74161_1_0/sim/design_3_ic_74161_1_0.v" into library xil_defaultlib
INFO: [VRFC 10-311] analyzing module design_3_ic_74161_1_0
INFO: [VRFC 10-2263] Analyzing Verilog file "D:/cd3/project_3/project_3.ip_user_files/bd/design_3/ip/design_3_ic_74161_2_0/sim/design_3_ic_74161_2_0.v" into library xil_defaultlib
INFO: [VRFC 10-311] analyzing module design_3_ic_74161_2_0
INFO: [VRFC 10-2263] Analyzing Verilog file "D:/cd3/project_3/project_3.ip_user_files/bd/design_3/ip/design_3_xlconcat_0_0/sim/design_3_xlconcat_0_0.v" into library xil_defaultlib
INFO: [VRFC 10-311] analyzing module design_3_xlconcat_0_0
INFO: [VRFC 10-2263] Analyzing Verilog file "D:/cd3/project_3/project_3.ip_user_files/bd/design_3/ip/design_3_the_12bit_to_3x4bit_0_1/sim/design_3_the_12bit_to_3x4bit_0_1.v" into library xil_defaultlib
INFO: [VRFC 10-311] analyzing module design_3_the_12bit_to_3x4bit_0_1
INFO: [VRFC 10-2263] Analyzing Verilog file "D:/cd3/project_3/project_3.ip_user_files/bd/design_3/ip/design_3_ram_0_0/sim/design_3_ram_0_0.v" into library xil_defaultlib
INFO: [VRFC 10-311] analyzing module design_3_ram_0_0
INFO: [VRFC 10-2263] Analyzing Verilog file "D:/cd3/project_3/project_3.ip_user_files/bd/design_3/ip/design_3_register_16bit_0_0/sim/design_3_register_16bit_0_0.v" into library xil_defaultlib
INFO: [VRFC 10-311] analyzing module design_3_register_16bit_0_0
INFO: [VRFC 10-2263] Analyzing Verilog file "D:/cd3/project_3/project_3.ip_user_files/bd/design_3/ip/design_3_register_16bit_1_0/sim/design_3_register_16bit_1_0.v" into library xil_defaultlib
INFO: [VRFC 10-311] analyzing module design_3_register_16bit_1_0
INFO: [VRFC 10-2263] Analyzing Verilog file "D:/cd3/project_3/project_3.ip_user_files/bd/design_3/ip/design_3_register_16bit_2_0/sim/design_3_register_16bit_2_0.v" into library xil_defaultlib
INFO: [VRFC 10-311] analyzing module design_3_register_16bit_2_0
INFO: [VRFC 10-2263] Analyzing Verilog file "D:/cd3/project_3/project_3.ip_user_files/bd/design_3/ip/design_3_register_16bit_3_0/sim/design_3_register_16bit_3_0.v" into library xil_defaultlib
INFO: [VRFC 10-311] analyzing module design_3_register_16bit_3_0
INFO: [VRFC 10-2263] Analyzing Verilog file "D:/cd3/project_3/project_3.ip_user_files/bd/design_3/ip/design_3_register_16bit_4_0/sim/design_3_register_16bit_4_0.v" into library xil_defaultlib
INFO: [VRFC 10-311] analyzing module design_3_register_16bit_4_0
INFO: [VRFC 10-2263] Analyzing Verilog file "D:/cd3/project_3/project_3.ip_user_files/bd/design_3/ip/design_3_register_12bit_0_0/sim/design_3_register_12bit_0_0.v" into library xil_defaultlib
INFO: [VRFC 10-311] analyzing module design_3_register_12bit_0_0
INFO: [VRFC 10-2263] Analyzing Verilog file "D:/cd3/project_3/project_3.ip_user_files/bd/design_3/ip/design_3_register_16bit_3_1/sim/design_3_register_16bit_3_1.v" into library xil_defaultlib
INFO: [VRFC 10-311] analyzing module design_3_register_16bit_3_1
INFO: [VRFC 10-2263] Analyzing Verilog file "D:/cd3/project_3/project_3.ip_user_files/bd/design_3/ip/design_3_MDR_0/sim/design_3_MDR_0.v" into library xil_defaultlib
INFO: [VRFC 10-311] analyzing module design_3_MDR_0
INFO: [VRFC 10-2263] Analyzing Verilog file "D:/cd3/project_3/project_3.ip_user_files/bd/design_3/ip/design_3_register_16bit_0_1/sim/design_3_register_16bit_0_1.v" into library xil_defaultlib
INFO: [VRFC 10-311] analyzing module design_3_register_16bit_0_1
INFO: [VRFC 10-2263] Analyzing Verilog file "D:/cd3/project_3/project_3.ip_user_files/bd/design_3/ip/design_3_mux_5to1_16bit_0_0/sim/design_3_mux_5to1_16bit_0_0.v" into library xil_defaultlib
INFO: [VRFC 10-311] analyzing module design_3_mux_5to1_16bit_0_0
INFO: [VRFC 10-2263] Analyzing Verilog file "D:/cd3/project_3/project_3.ip_user_files/bd/design_3/ip/design_3_aggregator_4bit_0_1/sim/design_3_aggregator_4bit_0_1.v" into library xil_defaultlib
INFO: [VRFC 10-311] analyzing module design_3_aggregator_4bit_0_1
INFO: [VRFC 10-2263] Analyzing Verilog file "D:/cd3/project_3/project_3.ip_user_files/bd/design_3/ip/design_3_carry_lookahead_74182_0_0/sim/design_3_carry_lookahead_74182_0_0.v" into library xil_defaultlib
INFO: [VRFC 10-311] analyzing module design_3_carry_lookahead_74182_0_0
INFO: [VRFC 10-2263] Analyzing Verilog file "D:/cd3/project_3/project_3.ip_user_files/bd/design_3/ip/design_3_aggregator_4bit_1_0/sim/design_3_aggregator_4bit_1_0.v" into library xil_defaultlib
INFO: [VRFC 10-311] analyzing module design_3_aggregator_4bit_1_0
INFO: [VRFC 10-2263] Analyzing Verilog file "D:/cd3/project_3/project_3.ip_user_files/bd/design_3/ip/design_3_alu_74181_0_0/sim/design_3_alu_74181_0_0.v" into library xil_defaultlib
INFO: [VRFC 10-311] analyzing module design_3_alu_74181_0_0
INFO: [VRFC 10-2263] Analyzing Verilog file "D:/cd3/project_3/project_3.ip_user_files/bd/design_3/ip/design_3_alu_74181_1_0/sim/design_3_alu_74181_1_0.v" into library xil_defaultlib
INFO: [VRFC 10-311] analyzing module design_3_alu_74181_1_0
INFO: [VRFC 10-2263] Analyzing Verilog file "D:/cd3/project_3/project_3.ip_user_files/bd/design_3/ip/design_3_alu_74181_2_0/sim/design_3_alu_74181_2_0.v" into library xil_defaultlib
INFO: [VRFC 10-311] analyzing module design_3_alu_74181_2_0
INFO: [VRFC 10-2263] Analyzing Verilog file "D:/cd3/project_3/project_3.ip_user_files/bd/design_3/ip/design_3_aggregate_4x4_to_16b_0_0/sim/design_3_aggregate_4x4_to_16b_0_0.v" into library xil_defaultlib
INFO: [VRFC 10-311] analyzing module design_3_aggregate_4x4_to_16b_0_0
INFO: [VRFC 10-2263] Analyzing Verilog file "D:/cd3/project_3/project_3.ip_user_files/bd/design_3/ip/design_3_the_16bit_to_4x4bit_2_0/sim/design_3_the_16bit_to_4x4bit_2_0.v" into library xil_defaultlib
INFO: [VRFC 10-311] analyzing module design_3_the_16bit_to_4x4bit_2_0
INFO: [VRFC 10-2263] Analyzing Verilog file "D:/cd3/project_3/project_3.ip_user_files/bd/design_3/ip/design_3_the_16bit_to_4x4bit_0_1/sim/design_3_the_16bit_to_4x4bit_0_1.v" into library xil_defaultlib
INFO: [VRFC 10-311] analyzing module design_3_the_16bit_to_4x4bit_0_1
INFO: [VRFC 10-2263] Analyzing Verilog file "D:/cd3/project_3/project_3.ip_user_files/bd/design_3/ip/design_3_alu_74181_3_0/sim/design_3_alu_74181_3_0.v" into library xil_defaultlib
INFO: [VRFC 10-311] analyzing module design_3_alu_74181_3_0
INFO: [VRFC 10-2263] Analyzing Verilog file "D:/cd3/project_3/project_3.ip_user_files/bd/design_3/ip/design_3_carry_output_splitter_0_0/sim/design_3_carry_output_splitter_0_0.v" into library xil_defaultlib
INFO: [VRFC 10-311] analyzing module design_3_carry_output_splitter_0_0
INFO: [VRFC 10-2263] Analyzing Verilog file "D:/cd3/project_3/project_3.ip_user_files/bd/design_3/ip/design_3_not_gate_1_0/sim/design_3_not_gate_1_0.v" into library xil_defaultlib
INFO: [VRFC 10-311] analyzing module design_3_not_gate_1_0
INFO: [VRFC 10-2263] Analyzing Verilog file "D:/cd3/project_3/project_3.ip_user_files/bd/design_3/ip/design_3_ic_74161_0_1/sim/design_3_ic_74161_0_1.v" into library xil_defaultlib
INFO: [VRFC 10-311] analyzing module design_3_ic_74161_0_1
INFO: [VRFC 10-2263] Analyzing Verilog file "D:/cd3/project_3/project_3.ip_user_files/bd/design_3/ip/design_3_ic_74161_1_1/sim/design_3_ic_74161_1_1.v" into library xil_defaultlib
INFO: [VRFC 10-311] analyzing module design_3_ic_74161_1_1
INFO: [VRFC 10-2263] Analyzing Verilog file "D:/cd3/project_3/project_3.ip_user_files/bd/design_3/ip/design_3_ic_74161_2_1/sim/design_3_ic_74161_2_1.v" into library xil_defaultlib
INFO: [VRFC 10-311] analyzing module design_3_ic_74161_2_1
INFO: [VRFC 10-2263] Analyzing Verilog file "D:/cd3/project_3/project_3.ip_user_files/bd/design_3/ip/design_3_xlconcat_0_1/sim/design_3_xlconcat_0_1.v" into library xil_defaultlib
INFO: [VRFC 10-311] analyzing module design_3_xlconcat_0_1
INFO: [VRFC 10-2263] Analyzing Verilog file "D:/cd3/project_3/project_3.ip_user_files/bd/design_3/ip/design_3_the_12bit_to_3x4bit_0_0/sim/design_3_the_12bit_to_3x4bit_0_0.v" into library xil_defaultlib
INFO: [VRFC 10-311] analyzing module design_3_the_12bit_to_3x4bit_0_0
INFO: [VRFC 10-2263] Analyzing Verilog file "D:/cd3/project_3/project_3.ip_user_files/bd/design_3/ip/design_3_rom_1kx23_0_0/sim/design_3_rom_1kx23_0_0.v" into library xil_defaultlib
INFO: [VRFC 10-311] analyzing module design_3_rom_1kx23_0_0
INFO: [VRFC 10-2263] Analyzing Verilog file "D:/cd3/project_3/project_3.ip_user_files/bd/design_3/ip/design_3_bit_splitter_23_0_0/sim/design_3_bit_splitter_23_0_0.v" into library xil_defaultlib
INFO: [VRFC 10-311] analyzing module design_3_bit_splitter_23_0_0
INFO: [VRFC 10-2263] Analyzing Verilog file "D:/cd3/project_3/project_3.ip_user_files/bd/design_3/ip/design_3_decoder_3to8_0_2/sim/design_3_decoder_3to8_0_2.v" into library xil_defaultlib
INFO: [VRFC 10-311] analyzing module design_3_decoder_3to8_0_2
INFO: [VRFC 10-2263] Analyzing Verilog file "D:/cd3/project_3/project_3.ip_user_files/bd/design_3/ip/design_3_decoder_2to4_0_0/sim/design_3_decoder_2to4_0_0.v" into library xil_defaultlib
INFO: [VRFC 10-311] analyzing module design_3_decoder_2to4_0_0
INFO: [VRFC 10-2263] Analyzing Verilog file "D:/cd3/project_3/project_3.ip_user_files/bd/design_3/ip/design_3_decoder_3to8_1_0/sim/design_3_decoder_3to8_1_0.v" into library xil_defaultlib
INFO: [VRFC 10-311] analyzing module design_3_decoder_3to8_1_0
INFO: [VRFC 10-2263] Analyzing Verilog file "D:/cd3/project_3/project_3.ip_user_files/bd/design_3/ip/design_3_decoder_2to4_1_0/sim/design_3_decoder_2to4_1_0.v" into library xil_defaultlib
INFO: [VRFC 10-311] analyzing module design_3_decoder_2to4_1_0
INFO: [VRFC 10-2263] Analyzing Verilog file "D:/cd3/project_3/project_3.ip_user_files/bd/design_3/ip/design_3_not1_0_0/sim/design_3_not1_0_0.v" into library xil_defaultlib
INFO: [VRFC 10-311] analyzing module design_3_not1_0_0
INFO: [VRFC 10-2263] Analyzing Verilog file "D:/cd3/project_3/project_3.ip_user_files/bd/design_3/ip/design_3_decoder_3to8_2_0/sim/design_3_decoder_3to8_2_0.v" into library xil_defaultlib
INFO: [VRFC 10-311] analyzing module design_3_decoder_3to8_2_0
INFO: [VRFC 10-2263] Analyzing Verilog file "D:/cd3/project_3/project_3.ip_user_files/bd/design_3/ip/design_3_and2_1_0/sim/design_3_and2_1_0.v" into library xil_defaultlib
INFO: [VRFC 10-311] analyzing module design_3_and2_1_0
INFO: [VRFC 10-2263] Analyzing Verilog file "D:/cd3/project_3/project_3.ip_user_files/bd/design_3/ip/design_3_and2_2_0/sim/design_3_and2_2_0.v" into library xil_defaultlib
INFO: [VRFC 10-311] analyzing module design_3_and2_2_0
INFO: [VRFC 10-2263] Analyzing Verilog file "D:/cd3/project_3/project_3.ip_user_files/bd/design_3/ip/design_3_or3_gate_0_0/sim/design_3_or3_gate_0_0.v" into library xil_defaultlib
INFO: [VRFC 10-311] analyzing module design_3_or3_gate_0_0
INFO: [VRFC 10-2263] Analyzing Verilog file "D:/cd3/project_3/project_3.ip_user_files/bd/design_3/ip/design_3_and2_0_0/sim/design_3_and2_0_0.v" into library xil_defaultlib
INFO: [VRFC 10-311] analyzing module design_3_and2_0_0
INFO: [VRFC 10-2263] Analyzing Verilog file "D:/cd3/project_3/project_3.ip_user_files/bd/design_3/ip/design_3_and2_1_1/sim/design_3_and2_1_1.v" into library xil_defaultlib
INFO: [VRFC 10-311] analyzing module design_3_and2_1_1
INFO: [VRFC 10-2263] Analyzing Verilog file "D:/cd3/project_3/project_3.ip_user_files/bd/design_3/ip/design_3_and2_2_1/sim/design_3_and2_2_1.v" into library xil_defaultlib
INFO: [VRFC 10-311] analyzing module design_3_and2_2_1
INFO: [VRFC 10-2263] Analyzing Verilog file "D:/cd3/project_3/project_3.ip_user_files/bd/design_3/ip/design_3_or3_gate_0_1/sim/design_3_or3_gate_0_1.v" into library xil_defaultlib
INFO: [VRFC 10-311] analyzing module design_3_or3_gate_0_1
INFO: [VRFC 10-2263] Analyzing Verilog file "D:/cd3/project_3/project_3.ip_user_files/bd/design_3/ip/design_3_and2_0_1/sim/design_3_and2_0_1.v" into library xil_defaultlib
INFO: [VRFC 10-311] analyzing module design_3_and2_0_1
INFO: [VRFC 10-2263] Analyzing Verilog file "D:/cd3/project_3/project_3.ip_user_files/bd/design_3/ip/design_3_and2_3_7/sim/design_3_and2_3_7.v" into library xil_defaultlib
INFO: [VRFC 10-311] analyzing module design_3_and2_3_7
INFO: [VRFC 10-2263] Analyzing Verilog file "D:/cd3/project_3/project_3.ip_user_files/bd/design_3/ip/design_3_and2_1_2/sim/design_3_and2_1_2.v" into library xil_defaultlib
INFO: [VRFC 10-311] analyzing module design_3_and2_1_2
INFO: [VRFC 10-2263] Analyzing Verilog file "D:/cd3/project_3/project_3.ip_user_files/bd/design_3/ip/design_3_and2_2_2/sim/design_3_and2_2_2.v" into library xil_defaultlib
INFO: [VRFC 10-311] analyzing module design_3_and2_2_2
INFO: [VRFC 10-2263] Analyzing Verilog file "D:/cd3/project_3/project_3.ip_user_files/bd/design_3/ip/design_3_or3_gate_0_2/sim/design_3_or3_gate_0_2.v" into library xil_defaultlib
INFO: [VRFC 10-311] analyzing module design_3_or3_gate_0_2
INFO: [VRFC 10-2263] Analyzing Verilog file "D:/cd3/project_3/project_3.ip_user_files/bd/design_3/ip/design_3_and2_0_2/sim/design_3_and2_0_2.v" into library xil_defaultlib
INFO: [VRFC 10-311] analyzing module design_3_and2_0_2
INFO: [VRFC 10-2263] Analyzing Verilog file "D:/cd3/project_3/project_3.ip_user_files/bd/design_3/ip/design_3_and2_3_6/sim/design_3_and2_3_6.v" into library xil_defaultlib
INFO: [VRFC 10-311] analyzing module design_3_and2_3_6
INFO: [VRFC 10-2263] Analyzing Verilog file "D:/cd3/project_3/project_3.ip_user_files/bd/design_3/ip/design_3_and2_1_3/sim/design_3_and2_1_3.v" into library xil_defaultlib
INFO: [VRFC 10-311] analyzing module design_3_and2_1_3
INFO: [VRFC 10-2263] Analyzing Verilog file "D:/cd3/project_3/project_3.ip_user_files/bd/design_3/ip/design_3_and2_2_3/sim/design_3_and2_2_3.v" into library xil_defaultlib
INFO: [VRFC 10-311] analyzing module design_3_and2_2_3
INFO: [VRFC 10-2263] Analyzing Verilog file "D:/cd3/project_3/project_3.ip_user_files/bd/design_3/ip/design_3_or3_gate_0_3/sim/design_3_or3_gate_0_3.v" into library xil_defaultlib
INFO: [VRFC 10-311] analyzing module design_3_or3_gate_0_3
INFO: [VRFC 10-2263] Analyzing Verilog file "D:/cd3/project_3/project_3.ip_user_files/bd/design_3/ip/design_3_and2_0_3/sim/design_3_and2_0_3.v" into library xil_defaultlib
INFO: [VRFC 10-311] analyzing module design_3_and2_0_3
INFO: [VRFC 10-2263] Analyzing Verilog file "D:/cd3/project_3/project_3.ip_user_files/bd/design_3/ip/design_3_and2_3_5/sim/design_3_and2_3_5.v" into library xil_defaultlib
INFO: [VRFC 10-311] analyzing module design_3_and2_3_5
INFO: [VRFC 10-2263] Analyzing Verilog file "D:/cd3/project_3/project_3.ip_user_files/bd/design_3/ip/design_3_and2_1_4/sim/design_3_and2_1_4.v" into library xil_defaultlib
INFO: [VRFC 10-311] analyzing module design_3_and2_1_4
INFO: [VRFC 10-2263] Analyzing Verilog file "D:/cd3/project_3/project_3.ip_user_files/bd/design_3/ip/design_3_and2_2_4/sim/design_3_and2_2_4.v" into library xil_defaultlib
INFO: [VRFC 10-311] analyzing module design_3_and2_2_4
INFO: [VRFC 10-2263] Analyzing Verilog file "D:/cd3/project_3/project_3.ip_user_files/bd/design_3/ip/design_3_or3_gate_0_4/sim/design_3_or3_gate_0_4.v" into library xil_defaultlib
INFO: [VRFC 10-311] analyzing module design_3_or3_gate_0_4
INFO: [VRFC 10-2263] Analyzing Verilog file "D:/cd3/project_3/project_3.ip_user_files/bd/design_3/ip/design_3_and2_0_4/sim/design_3_and2_0_4.v" into library xil_defaultlib
INFO: [VRFC 10-311] analyzing module design_3_and2_0_4
INFO: [VRFC 10-2263] Analyzing Verilog file "D:/cd3/project_3/project_3.ip_user_files/bd/design_3/ip/design_3_and2_1_10/sim/design_3_and2_1_10.v" into library xil_defaultlib
INFO: [VRFC 10-311] analyzing module design_3_and2_1_10
INFO: [VRFC 10-2263] Analyzing Verilog file "D:/cd3/project_3/project_3.ip_user_files/bd/design_3/ip/design_3_and2_1_5/sim/design_3_and2_1_5.v" into library xil_defaultlib
INFO: [VRFC 10-311] analyzing module design_3_and2_1_5
INFO: [VRFC 10-2263] Analyzing Verilog file "D:/cd3/project_3/project_3.ip_user_files/bd/design_3/ip/design_3_and2_2_5/sim/design_3_and2_2_5.v" into library xil_defaultlib
INFO: [VRFC 10-311] analyzing module design_3_and2_2_5
INFO: [VRFC 10-2263] Analyzing Verilog file "D:/cd3/project_3/project_3.ip_user_files/bd/design_3/ip/design_3_or3_gate_0_5/sim/design_3_or3_gate_0_5.v" into library xil_defaultlib
INFO: [VRFC 10-311] analyzing module design_3_or3_gate_0_5
INFO: [VRFC 10-2263] Analyzing Verilog file "D:/cd3/project_3/project_3.ip_user_files/bd/design_3/ip/design_3_and2_0_5/sim/design_3_and2_0_5.v" into library xil_defaultlib
INFO: [VRFC 10-311] analyzing module design_3_and2_0_5
INFO: [VRFC 10-2263] Analyzing Verilog file "D:/cd3/project_3/project_3.ip_user_files/bd/design_3/ip/design_3_and2_3_4/sim/design_3_and2_3_4.v" into library xil_defaultlib
INFO: [VRFC 10-311] analyzing module design_3_and2_3_4
INFO: [VRFC 10-2263] Analyzing Verilog file "D:/cd3/project_3/project_3.ip_user_files/bd/design_3/ip/design_3_and2_1_6/sim/design_3_and2_1_6.v" into library xil_defaultlib
INFO: [VRFC 10-311] analyzing module design_3_and2_1_6
INFO: [VRFC 10-2263] Analyzing Verilog file "D:/cd3/project_3/project_3.ip_user_files/bd/design_3/ip/design_3_and2_2_6/sim/design_3_and2_2_6.v" into library xil_defaultlib
INFO: [VRFC 10-311] analyzing module design_3_and2_2_6
INFO: [VRFC 10-2263] Analyzing Verilog file "D:/cd3/project_3/project_3.ip_user_files/bd/design_3/ip/design_3_or3_gate_0_6/sim/design_3_or3_gate_0_6.v" into library xil_defaultlib
INFO: [VRFC 10-311] analyzing module design_3_or3_gate_0_6
INFO: [VRFC 10-2263] Analyzing Verilog file "D:/cd3/project_3/project_3.ip_user_files/bd/design_3/ip/design_3_and2_0_6/sim/design_3_and2_0_6.v" into library xil_defaultlib
INFO: [VRFC 10-311] analyzing module design_3_and2_0_6
INFO: [VRFC 10-2263] Analyzing Verilog file "D:/cd3/project_3/project_3.ip_user_files/bd/design_3/ip/design_3_and2_3_3/sim/design_3_and2_3_3.v" into library xil_defaultlib
INFO: [VRFC 10-311] analyzing module design_3_and2_3_3
INFO: [VRFC 10-2263] Analyzing Verilog file "D:/cd3/project_3/project_3.ip_user_files/bd/design_3/ip/design_3_and2_1_7/sim/design_3_and2_1_7.v" into library xil_defaultlib
INFO: [VRFC 10-311] analyzing module design_3_and2_1_7
INFO: [VRFC 10-2263] Analyzing Verilog file "D:/cd3/project_3/project_3.ip_user_files/bd/design_3/ip/design_3_and2_2_7/sim/design_3_and2_2_7.v" into library xil_defaultlib
INFO: [VRFC 10-311] analyzing module design_3_and2_2_7
INFO: [VRFC 10-2263] Analyzing Verilog file "D:/cd3/project_3/project_3.ip_user_files/bd/design_3/ip/design_3_or3_gate_0_7/sim/design_3_or3_gate_0_7.v" into library xil_defaultlib
INFO: [VRFC 10-311] analyzing module design_3_or3_gate_0_7
INFO: [VRFC 10-2263] Analyzing Verilog file "D:/cd3/project_3/project_3.ip_user_files/bd/design_3/ip/design_3_and2_0_7/sim/design_3_and2_0_7.v" into library xil_defaultlib
INFO: [VRFC 10-311] analyzing module design_3_and2_0_7
INFO: [VRFC 10-2263] Analyzing Verilog file "D:/cd3/project_3/project_3.ip_user_files/bd/design_3/ip/design_3_and2_3_2/sim/design_3_and2_3_2.v" into library xil_defaultlib
INFO: [VRFC 10-311] analyzing module design_3_and2_3_2
INFO: [VRFC 10-2263] Analyzing Verilog file "D:/cd3/project_3/project_3.ip_user_files/bd/design_3/ip/design_3_and2_1_8/sim/design_3_and2_1_8.v" into library xil_defaultlib
INFO: [VRFC 10-311] analyzing module design_3_and2_1_8
INFO: [VRFC 10-2263] Analyzing Verilog file "D:/cd3/project_3/project_3.ip_user_files/bd/design_3/ip/design_3_and2_2_8/sim/design_3_and2_2_8.v" into library xil_defaultlib
INFO: [VRFC 10-311] analyzing module design_3_and2_2_8
INFO: [VRFC 10-2263] Analyzing Verilog file "D:/cd3/project_3/project_3.ip_user_files/bd/design_3/ip/design_3_or3_gate_0_8/sim/design_3_or3_gate_0_8.v" into library xil_defaultlib
INFO: [VRFC 10-311] analyzing module design_3_or3_gate_0_8
INFO: [VRFC 10-2263] Analyzing Verilog file "D:/cd3/project_3/project_3.ip_user_files/bd/design_3/ip/design_3_and2_0_8/sim/design_3_and2_0_8.v" into library xil_defaultlib
INFO: [VRFC 10-311] analyzing module design_3_and2_0_8
INFO: [VRFC 10-2263] Analyzing Verilog file "D:/cd3/project_3/project_3.ip_user_files/bd/design_3/ip/design_3_and2_3_1/sim/design_3_and2_3_1.v" into library xil_defaultlib
INFO: [VRFC 10-311] analyzing module design_3_and2_3_1
INFO: [VRFC 10-2263] Analyzing Verilog file "D:/cd3/project_3/project_3.ip_user_files/bd/design_3/ip/design_3_and2_1_9/sim/design_3_and2_1_9.v" into library xil_defaultlib
INFO: [VRFC 10-311] analyzing module design_3_and2_1_9
INFO: [VRFC 10-2263] Analyzing Verilog file "D:/cd3/project_3/project_3.ip_user_files/bd/design_3/ip/design_3_and2_2_9/sim/design_3_and2_2_9.v" into library xil_defaultlib
INFO: [VRFC 10-311] analyzing module design_3_and2_2_9
INFO: [VRFC 10-2263] Analyzing Verilog file "D:/cd3/project_3/project_3.ip_user_files/bd/design_3/ip/design_3_or3_gate_0_9/sim/design_3_or3_gate_0_9.v" into library xil_defaultlib
INFO: [VRFC 10-311] analyzing module design_3_or3_gate_0_9
INFO: [VRFC 10-2263] Analyzing Verilog file "D:/cd3/project_3/project_3.ip_user_files/bd/design_3/ip/design_3_and2_0_9/sim/design_3_and2_0_9.v" into library xil_defaultlib
INFO: [VRFC 10-311] analyzing module design_3_and2_0_9
INFO: [VRFC 10-2263] Analyzing Verilog file "D:/cd3/project_3/project_3.ip_user_files/bd/design_3/ip/design_3_and2_3_0/sim/design_3_and2_3_0.v" into library xil_defaultlib
INFO: [VRFC 10-311] analyzing module design_3_and2_3_0
INFO: [VRFC 10-2263] Analyzing Verilog file "D:/cd3/project_3/project_3.ip_user_files/bd/design_3/ip/design_3_aggregator_12inputs_0_1/sim/design_3_aggregator_12inputs_0_1.v" into library xil_defaultlib
INFO: [VRFC 10-311] analyzing module design_3_aggregator_12inputs_0_1
INFO: [VRFC 10-2263] Analyzing Verilog file "D:/cd3/project_3/project_3.ip_user_files/bd/design_3/ip/design_3_splitter_16bit_to_16_0_0/sim/design_3_splitter_16bit_to_16_0_0.v" into library xil_defaultlib
INFO: [VRFC 10-311] analyzing module design_3_splitter_16bit_to_16_0_0
INFO: [VRFC 10-2263] Analyzing Verilog file "D:/cd3/project_3/project_3.ip_user_files/bd/design_3/ip/design_3_not_gate_0_1/sim/design_3_not_gate_0_1.v" into library xil_defaultlib
INFO: [VRFC 10-311] analyzing module design_3_not_gate_0_1
INFO: [VRFC 10-2263] Analyzing Verilog file "D:/cd3/project_3/project_3.ip_user_files/bd/design_3/ip/design_3_bus_slicer_16to12_0_0/sim/design_3_bus_slicer_16to12_0_0.v" into library xil_defaultlib
INFO: [VRFC 10-311] analyzing module design_3_bus_slicer_16to12_0_0
INFO: [VRFC 10-2263] Analyzing Verilog file "D:/cd3/project_3/project_3.ip_user_files/bd/design_3/ip/design_3_or_gate_0_0/sim/design_3_or_gate_0_0.v" into library xil_defaultlib
INFO: [VRFC 10-311] analyzing module design_3_or_gate_0_0
INFO: [VRFC 10-2263] Analyzing Verilog file "D:/cd3/project_3/project_3.ip_user_files/bd/design_3/ip/design_3_and_gate_0_1/sim/design_3_and_gate_0_1.v" into library xil_defaultlib
INFO: [VRFC 10-311] analyzing module design_3_and_gate_0_1
INFO: [VRFC 10-2263] Analyzing Verilog file "D:/cd3/project_3/project_3.ip_user_files/bd/design_3/ip/design_3_and_gate_1_1/sim/design_3_and_gate_1_1.v" into library xil_defaultlib
INFO: [VRFC 10-311] analyzing module design_3_and_gate_1_1
INFO: [VRFC 10-2263] Analyzing Verilog file "D:/cd3/project_3/project_3.ip_user_files/bd/design_3/ip/design_3_not_gate_1_1/sim/design_3_not_gate_1_1.v" into library xil_defaultlib
INFO: [VRFC 10-311] analyzing module design_3_not_gate_1_1
INFO: [VRFC 10-2263] Analyzing Verilog file "D:/cd3/project_3/project_3.ip_user_files/bd/design_3/ip/design_3_or_gate_1_0/sim/design_3_or_gate_1_0.v" into library xil_defaultlib
INFO: [VRFC 10-311] analyzing module design_3_or_gate_1_0
INFO: [VRFC 10-2263] Analyzing Verilog file "D:/cd3/project_3/project_3.ip_user_files/bd/design_3/ip/design_3_and2_0_10/sim/design_3_and2_0_10.v" into library xil_defaultlib
INFO: [VRFC 10-311] analyzing module design_3_and2_0_10
INFO: [VRFC 10-2263] Analyzing Verilog file "D:/cd3/project_3/project_3.ip_user_files/bd/design_3/ip/design_3_splitter_12bit_to_12_0_0/sim/design_3_splitter_12bit_to_12_0_0.v" into library xil_defaultlib
INFO: [VRFC 10-311] analyzing module design_3_splitter_12bit_to_12_0_0
INFO: [VRFC 10-2263] Analyzing Verilog file "D:/cd3/project_3/project_3.ip_user_files/bd/design_3/ip/design_3_and2_1_11/sim/design_3_and2_1_11.v" into library xil_defaultlib
INFO: [VRFC 10-311] analyzing module design_3_and2_1_11
INFO: [VRFC 10-2263] Analyzing Verilog file "D:/cd3/project_3/project_3.ip_user_files/bd/design_3/sim/design_3.v" into library xil_defaultlib
INFO: [VRFC 10-311] analyzing module ALU_imp_JZDUAB
INFO: [VRFC 10-311] analyzing module PC_imp_1MALNP6
INFO: [VRFC 10-311] analyzing module design_3
INFO: [VRFC 10-311] analyzing module dlxzq0_imp_1UWU5O7
INFO: [VRFC 10-311] analyzing module dlxzq1_imp_1RX16K4
INFO: [VRFC 10-311] analyzing module dlxzq2_imp_1Q3O4OH
INFO: [VRFC 10-311] analyzing module dlxzq3_imp_1JOESQA
INFO: [VRFC 10-311] analyzing module dlxzq4_imp_1BY0A4B
INFO: [VRFC 10-311] analyzing module dlxzq5_imp_1G2S77C
INFO: [VRFC 10-311] analyzing module dlxzq6_imp_104XQRH
INFO: [VRFC 10-311] analyzing module dlxzq7_imp_15F2LTQ
INFO: [VRFC 10-311] analyzing module dlxzq8_imp_KT4I7J
INFO: [VRFC 10-311] analyzing module dlxzq9_imp_PY44MK
INFO: [VRFC 10-311] analyzing module start_imp_NYSA1T
INFO: [VRFC 10-311] analyzing module uPC_imp_E5D2MO
INFO: [VRFC 10-2263] Analyzing Verilog file "D:/cd3/design_3/hdl/design_3_wrapper.v" into library xil_defaultlib
INFO: [VRFC 10-311] analyzing module design_3_wrapper
INFO: [VRFC 10-2263] Analyzing Verilog file "D:/cd3/exp3/simple_core_test.v" into library xil_defaultlib
INFO: [VRFC 10-311] analyzing module complete_monitor_test
run_program: Time (s): cpu = 00:00:00 ; elapsed = 00:00:17 . Memory (MB): peak = 2705.660 ; gain = 0.000
INFO: [USF-XSim-69] 'compile' step finished in '17' seconds
INFO: [USF-XSim-3] XSim::Elaborate design
INFO: [USF-XSim-61] Executing 'ELABORATE' step in 'D:/cd3/project_3/project_3.sim/sim_2/behav/xsim'
"xelab --incr --debug typical --relax --mt 2 -L xil_defaultlib -L xlconstant_v1_1_9 -L xlconcat_v2_1_6 -L unisims_ver -L unimacro_ver -L secureip -L xpm --snapshot complete_monitor_test_behav xil_defaultlib.complete_monitor_test xil_defaultlib.glbl -log elaborate.log"
Vivado Simulator v2024.2.0
Copyright 1986-2022 Xilinx, Inc. All Rights Reserved.
Copyright 2022-2024 Advanced Micro Devices, Inc. All Rights Reserved.
Running: D:/Vivado/2024.2/bin/unwrapped/win64.o/xelab.exe --incr --debug typical --relax --mt 2 -L xil_defaultlib -L xlconstant_v1_1_9 -L xlconcat_v2_1_6 -L unisims_ver -L unimacro_ver -L secureip -L xpm --snapshot complete_monitor_test_behav xil_defaultlib.complete_monitor_test xil_defaultlib.glbl -log elaborate.log 
Using 2 slave threads.
Starting static elaboration
Pass Through NonSizing Optimizer
WARNING: [VRFC 10-5021] port 'a' is not connected on this instance [D:/cd3/project_3/project_3.ip_user_files/bd/design_3/sim/design_3.v:1270]
Completed static elaboration
Starting simulation data flow analysis
WARNING: [XSIM 43-4099] "D:/cd3/exp3/aggregate_4x4_to_16bit.v" Line 1. Module aggregate_4x4_to_16bit doesn't have a timescale but at least one module in design has a timescale.
WARNING: [XSIM 43-4099] "D:/cd3/exp3/aggregator_4bit.v" Line 1. Module aggregator_4bit doesn't have a timescale but at least one module in design has a timescale.
WARNING: [XSIM 43-4099] "D:/cd3/exp3/aggregator_4bit.v" Line 1. Module aggregator_4bit doesn't have a timescale but at least one module in design has a timescale.
WARNING: [XSIM 43-4099] "D:/cd3/exp3/74181.v" Line 1. Module alu_74181 doesn't have a timescale but at least one module in design has a timescale.
WARNING: [XSIM 43-4099] "D:/cd3/exp3/74181.v" Line 1. Module alu_74181 doesn't have a timescale but at least one module in design has a timescale.
WARNING: [XSIM 43-4099] "D:/cd3/exp3/74181.v" Line 1. Module alu_74181 doesn't have a timescale but at least one module in design has a timescale.
WARNING: [XSIM 43-4099] "D:/cd3/exp3/74181.v" Line 1. Module alu_74181 doesn't have a timescale but at least one module in design has a timescale.
WARNING: [XSIM 43-4099] "D:/cd3/exp3/74182.v" Line 1. Module carry_lookahead_74182 doesn't have a timescale but at least one module in design has a timescale.
WARNING: [XSIM 43-4099] "D:/cd3/exp3/exp14_source.v" Line 309. Module carry_output_splitter doesn't have a timescale but at least one module in design has a timescale.
WARNING: [XSIM 43-4099] "D:/cd3/exp3/not_gate.v" Line 1. Module not_gate doesn't have a timescale but at least one module in design has a timescale.
WARNING: [XSIM 43-4099] "D:/cd3/exp3/the_16bit_to_4x4bit.v" Line 1. Module the_16bit_to_4x4bit doesn't have a timescale but at least one module in design has a timescale.
WARNING: [XSIM 43-4099] "D:/cd3/exp3/the_16bit_to_4x4bit.v" Line 1. Module the_16bit_to_4x4bit doesn't have a timescale but at least one module in design has a timescale.
WARNING: [XSIM 43-4099] "D:/cd3/exp3/rom.v" Line 1. Module rom_1kx23 doesn't have a timescale but at least one module in design has a timescale.
WARNING: [XSIM 43-4099] "D:/cd3/exp3/16bit_reg.v" Line 1. Module register_16bit doesn't have a timescale but at least one module in design has a timescale.
WARNING: [XSIM 43-4099] "D:/cd3/exp3/12bit_reg.v" Line 1. Module register_12bit doesn't have a timescale but at least one module in design has a timescale.
WARNING: [XSIM 43-4099] "D:/cd3/exp3/16bit_reg.v" Line 1. Module register_16bit doesn't have a timescale but at least one module in design has a timescale.
WARNING: [XSIM 43-4099] "D:/cd3/exp3/16bit_reg.v" Line 1. Module register_16bit doesn't have a timescale but at least one module in design has a timescale.
WARNING: [XSIM 43-4099] "D:/cd3/exp3/74161.v" Line 1. Module ic_74161 doesn't have a timescale but at least one module in design has a timescale.
WARNING: [XSIM 43-4099] "D:/cd3/exp3/74161.v" Line 1. Module ic_74161 doesn't have a timescale but at least one module in design has a timescale.
WARNING: [XSIM 43-4099] "D:/cd3/exp3/74161.v" Line 1. Module ic_74161 doesn't have a timescale but at least one module in design has a timescale.
WARNING: [XSIM 43-4099] "D:/cd3/exp3/exp14_source.v" Line 326. Module the_12bit_to_3x4bit doesn't have a timescale but at least one module in design has a timescale.
WARNING: [XSIM 43-4099] "D:/cd3/exp3/16bit_reg.v" Line 1. Module register_16bit doesn't have a timescale but at least one module in design has a timescale.
WARNING: [XSIM 43-4099] "D:/cd3/exp3/16bit_reg.v" Line 1. Module register_16bit doesn't have a timescale but at least one module in design has a timescale.
WARNING: [XSIM 43-4099] "D:/cd3/exp3/16bit_reg.v" Line 1. Module register_16bit doesn't have a timescale but at least one module in design has a timescale.
WARNING: [XSIM 43-4099] "D:/cd3/exp3/16bit_reg.v" Line 1. Module register_16bit doesn't have a timescale but at least one module in design has a timescale.
WARNING: [XSIM 43-4099] "D:/cd3/exp3/16bit_reg.v" Line 1. Module register_16bit doesn't have a timescale but at least one module in design has a timescale.
WARNING: [XSIM 43-4099] "D:/cd3/exp3/exp14_source.v" Line 1. Module adpt_in doesn't have a timescale but at least one module in design has a timescale.
WARNING: [XSIM 43-4099] "D:/cd3/exp3/exp14_source.v" Line 376. Module aggregator_12inputs_to_12bit_sync doesn't have a timescale but at least one module in design has a timescale.
WARNING: [XSIM 43-4099] "D:/cd3/exp3/exp14_source.v" Line 76. Module and2 doesn't have a timescale but at least one module in design has a timescale.
WARNING: [XSIM 43-4099] "D:/cd3/exp3/exp14_source.v" Line 76. Module and2 doesn't have a timescale but at least one module in design has a timescale.
WARNING: [XSIM 43-4099] "D:/cd3/exp3/and_gate.v" Line 1. Module and_gate doesn't have a timescale but at least one module in design has a timescale.
WARNING: [XSIM 43-4099] "D:/cd3/exp3/and_gate.v" Line 1. Module and_gate doesn't have a timescale but at least one module in design has a timescale.
WARNING: [XSIM 43-4099] "D:/cd3/exp3/bit_splitter_23.v" Line 1. Module bit_splitter_23 doesn't have a timescale but at least one module in design has a timescale.
WARNING: [XSIM 43-4099] "D:/cd3/exp3/exp14_source.v" Line 459. Module bus_slicer_16to12 doesn't have a timescale but at least one module in design has a timescale.
WARNING: [XSIM 43-4099] "D:/cd3/exp3/decoder_2to4.v" Line 1. Module decoder_2to4 doesn't have a timescale but at least one module in design has a timescale.
WARNING: [XSIM 43-4099] "D:/cd3/exp3/decoder_2to4.v" Line 1. Module decoder_2to4 doesn't have a timescale but at least one module in design has a timescale.
WARNING: [XSIM 43-4099] "D:/cd3/exp3/decoder_3to8.v" Line 1. Module decoder_3to8 doesn't have a timescale but at least one module in design has a timescale.
WARNING: [XSIM 43-4099] "D:/cd3/exp3/decoder_3to8.v" Line 1. Module decoder_3to8 doesn't have a timescale but at least one module in design has a timescale.
WARNING: [XSIM 43-4099] "D:/cd3/exp3/decoder_3to8.v" Line 1. Module decoder_3to8 doesn't have a timescale but at least one module in design has a timescale.
WARNING: [XSIM 43-4099] "D:/cd3/exp3/exp14_source.v" Line 76. Module and2 doesn't have a timescale but at least one module in design has a timescale.
WARNING: [XSIM 43-4099] "D:/cd3/exp3/exp14_source.v" Line 76. Module and2 doesn't have a timescale but at least one module in design has a timescale.
WARNING: [XSIM 43-4099] "D:/cd3/exp3/exp14_source.v" Line 76. Module and2 doesn't have a timescale but at least one module in design has a timescale.
WARNING: [XSIM 43-4099] "D:/cd3/exp3/exp14_source.v" Line 362. Module or3_gate doesn't have a timescale but at least one module in design has a timescale.
WARNING: [XSIM 43-4099] "D:/cd3/exp3/exp14_source.v" Line 76. Module and2 doesn't have a timescale but at least one module in design has a timescale.
WARNING: [XSIM 43-4099] "D:/cd3/exp3/exp14_source.v" Line 76. Module and2 doesn't have a timescale but at least one module in design has a timescale.
WARNING: [XSIM 43-4099] "D:/cd3/exp3/exp14_source.v" Line 76. Module and2 doesn't have a timescale but at least one module in design has a timescale.
WARNING: [XSIM 43-4099] "D:/cd3/exp3/exp14_source.v" Line 76. Module and2 doesn't have a timescale but at least one module in design has a timescale.
WARNING: [XSIM 43-4099] "D:/cd3/exp3/exp14_source.v" Line 362. Module or3_gate doesn't have a timescale but at least one module in design has a timescale.
WARNING: [XSIM 43-4099] "D:/cd3/exp3/exp14_source.v" Line 76. Module and2 doesn't have a timescale but at least one module in design has a timescale.
WARNING: [XSIM 43-4099] "D:/cd3/exp3/exp14_source.v" Line 76. Module and2 doesn't have a timescale but at least one module in design has a timescale.
WARNING: [XSIM 43-4099] "D:/cd3/exp3/exp14_source.v" Line 76. Module and2 doesn't have a timescale but at least one module in design has a timescale.
WARNING: [XSIM 43-4099] "D:/cd3/exp3/exp14_source.v" Line 76. Module and2 doesn't have a timescale but at least one module in design has a timescale.
WARNING: [XSIM 43-4099] "D:/cd3/exp3/exp14_source.v" Line 362. Module or3_gate doesn't have a timescale but at least one module in design has a timescale.
WARNING: [XSIM 43-4099] "D:/cd3/exp3/exp14_source.v" Line 76. Module and2 doesn't have a timescale but at least one module in design has a timescale.
WARNING: [XSIM 43-4099] "D:/cd3/exp3/exp14_source.v" Line 76. Module and2 doesn't have a timescale but at least one module in design has a timescale.
WARNING: [XSIM 43-4099] "D:/cd3/exp3/exp14_source.v" Line 76. Module and2 doesn't have a timescale but at least one module in design has a timescale.
WARNING: [XSIM 43-4099] "D:/cd3/exp3/exp14_source.v" Line 76. Module and2 doesn't have a timescale but at least one module in design has a timescale.
WARNING: [XSIM 43-4099] "D:/cd3/exp3/exp14_source.v" Line 362. Module or3_gate doesn't have a timescale but at least one module in design has a timescale.
WARNING: [XSIM 43-4099] "D:/cd3/exp3/exp14_source.v" Line 76. Module and2 doesn't have a timescale but at least one module in design has a timescale.
WARNING: [XSIM 43-4099] "D:/cd3/exp3/exp14_source.v" Line 76. Module and2 doesn't have a timescale but at least one module in design has a timescale.
WARNING: [XSIM 43-4099] "D:/cd3/exp3/exp14_source.v" Line 76. Module and2 doesn't have a timescale but at least one module in design has a timescale.
WARNING: [XSIM 43-4099] "D:/cd3/exp3/exp14_source.v" Line 76. Module and2 doesn't have a timescale but at least one module in design has a timescale.
WARNING: [XSIM 43-4099] "D:/cd3/exp3/exp14_source.v" Line 362. Module or3_gate doesn't have a timescale but at least one module in design has a timescale.
WARNING: [XSIM 43-4099] "D:/cd3/exp3/exp14_source.v" Line 76. Module and2 doesn't have a timescale but at least one module in design has a timescale.
WARNING: [XSIM 43-4099] "D:/cd3/exp3/exp14_source.v" Line 76. Module and2 doesn't have a timescale but at least one module in design has a timescale.
WARNING: [XSIM 43-4099] "D:/cd3/exp3/exp14_source.v" Line 76. Module and2 doesn't have a timescale but at least one module in design has a timescale.
WARNING: [XSIM 43-4099] "D:/cd3/exp3/exp14_source.v" Line 76. Module and2 doesn't have a timescale but at least one module in design has a timescale.
WARNING: [XSIM 43-4099] "D:/cd3/exp3/exp14_source.v" Line 362. Module or3_gate doesn't have a timescale but at least one module in design has a timescale.
WARNING: [XSIM 43-4099] "D:/cd3/exp3/exp14_source.v" Line 76. Module and2 doesn't have a timescale but at least one module in design has a timescale.
WARNING: [XSIM 43-4099] "D:/cd3/exp3/exp14_source.v" Line 76. Module and2 doesn't have a timescale but at least one module in design has a timescale.
WARNING: [XSIM 43-4099] "D:/cd3/exp3/exp14_source.v" Line 76. Module and2 doesn't have a timescale but at least one module in design has a timescale.
WARNING: [XSIM 43-4099] "D:/cd3/exp3/exp14_source.v" Line 76. Module and2 doesn't have a timescale but at least one module in design has a timescale.
WARNING: [XSIM 43-4099] "D:/cd3/exp3/exp14_source.v" Line 362. Module or3_gate doesn't have a timescale but at least one module in design has a timescale.
WARNING: [XSIM 43-4099] "D:/cd3/exp3/exp14_source.v" Line 76. Module and2 doesn't have a timescale but at least one module in design has a timescale.
WARNING: [XSIM 43-4099] "D:/cd3/exp3/exp14_source.v" Line 76. Module and2 doesn't have a timescale but at least one module in design has a timescale.
WARNING: [XSIM 43-4099] "D:/cd3/exp3/exp14_source.v" Line 76. Module and2 doesn't have a timescale but at least one module in design has a timescale.
WARNING: [XSIM 43-4099] "D:/cd3/exp3/exp14_source.v" Line 76. Module and2 doesn't have a timescale but at least one module in design has a timescale.
WARNING: [XSIM 43-4099] "D:/cd3/exp3/exp14_source.v" Line 362. Module or3_gate doesn't have a timescale but at least one module in design has a timescale.
WARNING: [XSIM 43-4099] "D:/cd3/exp3/exp14_source.v" Line 76. Module and2 doesn't have a timescale but at least one module in design has a timescale.
WARNING: [XSIM 43-4099] "D:/cd3/exp3/exp14_source.v" Line 76. Module and2 doesn't have a timescale but at least one module in design has a timescale.
WARNING: [XSIM 43-4099] "D:/cd3/exp3/exp14_source.v" Line 76. Module and2 doesn't have a timescale but at least one module in design has a timescale.
WARNING: [XSIM 43-4099] "D:/cd3/exp3/exp14_source.v" Line 76. Module and2 doesn't have a timescale but at least one module in design has a timescale.
WARNING: [XSIM 43-4099] "D:/cd3/exp3/exp14_source.v" Line 362. Module or3_gate doesn't have a timescale but at least one module in design has a timescale.
WARNING: [XSIM 43-4099] "D:/cd3/exp3/exp14_source.v" Line 76. Module and2 doesn't have a timescale but at least one module in design has a timescale.
WARNING: [XSIM 43-4099] "D:/cd3/exp3/exp14_source.v" Line 76. Module and2 doesn't have a timescale but at least one module in design has a timescale.
WARNING: [XSIM 43-4099] "D:/cd3/exp3/exp14_source.v" Line 76. Module and2 doesn't have a timescale but at least one module in design has a timescale.
WARNING: [XSIM 43-4099] "D:/cd3/exp3/exp14_source.v" Line 76. Module and2 doesn't have a timescale but at least one module in design has a timescale.
WARNING: [XSIM 43-4099] "D:/cd3/exp3/exp14_source.v" Line 362. Module or3_gate doesn't have a timescale but at least one module in design has a timescale.
WARNING: [XSIM 43-4099] "D:/cd3/exp3/mix5to1.v" Line 1. Module mux_5to1_16bit doesn't have a timescale but at least one module in design has a timescale.
WARNING: [XSIM 43-4099] "D:/cd3/exp3/exp14_source.v" Line 87. Module not1 doesn't have a timescale but at least one module in design has a timescale.
WARNING: [XSIM 43-4099] "D:/cd3/exp3/not_gate.v" Line 1. Module not_gate doesn't have a timescale but at least one module in design has a timescale.
WARNING: [XSIM 43-4099] "D:/cd3/exp3/not_gate.v" Line 1. Module not_gate doesn't have a timescale but at least one module in design has a timescale.
WARNING: [XSIM 43-4099] "D:/cd3/exp3/or_gate.v" Line 1. Module or_gate doesn't have a timescale but at least one module in design has a timescale.
WARNING: [XSIM 43-4099] "D:/cd3/exp3/or_gate.v" Line 1. Module or_gate doesn't have a timescale but at least one module in design has a timescale.
WARNING: [XSIM 43-4099] "D:/cd3/exp3/ram.v" Line 1. Module ram doesn't have a timescale but at least one module in design has a timescale.
WARNING: [XSIM 43-4099] "D:/cd3/exp3/exp14_source.v" Line 432. Module splitter_12bit_to_12outputs doesn't have a timescale but at least one module in design has a timescale.
WARNING: [XSIM 43-4099] "D:/cd3/exp3/exp14_source.v" Line 400. Module splitter_16bit_to_16outputs doesn't have a timescale but at least one module in design has a timescale.
WARNING: [XSIM 43-4099] "D:/cd3/exp3/D_trigger.v" Line 1. Module D_trigger doesn't have a timescale but at least one module in design has a timescale.
WARNING: [XSIM 43-4099] "D:/cd3/exp3/and_gate.v" Line 1. Module and_gate doesn't have a timescale but at least one module in design has a timescale.
WARNING: [XSIM 43-4099] "D:/cd3/exp3/and_gate.v" Line 1. Module and_gate doesn't have a timescale but at least one module in design has a timescale.
WARNING: [XSIM 43-4099] "D:/cd3/exp3/and_gate.v" Line 1. Module and_gate doesn't have a timescale but at least one module in design has a timescale.
WARNING: [XSIM 43-4099] "D:/cd3/exp3/not_gate.v" Line 1. Module not_gate doesn't have a timescale but at least one module in design has a timescale.
WARNING: [XSIM 43-4099] "D:/cd3/exp3/74161.v" Line 1. Module ic_74161 doesn't have a timescale but at least one module in design has a timescale.
WARNING: [XSIM 43-4099] "D:/cd3/exp3/74161.v" Line 1. Module ic_74161 doesn't have a timescale but at least one module in design has a timescale.
WARNING: [XSIM 43-4099] "D:/cd3/exp3/74161.v" Line 1. Module ic_74161 doesn't have a timescale but at least one module in design has a timescale.
WARNING: [XSIM 43-4099] "D:/cd3/exp3/exp14_source.v" Line 326. Module the_12bit_to_3x4bit doesn't have a timescale but at least one module in design has a timescale.
WARNING: [XSIM 43-4099] "D:/cd3/exp3/aggregate_4x4_to_16bit.v" Line 1. Module aggregate_4x4_to_16bit doesn't have a timescale but at least one module in design has a timescale.
WARNING: [XSIM 43-4099] "D:/cd3/exp3/aggregator_4bit.v" Line 1. Module aggregator_4bit doesn't have a timescale but at least one module in design has a timescale.
WARNING: [XSIM 43-4099] "D:/cd3/exp3/aggregator_4bit.v" Line 1. Module aggregator_4bit doesn't have a timescale but at least one module in design has a timescale.
WARNING: [XSIM 43-4099] "D:/cd3/exp3/74181.v" Line 1. Module alu_74181 doesn't have a timescale but at least one module in design has a timescale.
WARNING: [XSIM 43-4099] "D:/cd3/exp3/74181.v" Line 1. Module alu_74181 doesn't have a timescale but at least one module in design has a timescale.
WARNING: [XSIM 43-4099] "D:/cd3/exp3/74181.v" Line 1. Module alu_74181 doesn't have a timescale but at least one module in design has a timescale.
WARNING: [XSIM 43-4099] "D:/cd3/exp3/74181.v" Line 1. Module alu_74181 doesn't have a timescale but at least one module in design has a timescale.
WARNING: [XSIM 43-4099] "D:/cd3/exp3/74182.v" Line 1. Module carry_lookahead_74182 doesn't have a timescale but at least one module in design has a timescale.
WARNING: [XSIM 43-4099] "D:/cd3/exp3/exp14_source.v" Line 309. Module carry_output_splitter doesn't have a timescale but at least one module in design has a timescale.
WARNING: [XSIM 43-4099] "D:/cd3/exp3/not_gate.v" Line 1. Module not_gate doesn't have a timescale but at least one module in design has a timescale.
WARNING: [XSIM 43-4099] "D:/cd3/exp3/the_16bit_to_4x4bit.v" Line 1. Module the_16bit_to_4x4bit doesn't have a timescale but at least one module in design has a timescale.
WARNING: [XSIM 43-4099] "D:/cd3/exp3/the_16bit_to_4x4bit.v" Line 1. Module the_16bit_to_4x4bit doesn't have a timescale but at least one module in design has a timescale.
WARNING: [XSIM 43-4099] "D:/cd3/exp3/rom.v" Line 1. Module rom_1kx23 doesn't have a timescale but at least one module in design has a timescale.
WARNING: [XSIM 43-4099] "D:/cd3/exp3/16bit_reg.v" Line 1. Module register_16bit doesn't have a timescale but at least one module in design has a timescale.
WARNING: [XSIM 43-4099] "D:/cd3/exp3/12bit_reg.v" Line 1. Module register_12bit doesn't have a timescale but at least one module in design has a timescale.
WARNING: [XSIM 43-4099] "D:/cd3/exp3/16bit_reg.v" Line 1. Module register_16bit doesn't have a timescale but at least one module in design has a timescale.
WARNING: [XSIM 43-4099] "D:/cd3/exp3/16bit_reg.v" Line 1. Module register_16bit doesn't have a timescale but at least one module in design has a timescale.
WARNING: [XSIM 43-4099] "D:/cd3/exp3/74161.v" Line 1. Module ic_74161 doesn't have a timescale but at least one module in design has a timescale.
WARNING: [XSIM 43-4099] "D:/cd3/exp3/74161.v" Line 1. Module ic_74161 doesn't have a timescale but at least one module in design has a timescale.
WARNING: [XSIM 43-4099] "D:/cd3/exp3/74161.v" Line 1. Module ic_74161 doesn't have a timescale but at least one module in design has a timescale.
WARNING: [XSIM 43-4099] "D:/cd3/exp3/exp14_source.v" Line 326. Module the_12bit_to_3x4bit doesn't have a timescale but at least one module in design has a timescale.
WARNING: [XSIM 43-4099] "D:/cd3/exp3/16bit_reg.v" Line 1. Module register_16bit doesn't have a timescale but at least one module in design has a timescale.
WARNING: [XSIM 43-4099] "D:/cd3/exp3/16bit_reg.v" Line 1. Module register_16bit doesn't have a timescale but at least one module in design has a timescale.
WARNING: [XSIM 43-4099] "D:/cd3/exp3/16bit_reg.v" Line 1. Module register_16bit doesn't have a timescale but at least one module in design has a timescale.
WARNING: [XSIM 43-4099] "D:/cd3/exp3/16bit_reg.v" Line 1. Module register_16bit doesn't have a timescale but at least one module in design has a timescale.
WARNING: [XSIM 43-4099] "D:/cd3/exp3/16bit_reg.v" Line 1. Module register_16bit doesn't have a timescale but at least one module in design has a timescale.
WARNING: [XSIM 43-4099] "D:/cd3/exp3/exp14_source.v" Line 1. Module adpt_in doesn't have a timescale but at least one module in design has a timescale.
WARNING: [XSIM 43-4099] "D:/cd3/exp3/exp14_source.v" Line 376. Module aggregator_12inputs_to_12bit_sync doesn't have a timescale but at least one module in design has a timescale.
WARNING: [XSIM 43-4099] "D:/cd3/exp3/exp14_source.v" Line 76. Module and2 doesn't have a timescale but at least one module in design has a timescale.
WARNING: [XSIM 43-4099] "D:/cd3/exp3/exp14_source.v" Line 76. Module and2 doesn't have a timescale but at least one module in design has a timescale.
WARNING: [XSIM 43-4099] "D:/cd3/exp3/and_gate.v" Line 1. Module and_gate doesn't have a timescale but at least one module in design has a timescale.
WARNING: [XSIM 43-4099] "D:/cd3/exp3/and_gate.v" Line 1. Module and_gate doesn't have a timescale but at least one module in design has a timescale.
WARNING: [XSIM 43-4099] "D:/cd3/exp3/bit_splitter_23.v" Line 1. Module bit_splitter_23 doesn't have a timescale but at least one module in design has a timescale.
WARNING: [XSIM 43-4099] "D:/cd3/exp3/exp14_source.v" Line 459. Module bus_slicer_16to12 doesn't have a timescale but at least one module in design has a timescale.
WARNING: [XSIM 43-4099] "D:/cd3/exp3/decoder_2to4.v" Line 1. Module decoder_2to4 doesn't have a timescale but at least one module in design has a timescale.
WARNING: [XSIM 43-4099] "D:/cd3/exp3/decoder_2to4.v" Line 1. Module decoder_2to4 doesn't have a timescale but at least one module in design has a timescale.
WARNING: [XSIM 43-4099] "D:/cd3/exp3/decoder_3to8.v" Line 1. Module decoder_3to8 doesn't have a timescale but at least one module in design has a timescale.
WARNING: [XSIM 43-4099] "D:/cd3/exp3/decoder_3to8.v" Line 1. Module decoder_3to8 doesn't have a timescale but at least one module in design has a timescale.
WARNING: [XSIM 43-4099] "D:/cd3/exp3/decoder_3to8.v" Line 1. Module decoder_3to8 doesn't have a timescale but at least one module in design has a timescale.
WARNING: [XSIM 43-4099] "D:/cd3/exp3/exp14_source.v" Line 76. Module and2 doesn't have a timescale but at least one module in design has a timescale.
WARNING: [XSIM 43-4099] "D:/cd3/exp3/exp14_source.v" Line 76. Module and2 doesn't have a timescale but at least one module in design has a timescale.
WARNING: [XSIM 43-4099] "D:/cd3/exp3/exp14_source.v" Line 76. Module and2 doesn't have a timescale but at least one module in design has a timescale.
WARNING: [XSIM 43-4099] "D:/cd3/exp3/exp14_source.v" Line 362. Module or3_gate doesn't have a timescale but at least one module in design has a timescale.
WARNING: [XSIM 43-4099] "D:/cd3/exp3/exp14_source.v" Line 76. Module and2 doesn't have a timescale but at least one module in design has a timescale.
WARNING: [XSIM 43-4099] "D:/cd3/exp3/exp14_source.v" Line 76. Module and2 doesn't have a timescale but at least one module in design has a timescale.
WARNING: [XSIM 43-4099] "D:/cd3/exp3/exp14_source.v" Line 76. Module and2 doesn't have a timescale but at least one module in design has a timescale.
WARNING: [XSIM 43-4099] "D:/cd3/exp3/exp14_source.v" Line 76. Module and2 doesn't have a timescale but at least one module in design has a timescale.
WARNING: [XSIM 43-4099] "D:/cd3/exp3/exp14_source.v" Line 362. Module or3_gate doesn't have a timescale but at least one module in design has a timescale.
WARNING: [XSIM 43-4099] "D:/cd3/exp3/exp14_source.v" Line 76. Module and2 doesn't have a timescale but at least one module in design has a timescale.
WARNING: [XSIM 43-4099] "D:/cd3/exp3/exp14_source.v" Line 76. Module and2 doesn't have a timescale but at least one module in design has a timescale.
WARNING: [XSIM 43-4099] "D:/cd3/exp3/exp14_source.v" Line 76. Module and2 doesn't have a timescale but at least one module in design has a timescale.
WARNING: [XSIM 43-4099] "D:/cd3/exp3/exp14_source.v" Line 76. Module and2 doesn't have a timescale but at least one module in design has a timescale.
WARNING: [XSIM 43-4099] "D:/cd3/exp3/exp14_source.v" Line 362. Module or3_gate doesn't have a timescale but at least one module in design has a timescale.
WARNING: [XSIM 43-4099] "D:/cd3/exp3/exp14_source.v" Line 76. Module and2 doesn't have a timescale but at least one module in design has a timescale.
WARNING: [XSIM 43-4099] "D:/cd3/exp3/exp14_source.v" Line 76. Module and2 doesn't have a timescale but at least one module in design has a timescale.
WARNING: [XSIM 43-4099] "D:/cd3/exp3/exp14_source.v" Line 76. Module and2 doesn't have a timescale but at least one module in design has a timescale.
WARNING: [XSIM 43-4099] "D:/cd3/exp3/exp14_source.v" Line 76. Module and2 doesn't have a timescale but at least one module in design has a timescale.
WARNING: [XSIM 43-4099] "D:/cd3/exp3/exp14_source.v" Line 362. Module or3_gate doesn't have a timescale but at least one module in design has a timescale.
WARNING: [XSIM 43-4099] "D:/cd3/exp3/exp14_source.v" Line 76. Module and2 doesn't have a timescale but at least one module in design has a timescale.
WARNING: [XSIM 43-4099] "D:/cd3/exp3/exp14_source.v" Line 76. Module and2 doesn't have a timescale but at least one module in design has a timescale.
WARNING: [XSIM 43-4099] "D:/cd3/exp3/exp14_source.v" Line 76. Module and2 doesn't have a timescale but at least one module in design has a timescale.
WARNING: [XSIM 43-4099] "D:/cd3/exp3/exp14_source.v" Line 76. Module and2 doesn't have a timescale but at least one module in design has a timescale.
WARNING: [XSIM 43-4099] "D:/cd3/exp3/exp14_source.v" Line 362. Module or3_gate doesn't have a timescale but at least one module in design has a timescale.
WARNING: [XSIM 43-4099] "D:/cd3/exp3/exp14_source.v" Line 76. Module and2 doesn't have a timescale but at least one module in design has a timescale.
WARNING: [XSIM 43-4099] "D:/cd3/exp3/exp14_source.v" Line 76. Module and2 doesn't have a timescale but at least one module in design has a timescale.
WARNING: [XSIM 43-4099] "D:/cd3/exp3/exp14_source.v" Line 76. Module and2 doesn't have a timescale but at least one module in design has a timescale.
WARNING: [XSIM 43-4099] "D:/cd3/exp3/exp14_source.v" Line 76. Module and2 doesn't have a timescale but at least one module in design has a timescale.
WARNING: [XSIM 43-4099] "D:/cd3/exp3/exp14_source.v" Line 362. Module or3_gate doesn't have a timescale but at least one module in design has a timescale.
WARNING: [XSIM 43-4099] "D:/cd3/exp3/exp14_source.v" Line 76. Module and2 doesn't have a timescale but at least one module in design has a timescale.
WARNING: [XSIM 43-4099] "D:/cd3/exp3/exp14_source.v" Line 76. Module and2 doesn't have a timescale but at least one module in design has a timescale.
WARNING: [XSIM 43-4099] "D:/cd3/exp3/exp14_source.v" Line 76. Module and2 doesn't have a timescale but at least one module in design has a timescale.
WARNING: [XSIM 43-4099] "D:/cd3/exp3/exp14_source.v" Line 76. Module and2 doesn't have a timescale but at least one module in design has a timescale.
WARNING: [XSIM 43-4099] "D:/cd3/exp3/exp14_source.v" Line 362. Module or3_gate doesn't have a timescale but at least one module in design has a timescale.
WARNING: [XSIM 43-4099] "D:/cd3/exp3/exp14_source.v" Line 76. Module and2 doesn't have a timescale but at least one module in design has a timescale.
WARNING: [XSIM 43-4099] "D:/cd3/exp3/exp14_source.v" Line 76. Module and2 doesn't have a timescale but at least one module in design has a timescale.
WARNING: [XSIM 43-4099] "D:/cd3/exp3/exp14_source.v" Line 76. Module and2 doesn't have a timescale but at least one module in design has a timescale.
WARNING: [XSIM 43-4099] "D:/cd3/exp3/exp14_source.v" Line 76. Module and2 doesn't have a timescale but at least one module in design has a timescale.
WARNING: [XSIM 43-4099] "D:/cd3/exp3/exp14_source.v" Line 362. Module or3_gate doesn't have a timescale but at least one module in design has a timescale.
WARNING: [XSIM 43-4099] "D:/cd3/exp3/exp14_source.v" Line 76. Module and2 doesn't have a timescale but at least one module in design has a timescale.
WARNING: [XSIM 43-4099] "D:/cd3/exp3/exp14_source.v" Line 76. Module and2 doesn't have a timescale but at least one module in design has a timescale.
WARNING: [XSIM 43-4099] "D:/cd3/exp3/exp14_source.v" Line 76. Module and2 doesn't have a timescale but at least one module in design has a timescale.
WARNING: [XSIM 43-4099] "D:/cd3/exp3/exp14_source.v" Line 76. Module and2 doesn't have a timescale but at least one module in design has a timescale.
WARNING: [XSIM 43-4099] "D:/cd3/exp3/exp14_source.v" Line 362. Module or3_gate doesn't have a timescale but at least one module in design has a timescale.
WARNING: [XSIM 43-4099] "D:/cd3/exp3/exp14_source.v" Line 76. Module and2 doesn't have a timescale but at least one module in design has a timescale.
WARNING: [XSIM 43-4099] "D:/cd3/exp3/exp14_source.v" Line 76. Module and2 doesn't have a timescale but at least one module in design has a timescale.
WARNING: [XSIM 43-4099] "D:/cd3/exp3/exp14_source.v" Line 76. Module and2 doesn't have a timescale but at least one module in design has a timescale.
WARNING: [XSIM 43-4099] "D:/cd3/exp3/exp14_source.v" Line 76. Module and2 doesn't have a timescale but at least one module in design has a timescale.
WARNING: [XSIM 43-4099] "D:/cd3/exp3/exp14_source.v" Line 362. Module or3_gate doesn't have a timescale but at least one module in design has a timescale.
WARNING: [XSIM 43-4099] "D:/cd3/exp3/mix5to1.v" Line 1. Module mux_5to1_16bit doesn't have a timescale but at least one module in design has a timescale.
WARNING: [XSIM 43-4099] "D:/cd3/exp3/exp14_source.v" Line 87. Module not1 doesn't have a timescale but at least one module in design has a timescale.
WARNING: [XSIM 43-4099] "D:/cd3/exp3/not_gate.v" Line 1. Module not_gate doesn't have a timescale but at least one module in design has a timescale.
WARNING: [XSIM 43-4099] "D:/cd3/exp3/not_gate.v" Line 1. Module not_gate doesn't have a timescale but at least one module in design has a timescale.
WARNING: [XSIM 43-4099] "D:/cd3/exp3/or_gate.v" Line 1. Module or_gate doesn't have a timescale but at least one module in design has a timescale.
WARNING: [XSIM 43-4099] "D:/cd3/exp3/or_gate.v" Line 1. Module or_gate doesn't have a timescale but at least one module in design has a timescale.
WARNING: [XSIM 43-4099] "D:/cd3/exp3/ram.v" Line 1. Module ram doesn't have a timescale but at least one module in design has a timescale.
WARNING: [XSIM 43-4099] "D:/cd3/exp3/exp14_source.v" Line 432. Module splitter_12bit_to_12outputs doesn't have a timescale but at least one module in design has a timescale.
WARNING: [XSIM 43-4099] "D:/cd3/exp3/exp14_source.v" Line 400. Module splitter_16bit_to_16outputs doesn't have a timescale but at least one module in design has a timescale.
WARNING: [XSIM 43-4099] "D:/cd3/exp3/D_trigger.v" Line 1. Module D_trigger doesn't have a timescale but at least one module in design has a timescale.
WARNING: [XSIM 43-4099] "D:/cd3/exp3/and_gate.v" Line 1. Module and_gate doesn't have a timescale but at least one module in design has a timescale.
WARNING: [XSIM 43-4099] "D:/cd3/exp3/and_gate.v" Line 1. Module and_gate doesn't have a timescale but at least one module in design has a timescale.
WARNING: [XSIM 43-4099] "D:/cd3/exp3/and_gate.v" Line 1. Module and_gate doesn't have a timescale but at least one module in design has a timescale.
WARNING: [XSIM 43-4099] "D:/cd3/exp3/not_gate.v" Line 1. Module not_gate doesn't have a timescale but at least one module in design has a timescale.
WARNING: [XSIM 43-4099] "D:/cd3/exp3/74161.v" Line 1. Module ic_74161 doesn't have a timescale but at least one module in design has a timescale.
WARNING: [XSIM 43-4099] "D:/cd3/exp3/74161.v" Line 1. Module ic_74161 doesn't have a timescale but at least one module in design has a timescale.
WARNING: [XSIM 43-4099] "D:/cd3/exp3/74161.v" Line 1. Module ic_74161 doesn't have a timescale but at least one module in design has a timescale.
WARNING: [XSIM 43-4099] "D:/cd3/exp3/exp14_source.v" Line 326. Module the_12bit_to_3x4bit doesn't have a timescale but at least one module in design has a timescale.
Completed simulation data flow analysis
Time Resolution for simulation is 1ps
Compiling module xil_defaultlib.aggregate_4x4_to_16bit
Compiling module xil_defaultlib.design_3_aggregate_4x4_to_16b_0_...
Compiling module xil_defaultlib.aggregator_4bit
Compiling module xil_defaultlib.design_3_aggregator_4bit_0_1
Compiling module xil_defaultlib.design_3_aggregator_4bit_1_0
Compiling module xil_defaultlib.alu_74181
Compiling module xil_defaultlib.design_3_alu_74181_0_0
Compiling module xil_defaultlib.design_3_alu_74181_1_0
Compiling module xil_defaultlib.design_3_alu_74181_2_0
Compiling module xil_defaultlib.design_3_alu_74181_3_0
Compiling module xil_defaultlib.carry_lookahead_74182
Compiling module xil_defaultlib.design_3_carry_lookahead_74182_0...
Compiling module xil_defaultlib.carry_output_splitter
Compiling module xil_defaultlib.design_3_carry_output_splitter_0...
Compiling module xil_defaultlib.not_gate
Compiling module xil_defaultlib.design_3_not_gate_1_0
Compiling module xil_defaultlib.the_16bit_to_4x4bit
Compiling module xil_defaultlib.design_3_the_16bit_to_4x4bit_0_1
Compiling module xil_defaultlib.design_3_the_16bit_to_4x4bit_2_0
Compiling module xil_defaultlib.ALU_imp_JZDUAB
Compiling module xil_defaultlib.rom_1kx23
Compiling module xil_defaultlib.design_3_rom_1kx23_0_0
Compiling module xil_defaultlib.register_16bit
Compiling module xil_defaultlib.design_3_register_16bit_0_1
Compiling module xil_defaultlib.register_12bit
Compiling module xil_defaultlib.design_3_register_12bit_0_0
Compiling module xil_defaultlib.design_3_register_16bit_3_1
Compiling module xil_defaultlib.design_3_MDR_0
Compiling module xil_defaultlib.ic_74161
Compiling module xil_defaultlib.design_3_ic_74161_0_0
Compiling module xil_defaultlib.design_3_ic_74161_1_0
Compiling module xil_defaultlib.design_3_ic_74161_2_0
Compiling module xil_defaultlib.the_12bit_to_3x4bit
Compiling module xil_defaultlib.design_3_the_12bit_to_3x4bit_0_1
Compiling module xlconcat_v2_1_6.xlconcat_v2_1_6_xlconcat(IN0_WID...
Compiling module xil_defaultlib.design_3_xlconcat_0_0
Compiling module xil_defaultlib.PC_imp_1MALNP6
Compiling module xil_defaultlib.design_3_register_16bit_0_0
Compiling module xil_defaultlib.design_3_register_16bit_1_0
Compiling module xil_defaultlib.design_3_register_16bit_2_0
Compiling module xil_defaultlib.design_3_register_16bit_3_0
Compiling module xil_defaultlib.design_3_register_16bit_4_0
Compiling module xil_defaultlib.adpt_in
Compiling module xil_defaultlib.design_3_adpt_in_0_0
Compiling module xil_defaultlib.aggregator_12inputs_to_12bit_syn...
Compiling module xil_defaultlib.design_3_aggregator_12inputs_0_1
Compiling module xil_defaultlib.and2
Compiling module xil_defaultlib.design_3_and2_0_10
Compiling module xil_defaultlib.design_3_and2_1_11
Compiling module xil_defaultlib.and_gate
Compiling module xil_defaultlib.design_3_and_gate_0_1
Compiling module xil_defaultlib.design_3_and_gate_1_1
Compiling module xil_defaultlib.bit_splitter_23
Compiling module xil_defaultlib.design_3_bit_splitter_23_0_0
Compiling module xil_defaultlib.bus_slicer_16to12
Compiling module xil_defaultlib.design_3_bus_slicer_16to12_0_0
Compiling module xil_defaultlib.decoder_2to4
Compiling module xil_defaultlib.design_3_decoder_2to4_0_0
Compiling module xil_defaultlib.design_3_decoder_2to4_1_0
Compiling module xil_defaultlib.decoder_3to8
Compiling module xil_defaultlib.design_3_decoder_3to8_0_2
Compiling module xil_defaultlib.design_3_decoder_3to8_1_0
Compiling module xil_defaultlib.design_3_decoder_3to8_2_0
Compiling module xil_defaultlib.design_3_and2_0_0
Compiling module xil_defaultlib.design_3_and2_1_0
Compiling module xil_defaultlib.design_3_and2_2_0
Compiling module xil_defaultlib.or3_gate
Compiling module xil_defaultlib.design_3_or3_gate_0_0
Compiling module xil_defaultlib.dlxzq0_imp_1UWU5O7
Compiling module xil_defaultlib.design_3_and2_0_1
Compiling module xil_defaultlib.design_3_and2_1_1
Compiling module xil_defaultlib.design_3_and2_2_1
Compiling module xil_defaultlib.design_3_and2_3_7
Compiling module xil_defaultlib.design_3_or3_gate_0_1
Compiling module xil_defaultlib.dlxzq1_imp_1RX16K4
Compiling module xil_defaultlib.design_3_and2_0_2
Compiling module xil_defaultlib.design_3_and2_1_2
Compiling module xil_defaultlib.design_3_and2_2_2
Compiling module xil_defaultlib.design_3_and2_3_6
Compiling module xil_defaultlib.design_3_or3_gate_0_2
Compiling module xil_defaultlib.dlxzq2_imp_1Q3O4OH
Compiling module xil_defaultlib.design_3_and2_0_3
Compiling module xil_defaultlib.design_3_and2_1_3
Compiling module xil_defaultlib.design_3_and2_2_3
Compiling module xil_defaultlib.design_3_and2_3_5
Compiling module xil_defaultlib.design_3_or3_gate_0_3
Compiling module xil_defaultlib.dlxzq3_imp_1JOESQA
Compiling module xil_defaultlib.design_3_and2_0_4
Compiling module xil_defaultlib.design_3_and2_1_4
Compiling module xil_defaultlib.design_3_and2_2_4
Compiling module xil_defaultlib.design_3_and2_1_10
Compiling module xil_defaultlib.design_3_or3_gate_0_4
Compiling module xil_defaultlib.dlxzq4_imp_1BY0A4B
Compiling module xil_defaultlib.design_3_and2_0_5
Compiling module xil_defaultlib.design_3_and2_1_5
Compiling module xil_defaultlib.design_3_and2_2_5
Compiling module xil_defaultlib.design_3_and2_3_4
Compiling module xil_defaultlib.design_3_or3_gate_0_5
Compiling module xil_defaultlib.dlxzq5_imp_1G2S77C
Compiling module xil_defaultlib.design_3_and2_0_6
Compiling module xil_defaultlib.design_3_and2_1_6
Compiling module xil_defaultlib.design_3_and2_2_6
Compiling module xil_defaultlib.design_3_and2_3_3
Compiling module xil_defaultlib.design_3_or3_gate_0_6
Compiling module xil_defaultlib.dlxzq6_imp_104XQRH
Compiling module xil_defaultlib.design_3_and2_0_7
Compiling module xil_defaultlib.design_3_and2_1_7
Compiling module xil_defaultlib.design_3_and2_2_7
Compiling module xil_defaultlib.design_3_and2_3_2
Compiling module xil_defaultlib.design_3_or3_gate_0_7
Compiling module xil_defaultlib.dlxzq7_imp_15F2LTQ
Compiling module xil_defaultlib.design_3_and2_0_8
Compiling module xil_defaultlib.design_3_and2_1_8
Compiling module xil_defaultlib.design_3_and2_2_8
Compiling module xil_defaultlib.design_3_and2_3_1
Compiling module xil_defaultlib.design_3_or3_gate_0_8
Compiling module xil_defaultlib.dlxzq8_imp_KT4I7J
Compiling module xil_defaultlib.design_3_and2_0_9
Compiling module xil_defaultlib.design_3_and2_1_9
Compiling module xil_defaultlib.design_3_and2_2_9
Compiling module xil_defaultlib.design_3_and2_3_0
Compiling module xil_defaultlib.design_3_or3_gate_0_9
Compiling module xil_defaultlib.dlxzq9_imp_PY44MK
Compiling module xil_defaultlib.mux_5to1_16bit
Compiling module xil_defaultlib.design_3_mux_5to1_16bit_0_0
Compiling module xil_defaultlib.not1
Compiling module xil_defaultlib.design_3_not1_0_0
Compiling module xil_defaultlib.design_3_not_gate_0_1
Compiling module xil_defaultlib.design_3_not_gate_1_1
Compiling module xil_defaultlib.or_gate
Compiling module xil_defaultlib.design_3_or_gate_0_0
Compiling module xil_defaultlib.design_3_or_gate_1_0
Compiling module xil_defaultlib.ram
Compiling module xil_defaultlib.design_3_ram_0_0
Compiling module xil_defaultlib.splitter_12bit_to_12outputs
Compiling module xil_defaultlib.design_3_splitter_12bit_to_12_0_...
Compiling module xil_defaultlib.splitter_16bit_to_16outputs
Compiling module xil_defaultlib.design_3_splitter_16bit_to_16_0_...
Compiling module xil_defaultlib.D_trigger
Compiling module xil_defaultlib.design_3_D_trigger_0_0
Compiling module xil_defaultlib.design_3_and_gate_0_0
Compiling module xil_defaultlib.design_3_and_gate_1_0
Compiling module xil_defaultlib.design_3_and_gate_2_0
Compiling module xil_defaultlib.design_3_not_gate_0_0
Compiling module xil_defaultlib.start_imp_NYSA1T
Compiling module xil_defaultlib.design_3_ic_74161_0_1
Compiling module xil_defaultlib.design_3_ic_74161_1_1
Compiling module xil_defaultlib.design_3_ic_74161_2_1
Compiling module xil_defaultlib.design_3_the_12bit_to_3x4bit_0_0
Compiling module xil_defaultlib.design_3_xlconcat_0_1
Compiling module xil_defaultlib.uPC_imp_E5D2MO
Compiling module xlconstant_v1_1_9.xlconstant_v1_1_9_xlconstant
Compiling module xil_defaultlib.design_3_xlconstant_0_0
Compiling module xil_defaultlib.design_3_xlconstant_0_1
Compiling module xil_defaultlib.design_3
Compiling module xil_defaultlib.design_3_wrapper
Compiling module xil_defaultlib.complete_monitor_test
Compiling module xil_defaultlib.glbl
Built simulation snapshot complete_monitor_test_behav
run_program: Time (s): cpu = 00:00:01 ; elapsed = 00:00:18 . Memory (MB): peak = 2705.660 ; gain = 0.000
INFO: [USF-XSim-69] 'elaborate' step finished in '18' seconds
INFO: [USF-XSim-4] XSim::Simulate design
INFO: [USF-XSim-61] Executing 'SIMULATE' step in 'D:/cd3/project_3/project_3.sim/sim_2/behav/xsim'
INFO: [USF-XSim-98] *** Running xsim
   with args "complete_monitor_test_behav -key {Behavioral:sim_2:Functional:complete_monitor_test} -tclbatch {complete_monitor_test.tcl} -protoinst "protoinst_files/design_3.protoinst" -log {simulate.log}"
INFO: [USF-XSim-8] Loading simulator feature
INFO: [Wavedata 42-565] Reading protoinst file protoinst_files/design_3.protoinst
Time resolution is 1 ps
source complete_monitor_test.tcl
# set curr_wave [current_wave_config]
# if { [string length $curr_wave] == 0 } {
#   if { [llength [get_objects]] > 0} {
#     add_wave /
#     set_property needs_save false [current_wave_config]
#   } else {
#      send_msg_id Add_Wave-1 WARNING "No top level signals found. Simulator will start without a wave window. If you want to open a wave window go to 'File->New Waveform Configuration' or type 'create_wave_config' in the TCL console."
#   }
# }
# run 1000ns
============== 完整监控测试 ==============
时间(ns)	复位	uPC		Crom		Bus		MAR
----------------------------------------------------------------
10000		0	0x000	0x00e181	0x0000	0x000
100000		1	0x000	0x00e181	0x0000	0x000 <- 复位释放
105000		1	0x001	0x00e181	0x0000	0x000
115000		1	0x002	0x000a11	0x0000	0x000
125000		1	0x003	0x00c041	0x0400	0x000
135000		1	0x010	0x000003	0x0000	0x000
145000		1	0x011	0x00e181	0x0001	0x001
155000		1	0x012	0x000a11	0x0000	0x001
165000		1	0x018	0x000184	0x0000	0x000
175000		1	0x019	0x00c081	0x55aa	0x000
185000		1	0x000	0x000002	0x0000	0x000
195000		1	0x001	0x00e181	0x0002	0x002
205000		1	0x002	0x000a11	0x0000	0x002
215000		1	0x003	0x00c041	0x0938	0x002
225000		1	0x020	0x000003	0x0000	0x002
235000		1	0x021	0x00e181	0x0003	0x003
245000		1	0x022	0x000a11	0x0000	0x003
255000		1	0x023	0x00c181	0x00a0	0x0a0
265000		1	0x024	0x000211	0x0000	0x0a0
275000		1	0x02a	0x000004	0x0000	0x0a0
285000		1	0x02b	0x00c0c1	0x1111	0x0a0
295000		1	0x000	0x000002	0x0000	0x0a0
305000		1	0x001	0x00e181	0x0004	0x004
315000		1	0x002	0x000a11	0x0000	0x004
325000		1	0x003	0x00c041	0x0d09	0x004
335000		1	0x030	0x000003	0x0000	0x004
345000		1	0x038	0x000004	0x0000	0x004
355000		1	0x039	0x004141	0x55aa	0x004
365000		1	0x031	0x003102	0x0d09	0x004
375000		1	0x13a	0x000005	0x0000	0x004
385000		1	0x13b	0x266401	0x1111	0x004
395000		1	0x132	0x013202	0x0d09	0x004
405000		1	0x133	0x00a0c1	0x66bb	0x004
415000		1	0x000	0x000002	0x0000	0x004
425000		1	0x001	0x00e181	0x0005	0x005
435000		1	0x002	0x000a11	0x0000	0x005
445000		1	0x003	0x00c041	0x0540	0x005
455000		1	0x010	0x000003	0x0000	0x005
465000		1	0x011	0x00e181	0x0006	0x006
475000		1	0x012	0x000a11	0x0000	0x006
485000		1	0x01c	0x000184	0x0000	0x000
495000		1	0x01d	0x00c101	0x00fa	0x000
505000		1	0x000	0x000002	0x0000	0x000
515000		1	0x001	0x00e181	0x0007	0x007
525000		1	0x002	0x000a11	0x0000	0x007
535000		1	0x003	0x00c041	0x1112	0x007
545000		1	0x040	0x000003	0x0000	0x007
555000		1	0x041	0x008181	0x00fa	0x0fa
565000		1	0x042	0x0041c1	0x55aa	0x0fa
575000		1	0x043	0x010021	0x0000	0x0fa
585000		1	0x000	0x000002	0x0000	0x0fa
595000		1	0x001	0x00e181	0x0008	0x008
605000		1	0x002	0x000a11	0x0000	0x008
615000		1	0x003	0x00c041	0x1800	0x008
625000		1	0x060	0x000003	0x0000	0x008
635000		1	0x061	0x00e181	0x0009	0x009
645000		1	0x062	0x000211	0x0000	0x009
655000		1	0x063	0x00d001	0x0002	0x009
665000		1	0x000	0x000002	0x0000	0x009
675000		1	0x001	0x00e181	0x0002	0x002
685000		1	0x002	0x000a11	0x0000	0x002
695000		1	0x003	0x00c041	0x0938	0x002
705000		1	0x020	0x000003	0x0000	0x002
715000		1	0x021	0x00e181	0x0003	0x003
725000		1	0x022	0x000a11	0x0000	0x003
735000		1	0x023	0x00c181	0x00a0	0x0a0
745000		1	0x024	0x000211	0x0000	0x0a0
755000		1	0x02a	0x000004	0x0000	0x0a0
765000		1	0x02b	0x00c0c1	0x1111	0x0a0
775000		1	0x000	0x000002	0x0000	0x0a0
785000		1	0x001	0x00e181	0x0004	0x004
795000		1	0x002	0x000a11	0x0000	0x004
805000		1	0x003	0x00c041	0x0d09	0x004
815000		1	0x030	0x000003	0x0000	0x004
825000		1	0x038	0x000004	0x0000	0x004
835000		1	0x039	0x004141	0x55aa	0x004
845000		1	0x031	0x003102	0x0d09	0x004
855000		1	0x13a	0x000005	0x0000	0x004
865000		1	0x13b	0x266401	0x1111	0x004
875000		1	0x132	0x013202	0x0d09	0x004
885000		1	0x133	0x00a0c1	0x66bb	0x004
895000		1	0x000	0x000002	0x0000	0x004
905000		1	0x001	0x00e181	0x0005	0x005
915000		1	0x002	0x000a11	0x0000	0x005
925000		1	0x003	0x00c041	0x0540	0x005
935000		1	0x010	0x000003	0x0000	0x005
945000		1	0x011	0x00e181	0x0006	0x006
955000		1	0x012	0x000a11	0x0000	0x006
965000		1	0x01c	0x000184	0x0000	0x000
975000		1	0x01d	0x00c101	0x00fa	0x000
985000		1	0x000	0x000002	0x0000	0x000
995000		1	0x001	0x00e181	0x0007	0x007
INFO: [USF-XSim-96] XSim completed. Design snapshot 'complete_monitor_test_behav' loaded.
INFO: [USF-XSim-97] XSim simulation ran for 1000ns
launch_simulation: Time (s): cpu = 00:00:03 ; elapsed = 00:00:43 . Memory (MB): peak = 2705.660 ; gain = 0.000
close_sim
INFO: [Simtcl 6-16] Simulation closed
launch_simulation -simset [get_filesets sim_2 ]
Command: launch_simulation  -simset sim_2
INFO: [Vivado 12-12493] Simulation top is 'complete_monitor_test'
WARNING: [Vivado 12-13340] Unable to auto find GCC executables from simulator install path! (path not set)
INFO: [Vivado 12-5698] Checking validity of IPs in the design for the 'XSim' simulator...
INFO: [Vivado 12-5682] Launching behavioral simulation in 'D:/cd3/project_3/project_3.sim/sim_2/behav/xsim'
INFO: [Vivado 12-13660] Precompiled IP simulation library mode is enabled (default). The design IP libraries will be referenced from the compiled library path. Please note that if the precompiled version of the library is not found from the path or the IP is in locked state, then the library source files for these IPs will be compiled locally as part of the compile order.
INFO: [Vivado 12-4795] Using compiled simulation libraries for IPs
INFO: [SIM-utils-51] Simulation object is 'sim_2'
INFO: [SIM-utils-72] Using boost library from 'D:/Vivado/2024.2/tps/boost_1_72_0'
INFO: [USF-XSim-7] Finding pre-compiled libraries...
INFO: [USF-XSim-11] File 'D:/Vivado/2024.2/data/xsim/xsim.ini' copied to run dir:'D:/cd3/project_3/project_3.sim/sim_2/behav/xsim'
INFO: [SIM-utils-54] Inspecting design source files for 'complete_monitor_test' in fileset 'sim_2'...
INFO: [USF-XSim-97] Finding global include files...
INFO: [USF-XSim-98] Fetching design files from 'sim_2'...
INFO: [USF-XSim-2] XSim::Compile design
INFO: [USF-XSim-61] Executing 'COMPILE and ANALYZE' step in 'D:/cd3/project_3/project_3.sim/sim_2/behav/xsim'
"xvlog --incr --relax -prj complete_monitor_test_vlog.prj"
INFO: [VRFC 10-2263] Analyzing Verilog file "D:/cd3/exp3/exp14_source.v" into library xil_defaultlib
INFO: [VRFC 10-311] analyzing module adpt_in
INFO: [VRFC 10-311] analyzing module adpt_out
INFO: [VRFC 10-311] analyzing module adpt_out8
INFO: [VRFC 10-311] analyzing module adpt_out12
INFO: [VRFC 10-311] analyzing module adpt_out16
INFO: [VRFC 10-311] analyzing module adpt_out23
INFO: [VRFC 10-311] analyzing module and2
INFO: [VRFC 10-311] analyzing module not1
INFO: [VRFC 10-311] analyzing module addr_adpt
INFO: [VRFC 10-311] analyzing module UIR
INFO: [VRFC 10-311] analyzing module m74LS161
INFO: [VRFC 10-311] analyzing module rom1_256x24
INFO: [VRFC 10-311] analyzing module rom2_4Kx16
INFO: [VRFC 10-311] analyzing module adder4
INFO: [VRFC 10-311] analyzing module dff4
WARNING: [VRFC 10-9336] redeclaration of ANSI port 'Q3' is not allowed [D:/cd3/exp3/exp14_source.v:265]
INFO: [VRFC 10-311] analyzing module shifter
INFO: [VRFC 10-311] analyzing module carry_output_splitter
INFO: [VRFC 10-311] analyzing module the_12bit_to_3x4bit
INFO: [VRFC 10-311] analyzing module four_bit_checker
INFO: [VRFC 10-311] analyzing module or3_gate
INFO: [VRFC 10-311] analyzing module aggregator_12inputs_to_12bit_sync
INFO: [VRFC 10-311] analyzing module splitter_16bit_to_16outputs
INFO: [VRFC 10-311] analyzing module splitter_12bit_to_12outputs
INFO: [VRFC 10-311] analyzing module bus_slicer_16to12
INFO: [VRFC 10-311] analyzing module register_temp
INFO: [VRFC 10-2263] Analyzing Verilog file "D:/cd3/exp3/D_trigger.v" into library xil_defaultlib
INFO: [VRFC 10-311] analyzing module D_trigger
INFO: [VRFC 10-2263] Analyzing Verilog file "D:/cd3/exp3/and_gate.v" into library xil_defaultlib
INFO: [VRFC 10-311] analyzing module and_gate
INFO: [VRFC 10-2263] Analyzing Verilog file "D:/cd3/exp3/not_gate.v" into library xil_defaultlib
INFO: [VRFC 10-311] analyzing module not_gate
INFO: [VRFC 10-2263] Analyzing Verilog file "D:/cd3/exp3/74161.v" into library xil_defaultlib
INFO: [VRFC 10-311] analyzing module ic_74161
INFO: [VRFC 10-2263] Analyzing Verilog file "D:/cd3/exp3/ram.v" into library xil_defaultlib
INFO: [VRFC 10-311] analyzing module ram
INFO: [VRFC 10-2263] Analyzing Verilog file "D:/cd3/exp3/16bit_reg.v" into library xil_defaultlib
INFO: [VRFC 10-311] analyzing module register_16bit
INFO: [VRFC 10-2263] Analyzing Verilog file "D:/cd3/exp3/12bit_reg.v" into library xil_defaultlib
INFO: [VRFC 10-311] analyzing module register_12bit
INFO: [VRFC 10-2263] Analyzing Verilog file "D:/cd3/exp3/mix5to1.v" into library xil_defaultlib
INFO: [VRFC 10-311] analyzing module mux_5to1_16bit
INFO: [VRFC 10-2263] Analyzing Verilog file "D:/cd3/exp3/aggregator_4bit.v" into library xil_defaultlib
INFO: [VRFC 10-311] analyzing module aggregator_4bit
INFO: [VRFC 10-2263] Analyzing Verilog file "D:/cd3/exp3/74182.v" into library xil_defaultlib
INFO: [VRFC 10-311] analyzing module carry_lookahead_74182
INFO: [VRFC 10-2263] Analyzing Verilog file "D:/cd3/exp3/74181.v" into library xil_defaultlib
INFO: [VRFC 10-311] analyzing module alu_74181
INFO: [VRFC 10-2263] Analyzing Verilog file "D:/cd3/exp3/aggregate_4x4_to_16bit.v" into library xil_defaultlib
INFO: [VRFC 10-311] analyzing module aggregate_4x4_to_16bit
INFO: [VRFC 10-311] analyzing module adpt_out_16bit
INFO: [VRFC 10-2263] Analyzing Verilog file "D:/cd3/exp3/the_16bit_to_4x4bit.v" into library xil_defaultlib
INFO: [VRFC 10-311] analyzing module the_16bit_to_4x4bit
INFO: [VRFC 10-2263] Analyzing Verilog file "D:/cd3/exp3/rom.v" into library xil_defaultlib
INFO: [VRFC 10-311] analyzing module rom_1kx23
INFO: [VRFC 10-2263] Analyzing Verilog file "D:/cd3/exp3/bit_splitter_23.v" into library xil_defaultlib
INFO: [VRFC 10-311] analyzing module bit_splitter_23
INFO: [VRFC 10-2263] Analyzing Verilog file "D:/cd3/exp3/decoder_3to8.v" into library xil_defaultlib
INFO: [VRFC 10-311] analyzing module decoder_3to8
INFO: [VRFC 10-2263] Analyzing Verilog file "D:/cd3/exp3/decoder_2to4.v" into library xil_defaultlib
INFO: [VRFC 10-311] analyzing module decoder_2to4
INFO: [VRFC 10-2263] Analyzing Verilog file "D:/cd3/exp3/or_gate.v" into library xil_defaultlib
INFO: [VRFC 10-311] analyzing module or_gate
INFO: [VRFC 10-2263] Analyzing Verilog file "D:/cd3/project_3/project_3.ip_user_files/bd/design_3/ip/design_3_adpt_in_0_0/sim/design_3_adpt_in_0_0.v" into library xil_defaultlib
INFO: [VRFC 10-311] analyzing module design_3_adpt_in_0_0
INFO: [VRFC 10-2263] Analyzing Verilog file "D:/cd3/project_3/project_3.ip_user_files/bd/design_3/ip/design_3_xlconstant_0_0/sim/design_3_xlconstant_0_0.v" into library xil_defaultlib
INFO: [VRFC 10-311] analyzing module design_3_xlconstant_0_0
INFO: [VRFC 10-2263] Analyzing Verilog file "D:/cd3/project_3/project_3.ip_user_files/bd/design_3/ip/design_3_xlconstant_0_1/sim/design_3_xlconstant_0_1.v" into library xil_defaultlib
INFO: [VRFC 10-311] analyzing module design_3_xlconstant_0_1
INFO: [VRFC 10-2263] Analyzing Verilog file "D:/cd3/project_3/project_3.ip_user_files/bd/design_3/ip/design_3_D_trigger_0_0/sim/design_3_D_trigger_0_0.v" into library xil_defaultlib
INFO: [VRFC 10-311] analyzing module design_3_D_trigger_0_0
INFO: [VRFC 10-2263] Analyzing Verilog file "D:/cd3/project_3/project_3.ip_user_files/bd/design_3/ip/design_3_and_gate_0_0/sim/design_3_and_gate_0_0.v" into library xil_defaultlib
INFO: [VRFC 10-311] analyzing module design_3_and_gate_0_0
INFO: [VRFC 10-2263] Analyzing Verilog file "D:/cd3/project_3/project_3.ip_user_files/bd/design_3/ip/design_3_and_gate_1_0/sim/design_3_and_gate_1_0.v" into library xil_defaultlib
INFO: [VRFC 10-311] analyzing module design_3_and_gate_1_0
INFO: [VRFC 10-2263] Analyzing Verilog file "D:/cd3/project_3/project_3.ip_user_files/bd/design_3/ip/design_3_and_gate_2_0/sim/design_3_and_gate_2_0.v" into library xil_defaultlib
INFO: [VRFC 10-311] analyzing module design_3_and_gate_2_0
INFO: [VRFC 10-2263] Analyzing Verilog file "D:/cd3/project_3/project_3.ip_user_files/bd/design_3/ip/design_3_not_gate_0_0/sim/design_3_not_gate_0_0.v" into library xil_defaultlib
INFO: [VRFC 10-311] analyzing module design_3_not_gate_0_0
INFO: [VRFC 10-2263] Analyzing Verilog file "D:/cd3/project_3/project_3.ip_user_files/bd/design_3/ip/design_3_ic_74161_0_0/sim/design_3_ic_74161_0_0.v" into library xil_defaultlib
INFO: [VRFC 10-311] analyzing module design_3_ic_74161_0_0
INFO: [VRFC 10-2263] Analyzing Verilog file "D:/cd3/project_3/project_3.ip_user_files/bd/design_3/ip/design_3_ic_74161_1_0/sim/design_3_ic_74161_1_0.v" into library xil_defaultlib
INFO: [VRFC 10-311] analyzing module design_3_ic_74161_1_0
INFO: [VRFC 10-2263] Analyzing Verilog file "D:/cd3/project_3/project_3.ip_user_files/bd/design_3/ip/design_3_ic_74161_2_0/sim/design_3_ic_74161_2_0.v" into library xil_defaultlib
INFO: [VRFC 10-311] analyzing module design_3_ic_74161_2_0
INFO: [VRFC 10-2263] Analyzing Verilog file "D:/cd3/project_3/project_3.ip_user_files/bd/design_3/ip/design_3_xlconcat_0_0/sim/design_3_xlconcat_0_0.v" into library xil_defaultlib
INFO: [VRFC 10-311] analyzing module design_3_xlconcat_0_0
INFO: [VRFC 10-2263] Analyzing Verilog file "D:/cd3/project_3/project_3.ip_user_files/bd/design_3/ip/design_3_the_12bit_to_3x4bit_0_1/sim/design_3_the_12bit_to_3x4bit_0_1.v" into library xil_defaultlib
INFO: [VRFC 10-311] analyzing module design_3_the_12bit_to_3x4bit_0_1
INFO: [VRFC 10-2263] Analyzing Verilog file "D:/cd3/project_3/project_3.ip_user_files/bd/design_3/ip/design_3_ram_0_0/sim/design_3_ram_0_0.v" into library xil_defaultlib
INFO: [VRFC 10-311] analyzing module design_3_ram_0_0
INFO: [VRFC 10-2263] Analyzing Verilog file "D:/cd3/project_3/project_3.ip_user_files/bd/design_3/ip/design_3_register_16bit_0_0/sim/design_3_register_16bit_0_0.v" into library xil_defaultlib
INFO: [VRFC 10-311] analyzing module design_3_register_16bit_0_0
INFO: [VRFC 10-2263] Analyzing Verilog file "D:/cd3/project_3/project_3.ip_user_files/bd/design_3/ip/design_3_register_16bit_1_0/sim/design_3_register_16bit_1_0.v" into library xil_defaultlib
INFO: [VRFC 10-311] analyzing module design_3_register_16bit_1_0
INFO: [VRFC 10-2263] Analyzing Verilog file "D:/cd3/project_3/project_3.ip_user_files/bd/design_3/ip/design_3_register_16bit_2_0/sim/design_3_register_16bit_2_0.v" into library xil_defaultlib
INFO: [VRFC 10-311] analyzing module design_3_register_16bit_2_0
INFO: [VRFC 10-2263] Analyzing Verilog file "D:/cd3/project_3/project_3.ip_user_files/bd/design_3/ip/design_3_register_16bit_3_0/sim/design_3_register_16bit_3_0.v" into library xil_defaultlib
INFO: [VRFC 10-311] analyzing module design_3_register_16bit_3_0
INFO: [VRFC 10-2263] Analyzing Verilog file "D:/cd3/project_3/project_3.ip_user_files/bd/design_3/ip/design_3_register_16bit_4_0/sim/design_3_register_16bit_4_0.v" into library xil_defaultlib
INFO: [VRFC 10-311] analyzing module design_3_register_16bit_4_0
INFO: [VRFC 10-2263] Analyzing Verilog file "D:/cd3/project_3/project_3.ip_user_files/bd/design_3/ip/design_3_register_12bit_0_0/sim/design_3_register_12bit_0_0.v" into library xil_defaultlib
INFO: [VRFC 10-311] analyzing module design_3_register_12bit_0_0
INFO: [VRFC 10-2263] Analyzing Verilog file "D:/cd3/project_3/project_3.ip_user_files/bd/design_3/ip/design_3_register_16bit_3_1/sim/design_3_register_16bit_3_1.v" into library xil_defaultlib
INFO: [VRFC 10-311] analyzing module design_3_register_16bit_3_1
INFO: [VRFC 10-2263] Analyzing Verilog file "D:/cd3/project_3/project_3.ip_user_files/bd/design_3/ip/design_3_MDR_0/sim/design_3_MDR_0.v" into library xil_defaultlib
INFO: [VRFC 10-311] analyzing module design_3_MDR_0
INFO: [VRFC 10-2263] Analyzing Verilog file "D:/cd3/project_3/project_3.ip_user_files/bd/design_3/ip/design_3_register_16bit_0_1/sim/design_3_register_16bit_0_1.v" into library xil_defaultlib
INFO: [VRFC 10-311] analyzing module design_3_register_16bit_0_1
INFO: [VRFC 10-2263] Analyzing Verilog file "D:/cd3/project_3/project_3.ip_user_files/bd/design_3/ip/design_3_mux_5to1_16bit_0_0/sim/design_3_mux_5to1_16bit_0_0.v" into library xil_defaultlib
INFO: [VRFC 10-311] analyzing module design_3_mux_5to1_16bit_0_0
INFO: [VRFC 10-2263] Analyzing Verilog file "D:/cd3/project_3/project_3.ip_user_files/bd/design_3/ip/design_3_aggregator_4bit_0_1/sim/design_3_aggregator_4bit_0_1.v" into library xil_defaultlib
INFO: [VRFC 10-311] analyzing module design_3_aggregator_4bit_0_1
INFO: [VRFC 10-2263] Analyzing Verilog file "D:/cd3/project_3/project_3.ip_user_files/bd/design_3/ip/design_3_carry_lookahead_74182_0_0/sim/design_3_carry_lookahead_74182_0_0.v" into library xil_defaultlib
INFO: [VRFC 10-311] analyzing module design_3_carry_lookahead_74182_0_0
INFO: [VRFC 10-2263] Analyzing Verilog file "D:/cd3/project_3/project_3.ip_user_files/bd/design_3/ip/design_3_aggregator_4bit_1_0/sim/design_3_aggregator_4bit_1_0.v" into library xil_defaultlib
INFO: [VRFC 10-311] analyzing module design_3_aggregator_4bit_1_0
INFO: [VRFC 10-2263] Analyzing Verilog file "D:/cd3/project_3/project_3.ip_user_files/bd/design_3/ip/design_3_alu_74181_0_0/sim/design_3_alu_74181_0_0.v" into library xil_defaultlib
INFO: [VRFC 10-311] analyzing module design_3_alu_74181_0_0
INFO: [VRFC 10-2263] Analyzing Verilog file "D:/cd3/project_3/project_3.ip_user_files/bd/design_3/ip/design_3_alu_74181_1_0/sim/design_3_alu_74181_1_0.v" into library xil_defaultlib
INFO: [VRFC 10-311] analyzing module design_3_alu_74181_1_0
INFO: [VRFC 10-2263] Analyzing Verilog file "D:/cd3/project_3/project_3.ip_user_files/bd/design_3/ip/design_3_alu_74181_2_0/sim/design_3_alu_74181_2_0.v" into library xil_defaultlib
INFO: [VRFC 10-311] analyzing module design_3_alu_74181_2_0
INFO: [VRFC 10-2263] Analyzing Verilog file "D:/cd3/project_3/project_3.ip_user_files/bd/design_3/ip/design_3_aggregate_4x4_to_16b_0_0/sim/design_3_aggregate_4x4_to_16b_0_0.v" into library xil_defaultlib
INFO: [VRFC 10-311] analyzing module design_3_aggregate_4x4_to_16b_0_0
INFO: [VRFC 10-2263] Analyzing Verilog file "D:/cd3/project_3/project_3.ip_user_files/bd/design_3/ip/design_3_the_16bit_to_4x4bit_2_0/sim/design_3_the_16bit_to_4x4bit_2_0.v" into library xil_defaultlib
INFO: [VRFC 10-311] analyzing module design_3_the_16bit_to_4x4bit_2_0
INFO: [VRFC 10-2263] Analyzing Verilog file "D:/cd3/project_3/project_3.ip_user_files/bd/design_3/ip/design_3_the_16bit_to_4x4bit_0_1/sim/design_3_the_16bit_to_4x4bit_0_1.v" into library xil_defaultlib
INFO: [VRFC 10-311] analyzing module design_3_the_16bit_to_4x4bit_0_1
INFO: [VRFC 10-2263] Analyzing Verilog file "D:/cd3/project_3/project_3.ip_user_files/bd/design_3/ip/design_3_alu_74181_3_0/sim/design_3_alu_74181_3_0.v" into library xil_defaultlib
INFO: [VRFC 10-311] analyzing module design_3_alu_74181_3_0
INFO: [VRFC 10-2263] Analyzing Verilog file "D:/cd3/project_3/project_3.ip_user_files/bd/design_3/ip/design_3_carry_output_splitter_0_0/sim/design_3_carry_output_splitter_0_0.v" into library xil_defaultlib
INFO: [VRFC 10-311] analyzing module design_3_carry_output_splitter_0_0
INFO: [VRFC 10-2263] Analyzing Verilog file "D:/cd3/project_3/project_3.ip_user_files/bd/design_3/ip/design_3_not_gate_1_0/sim/design_3_not_gate_1_0.v" into library xil_defaultlib
INFO: [VRFC 10-311] analyzing module design_3_not_gate_1_0
INFO: [VRFC 10-2263] Analyzing Verilog file "D:/cd3/project_3/project_3.ip_user_files/bd/design_3/ip/design_3_ic_74161_0_1/sim/design_3_ic_74161_0_1.v" into library xil_defaultlib
INFO: [VRFC 10-311] analyzing module design_3_ic_74161_0_1
INFO: [VRFC 10-2263] Analyzing Verilog file "D:/cd3/project_3/project_3.ip_user_files/bd/design_3/ip/design_3_ic_74161_1_1/sim/design_3_ic_74161_1_1.v" into library xil_defaultlib
INFO: [VRFC 10-311] analyzing module design_3_ic_74161_1_1
INFO: [VRFC 10-2263] Analyzing Verilog file "D:/cd3/project_3/project_3.ip_user_files/bd/design_3/ip/design_3_ic_74161_2_1/sim/design_3_ic_74161_2_1.v" into library xil_defaultlib
INFO: [VRFC 10-311] analyzing module design_3_ic_74161_2_1
INFO: [VRFC 10-2263] Analyzing Verilog file "D:/cd3/project_3/project_3.ip_user_files/bd/design_3/ip/design_3_xlconcat_0_1/sim/design_3_xlconcat_0_1.v" into library xil_defaultlib
INFO: [VRFC 10-311] analyzing module design_3_xlconcat_0_1
INFO: [VRFC 10-2263] Analyzing Verilog file "D:/cd3/project_3/project_3.ip_user_files/bd/design_3/ip/design_3_the_12bit_to_3x4bit_0_0/sim/design_3_the_12bit_to_3x4bit_0_0.v" into library xil_defaultlib
INFO: [VRFC 10-311] analyzing module design_3_the_12bit_to_3x4bit_0_0
INFO: [VRFC 10-2263] Analyzing Verilog file "D:/cd3/project_3/project_3.ip_user_files/bd/design_3/ip/design_3_rom_1kx23_0_0/sim/design_3_rom_1kx23_0_0.v" into library xil_defaultlib
INFO: [VRFC 10-311] analyzing module design_3_rom_1kx23_0_0
INFO: [VRFC 10-2263] Analyzing Verilog file "D:/cd3/project_3/project_3.ip_user_files/bd/design_3/ip/design_3_bit_splitter_23_0_0/sim/design_3_bit_splitter_23_0_0.v" into library xil_defaultlib
INFO: [VRFC 10-311] analyzing module design_3_bit_splitter_23_0_0
INFO: [VRFC 10-2263] Analyzing Verilog file "D:/cd3/project_3/project_3.ip_user_files/bd/design_3/ip/design_3_decoder_3to8_0_2/sim/design_3_decoder_3to8_0_2.v" into library xil_defaultlib
INFO: [VRFC 10-311] analyzing module design_3_decoder_3to8_0_2
INFO: [VRFC 10-2263] Analyzing Verilog file "D:/cd3/project_3/project_3.ip_user_files/bd/design_3/ip/design_3_decoder_2to4_0_0/sim/design_3_decoder_2to4_0_0.v" into library xil_defaultlib
INFO: [VRFC 10-311] analyzing module design_3_decoder_2to4_0_0
INFO: [VRFC 10-2263] Analyzing Verilog file "D:/cd3/project_3/project_3.ip_user_files/bd/design_3/ip/design_3_decoder_3to8_1_0/sim/design_3_decoder_3to8_1_0.v" into library xil_defaultlib
INFO: [VRFC 10-311] analyzing module design_3_decoder_3to8_1_0
INFO: [VRFC 10-2263] Analyzing Verilog file "D:/cd3/project_3/project_3.ip_user_files/bd/design_3/ip/design_3_decoder_2to4_1_0/sim/design_3_decoder_2to4_1_0.v" into library xil_defaultlib
INFO: [VRFC 10-311] analyzing module design_3_decoder_2to4_1_0
INFO: [VRFC 10-2263] Analyzing Verilog file "D:/cd3/project_3/project_3.ip_user_files/bd/design_3/ip/design_3_not1_0_0/sim/design_3_not1_0_0.v" into library xil_defaultlib
INFO: [VRFC 10-311] analyzing module design_3_not1_0_0
INFO: [VRFC 10-2263] Analyzing Verilog file "D:/cd3/project_3/project_3.ip_user_files/bd/design_3/ip/design_3_decoder_3to8_2_0/sim/design_3_decoder_3to8_2_0.v" into library xil_defaultlib
INFO: [VRFC 10-311] analyzing module design_3_decoder_3to8_2_0
INFO: [VRFC 10-2263] Analyzing Verilog file "D:/cd3/project_3/project_3.ip_user_files/bd/design_3/ip/design_3_and2_1_0/sim/design_3_and2_1_0.v" into library xil_defaultlib
INFO: [VRFC 10-311] analyzing module design_3_and2_1_0
INFO: [VRFC 10-2263] Analyzing Verilog file "D:/cd3/project_3/project_3.ip_user_files/bd/design_3/ip/design_3_and2_2_0/sim/design_3_and2_2_0.v" into library xil_defaultlib
INFO: [VRFC 10-311] analyzing module design_3_and2_2_0
INFO: [VRFC 10-2263] Analyzing Verilog file "D:/cd3/project_3/project_3.ip_user_files/bd/design_3/ip/design_3_or3_gate_0_0/sim/design_3_or3_gate_0_0.v" into library xil_defaultlib
INFO: [VRFC 10-311] analyzing module design_3_or3_gate_0_0
INFO: [VRFC 10-2263] Analyzing Verilog file "D:/cd3/project_3/project_3.ip_user_files/bd/design_3/ip/design_3_and2_0_0/sim/design_3_and2_0_0.v" into library xil_defaultlib
INFO: [VRFC 10-311] analyzing module design_3_and2_0_0
INFO: [VRFC 10-2263] Analyzing Verilog file "D:/cd3/project_3/project_3.ip_user_files/bd/design_3/ip/design_3_and2_1_1/sim/design_3_and2_1_1.v" into library xil_defaultlib
INFO: [VRFC 10-311] analyzing module design_3_and2_1_1
INFO: [VRFC 10-2263] Analyzing Verilog file "D:/cd3/project_3/project_3.ip_user_files/bd/design_3/ip/design_3_and2_2_1/sim/design_3_and2_2_1.v" into library xil_defaultlib
INFO: [VRFC 10-311] analyzing module design_3_and2_2_1
INFO: [VRFC 10-2263] Analyzing Verilog file "D:/cd3/project_3/project_3.ip_user_files/bd/design_3/ip/design_3_or3_gate_0_1/sim/design_3_or3_gate_0_1.v" into library xil_defaultlib
INFO: [VRFC 10-311] analyzing module design_3_or3_gate_0_1
INFO: [VRFC 10-2263] Analyzing Verilog file "D:/cd3/project_3/project_3.ip_user_files/bd/design_3/ip/design_3_and2_0_1/sim/design_3_and2_0_1.v" into library xil_defaultlib
INFO: [VRFC 10-311] analyzing module design_3_and2_0_1
INFO: [VRFC 10-2263] Analyzing Verilog file "D:/cd3/project_3/project_3.ip_user_files/bd/design_3/ip/design_3_and2_3_7/sim/design_3_and2_3_7.v" into library xil_defaultlib
INFO: [VRFC 10-311] analyzing module design_3_and2_3_7
INFO: [VRFC 10-2263] Analyzing Verilog file "D:/cd3/project_3/project_3.ip_user_files/bd/design_3/ip/design_3_and2_1_2/sim/design_3_and2_1_2.v" into library xil_defaultlib
INFO: [VRFC 10-311] analyzing module design_3_and2_1_2
INFO: [VRFC 10-2263] Analyzing Verilog file "D:/cd3/project_3/project_3.ip_user_files/bd/design_3/ip/design_3_and2_2_2/sim/design_3_and2_2_2.v" into library xil_defaultlib
INFO: [VRFC 10-311] analyzing module design_3_and2_2_2
INFO: [VRFC 10-2263] Analyzing Verilog file "D:/cd3/project_3/project_3.ip_user_files/bd/design_3/ip/design_3_or3_gate_0_2/sim/design_3_or3_gate_0_2.v" into library xil_defaultlib
INFO: [VRFC 10-311] analyzing module design_3_or3_gate_0_2
INFO: [VRFC 10-2263] Analyzing Verilog file "D:/cd3/project_3/project_3.ip_user_files/bd/design_3/ip/design_3_and2_0_2/sim/design_3_and2_0_2.v" into library xil_defaultlib
INFO: [VRFC 10-311] analyzing module design_3_and2_0_2
INFO: [VRFC 10-2263] Analyzing Verilog file "D:/cd3/project_3/project_3.ip_user_files/bd/design_3/ip/design_3_and2_3_6/sim/design_3_and2_3_6.v" into library xil_defaultlib
INFO: [VRFC 10-311] analyzing module design_3_and2_3_6
INFO: [VRFC 10-2263] Analyzing Verilog file "D:/cd3/project_3/project_3.ip_user_files/bd/design_3/ip/design_3_and2_1_3/sim/design_3_and2_1_3.v" into library xil_defaultlib
INFO: [VRFC 10-311] analyzing module design_3_and2_1_3
INFO: [VRFC 10-2263] Analyzing Verilog file "D:/cd3/project_3/project_3.ip_user_files/bd/design_3/ip/design_3_and2_2_3/sim/design_3_and2_2_3.v" into library xil_defaultlib
INFO: [VRFC 10-311] analyzing module design_3_and2_2_3
INFO: [VRFC 10-2263] Analyzing Verilog file "D:/cd3/project_3/project_3.ip_user_files/bd/design_3/ip/design_3_or3_gate_0_3/sim/design_3_or3_gate_0_3.v" into library xil_defaultlib
INFO: [VRFC 10-311] analyzing module design_3_or3_gate_0_3
INFO: [VRFC 10-2263] Analyzing Verilog file "D:/cd3/project_3/project_3.ip_user_files/bd/design_3/ip/design_3_and2_0_3/sim/design_3_and2_0_3.v" into library xil_defaultlib
INFO: [VRFC 10-311] analyzing module design_3_and2_0_3
INFO: [VRFC 10-2263] Analyzing Verilog file "D:/cd3/project_3/project_3.ip_user_files/bd/design_3/ip/design_3_and2_3_5/sim/design_3_and2_3_5.v" into library xil_defaultlib
INFO: [VRFC 10-311] analyzing module design_3_and2_3_5
INFO: [VRFC 10-2263] Analyzing Verilog file "D:/cd3/project_3/project_3.ip_user_files/bd/design_3/ip/design_3_and2_1_4/sim/design_3_and2_1_4.v" into library xil_defaultlib
INFO: [VRFC 10-311] analyzing module design_3_and2_1_4
INFO: [VRFC 10-2263] Analyzing Verilog file "D:/cd3/project_3/project_3.ip_user_files/bd/design_3/ip/design_3_and2_2_4/sim/design_3_and2_2_4.v" into library xil_defaultlib
INFO: [VRFC 10-311] analyzing module design_3_and2_2_4
INFO: [VRFC 10-2263] Analyzing Verilog file "D:/cd3/project_3/project_3.ip_user_files/bd/design_3/ip/design_3_or3_gate_0_4/sim/design_3_or3_gate_0_4.v" into library xil_defaultlib
INFO: [VRFC 10-311] analyzing module design_3_or3_gate_0_4
INFO: [VRFC 10-2263] Analyzing Verilog file "D:/cd3/project_3/project_3.ip_user_files/bd/design_3/ip/design_3_and2_0_4/sim/design_3_and2_0_4.v" into library xil_defaultlib
INFO: [VRFC 10-311] analyzing module design_3_and2_0_4
INFO: [VRFC 10-2263] Analyzing Verilog file "D:/cd3/project_3/project_3.ip_user_files/bd/design_3/ip/design_3_and2_1_10/sim/design_3_and2_1_10.v" into library xil_defaultlib
INFO: [VRFC 10-311] analyzing module design_3_and2_1_10
INFO: [VRFC 10-2263] Analyzing Verilog file "D:/cd3/project_3/project_3.ip_user_files/bd/design_3/ip/design_3_and2_1_5/sim/design_3_and2_1_5.v" into library xil_defaultlib
INFO: [VRFC 10-311] analyzing module design_3_and2_1_5
INFO: [VRFC 10-2263] Analyzing Verilog file "D:/cd3/project_3/project_3.ip_user_files/bd/design_3/ip/design_3_and2_2_5/sim/design_3_and2_2_5.v" into library xil_defaultlib
INFO: [VRFC 10-311] analyzing module design_3_and2_2_5
INFO: [VRFC 10-2263] Analyzing Verilog file "D:/cd3/project_3/project_3.ip_user_files/bd/design_3/ip/design_3_or3_gate_0_5/sim/design_3_or3_gate_0_5.v" into library xil_defaultlib
INFO: [VRFC 10-311] analyzing module design_3_or3_gate_0_5
INFO: [VRFC 10-2263] Analyzing Verilog file "D:/cd3/project_3/project_3.ip_user_files/bd/design_3/ip/design_3_and2_0_5/sim/design_3_and2_0_5.v" into library xil_defaultlib
INFO: [VRFC 10-311] analyzing module design_3_and2_0_5
INFO: [VRFC 10-2263] Analyzing Verilog file "D:/cd3/project_3/project_3.ip_user_files/bd/design_3/ip/design_3_and2_3_4/sim/design_3_and2_3_4.v" into library xil_defaultlib
INFO: [VRFC 10-311] analyzing module design_3_and2_3_4
INFO: [VRFC 10-2263] Analyzing Verilog file "D:/cd3/project_3/project_3.ip_user_files/bd/design_3/ip/design_3_and2_1_6/sim/design_3_and2_1_6.v" into library xil_defaultlib
INFO: [VRFC 10-311] analyzing module design_3_and2_1_6
INFO: [VRFC 10-2263] Analyzing Verilog file "D:/cd3/project_3/project_3.ip_user_files/bd/design_3/ip/design_3_and2_2_6/sim/design_3_and2_2_6.v" into library xil_defaultlib
INFO: [VRFC 10-311] analyzing module design_3_and2_2_6
INFO: [VRFC 10-2263] Analyzing Verilog file "D:/cd3/project_3/project_3.ip_user_files/bd/design_3/ip/design_3_or3_gate_0_6/sim/design_3_or3_gate_0_6.v" into library xil_defaultlib
INFO: [VRFC 10-311] analyzing module design_3_or3_gate_0_6
INFO: [VRFC 10-2263] Analyzing Verilog file "D:/cd3/project_3/project_3.ip_user_files/bd/design_3/ip/design_3_and2_0_6/sim/design_3_and2_0_6.v" into library xil_defaultlib
INFO: [VRFC 10-311] analyzing module design_3_and2_0_6
INFO: [VRFC 10-2263] Analyzing Verilog file "D:/cd3/project_3/project_3.ip_user_files/bd/design_3/ip/design_3_and2_3_3/sim/design_3_and2_3_3.v" into library xil_defaultlib
INFO: [VRFC 10-311] analyzing module design_3_and2_3_3
INFO: [VRFC 10-2263] Analyzing Verilog file "D:/cd3/project_3/project_3.ip_user_files/bd/design_3/ip/design_3_and2_1_7/sim/design_3_and2_1_7.v" into library xil_defaultlib
INFO: [VRFC 10-311] analyzing module design_3_and2_1_7
INFO: [VRFC 10-2263] Analyzing Verilog file "D:/cd3/project_3/project_3.ip_user_files/bd/design_3/ip/design_3_and2_2_7/sim/design_3_and2_2_7.v" into library xil_defaultlib
INFO: [VRFC 10-311] analyzing module design_3_and2_2_7
INFO: [VRFC 10-2263] Analyzing Verilog file "D:/cd3/project_3/project_3.ip_user_files/bd/design_3/ip/design_3_or3_gate_0_7/sim/design_3_or3_gate_0_7.v" into library xil_defaultlib
INFO: [VRFC 10-311] analyzing module design_3_or3_gate_0_7
INFO: [VRFC 10-2263] Analyzing Verilog file "D:/cd3/project_3/project_3.ip_user_files/bd/design_3/ip/design_3_and2_0_7/sim/design_3_and2_0_7.v" into library xil_defaultlib
INFO: [VRFC 10-311] analyzing module design_3_and2_0_7
INFO: [VRFC 10-2263] Analyzing Verilog file "D:/cd3/project_3/project_3.ip_user_files/bd/design_3/ip/design_3_and2_3_2/sim/design_3_and2_3_2.v" into library xil_defaultlib
INFO: [VRFC 10-311] analyzing module design_3_and2_3_2
INFO: [VRFC 10-2263] Analyzing Verilog file "D:/cd3/project_3/project_3.ip_user_files/bd/design_3/ip/design_3_and2_1_8/sim/design_3_and2_1_8.v" into library xil_defaultlib
INFO: [VRFC 10-311] analyzing module design_3_and2_1_8
INFO: [VRFC 10-2263] Analyzing Verilog file "D:/cd3/project_3/project_3.ip_user_files/bd/design_3/ip/design_3_and2_2_8/sim/design_3_and2_2_8.v" into library xil_defaultlib
INFO: [VRFC 10-311] analyzing module design_3_and2_2_8
INFO: [VRFC 10-2263] Analyzing Verilog file "D:/cd3/project_3/project_3.ip_user_files/bd/design_3/ip/design_3_or3_gate_0_8/sim/design_3_or3_gate_0_8.v" into library xil_defaultlib
INFO: [VRFC 10-311] analyzing module design_3_or3_gate_0_8
INFO: [VRFC 10-2263] Analyzing Verilog file "D:/cd3/project_3/project_3.ip_user_files/bd/design_3/ip/design_3_and2_0_8/sim/design_3_and2_0_8.v" into library xil_defaultlib
INFO: [VRFC 10-311] analyzing module design_3_and2_0_8
INFO: [VRFC 10-2263] Analyzing Verilog file "D:/cd3/project_3/project_3.ip_user_files/bd/design_3/ip/design_3_and2_3_1/sim/design_3_and2_3_1.v" into library xil_defaultlib
INFO: [VRFC 10-311] analyzing module design_3_and2_3_1
INFO: [VRFC 10-2263] Analyzing Verilog file "D:/cd3/project_3/project_3.ip_user_files/bd/design_3/ip/design_3_and2_1_9/sim/design_3_and2_1_9.v" into library xil_defaultlib
INFO: [VRFC 10-311] analyzing module design_3_and2_1_9
INFO: [VRFC 10-2263] Analyzing Verilog file "D:/cd3/project_3/project_3.ip_user_files/bd/design_3/ip/design_3_and2_2_9/sim/design_3_and2_2_9.v" into library xil_defaultlib
INFO: [VRFC 10-311] analyzing module design_3_and2_2_9
INFO: [VRFC 10-2263] Analyzing Verilog file "D:/cd3/project_3/project_3.ip_user_files/bd/design_3/ip/design_3_or3_gate_0_9/sim/design_3_or3_gate_0_9.v" into library xil_defaultlib
INFO: [VRFC 10-311] analyzing module design_3_or3_gate_0_9
INFO: [VRFC 10-2263] Analyzing Verilog file "D:/cd3/project_3/project_3.ip_user_files/bd/design_3/ip/design_3_and2_0_9/sim/design_3_and2_0_9.v" into library xil_defaultlib
INFO: [VRFC 10-311] analyzing module design_3_and2_0_9
INFO: [VRFC 10-2263] Analyzing Verilog file "D:/cd3/project_3/project_3.ip_user_files/bd/design_3/ip/design_3_and2_3_0/sim/design_3_and2_3_0.v" into library xil_defaultlib
INFO: [VRFC 10-311] analyzing module design_3_and2_3_0
INFO: [VRFC 10-2263] Analyzing Verilog file "D:/cd3/project_3/project_3.ip_user_files/bd/design_3/ip/design_3_aggregator_12inputs_0_1/sim/design_3_aggregator_12inputs_0_1.v" into library xil_defaultlib
INFO: [VRFC 10-311] analyzing module design_3_aggregator_12inputs_0_1
INFO: [VRFC 10-2263] Analyzing Verilog file "D:/cd3/project_3/project_3.ip_user_files/bd/design_3/ip/design_3_splitter_16bit_to_16_0_0/sim/design_3_splitter_16bit_to_16_0_0.v" into library xil_defaultlib
INFO: [VRFC 10-311] analyzing module design_3_splitter_16bit_to_16_0_0
INFO: [VRFC 10-2263] Analyzing Verilog file "D:/cd3/project_3/project_3.ip_user_files/bd/design_3/ip/design_3_not_gate_0_1/sim/design_3_not_gate_0_1.v" into library xil_defaultlib
INFO: [VRFC 10-311] analyzing module design_3_not_gate_0_1
INFO: [VRFC 10-2263] Analyzing Verilog file "D:/cd3/project_3/project_3.ip_user_files/bd/design_3/ip/design_3_bus_slicer_16to12_0_0/sim/design_3_bus_slicer_16to12_0_0.v" into library xil_defaultlib
INFO: [VRFC 10-311] analyzing module design_3_bus_slicer_16to12_0_0
INFO: [VRFC 10-2263] Analyzing Verilog file "D:/cd3/project_3/project_3.ip_user_files/bd/design_3/ip/design_3_or_gate_0_0/sim/design_3_or_gate_0_0.v" into library xil_defaultlib
INFO: [VRFC 10-311] analyzing module design_3_or_gate_0_0
INFO: [VRFC 10-2263] Analyzing Verilog file "D:/cd3/project_3/project_3.ip_user_files/bd/design_3/ip/design_3_and_gate_0_1/sim/design_3_and_gate_0_1.v" into library xil_defaultlib
INFO: [VRFC 10-311] analyzing module design_3_and_gate_0_1
INFO: [VRFC 10-2263] Analyzing Verilog file "D:/cd3/project_3/project_3.ip_user_files/bd/design_3/ip/design_3_and_gate_1_1/sim/design_3_and_gate_1_1.v" into library xil_defaultlib
INFO: [VRFC 10-311] analyzing module design_3_and_gate_1_1
INFO: [VRFC 10-2263] Analyzing Verilog file "D:/cd3/project_3/project_3.ip_user_files/bd/design_3/ip/design_3_not_gate_1_1/sim/design_3_not_gate_1_1.v" into library xil_defaultlib
INFO: [VRFC 10-311] analyzing module design_3_not_gate_1_1
INFO: [VRFC 10-2263] Analyzing Verilog file "D:/cd3/project_3/project_3.ip_user_files/bd/design_3/ip/design_3_or_gate_1_0/sim/design_3_or_gate_1_0.v" into library xil_defaultlib
INFO: [VRFC 10-311] analyzing module design_3_or_gate_1_0
INFO: [VRFC 10-2263] Analyzing Verilog file "D:/cd3/project_3/project_3.ip_user_files/bd/design_3/ip/design_3_and2_0_10/sim/design_3_and2_0_10.v" into library xil_defaultlib
INFO: [VRFC 10-311] analyzing module design_3_and2_0_10
INFO: [VRFC 10-2263] Analyzing Verilog file "D:/cd3/project_3/project_3.ip_user_files/bd/design_3/ip/design_3_splitter_12bit_to_12_0_0/sim/design_3_splitter_12bit_to_12_0_0.v" into library xil_defaultlib
INFO: [VRFC 10-311] analyzing module design_3_splitter_12bit_to_12_0_0
INFO: [VRFC 10-2263] Analyzing Verilog file "D:/cd3/project_3/project_3.ip_user_files/bd/design_3/ip/design_3_and2_1_11/sim/design_3_and2_1_11.v" into library xil_defaultlib
INFO: [VRFC 10-311] analyzing module design_3_and2_1_11
INFO: [VRFC 10-2263] Analyzing Verilog file "D:/cd3/project_3/project_3.ip_user_files/bd/design_3/sim/design_3.v" into library xil_defaultlib
INFO: [VRFC 10-311] analyzing module ALU_imp_JZDUAB
INFO: [VRFC 10-311] analyzing module PC_imp_1MALNP6
INFO: [VRFC 10-311] analyzing module design_3
INFO: [VRFC 10-311] analyzing module dlxzq0_imp_1UWU5O7
INFO: [VRFC 10-311] analyzing module dlxzq1_imp_1RX16K4
INFO: [VRFC 10-311] analyzing module dlxzq2_imp_1Q3O4OH
INFO: [VRFC 10-311] analyzing module dlxzq3_imp_1JOESQA
INFO: [VRFC 10-311] analyzing module dlxzq4_imp_1BY0A4B
INFO: [VRFC 10-311] analyzing module dlxzq5_imp_1G2S77C
INFO: [VRFC 10-311] analyzing module dlxzq6_imp_104XQRH
INFO: [VRFC 10-311] analyzing module dlxzq7_imp_15F2LTQ
INFO: [VRFC 10-311] analyzing module dlxzq8_imp_KT4I7J
INFO: [VRFC 10-311] analyzing module dlxzq9_imp_PY44MK
INFO: [VRFC 10-311] analyzing module start_imp_NYSA1T
INFO: [VRFC 10-311] analyzing module uPC_imp_E5D2MO
INFO: [VRFC 10-2263] Analyzing Verilog file "D:/cd3/design_3/hdl/design_3_wrapper.v" into library xil_defaultlib
INFO: [VRFC 10-311] analyzing module design_3_wrapper
INFO: [VRFC 10-2263] Analyzing Verilog file "D:/cd3/exp3/simple_core_test.v" into library xil_defaultlib
INFO: [VRFC 10-311] analyzing module complete_monitor_test
run_program: Time (s): cpu = 00:00:01 ; elapsed = 00:00:17 . Memory (MB): peak = 2734.570 ; gain = 0.000
INFO: [USF-XSim-69] 'compile' step finished in '17' seconds
INFO: [USF-XSim-3] XSim::Elaborate design
INFO: [USF-XSim-61] Executing 'ELABORATE' step in 'D:/cd3/project_3/project_3.sim/sim_2/behav/xsim'
"xelab --incr --debug typical --relax --mt 2 -L xil_defaultlib -L xlconstant_v1_1_9 -L xlconcat_v2_1_6 -L unisims_ver -L unimacro_ver -L secureip -L xpm --snapshot complete_monitor_test_behav xil_defaultlib.complete_monitor_test xil_defaultlib.glbl -log elaborate.log"
Vivado Simulator v2024.2.0
Copyright 1986-2022 Xilinx, Inc. All Rights Reserved.
Copyright 2022-2024 Advanced Micro Devices, Inc. All Rights Reserved.
Running: D:/Vivado/2024.2/bin/unwrapped/win64.o/xelab.exe --incr --debug typical --relax --mt 2 -L xil_defaultlib -L xlconstant_v1_1_9 -L xlconcat_v2_1_6 -L unisims_ver -L unimacro_ver -L secureip -L xpm --snapshot complete_monitor_test_behav xil_defaultlib.complete_monitor_test xil_defaultlib.glbl -log elaborate.log 
Using 2 slave threads.
Starting static elaboration
Pass Through NonSizing Optimizer
WARNING: [VRFC 10-5021] port 'a' is not connected on this instance [D:/cd3/project_3/project_3.ip_user_files/bd/design_3/sim/design_3.v:1270]
Completed static elaboration
Starting simulation data flow analysis
WARNING: [XSIM 43-4099] "D:/cd3/exp3/aggregate_4x4_to_16bit.v" Line 1. Module aggregate_4x4_to_16bit doesn't have a timescale but at least one module in design has a timescale.
WARNING: [XSIM 43-4099] "D:/cd3/exp3/aggregator_4bit.v" Line 1. Module aggregator_4bit doesn't have a timescale but at least one module in design has a timescale.
WARNING: [XSIM 43-4099] "D:/cd3/exp3/aggregator_4bit.v" Line 1. Module aggregator_4bit doesn't have a timescale but at least one module in design has a timescale.
WARNING: [XSIM 43-4099] "D:/cd3/exp3/74181.v" Line 1. Module alu_74181 doesn't have a timescale but at least one module in design has a timescale.
WARNING: [XSIM 43-4099] "D:/cd3/exp3/74181.v" Line 1. Module alu_74181 doesn't have a timescale but at least one module in design has a timescale.
WARNING: [XSIM 43-4099] "D:/cd3/exp3/74181.v" Line 1. Module alu_74181 doesn't have a timescale but at least one module in design has a timescale.
WARNING: [XSIM 43-4099] "D:/cd3/exp3/74181.v" Line 1. Module alu_74181 doesn't have a timescale but at least one module in design has a timescale.
WARNING: [XSIM 43-4099] "D:/cd3/exp3/74182.v" Line 1. Module carry_lookahead_74182 doesn't have a timescale but at least one module in design has a timescale.
WARNING: [XSIM 43-4099] "D:/cd3/exp3/exp14_source.v" Line 309. Module carry_output_splitter doesn't have a timescale but at least one module in design has a timescale.
WARNING: [XSIM 43-4099] "D:/cd3/exp3/not_gate.v" Line 1. Module not_gate doesn't have a timescale but at least one module in design has a timescale.
WARNING: [XSIM 43-4099] "D:/cd3/exp3/the_16bit_to_4x4bit.v" Line 1. Module the_16bit_to_4x4bit doesn't have a timescale but at least one module in design has a timescale.
WARNING: [XSIM 43-4099] "D:/cd3/exp3/the_16bit_to_4x4bit.v" Line 1. Module the_16bit_to_4x4bit doesn't have a timescale but at least one module in design has a timescale.
WARNING: [XSIM 43-4099] "D:/cd3/exp3/rom.v" Line 1. Module rom_1kx23 doesn't have a timescale but at least one module in design has a timescale.
WARNING: [XSIM 43-4099] "D:/cd3/exp3/16bit_reg.v" Line 1. Module register_16bit doesn't have a timescale but at least one module in design has a timescale.
WARNING: [XSIM 43-4099] "D:/cd3/exp3/12bit_reg.v" Line 1. Module register_12bit doesn't have a timescale but at least one module in design has a timescale.
WARNING: [XSIM 43-4099] "D:/cd3/exp3/16bit_reg.v" Line 1. Module register_16bit doesn't have a timescale but at least one module in design has a timescale.
WARNING: [XSIM 43-4099] "D:/cd3/exp3/16bit_reg.v" Line 1. Module register_16bit doesn't have a timescale but at least one module in design has a timescale.
WARNING: [XSIM 43-4099] "D:/cd3/exp3/74161.v" Line 1. Module ic_74161 doesn't have a timescale but at least one module in design has a timescale.
WARNING: [XSIM 43-4099] "D:/cd3/exp3/74161.v" Line 1. Module ic_74161 doesn't have a timescale but at least one module in design has a timescale.
WARNING: [XSIM 43-4099] "D:/cd3/exp3/74161.v" Line 1. Module ic_74161 doesn't have a timescale but at least one module in design has a timescale.
WARNING: [XSIM 43-4099] "D:/cd3/exp3/exp14_source.v" Line 326. Module the_12bit_to_3x4bit doesn't have a timescale but at least one module in design has a timescale.
WARNING: [XSIM 43-4099] "D:/cd3/exp3/16bit_reg.v" Line 1. Module register_16bit doesn't have a timescale but at least one module in design has a timescale.
WARNING: [XSIM 43-4099] "D:/cd3/exp3/16bit_reg.v" Line 1. Module register_16bit doesn't have a timescale but at least one module in design has a timescale.
WARNING: [XSIM 43-4099] "D:/cd3/exp3/16bit_reg.v" Line 1. Module register_16bit doesn't have a timescale but at least one module in design has a timescale.
WARNING: [XSIM 43-4099] "D:/cd3/exp3/16bit_reg.v" Line 1. Module register_16bit doesn't have a timescale but at least one module in design has a timescale.
WARNING: [XSIM 43-4099] "D:/cd3/exp3/16bit_reg.v" Line 1. Module register_16bit doesn't have a timescale but at least one module in design has a timescale.
WARNING: [XSIM 43-4099] "D:/cd3/exp3/exp14_source.v" Line 1. Module adpt_in doesn't have a timescale but at least one module in design has a timescale.
WARNING: [XSIM 43-4099] "D:/cd3/exp3/exp14_source.v" Line 376. Module aggregator_12inputs_to_12bit_sync doesn't have a timescale but at least one module in design has a timescale.
WARNING: [XSIM 43-4099] "D:/cd3/exp3/exp14_source.v" Line 76. Module and2 doesn't have a timescale but at least one module in design has a timescale.
WARNING: [XSIM 43-4099] "D:/cd3/exp3/exp14_source.v" Line 76. Module and2 doesn't have a timescale but at least one module in design has a timescale.
WARNING: [XSIM 43-4099] "D:/cd3/exp3/and_gate.v" Line 1. Module and_gate doesn't have a timescale but at least one module in design has a timescale.
WARNING: [XSIM 43-4099] "D:/cd3/exp3/and_gate.v" Line 1. Module and_gate doesn't have a timescale but at least one module in design has a timescale.
WARNING: [XSIM 43-4099] "D:/cd3/exp3/bit_splitter_23.v" Line 1. Module bit_splitter_23 doesn't have a timescale but at least one module in design has a timescale.
WARNING: [XSIM 43-4099] "D:/cd3/exp3/exp14_source.v" Line 459. Module bus_slicer_16to12 doesn't have a timescale but at least one module in design has a timescale.
WARNING: [XSIM 43-4099] "D:/cd3/exp3/decoder_2to4.v" Line 1. Module decoder_2to4 doesn't have a timescale but at least one module in design has a timescale.
WARNING: [XSIM 43-4099] "D:/cd3/exp3/decoder_2to4.v" Line 1. Module decoder_2to4 doesn't have a timescale but at least one module in design has a timescale.
WARNING: [XSIM 43-4099] "D:/cd3/exp3/decoder_3to8.v" Line 1. Module decoder_3to8 doesn't have a timescale but at least one module in design has a timescale.
WARNING: [XSIM 43-4099] "D:/cd3/exp3/decoder_3to8.v" Line 1. Module decoder_3to8 doesn't have a timescale but at least one module in design has a timescale.
WARNING: [XSIM 43-4099] "D:/cd3/exp3/decoder_3to8.v" Line 1. Module decoder_3to8 doesn't have a timescale but at least one module in design has a timescale.
WARNING: [XSIM 43-4099] "D:/cd3/exp3/exp14_source.v" Line 76. Module and2 doesn't have a timescale but at least one module in design has a timescale.
WARNING: [XSIM 43-4099] "D:/cd3/exp3/exp14_source.v" Line 76. Module and2 doesn't have a timescale but at least one module in design has a timescale.
WARNING: [XSIM 43-4099] "D:/cd3/exp3/exp14_source.v" Line 76. Module and2 doesn't have a timescale but at least one module in design has a timescale.
WARNING: [XSIM 43-4099] "D:/cd3/exp3/exp14_source.v" Line 362. Module or3_gate doesn't have a timescale but at least one module in design has a timescale.
WARNING: [XSIM 43-4099] "D:/cd3/exp3/exp14_source.v" Line 76. Module and2 doesn't have a timescale but at least one module in design has a timescale.
WARNING: [XSIM 43-4099] "D:/cd3/exp3/exp14_source.v" Line 76. Module and2 doesn't have a timescale but at least one module in design has a timescale.
WARNING: [XSIM 43-4099] "D:/cd3/exp3/exp14_source.v" Line 76. Module and2 doesn't have a timescale but at least one module in design has a timescale.
WARNING: [XSIM 43-4099] "D:/cd3/exp3/exp14_source.v" Line 76. Module and2 doesn't have a timescale but at least one module in design has a timescale.
WARNING: [XSIM 43-4099] "D:/cd3/exp3/exp14_source.v" Line 362. Module or3_gate doesn't have a timescale but at least one module in design has a timescale.
WARNING: [XSIM 43-4099] "D:/cd3/exp3/exp14_source.v" Line 76. Module and2 doesn't have a timescale but at least one module in design has a timescale.
WARNING: [XSIM 43-4099] "D:/cd3/exp3/exp14_source.v" Line 76. Module and2 doesn't have a timescale but at least one module in design has a timescale.
WARNING: [XSIM 43-4099] "D:/cd3/exp3/exp14_source.v" Line 76. Module and2 doesn't have a timescale but at least one module in design has a timescale.
WARNING: [XSIM 43-4099] "D:/cd3/exp3/exp14_source.v" Line 76. Module and2 doesn't have a timescale but at least one module in design has a timescale.
WARNING: [XSIM 43-4099] "D:/cd3/exp3/exp14_source.v" Line 362. Module or3_gate doesn't have a timescale but at least one module in design has a timescale.
WARNING: [XSIM 43-4099] "D:/cd3/exp3/exp14_source.v" Line 76. Module and2 doesn't have a timescale but at least one module in design has a timescale.
WARNING: [XSIM 43-4099] "D:/cd3/exp3/exp14_source.v" Line 76. Module and2 doesn't have a timescale but at least one module in design has a timescale.
WARNING: [XSIM 43-4099] "D:/cd3/exp3/exp14_source.v" Line 76. Module and2 doesn't have a timescale but at least one module in design has a timescale.
WARNING: [XSIM 43-4099] "D:/cd3/exp3/exp14_source.v" Line 76. Module and2 doesn't have a timescale but at least one module in design has a timescale.
WARNING: [XSIM 43-4099] "D:/cd3/exp3/exp14_source.v" Line 362. Module or3_gate doesn't have a timescale but at least one module in design has a timescale.
WARNING: [XSIM 43-4099] "D:/cd3/exp3/exp14_source.v" Line 76. Module and2 doesn't have a timescale but at least one module in design has a timescale.
WARNING: [XSIM 43-4099] "D:/cd3/exp3/exp14_source.v" Line 76. Module and2 doesn't have a timescale but at least one module in design has a timescale.
WARNING: [XSIM 43-4099] "D:/cd3/exp3/exp14_source.v" Line 76. Module and2 doesn't have a timescale but at least one module in design has a timescale.
WARNING: [XSIM 43-4099] "D:/cd3/exp3/exp14_source.v" Line 76. Module and2 doesn't have a timescale but at least one module in design has a timescale.
WARNING: [XSIM 43-4099] "D:/cd3/exp3/exp14_source.v" Line 362. Module or3_gate doesn't have a timescale but at least one module in design has a timescale.
WARNING: [XSIM 43-4099] "D:/cd3/exp3/exp14_source.v" Line 76. Module and2 doesn't have a timescale but at least one module in design has a timescale.
WARNING: [XSIM 43-4099] "D:/cd3/exp3/exp14_source.v" Line 76. Module and2 doesn't have a timescale but at least one module in design has a timescale.
WARNING: [XSIM 43-4099] "D:/cd3/exp3/exp14_source.v" Line 76. Module and2 doesn't have a timescale but at least one module in design has a timescale.
WARNING: [XSIM 43-4099] "D:/cd3/exp3/exp14_source.v" Line 76. Module and2 doesn't have a timescale but at least one module in design has a timescale.
WARNING: [XSIM 43-4099] "D:/cd3/exp3/exp14_source.v" Line 362. Module or3_gate doesn't have a timescale but at least one module in design has a timescale.
WARNING: [XSIM 43-4099] "D:/cd3/exp3/exp14_source.v" Line 76. Module and2 doesn't have a timescale but at least one module in design has a timescale.
WARNING: [XSIM 43-4099] "D:/cd3/exp3/exp14_source.v" Line 76. Module and2 doesn't have a timescale but at least one module in design has a timescale.
WARNING: [XSIM 43-4099] "D:/cd3/exp3/exp14_source.v" Line 76. Module and2 doesn't have a timescale but at least one module in design has a timescale.
WARNING: [XSIM 43-4099] "D:/cd3/exp3/exp14_source.v" Line 76. Module and2 doesn't have a timescale but at least one module in design has a timescale.
WARNING: [XSIM 43-4099] "D:/cd3/exp3/exp14_source.v" Line 362. Module or3_gate doesn't have a timescale but at least one module in design has a timescale.
WARNING: [XSIM 43-4099] "D:/cd3/exp3/exp14_source.v" Line 76. Module and2 doesn't have a timescale but at least one module in design has a timescale.
WARNING: [XSIM 43-4099] "D:/cd3/exp3/exp14_source.v" Line 76. Module and2 doesn't have a timescale but at least one module in design has a timescale.
WARNING: [XSIM 43-4099] "D:/cd3/exp3/exp14_source.v" Line 76. Module and2 doesn't have a timescale but at least one module in design has a timescale.
WARNING: [XSIM 43-4099] "D:/cd3/exp3/exp14_source.v" Line 76. Module and2 doesn't have a timescale but at least one module in design has a timescale.
WARNING: [XSIM 43-4099] "D:/cd3/exp3/exp14_source.v" Line 362. Module or3_gate doesn't have a timescale but at least one module in design has a timescale.
WARNING: [XSIM 43-4099] "D:/cd3/exp3/exp14_source.v" Line 76. Module and2 doesn't have a timescale but at least one module in design has a timescale.
WARNING: [XSIM 43-4099] "D:/cd3/exp3/exp14_source.v" Line 76. Module and2 doesn't have a timescale but at least one module in design has a timescale.
WARNING: [XSIM 43-4099] "D:/cd3/exp3/exp14_source.v" Line 76. Module and2 doesn't have a timescale but at least one module in design has a timescale.
WARNING: [XSIM 43-4099] "D:/cd3/exp3/exp14_source.v" Line 76. Module and2 doesn't have a timescale but at least one module in design has a timescale.
WARNING: [XSIM 43-4099] "D:/cd3/exp3/exp14_source.v" Line 362. Module or3_gate doesn't have a timescale but at least one module in design has a timescale.
WARNING: [XSIM 43-4099] "D:/cd3/exp3/exp14_source.v" Line 76. Module and2 doesn't have a timescale but at least one module in design has a timescale.
WARNING: [XSIM 43-4099] "D:/cd3/exp3/exp14_source.v" Line 76. Module and2 doesn't have a timescale but at least one module in design has a timescale.
WARNING: [XSIM 43-4099] "D:/cd3/exp3/exp14_source.v" Line 76. Module and2 doesn't have a timescale but at least one module in design has a timescale.
WARNING: [XSIM 43-4099] "D:/cd3/exp3/exp14_source.v" Line 76. Module and2 doesn't have a timescale but at least one module in design has a timescale.
WARNING: [XSIM 43-4099] "D:/cd3/exp3/exp14_source.v" Line 362. Module or3_gate doesn't have a timescale but at least one module in design has a timescale.
WARNING: [XSIM 43-4099] "D:/cd3/exp3/mix5to1.v" Line 1. Module mux_5to1_16bit doesn't have a timescale but at least one module in design has a timescale.
WARNING: [XSIM 43-4099] "D:/cd3/exp3/exp14_source.v" Line 87. Module not1 doesn't have a timescale but at least one module in design has a timescale.
WARNING: [XSIM 43-4099] "D:/cd3/exp3/not_gate.v" Line 1. Module not_gate doesn't have a timescale but at least one module in design has a timescale.
WARNING: [XSIM 43-4099] "D:/cd3/exp3/not_gate.v" Line 1. Module not_gate doesn't have a timescale but at least one module in design has a timescale.
WARNING: [XSIM 43-4099] "D:/cd3/exp3/or_gate.v" Line 1. Module or_gate doesn't have a timescale but at least one module in design has a timescale.
WARNING: [XSIM 43-4099] "D:/cd3/exp3/or_gate.v" Line 1. Module or_gate doesn't have a timescale but at least one module in design has a timescale.
WARNING: [XSIM 43-4099] "D:/cd3/exp3/ram.v" Line 1. Module ram doesn't have a timescale but at least one module in design has a timescale.
WARNING: [XSIM 43-4099] "D:/cd3/exp3/exp14_source.v" Line 432. Module splitter_12bit_to_12outputs doesn't have a timescale but at least one module in design has a timescale.
WARNING: [XSIM 43-4099] "D:/cd3/exp3/exp14_source.v" Line 400. Module splitter_16bit_to_16outputs doesn't have a timescale but at least one module in design has a timescale.
WARNING: [XSIM 43-4099] "D:/cd3/exp3/D_trigger.v" Line 1. Module D_trigger doesn't have a timescale but at least one module in design has a timescale.
WARNING: [XSIM 43-4099] "D:/cd3/exp3/and_gate.v" Line 1. Module and_gate doesn't have a timescale but at least one module in design has a timescale.
WARNING: [XSIM 43-4099] "D:/cd3/exp3/and_gate.v" Line 1. Module and_gate doesn't have a timescale but at least one module in design has a timescale.
WARNING: [XSIM 43-4099] "D:/cd3/exp3/and_gate.v" Line 1. Module and_gate doesn't have a timescale but at least one module in design has a timescale.
WARNING: [XSIM 43-4099] "D:/cd3/exp3/not_gate.v" Line 1. Module not_gate doesn't have a timescale but at least one module in design has a timescale.
WARNING: [XSIM 43-4099] "D:/cd3/exp3/74161.v" Line 1. Module ic_74161 doesn't have a timescale but at least one module in design has a timescale.
WARNING: [XSIM 43-4099] "D:/cd3/exp3/74161.v" Line 1. Module ic_74161 doesn't have a timescale but at least one module in design has a timescale.
WARNING: [XSIM 43-4099] "D:/cd3/exp3/74161.v" Line 1. Module ic_74161 doesn't have a timescale but at least one module in design has a timescale.
WARNING: [XSIM 43-4099] "D:/cd3/exp3/exp14_source.v" Line 326. Module the_12bit_to_3x4bit doesn't have a timescale but at least one module in design has a timescale.
WARNING: [XSIM 43-4099] "D:/cd3/exp3/aggregate_4x4_to_16bit.v" Line 1. Module aggregate_4x4_to_16bit doesn't have a timescale but at least one module in design has a timescale.
WARNING: [XSIM 43-4099] "D:/cd3/exp3/aggregator_4bit.v" Line 1. Module aggregator_4bit doesn't have a timescale but at least one module in design has a timescale.
WARNING: [XSIM 43-4099] "D:/cd3/exp3/aggregator_4bit.v" Line 1. Module aggregator_4bit doesn't have a timescale but at least one module in design has a timescale.
WARNING: [XSIM 43-4099] "D:/cd3/exp3/74181.v" Line 1. Module alu_74181 doesn't have a timescale but at least one module in design has a timescale.
WARNING: [XSIM 43-4099] "D:/cd3/exp3/74181.v" Line 1. Module alu_74181 doesn't have a timescale but at least one module in design has a timescale.
WARNING: [XSIM 43-4099] "D:/cd3/exp3/74181.v" Line 1. Module alu_74181 doesn't have a timescale but at least one module in design has a timescale.
WARNING: [XSIM 43-4099] "D:/cd3/exp3/74181.v" Line 1. Module alu_74181 doesn't have a timescale but at least one module in design has a timescale.
WARNING: [XSIM 43-4099] "D:/cd3/exp3/74182.v" Line 1. Module carry_lookahead_74182 doesn't have a timescale but at least one module in design has a timescale.
WARNING: [XSIM 43-4099] "D:/cd3/exp3/exp14_source.v" Line 309. Module carry_output_splitter doesn't have a timescale but at least one module in design has a timescale.
WARNING: [XSIM 43-4099] "D:/cd3/exp3/not_gate.v" Line 1. Module not_gate doesn't have a timescale but at least one module in design has a timescale.
WARNING: [XSIM 43-4099] "D:/cd3/exp3/the_16bit_to_4x4bit.v" Line 1. Module the_16bit_to_4x4bit doesn't have a timescale but at least one module in design has a timescale.
WARNING: [XSIM 43-4099] "D:/cd3/exp3/the_16bit_to_4x4bit.v" Line 1. Module the_16bit_to_4x4bit doesn't have a timescale but at least one module in design has a timescale.
WARNING: [XSIM 43-4099] "D:/cd3/exp3/rom.v" Line 1. Module rom_1kx23 doesn't have a timescale but at least one module in design has a timescale.
WARNING: [XSIM 43-4099] "D:/cd3/exp3/16bit_reg.v" Line 1. Module register_16bit doesn't have a timescale but at least one module in design has a timescale.
WARNING: [XSIM 43-4099] "D:/cd3/exp3/12bit_reg.v" Line 1. Module register_12bit doesn't have a timescale but at least one module in design has a timescale.
WARNING: [XSIM 43-4099] "D:/cd3/exp3/16bit_reg.v" Line 1. Module register_16bit doesn't have a timescale but at least one module in design has a timescale.
WARNING: [XSIM 43-4099] "D:/cd3/exp3/16bit_reg.v" Line 1. Module register_16bit doesn't have a timescale but at least one module in design has a timescale.
WARNING: [XSIM 43-4099] "D:/cd3/exp3/74161.v" Line 1. Module ic_74161 doesn't have a timescale but at least one module in design has a timescale.
WARNING: [XSIM 43-4099] "D:/cd3/exp3/74161.v" Line 1. Module ic_74161 doesn't have a timescale but at least one module in design has a timescale.
WARNING: [XSIM 43-4099] "D:/cd3/exp3/74161.v" Line 1. Module ic_74161 doesn't have a timescale but at least one module in design has a timescale.
WARNING: [XSIM 43-4099] "D:/cd3/exp3/exp14_source.v" Line 326. Module the_12bit_to_3x4bit doesn't have a timescale but at least one module in design has a timescale.
WARNING: [XSIM 43-4099] "D:/cd3/exp3/16bit_reg.v" Line 1. Module register_16bit doesn't have a timescale but at least one module in design has a timescale.
WARNING: [XSIM 43-4099] "D:/cd3/exp3/16bit_reg.v" Line 1. Module register_16bit doesn't have a timescale but at least one module in design has a timescale.
WARNING: [XSIM 43-4099] "D:/cd3/exp3/16bit_reg.v" Line 1. Module register_16bit doesn't have a timescale but at least one module in design has a timescale.
WARNING: [XSIM 43-4099] "D:/cd3/exp3/16bit_reg.v" Line 1. Module register_16bit doesn't have a timescale but at least one module in design has a timescale.
WARNING: [XSIM 43-4099] "D:/cd3/exp3/16bit_reg.v" Line 1. Module register_16bit doesn't have a timescale but at least one module in design has a timescale.
WARNING: [XSIM 43-4099] "D:/cd3/exp3/exp14_source.v" Line 1. Module adpt_in doesn't have a timescale but at least one module in design has a timescale.
WARNING: [XSIM 43-4099] "D:/cd3/exp3/exp14_source.v" Line 376. Module aggregator_12inputs_to_12bit_sync doesn't have a timescale but at least one module in design has a timescale.
WARNING: [XSIM 43-4099] "D:/cd3/exp3/exp14_source.v" Line 76. Module and2 doesn't have a timescale but at least one module in design has a timescale.
WARNING: [XSIM 43-4099] "D:/cd3/exp3/exp14_source.v" Line 76. Module and2 doesn't have a timescale but at least one module in design has a timescale.
WARNING: [XSIM 43-4099] "D:/cd3/exp3/and_gate.v" Line 1. Module and_gate doesn't have a timescale but at least one module in design has a timescale.
WARNING: [XSIM 43-4099] "D:/cd3/exp3/and_gate.v" Line 1. Module and_gate doesn't have a timescale but at least one module in design has a timescale.
WARNING: [XSIM 43-4099] "D:/cd3/exp3/bit_splitter_23.v" Line 1. Module bit_splitter_23 doesn't have a timescale but at least one module in design has a timescale.
WARNING: [XSIM 43-4099] "D:/cd3/exp3/exp14_source.v" Line 459. Module bus_slicer_16to12 doesn't have a timescale but at least one module in design has a timescale.
WARNING: [XSIM 43-4099] "D:/cd3/exp3/decoder_2to4.v" Line 1. Module decoder_2to4 doesn't have a timescale but at least one module in design has a timescale.
WARNING: [XSIM 43-4099] "D:/cd3/exp3/decoder_2to4.v" Line 1. Module decoder_2to4 doesn't have a timescale but at least one module in design has a timescale.
WARNING: [XSIM 43-4099] "D:/cd3/exp3/decoder_3to8.v" Line 1. Module decoder_3to8 doesn't have a timescale but at least one module in design has a timescale.
WARNING: [XSIM 43-4099] "D:/cd3/exp3/decoder_3to8.v" Line 1. Module decoder_3to8 doesn't have a timescale but at least one module in design has a timescale.
WARNING: [XSIM 43-4099] "D:/cd3/exp3/decoder_3to8.v" Line 1. Module decoder_3to8 doesn't have a timescale but at least one module in design has a timescale.
WARNING: [XSIM 43-4099] "D:/cd3/exp3/exp14_source.v" Line 76. Module and2 doesn't have a timescale but at least one module in design has a timescale.
WARNING: [XSIM 43-4099] "D:/cd3/exp3/exp14_source.v" Line 76. Module and2 doesn't have a timescale but at least one module in design has a timescale.
WARNING: [XSIM 43-4099] "D:/cd3/exp3/exp14_source.v" Line 76. Module and2 doesn't have a timescale but at least one module in design has a timescale.
WARNING: [XSIM 43-4099] "D:/cd3/exp3/exp14_source.v" Line 362. Module or3_gate doesn't have a timescale but at least one module in design has a timescale.
WARNING: [XSIM 43-4099] "D:/cd3/exp3/exp14_source.v" Line 76. Module and2 doesn't have a timescale but at least one module in design has a timescale.
WARNING: [XSIM 43-4099] "D:/cd3/exp3/exp14_source.v" Line 76. Module and2 doesn't have a timescale but at least one module in design has a timescale.
WARNING: [XSIM 43-4099] "D:/cd3/exp3/exp14_source.v" Line 76. Module and2 doesn't have a timescale but at least one module in design has a timescale.
WARNING: [XSIM 43-4099] "D:/cd3/exp3/exp14_source.v" Line 76. Module and2 doesn't have a timescale but at least one module in design has a timescale.
WARNING: [XSIM 43-4099] "D:/cd3/exp3/exp14_source.v" Line 362. Module or3_gate doesn't have a timescale but at least one module in design has a timescale.
WARNING: [XSIM 43-4099] "D:/cd3/exp3/exp14_source.v" Line 76. Module and2 doesn't have a timescale but at least one module in design has a timescale.
WARNING: [XSIM 43-4099] "D:/cd3/exp3/exp14_source.v" Line 76. Module and2 doesn't have a timescale but at least one module in design has a timescale.
WARNING: [XSIM 43-4099] "D:/cd3/exp3/exp14_source.v" Line 76. Module and2 doesn't have a timescale but at least one module in design has a timescale.
WARNING: [XSIM 43-4099] "D:/cd3/exp3/exp14_source.v" Line 76. Module and2 doesn't have a timescale but at least one module in design has a timescale.
WARNING: [XSIM 43-4099] "D:/cd3/exp3/exp14_source.v" Line 362. Module or3_gate doesn't have a timescale but at least one module in design has a timescale.
WARNING: [XSIM 43-4099] "D:/cd3/exp3/exp14_source.v" Line 76. Module and2 doesn't have a timescale but at least one module in design has a timescale.
WARNING: [XSIM 43-4099] "D:/cd3/exp3/exp14_source.v" Line 76. Module and2 doesn't have a timescale but at least one module in design has a timescale.
WARNING: [XSIM 43-4099] "D:/cd3/exp3/exp14_source.v" Line 76. Module and2 doesn't have a timescale but at least one module in design has a timescale.
WARNING: [XSIM 43-4099] "D:/cd3/exp3/exp14_source.v" Line 76. Module and2 doesn't have a timescale but at least one module in design has a timescale.
WARNING: [XSIM 43-4099] "D:/cd3/exp3/exp14_source.v" Line 362. Module or3_gate doesn't have a timescale but at least one module in design has a timescale.
WARNING: [XSIM 43-4099] "D:/cd3/exp3/exp14_source.v" Line 76. Module and2 doesn't have a timescale but at least one module in design has a timescale.
WARNING: [XSIM 43-4099] "D:/cd3/exp3/exp14_source.v" Line 76. Module and2 doesn't have a timescale but at least one module in design has a timescale.
WARNING: [XSIM 43-4099] "D:/cd3/exp3/exp14_source.v" Line 76. Module and2 doesn't have a timescale but at least one module in design has a timescale.
WARNING: [XSIM 43-4099] "D:/cd3/exp3/exp14_source.v" Line 76. Module and2 doesn't have a timescale but at least one module in design has a timescale.
WARNING: [XSIM 43-4099] "D:/cd3/exp3/exp14_source.v" Line 362. Module or3_gate doesn't have a timescale but at least one module in design has a timescale.
WARNING: [XSIM 43-4099] "D:/cd3/exp3/exp14_source.v" Line 76. Module and2 doesn't have a timescale but at least one module in design has a timescale.
WARNING: [XSIM 43-4099] "D:/cd3/exp3/exp14_source.v" Line 76. Module and2 doesn't have a timescale but at least one module in design has a timescale.
WARNING: [XSIM 43-4099] "D:/cd3/exp3/exp14_source.v" Line 76. Module and2 doesn't have a timescale but at least one module in design has a timescale.
WARNING: [XSIM 43-4099] "D:/cd3/exp3/exp14_source.v" Line 76. Module and2 doesn't have a timescale but at least one module in design has a timescale.
WARNING: [XSIM 43-4099] "D:/cd3/exp3/exp14_source.v" Line 362. Module or3_gate doesn't have a timescale but at least one module in design has a timescale.
WARNING: [XSIM 43-4099] "D:/cd3/exp3/exp14_source.v" Line 76. Module and2 doesn't have a timescale but at least one module in design has a timescale.
WARNING: [XSIM 43-4099] "D:/cd3/exp3/exp14_source.v" Line 76. Module and2 doesn't have a timescale but at least one module in design has a timescale.
WARNING: [XSIM 43-4099] "D:/cd3/exp3/exp14_source.v" Line 76. Module and2 doesn't have a timescale but at least one module in design has a timescale.
WARNING: [XSIM 43-4099] "D:/cd3/exp3/exp14_source.v" Line 76. Module and2 doesn't have a timescale but at least one module in design has a timescale.
WARNING: [XSIM 43-4099] "D:/cd3/exp3/exp14_source.v" Line 362. Module or3_gate doesn't have a timescale but at least one module in design has a timescale.
WARNING: [XSIM 43-4099] "D:/cd3/exp3/exp14_source.v" Line 76. Module and2 doesn't have a timescale but at least one module in design has a timescale.
WARNING: [XSIM 43-4099] "D:/cd3/exp3/exp14_source.v" Line 76. Module and2 doesn't have a timescale but at least one module in design has a timescale.
WARNING: [XSIM 43-4099] "D:/cd3/exp3/exp14_source.v" Line 76. Module and2 doesn't have a timescale but at least one module in design has a timescale.
WARNING: [XSIM 43-4099] "D:/cd3/exp3/exp14_source.v" Line 76. Module and2 doesn't have a timescale but at least one module in design has a timescale.
WARNING: [XSIM 43-4099] "D:/cd3/exp3/exp14_source.v" Line 362. Module or3_gate doesn't have a timescale but at least one module in design has a timescale.
WARNING: [XSIM 43-4099] "D:/cd3/exp3/exp14_source.v" Line 76. Module and2 doesn't have a timescale but at least one module in design has a timescale.
WARNING: [XSIM 43-4099] "D:/cd3/exp3/exp14_source.v" Line 76. Module and2 doesn't have a timescale but at least one module in design has a timescale.
WARNING: [XSIM 43-4099] "D:/cd3/exp3/exp14_source.v" Line 76. Module and2 doesn't have a timescale but at least one module in design has a timescale.
WARNING: [XSIM 43-4099] "D:/cd3/exp3/exp14_source.v" Line 76. Module and2 doesn't have a timescale but at least one module in design has a timescale.
WARNING: [XSIM 43-4099] "D:/cd3/exp3/exp14_source.v" Line 362. Module or3_gate doesn't have a timescale but at least one module in design has a timescale.
WARNING: [XSIM 43-4099] "D:/cd3/exp3/exp14_source.v" Line 76. Module and2 doesn't have a timescale but at least one module in design has a timescale.
WARNING: [XSIM 43-4099] "D:/cd3/exp3/exp14_source.v" Line 76. Module and2 doesn't have a timescale but at least one module in design has a timescale.
WARNING: [XSIM 43-4099] "D:/cd3/exp3/exp14_source.v" Line 76. Module and2 doesn't have a timescale but at least one module in design has a timescale.
WARNING: [XSIM 43-4099] "D:/cd3/exp3/exp14_source.v" Line 76. Module and2 doesn't have a timescale but at least one module in design has a timescale.
WARNING: [XSIM 43-4099] "D:/cd3/exp3/exp14_source.v" Line 362. Module or3_gate doesn't have a timescale but at least one module in design has a timescale.
WARNING: [XSIM 43-4099] "D:/cd3/exp3/mix5to1.v" Line 1. Module mux_5to1_16bit doesn't have a timescale but at least one module in design has a timescale.
WARNING: [XSIM 43-4099] "D:/cd3/exp3/exp14_source.v" Line 87. Module not1 doesn't have a timescale but at least one module in design has a timescale.
WARNING: [XSIM 43-4099] "D:/cd3/exp3/not_gate.v" Line 1. Module not_gate doesn't have a timescale but at least one module in design has a timescale.
WARNING: [XSIM 43-4099] "D:/cd3/exp3/not_gate.v" Line 1. Module not_gate doesn't have a timescale but at least one module in design has a timescale.
WARNING: [XSIM 43-4099] "D:/cd3/exp3/or_gate.v" Line 1. Module or_gate doesn't have a timescale but at least one module in design has a timescale.
WARNING: [XSIM 43-4099] "D:/cd3/exp3/or_gate.v" Line 1. Module or_gate doesn't have a timescale but at least one module in design has a timescale.
WARNING: [XSIM 43-4099] "D:/cd3/exp3/ram.v" Line 1. Module ram doesn't have a timescale but at least one module in design has a timescale.
WARNING: [XSIM 43-4099] "D:/cd3/exp3/exp14_source.v" Line 432. Module splitter_12bit_to_12outputs doesn't have a timescale but at least one module in design has a timescale.
WARNING: [XSIM 43-4099] "D:/cd3/exp3/exp14_source.v" Line 400. Module splitter_16bit_to_16outputs doesn't have a timescale but at least one module in design has a timescale.
WARNING: [XSIM 43-4099] "D:/cd3/exp3/D_trigger.v" Line 1. Module D_trigger doesn't have a timescale but at least one module in design has a timescale.
WARNING: [XSIM 43-4099] "D:/cd3/exp3/and_gate.v" Line 1. Module and_gate doesn't have a timescale but at least one module in design has a timescale.
WARNING: [XSIM 43-4099] "D:/cd3/exp3/and_gate.v" Line 1. Module and_gate doesn't have a timescale but at least one module in design has a timescale.
WARNING: [XSIM 43-4099] "D:/cd3/exp3/and_gate.v" Line 1. Module and_gate doesn't have a timescale but at least one module in design has a timescale.
WARNING: [XSIM 43-4099] "D:/cd3/exp3/not_gate.v" Line 1. Module not_gate doesn't have a timescale but at least one module in design has a timescale.
WARNING: [XSIM 43-4099] "D:/cd3/exp3/74161.v" Line 1. Module ic_74161 doesn't have a timescale but at least one module in design has a timescale.
WARNING: [XSIM 43-4099] "D:/cd3/exp3/74161.v" Line 1. Module ic_74161 doesn't have a timescale but at least one module in design has a timescale.
WARNING: [XSIM 43-4099] "D:/cd3/exp3/74161.v" Line 1. Module ic_74161 doesn't have a timescale but at least one module in design has a timescale.
WARNING: [XSIM 43-4099] "D:/cd3/exp3/exp14_source.v" Line 326. Module the_12bit_to_3x4bit doesn't have a timescale but at least one module in design has a timescale.
Completed simulation data flow analysis
Time Resolution for simulation is 1ps
Compiling module xil_defaultlib.aggregate_4x4_to_16bit
Compiling module xil_defaultlib.design_3_aggregate_4x4_to_16b_0_...
Compiling module xil_defaultlib.aggregator_4bit
Compiling module xil_defaultlib.design_3_aggregator_4bit_0_1
Compiling module xil_defaultlib.design_3_aggregator_4bit_1_0
Compiling module xil_defaultlib.alu_74181
Compiling module xil_defaultlib.design_3_alu_74181_0_0
Compiling module xil_defaultlib.design_3_alu_74181_1_0
Compiling module xil_defaultlib.design_3_alu_74181_2_0
Compiling module xil_defaultlib.design_3_alu_74181_3_0
Compiling module xil_defaultlib.carry_lookahead_74182
Compiling module xil_defaultlib.design_3_carry_lookahead_74182_0...
Compiling module xil_defaultlib.carry_output_splitter
Compiling module xil_defaultlib.design_3_carry_output_splitter_0...
Compiling module xil_defaultlib.not_gate
Compiling module xil_defaultlib.design_3_not_gate_1_0
Compiling module xil_defaultlib.the_16bit_to_4x4bit
Compiling module xil_defaultlib.design_3_the_16bit_to_4x4bit_0_1
Compiling module xil_defaultlib.design_3_the_16bit_to_4x4bit_2_0
Compiling module xil_defaultlib.ALU_imp_JZDUAB
Compiling module xil_defaultlib.rom_1kx23
Compiling module xil_defaultlib.design_3_rom_1kx23_0_0
Compiling module xil_defaultlib.register_16bit
Compiling module xil_defaultlib.design_3_register_16bit_0_1
Compiling module xil_defaultlib.register_12bit
Compiling module xil_defaultlib.design_3_register_12bit_0_0
Compiling module xil_defaultlib.design_3_register_16bit_3_1
Compiling module xil_defaultlib.design_3_MDR_0
Compiling module xil_defaultlib.ic_74161
Compiling module xil_defaultlib.design_3_ic_74161_0_0
Compiling module xil_defaultlib.design_3_ic_74161_1_0
Compiling module xil_defaultlib.design_3_ic_74161_2_0
Compiling module xil_defaultlib.the_12bit_to_3x4bit
Compiling module xil_defaultlib.design_3_the_12bit_to_3x4bit_0_1
Compiling module xlconcat_v2_1_6.xlconcat_v2_1_6_xlconcat(IN0_WID...
Compiling module xil_defaultlib.design_3_xlconcat_0_0
Compiling module xil_defaultlib.PC_imp_1MALNP6
Compiling module xil_defaultlib.design_3_register_16bit_0_0
Compiling module xil_defaultlib.design_3_register_16bit_1_0
Compiling module xil_defaultlib.design_3_register_16bit_2_0
Compiling module xil_defaultlib.design_3_register_16bit_3_0
Compiling module xil_defaultlib.design_3_register_16bit_4_0
Compiling module xil_defaultlib.adpt_in
Compiling module xil_defaultlib.design_3_adpt_in_0_0
Compiling module xil_defaultlib.aggregator_12inputs_to_12bit_syn...
Compiling module xil_defaultlib.design_3_aggregator_12inputs_0_1
Compiling module xil_defaultlib.and2
Compiling module xil_defaultlib.design_3_and2_0_10
Compiling module xil_defaultlib.design_3_and2_1_11
Compiling module xil_defaultlib.and_gate
Compiling module xil_defaultlib.design_3_and_gate_0_1
Compiling module xil_defaultlib.design_3_and_gate_1_1
Compiling module xil_defaultlib.bit_splitter_23
Compiling module xil_defaultlib.design_3_bit_splitter_23_0_0
Compiling module xil_defaultlib.bus_slicer_16to12
Compiling module xil_defaultlib.design_3_bus_slicer_16to12_0_0
Compiling module xil_defaultlib.decoder_2to4
Compiling module xil_defaultlib.design_3_decoder_2to4_0_0
Compiling module xil_defaultlib.design_3_decoder_2to4_1_0
Compiling module xil_defaultlib.decoder_3to8
Compiling module xil_defaultlib.design_3_decoder_3to8_0_2
Compiling module xil_defaultlib.design_3_decoder_3to8_1_0
Compiling module xil_defaultlib.design_3_decoder_3to8_2_0
Compiling module xil_defaultlib.design_3_and2_0_0
Compiling module xil_defaultlib.design_3_and2_1_0
Compiling module xil_defaultlib.design_3_and2_2_0
Compiling module xil_defaultlib.or3_gate
Compiling module xil_defaultlib.design_3_or3_gate_0_0
Compiling module xil_defaultlib.dlxzq0_imp_1UWU5O7
Compiling module xil_defaultlib.design_3_and2_0_1
Compiling module xil_defaultlib.design_3_and2_1_1
Compiling module xil_defaultlib.design_3_and2_2_1
Compiling module xil_defaultlib.design_3_and2_3_7
Compiling module xil_defaultlib.design_3_or3_gate_0_1
Compiling module xil_defaultlib.dlxzq1_imp_1RX16K4
Compiling module xil_defaultlib.design_3_and2_0_2
Compiling module xil_defaultlib.design_3_and2_1_2
Compiling module xil_defaultlib.design_3_and2_2_2
Compiling module xil_defaultlib.design_3_and2_3_6
Compiling module xil_defaultlib.design_3_or3_gate_0_2
Compiling module xil_defaultlib.dlxzq2_imp_1Q3O4OH
Compiling module xil_defaultlib.design_3_and2_0_3
Compiling module xil_defaultlib.design_3_and2_1_3
Compiling module xil_defaultlib.design_3_and2_2_3
Compiling module xil_defaultlib.design_3_and2_3_5
Compiling module xil_defaultlib.design_3_or3_gate_0_3
Compiling module xil_defaultlib.dlxzq3_imp_1JOESQA
Compiling module xil_defaultlib.design_3_and2_0_4
Compiling module xil_defaultlib.design_3_and2_1_4
Compiling module xil_defaultlib.design_3_and2_2_4
Compiling module xil_defaultlib.design_3_and2_1_10
Compiling module xil_defaultlib.design_3_or3_gate_0_4
Compiling module xil_defaultlib.dlxzq4_imp_1BY0A4B
Compiling module xil_defaultlib.design_3_and2_0_5
Compiling module xil_defaultlib.design_3_and2_1_5
Compiling module xil_defaultlib.design_3_and2_2_5
Compiling module xil_defaultlib.design_3_and2_3_4
Compiling module xil_defaultlib.design_3_or3_gate_0_5
Compiling module xil_defaultlib.dlxzq5_imp_1G2S77C
Compiling module xil_defaultlib.design_3_and2_0_6
Compiling module xil_defaultlib.design_3_and2_1_6
Compiling module xil_defaultlib.design_3_and2_2_6
Compiling module xil_defaultlib.design_3_and2_3_3
Compiling module xil_defaultlib.design_3_or3_gate_0_6
Compiling module xil_defaultlib.dlxzq6_imp_104XQRH
Compiling module xil_defaultlib.design_3_and2_0_7
Compiling module xil_defaultlib.design_3_and2_1_7
Compiling module xil_defaultlib.design_3_and2_2_7
Compiling module xil_defaultlib.design_3_and2_3_2
Compiling module xil_defaultlib.design_3_or3_gate_0_7
Compiling module xil_defaultlib.dlxzq7_imp_15F2LTQ
Compiling module xil_defaultlib.design_3_and2_0_8
Compiling module xil_defaultlib.design_3_and2_1_8
Compiling module xil_defaultlib.design_3_and2_2_8
Compiling module xil_defaultlib.design_3_and2_3_1
Compiling module xil_defaultlib.design_3_or3_gate_0_8
Compiling module xil_defaultlib.dlxzq8_imp_KT4I7J
Compiling module xil_defaultlib.design_3_and2_0_9
Compiling module xil_defaultlib.design_3_and2_1_9
Compiling module xil_defaultlib.design_3_and2_2_9
Compiling module xil_defaultlib.design_3_and2_3_0
Compiling module xil_defaultlib.design_3_or3_gate_0_9
Compiling module xil_defaultlib.dlxzq9_imp_PY44MK
Compiling module xil_defaultlib.mux_5to1_16bit
Compiling module xil_defaultlib.design_3_mux_5to1_16bit_0_0
Compiling module xil_defaultlib.not1
Compiling module xil_defaultlib.design_3_not1_0_0
Compiling module xil_defaultlib.design_3_not_gate_0_1
Compiling module xil_defaultlib.design_3_not_gate_1_1
Compiling module xil_defaultlib.or_gate
Compiling module xil_defaultlib.design_3_or_gate_0_0
Compiling module xil_defaultlib.design_3_or_gate_1_0
Compiling module xil_defaultlib.ram
Compiling module xil_defaultlib.design_3_ram_0_0
Compiling module xil_defaultlib.splitter_12bit_to_12outputs
Compiling module xil_defaultlib.design_3_splitter_12bit_to_12_0_...
Compiling module xil_defaultlib.splitter_16bit_to_16outputs
Compiling module xil_defaultlib.design_3_splitter_16bit_to_16_0_...
Compiling module xil_defaultlib.D_trigger
Compiling module xil_defaultlib.design_3_D_trigger_0_0
Compiling module xil_defaultlib.design_3_and_gate_0_0
Compiling module xil_defaultlib.design_3_and_gate_1_0
Compiling module xil_defaultlib.design_3_and_gate_2_0
Compiling module xil_defaultlib.design_3_not_gate_0_0
Compiling module xil_defaultlib.start_imp_NYSA1T
Compiling module xil_defaultlib.design_3_ic_74161_0_1
Compiling module xil_defaultlib.design_3_ic_74161_1_1
Compiling module xil_defaultlib.design_3_ic_74161_2_1
Compiling module xil_defaultlib.design_3_the_12bit_to_3x4bit_0_0
Compiling module xil_defaultlib.design_3_xlconcat_0_1
Compiling module xil_defaultlib.uPC_imp_E5D2MO
Compiling module xlconstant_v1_1_9.xlconstant_v1_1_9_xlconstant
Compiling module xil_defaultlib.design_3_xlconstant_0_0
Compiling module xil_defaultlib.design_3_xlconstant_0_1
Compiling module xil_defaultlib.design_3
Compiling module xil_defaultlib.design_3_wrapper
Compiling module xil_defaultlib.complete_monitor_test
Compiling module xil_defaultlib.glbl
Built simulation snapshot complete_monitor_test_behav
run_program: Time (s): cpu = 00:00:03 ; elapsed = 00:00:20 . Memory (MB): peak = 2734.570 ; gain = 0.000
INFO: [USF-XSim-69] 'elaborate' step finished in '20' seconds
INFO: [USF-XSim-4] XSim::Simulate design
INFO: [USF-XSim-61] Executing 'SIMULATE' step in 'D:/cd3/project_3/project_3.sim/sim_2/behav/xsim'
INFO: [USF-XSim-98] *** Running xsim
   with args "complete_monitor_test_behav -key {Behavioral:sim_2:Functional:complete_monitor_test} -tclbatch {complete_monitor_test.tcl} -protoinst "protoinst_files/design_3.protoinst" -log {simulate.log}"
INFO: [USF-XSim-8] Loading simulator feature
INFO: [Wavedata 42-565] Reading protoinst file protoinst_files/design_3.protoinst
Time resolution is 1 ps
source complete_monitor_test.tcl
# set curr_wave [current_wave_config]
# if { [string length $curr_wave] == 0 } {
#   if { [llength [get_objects]] > 0} {
#     add_wave /
#     set_property needs_save false [current_wave_config]
#   } else {
#      send_msg_id Add_Wave-1 WARNING "No top level signals found. Simulator will start without a wave window. If you want to open a wave window go to 'File->New Waveform Configuration' or type 'create_wave_config' in the TCL console."
#   }
# }
# run 1000ns
============== 完整监控测试 ==============
时间(ns)	复位	uPC		Crom		Bus		MAR
----------------------------------------------------------------
10000		0	0x000	0x00e181	0x0000	0x000
100000		1	0x000	0x00e181	0x0000	0x000 <- 复位释放
105000		1	0x001	0x00e181	0x0000	0x000
115000		1	0x002	0x000a11	0x0000	0x000
125000		1	0x003	0x00c041	0x0400	0x000
135000		1	0x010	0x000003	0x0000	0x000
145000		1	0x011	0x00e181	0x0001	0x001
155000		1	0x012	0x000a11	0x0000	0x001
165000		1	0x018	0x000184	0x0000	0x000
175000		1	0x019	0x00c081	0x55aa	0x000
185000		1	0x000	0x000002	0x0000	0x000
195000		1	0x001	0x00e181	0x0002	0x002
205000		1	0x002	0x000a11	0x0000	0x002
215000		1	0x003	0x00c041	0x0938	0x002
225000		1	0x020	0x000003	0x0000	0x002
235000		1	0x021	0x00e181	0x0003	0x003
245000		1	0x022	0x000a11	0x0000	0x003
255000		1	0x023	0x00c181	0x00a0	0x0a0
265000		1	0x024	0x000211	0x0000	0x0a0
275000		1	0x02a	0x000004	0x0000	0x0a0
285000		1	0x02b	0x00c0c1	0x1111	0x0a0
295000		1	0x000	0x000002	0x0000	0x0a0
305000		1	0x001	0x00e181	0x0004	0x004
315000		1	0x002	0x000a11	0x0000	0x004
325000		1	0x003	0x00c041	0x0d09	0x004
335000		1	0x030	0x000003	0x0000	0x004
345000		1	0x038	0x000004	0x0000	0x004
355000		1	0x039	0x004141	0x55aa	0x004
365000		1	0x031	0x003102	0x0d09	0x004
375000		1	0x13a	0x000005	0x0000	0x004
385000		1	0x13b	0x266401	0x1111	0x004
395000		1	0x132	0x013202	0x0d09	0x004
405000		1	0x133	0x00a0c1	0x66bb	0x004
415000		1	0x000	0x000002	0x0000	0x004
425000		1	0x001	0x00e181	0x0005	0x005
435000		1	0x002	0x000a11	0x0000	0x005
445000		1	0x003	0x00c041	0x0540	0x005
455000		1	0x010	0x000003	0x0000	0x005
465000		1	0x011	0x00e181	0x0006	0x006
475000		1	0x012	0x000a11	0x0000	0x006
485000		1	0x01c	0x000184	0x0000	0x000
495000		1	0x01d	0x00c101	0x00fa	0x000
505000		1	0x000	0x000002	0x0000	0x000
515000		1	0x001	0x00e181	0x0007	0x007
525000		1	0x002	0x000a11	0x0000	0x007
535000		1	0x003	0x00c041	0x1112	0x007
545000		1	0x040	0x000003	0x0000	0x007
555000		1	0x041	0x008181	0x00fa	0x0fa
565000		1	0x042	0x0041c1	0x55aa	0x0fa
575000		1	0x043	0x010021	0x0000	0x0fa
585000		1	0x000	0x000002	0x0000	0x0fa
595000		1	0x001	0x00e181	0x0008	0x008
605000		1	0x002	0x000a11	0x0000	0x008
615000		1	0x003	0x00c041	0x1800	0x008
625000		1	0x060	0x000003	0x0000	0x008
635000		1	0x061	0x00e181	0x0009	0x009
645000		1	0x062	0x000211	0x0000	0x009
655000		1	0x063	0x00d001	0x0002	0x009
665000		1	0x000	0x000002	0x0000	0x009
675000		1	0x001	0x00e181	0x0002	0x002
685000		1	0x002	0x000a11	0x0000	0x002
695000		1	0x003	0x00c041	0x0938	0x002
705000		1	0x020	0x000003	0x0000	0x002
715000		1	0x021	0x00e181	0x0003	0x003
725000		1	0x022	0x000a11	0x0000	0x003
735000		1	0x023	0x00c181	0x00a0	0x0a0
745000		1	0x024	0x000211	0x0000	0x0a0
755000		1	0x02a	0x000004	0x0000	0x0a0
765000		1	0x02b	0x00c0c1	0x1111	0x0a0
775000		1	0x000	0x000002	0x0000	0x0a0
785000		1	0x001	0x00e181	0x0004	0x004
795000		1	0x002	0x000a11	0x0000	0x004
805000		1	0x003	0x00c041	0x0d09	0x004
815000		1	0x030	0x000003	0x0000	0x004
825000		1	0x038	0x000004	0x0000	0x004
835000		1	0x039	0x004141	0x55aa	0x004
845000		1	0x031	0x003102	0x0d09	0x004
855000		1	0x13a	0x000005	0x0000	0x004
865000		1	0x13b	0x266401	0x1111	0x004
875000		1	0x132	0x013202	0x0d09	0x004
885000		1	0x133	0x00a0c1	0x66bb	0x004
895000		1	0x000	0x000002	0x0000	0x004
905000		1	0x001	0x00e181	0x0005	0x005
915000		1	0x002	0x000a11	0x0000	0x005
925000		1	0x003	0x00c041	0x0540	0x005
935000		1	0x010	0x000003	0x0000	0x005
945000		1	0x011	0x00e181	0x0006	0x006
955000		1	0x012	0x000a11	0x0000	0x006
965000		1	0x01c	0x000184	0x0000	0x000
975000		1	0x01d	0x00c101	0x00fa	0x000
985000		1	0x000	0x000002	0x0000	0x000
995000		1	0x001	0x00e181	0x0007	0x007
xsim: Time (s): cpu = 00:00:05 ; elapsed = 00:00:07 . Memory (MB): peak = 2734.570 ; gain = 0.000
INFO: [USF-XSim-96] XSim completed. Design snapshot 'complete_monitor_test_behav' loaded.
INFO: [USF-XSim-97] XSim simulation ran for 1000ns
launch_simulation: Time (s): cpu = 00:00:13 ; elapsed = 00:00:52 . Memory (MB): peak = 2734.570 ; gain = 0.000
close_sim
INFO: [Simtcl 6-16] Simulation closed
disconnect_bd_net /xlconstant_0_dout [get_bd_pins decoder_3to8_0/enable]
connect_bd_net [get_bd_pins decoder_3to8_0/enable] [get_bd_pins decoder_3to8_2/out1]
disconnect_bd_net /xlconstant_0_dout [get_bd_pins decoder_3to8_1/enable]
connect_bd_net [get_bd_pins decoder_3to8_1/enable] [get_bd_pins decoder_3to8_2/out1]
save_bd_design
WARNING: [BD 41-597] NET <D_trigger_0_q> has no source
Wrote  : <D:\cd3\design_3\design_3.bd> 
Wrote  : <D:/cd3/design_3/ui/bd_205a0ed2.ui> 
generate_target Simulation [get_files D:/cd3/design_3/design_3.bd]
CRITICAL WARNING: [BD 41-1367] The port name 'out' of cell '/mux_5to1_16bit_0' is a reserved keyword in a Hardware Description Language. Please consider renaming the port.
CRITICAL WARNING: [BD 41-759] The input pins (listed below) are either not connected or do not have a source port, and they don't have a tie-off specified. These pins are tied-off to all 0's to avoid error in Implementation flow.
Please check your design and connect them as needed: 
/start/a
/start/D_trigger_0/d
/start/D_trigger_0/set_n
/start/and_gate_0/a
/mux_5to1_16bit_0/MDRE
/mux_5to1_16bit_0/selMDRE
/dlxzq0/and2_1/A
/dlxzq0/and2_2/A
/dlxzq0/or3_gate_0/d
/dlxzq1/and2_1/A
/dlxzq2/and2_1/A
/dlxzq3/and2_1/A
/aggregator_12inputs_0/in11
/aggregator_12inputs_0/in10

WARNING: [BD 41-597] NET <D_trigger_0_q> has no source
Wrote  : <D:\cd3\design_3\design_3.bd> 
WARNING: [BD 41-166] Source port for the net:D_trigger_0_q is NULL! Connection will be grounded!
CRITICAL WARNING: [BD 41-2383] Width mismatch when connecting input pin '/mux_5to1_16bit_0/PC'(16) to pin '/PC/dout'(12) - Only lower order bits will be connected, and other input bits of this pin will be left unconnected.
CRITICAL WARNING: [BD 41-2383] Width mismatch when connecting input pin '/Crom_1kx23_0/addr'(10) to pin '/uPC/dout'(12) - Only lower order bits will be connected, and other input bits of this pin will be left unconnected.
Verilog Output written to : D:/cd3/design_3/synth/design_3.v
WARNING: [BD 41-166] Source port for the net:D_trigger_0_q is NULL! Connection will be grounded!
CRITICAL WARNING: [BD 41-2383] Width mismatch when connecting input pin '/mux_5to1_16bit_0/PC'(16) to pin '/PC/dout'(12) - Only lower order bits will be connected, and other input bits of this pin will be left unconnected.
CRITICAL WARNING: [BD 41-2383] Width mismatch when connecting input pin '/Crom_1kx23_0/addr'(10) to pin '/uPC/dout'(12) - Only lower order bits will be connected, and other input bits of this pin will be left unconnected.
Verilog Output written to : D:/cd3/design_3/sim/design_3.v
Verilog Output written to : D:/cd3/design_3/hdl/design_3_wrapper.v
Exporting to file D:/cd3/design_3/hw_handoff/design_3.hwh
Generated Hardware Definition File D:/cd3/design_3/synth/design_3.hwdef
export_ip_user_files -of_objects [get_files D:/cd3/design_3/design_3.bd] -no_script -sync -force -quiet
export_simulation -of_objects [get_files D:/cd3/design_3/design_3.bd] -directory D:/cd3/project_3/project_3.ip_user_files/sim_scripts -ip_user_files_dir D:/cd3/project_3/project_3.ip_user_files -ipstatic_source_dir D:/cd3/project_3/project_3.ip_user_files/ipstatic -lib_map_path [list {modelsim=D:/cd3/project_3/project_3.cache/compile_simlib/modelsim} {questa=D:/cd3/project_3/project_3.cache/compile_simlib/questa} {riviera=D:/cd3/project_3/project_3.cache/compile_simlib/riviera} {activehdl=D:/cd3/project_3/project_3.cache/compile_simlib/activehdl}] -use_ip_compiled_libs -force -quiet
launch_simulation -simset [get_filesets sim_2 ]
Command: launch_simulation  -simset sim_2
INFO: [Vivado 12-12493] Simulation top is 'complete_monitor_test'
WARNING: [Vivado 12-13340] Unable to auto find GCC executables from simulator install path! (path not set)
INFO: [Vivado 12-5698] Checking validity of IPs in the design for the 'XSim' simulator...
INFO: [Vivado 12-5682] Launching behavioral simulation in 'D:/cd3/project_3/project_3.sim/sim_2/behav/xsim'
INFO: [Vivado 12-13660] Precompiled IP simulation library mode is enabled (default). The design IP libraries will be referenced from the compiled library path. Please note that if the precompiled version of the library is not found from the path or the IP is in locked state, then the library source files for these IPs will be compiled locally as part of the compile order.
INFO: [Vivado 12-4795] Using compiled simulation libraries for IPs
INFO: [SIM-utils-51] Simulation object is 'sim_2'
INFO: [SIM-utils-72] Using boost library from 'D:/Vivado/2024.2/tps/boost_1_72_0'
INFO: [USF-XSim-7] Finding pre-compiled libraries...
INFO: [USF-XSim-11] File 'D:/Vivado/2024.2/data/xsim/xsim.ini' copied to run dir:'D:/cd3/project_3/project_3.sim/sim_2/behav/xsim'
INFO: [SIM-utils-54] Inspecting design source files for 'complete_monitor_test' in fileset 'sim_2'...
INFO: [USF-XSim-97] Finding global include files...
INFO: [USF-XSim-98] Fetching design files from 'sim_2'...
INFO: [USF-XSim-2] XSim::Compile design
INFO: [USF-XSim-61] Executing 'COMPILE and ANALYZE' step in 'D:/cd3/project_3/project_3.sim/sim_2/behav/xsim'
"xvlog --incr --relax -prj complete_monitor_test_vlog.prj"
INFO: [VRFC 10-2263] Analyzing Verilog file "D:/cd3/exp3/exp14_source.v" into library xil_defaultlib
INFO: [VRFC 10-311] analyzing module adpt_in
INFO: [VRFC 10-311] analyzing module adpt_out
INFO: [VRFC 10-311] analyzing module adpt_out8
INFO: [VRFC 10-311] analyzing module adpt_out12
INFO: [VRFC 10-311] analyzing module adpt_out16
INFO: [VRFC 10-311] analyzing module adpt_out23
INFO: [VRFC 10-311] analyzing module and2
INFO: [VRFC 10-311] analyzing module not1
INFO: [VRFC 10-311] analyzing module addr_adpt
INFO: [VRFC 10-311] analyzing module UIR
INFO: [VRFC 10-311] analyzing module m74LS161
INFO: [VRFC 10-311] analyzing module rom1_256x24
INFO: [VRFC 10-311] analyzing module rom2_4Kx16
INFO: [VRFC 10-311] analyzing module adder4
INFO: [VRFC 10-311] analyzing module dff4
WARNING: [VRFC 10-9336] redeclaration of ANSI port 'Q3' is not allowed [D:/cd3/exp3/exp14_source.v:265]
INFO: [VRFC 10-311] analyzing module shifter
INFO: [VRFC 10-311] analyzing module carry_output_splitter
INFO: [VRFC 10-311] analyzing module the_12bit_to_3x4bit
INFO: [VRFC 10-311] analyzing module four_bit_checker
INFO: [VRFC 10-311] analyzing module or3_gate
INFO: [VRFC 10-311] analyzing module aggregator_12inputs_to_12bit_sync
INFO: [VRFC 10-311] analyzing module splitter_16bit_to_16outputs
INFO: [VRFC 10-311] analyzing module splitter_12bit_to_12outputs
INFO: [VRFC 10-311] analyzing module bus_slicer_16to12
INFO: [VRFC 10-311] analyzing module register_temp
INFO: [VRFC 10-2263] Analyzing Verilog file "D:/cd3/exp3/D_trigger.v" into library xil_defaultlib
INFO: [VRFC 10-311] analyzing module D_trigger
INFO: [VRFC 10-2263] Analyzing Verilog file "D:/cd3/exp3/and_gate.v" into library xil_defaultlib
INFO: [VRFC 10-311] analyzing module and_gate
INFO: [VRFC 10-2263] Analyzing Verilog file "D:/cd3/exp3/not_gate.v" into library xil_defaultlib
INFO: [VRFC 10-311] analyzing module not_gate
INFO: [VRFC 10-2263] Analyzing Verilog file "D:/cd3/exp3/74161.v" into library xil_defaultlib
INFO: [VRFC 10-311] analyzing module ic_74161
INFO: [VRFC 10-2263] Analyzing Verilog file "D:/cd3/exp3/ram.v" into library xil_defaultlib
INFO: [VRFC 10-311] analyzing module ram
INFO: [VRFC 10-2263] Analyzing Verilog file "D:/cd3/exp3/16bit_reg.v" into library xil_defaultlib
INFO: [VRFC 10-311] analyzing module register_16bit
INFO: [VRFC 10-2263] Analyzing Verilog file "D:/cd3/exp3/12bit_reg.v" into library xil_defaultlib
INFO: [VRFC 10-311] analyzing module register_12bit
INFO: [VRFC 10-2263] Analyzing Verilog file "D:/cd3/exp3/mix5to1.v" into library xil_defaultlib
INFO: [VRFC 10-311] analyzing module mux_5to1_16bit
INFO: [VRFC 10-2263] Analyzing Verilog file "D:/cd3/exp3/aggregator_4bit.v" into library xil_defaultlib
INFO: [VRFC 10-311] analyzing module aggregator_4bit
INFO: [VRFC 10-2263] Analyzing Verilog file "D:/cd3/exp3/74182.v" into library xil_defaultlib
INFO: [VRFC 10-311] analyzing module carry_lookahead_74182
INFO: [VRFC 10-2263] Analyzing Verilog file "D:/cd3/exp3/74181.v" into library xil_defaultlib
INFO: [VRFC 10-311] analyzing module alu_74181
INFO: [VRFC 10-2263] Analyzing Verilog file "D:/cd3/exp3/aggregate_4x4_to_16bit.v" into library xil_defaultlib
INFO: [VRFC 10-311] analyzing module aggregate_4x4_to_16bit
INFO: [VRFC 10-311] analyzing module adpt_out_16bit
INFO: [VRFC 10-2263] Analyzing Verilog file "D:/cd3/exp3/the_16bit_to_4x4bit.v" into library xil_defaultlib
INFO: [VRFC 10-311] analyzing module the_16bit_to_4x4bit
INFO: [VRFC 10-2263] Analyzing Verilog file "D:/cd3/exp3/rom.v" into library xil_defaultlib
INFO: [VRFC 10-311] analyzing module rom_1kx23
INFO: [VRFC 10-2263] Analyzing Verilog file "D:/cd3/exp3/bit_splitter_23.v" into library xil_defaultlib
INFO: [VRFC 10-311] analyzing module bit_splitter_23
INFO: [VRFC 10-2263] Analyzing Verilog file "D:/cd3/exp3/decoder_3to8.v" into library xil_defaultlib
INFO: [VRFC 10-311] analyzing module decoder_3to8
INFO: [VRFC 10-2263] Analyzing Verilog file "D:/cd3/exp3/decoder_2to4.v" into library xil_defaultlib
INFO: [VRFC 10-311] analyzing module decoder_2to4
INFO: [VRFC 10-2263] Analyzing Verilog file "D:/cd3/exp3/or_gate.v" into library xil_defaultlib
INFO: [VRFC 10-311] analyzing module or_gate
INFO: [VRFC 10-2263] Analyzing Verilog file "D:/cd3/project_3/project_3.ip_user_files/bd/design_3/ip/design_3_adpt_in_0_0/sim/design_3_adpt_in_0_0.v" into library xil_defaultlib
INFO: [VRFC 10-311] analyzing module design_3_adpt_in_0_0
INFO: [VRFC 10-2263] Analyzing Verilog file "D:/cd3/project_3/project_3.ip_user_files/bd/design_3/ip/design_3_xlconstant_0_0/sim/design_3_xlconstant_0_0.v" into library xil_defaultlib
INFO: [VRFC 10-311] analyzing module design_3_xlconstant_0_0
INFO: [VRFC 10-2263] Analyzing Verilog file "D:/cd3/project_3/project_3.ip_user_files/bd/design_3/ip/design_3_xlconstant_0_1/sim/design_3_xlconstant_0_1.v" into library xil_defaultlib
INFO: [VRFC 10-311] analyzing module design_3_xlconstant_0_1
INFO: [VRFC 10-2263] Analyzing Verilog file "D:/cd3/project_3/project_3.ip_user_files/bd/design_3/ip/design_3_D_trigger_0_0/sim/design_3_D_trigger_0_0.v" into library xil_defaultlib
INFO: [VRFC 10-311] analyzing module design_3_D_trigger_0_0
INFO: [VRFC 10-2263] Analyzing Verilog file "D:/cd3/project_3/project_3.ip_user_files/bd/design_3/ip/design_3_and_gate_0_0/sim/design_3_and_gate_0_0.v" into library xil_defaultlib
INFO: [VRFC 10-311] analyzing module design_3_and_gate_0_0
INFO: [VRFC 10-2263] Analyzing Verilog file "D:/cd3/project_3/project_3.ip_user_files/bd/design_3/ip/design_3_and_gate_1_0/sim/design_3_and_gate_1_0.v" into library xil_defaultlib
INFO: [VRFC 10-311] analyzing module design_3_and_gate_1_0
INFO: [VRFC 10-2263] Analyzing Verilog file "D:/cd3/project_3/project_3.ip_user_files/bd/design_3/ip/design_3_and_gate_2_0/sim/design_3_and_gate_2_0.v" into library xil_defaultlib
INFO: [VRFC 10-311] analyzing module design_3_and_gate_2_0
INFO: [VRFC 10-2263] Analyzing Verilog file "D:/cd3/project_3/project_3.ip_user_files/bd/design_3/ip/design_3_not_gate_0_0/sim/design_3_not_gate_0_0.v" into library xil_defaultlib
INFO: [VRFC 10-311] analyzing module design_3_not_gate_0_0
INFO: [VRFC 10-2263] Analyzing Verilog file "D:/cd3/project_3/project_3.ip_user_files/bd/design_3/ip/design_3_ic_74161_0_0/sim/design_3_ic_74161_0_0.v" into library xil_defaultlib
INFO: [VRFC 10-311] analyzing module design_3_ic_74161_0_0
INFO: [VRFC 10-2263] Analyzing Verilog file "D:/cd3/project_3/project_3.ip_user_files/bd/design_3/ip/design_3_ic_74161_1_0/sim/design_3_ic_74161_1_0.v" into library xil_defaultlib
INFO: [VRFC 10-311] analyzing module design_3_ic_74161_1_0
INFO: [VRFC 10-2263] Analyzing Verilog file "D:/cd3/project_3/project_3.ip_user_files/bd/design_3/ip/design_3_ic_74161_2_0/sim/design_3_ic_74161_2_0.v" into library xil_defaultlib
INFO: [VRFC 10-311] analyzing module design_3_ic_74161_2_0
INFO: [VRFC 10-2263] Analyzing Verilog file "D:/cd3/project_3/project_3.ip_user_files/bd/design_3/ip/design_3_xlconcat_0_0/sim/design_3_xlconcat_0_0.v" into library xil_defaultlib
INFO: [VRFC 10-311] analyzing module design_3_xlconcat_0_0
INFO: [VRFC 10-2263] Analyzing Verilog file "D:/cd3/project_3/project_3.ip_user_files/bd/design_3/ip/design_3_the_12bit_to_3x4bit_0_1/sim/design_3_the_12bit_to_3x4bit_0_1.v" into library xil_defaultlib
INFO: [VRFC 10-311] analyzing module design_3_the_12bit_to_3x4bit_0_1
INFO: [VRFC 10-2263] Analyzing Verilog file "D:/cd3/project_3/project_3.ip_user_files/bd/design_3/ip/design_3_ram_0_0/sim/design_3_ram_0_0.v" into library xil_defaultlib
INFO: [VRFC 10-311] analyzing module design_3_ram_0_0
INFO: [VRFC 10-2263] Analyzing Verilog file "D:/cd3/project_3/project_3.ip_user_files/bd/design_3/ip/design_3_register_16bit_0_0/sim/design_3_register_16bit_0_0.v" into library xil_defaultlib
INFO: [VRFC 10-311] analyzing module design_3_register_16bit_0_0
INFO: [VRFC 10-2263] Analyzing Verilog file "D:/cd3/project_3/project_3.ip_user_files/bd/design_3/ip/design_3_register_16bit_1_0/sim/design_3_register_16bit_1_0.v" into library xil_defaultlib
INFO: [VRFC 10-311] analyzing module design_3_register_16bit_1_0
INFO: [VRFC 10-2263] Analyzing Verilog file "D:/cd3/project_3/project_3.ip_user_files/bd/design_3/ip/design_3_register_16bit_2_0/sim/design_3_register_16bit_2_0.v" into library xil_defaultlib
INFO: [VRFC 10-311] analyzing module design_3_register_16bit_2_0
INFO: [VRFC 10-2263] Analyzing Verilog file "D:/cd3/project_3/project_3.ip_user_files/bd/design_3/ip/design_3_register_16bit_3_0/sim/design_3_register_16bit_3_0.v" into library xil_defaultlib
INFO: [VRFC 10-311] analyzing module design_3_register_16bit_3_0
INFO: [VRFC 10-2263] Analyzing Verilog file "D:/cd3/project_3/project_3.ip_user_files/bd/design_3/ip/design_3_register_16bit_4_0/sim/design_3_register_16bit_4_0.v" into library xil_defaultlib
INFO: [VRFC 10-311] analyzing module design_3_register_16bit_4_0
INFO: [VRFC 10-2263] Analyzing Verilog file "D:/cd3/project_3/project_3.ip_user_files/bd/design_3/ip/design_3_register_12bit_0_0/sim/design_3_register_12bit_0_0.v" into library xil_defaultlib
INFO: [VRFC 10-311] analyzing module design_3_register_12bit_0_0
INFO: [VRFC 10-2263] Analyzing Verilog file "D:/cd3/project_3/project_3.ip_user_files/bd/design_3/ip/design_3_register_16bit_3_1/sim/design_3_register_16bit_3_1.v" into library xil_defaultlib
INFO: [VRFC 10-311] analyzing module design_3_register_16bit_3_1
INFO: [VRFC 10-2263] Analyzing Verilog file "D:/cd3/project_3/project_3.ip_user_files/bd/design_3/ip/design_3_MDR_0/sim/design_3_MDR_0.v" into library xil_defaultlib
INFO: [VRFC 10-311] analyzing module design_3_MDR_0
INFO: [VRFC 10-2263] Analyzing Verilog file "D:/cd3/project_3/project_3.ip_user_files/bd/design_3/ip/design_3_register_16bit_0_1/sim/design_3_register_16bit_0_1.v" into library xil_defaultlib
INFO: [VRFC 10-311] analyzing module design_3_register_16bit_0_1
INFO: [VRFC 10-2263] Analyzing Verilog file "D:/cd3/project_3/project_3.ip_user_files/bd/design_3/ip/design_3_mux_5to1_16bit_0_0/sim/design_3_mux_5to1_16bit_0_0.v" into library xil_defaultlib
INFO: [VRFC 10-311] analyzing module design_3_mux_5to1_16bit_0_0
INFO: [VRFC 10-2263] Analyzing Verilog file "D:/cd3/project_3/project_3.ip_user_files/bd/design_3/ip/design_3_aggregator_4bit_0_1/sim/design_3_aggregator_4bit_0_1.v" into library xil_defaultlib
INFO: [VRFC 10-311] analyzing module design_3_aggregator_4bit_0_1
INFO: [VRFC 10-2263] Analyzing Verilog file "D:/cd3/project_3/project_3.ip_user_files/bd/design_3/ip/design_3_carry_lookahead_74182_0_0/sim/design_3_carry_lookahead_74182_0_0.v" into library xil_defaultlib
INFO: [VRFC 10-311] analyzing module design_3_carry_lookahead_74182_0_0
INFO: [VRFC 10-2263] Analyzing Verilog file "D:/cd3/project_3/project_3.ip_user_files/bd/design_3/ip/design_3_aggregator_4bit_1_0/sim/design_3_aggregator_4bit_1_0.v" into library xil_defaultlib
INFO: [VRFC 10-311] analyzing module design_3_aggregator_4bit_1_0
INFO: [VRFC 10-2263] Analyzing Verilog file "D:/cd3/project_3/project_3.ip_user_files/bd/design_3/ip/design_3_alu_74181_0_0/sim/design_3_alu_74181_0_0.v" into library xil_defaultlib
INFO: [VRFC 10-311] analyzing module design_3_alu_74181_0_0
INFO: [VRFC 10-2263] Analyzing Verilog file "D:/cd3/project_3/project_3.ip_user_files/bd/design_3/ip/design_3_alu_74181_1_0/sim/design_3_alu_74181_1_0.v" into library xil_defaultlib
INFO: [VRFC 10-311] analyzing module design_3_alu_74181_1_0
INFO: [VRFC 10-2263] Analyzing Verilog file "D:/cd3/project_3/project_3.ip_user_files/bd/design_3/ip/design_3_alu_74181_2_0/sim/design_3_alu_74181_2_0.v" into library xil_defaultlib
INFO: [VRFC 10-311] analyzing module design_3_alu_74181_2_0
INFO: [VRFC 10-2263] Analyzing Verilog file "D:/cd3/project_3/project_3.ip_user_files/bd/design_3/ip/design_3_aggregate_4x4_to_16b_0_0/sim/design_3_aggregate_4x4_to_16b_0_0.v" into library xil_defaultlib
INFO: [VRFC 10-311] analyzing module design_3_aggregate_4x4_to_16b_0_0
INFO: [VRFC 10-2263] Analyzing Verilog file "D:/cd3/project_3/project_3.ip_user_files/bd/design_3/ip/design_3_the_16bit_to_4x4bit_2_0/sim/design_3_the_16bit_to_4x4bit_2_0.v" into library xil_defaultlib
INFO: [VRFC 10-311] analyzing module design_3_the_16bit_to_4x4bit_2_0
INFO: [VRFC 10-2263] Analyzing Verilog file "D:/cd3/project_3/project_3.ip_user_files/bd/design_3/ip/design_3_the_16bit_to_4x4bit_0_1/sim/design_3_the_16bit_to_4x4bit_0_1.v" into library xil_defaultlib
INFO: [VRFC 10-311] analyzing module design_3_the_16bit_to_4x4bit_0_1
INFO: [VRFC 10-2263] Analyzing Verilog file "D:/cd3/project_3/project_3.ip_user_files/bd/design_3/ip/design_3_alu_74181_3_0/sim/design_3_alu_74181_3_0.v" into library xil_defaultlib
INFO: [VRFC 10-311] analyzing module design_3_alu_74181_3_0
INFO: [VRFC 10-2263] Analyzing Verilog file "D:/cd3/project_3/project_3.ip_user_files/bd/design_3/ip/design_3_carry_output_splitter_0_0/sim/design_3_carry_output_splitter_0_0.v" into library xil_defaultlib
INFO: [VRFC 10-311] analyzing module design_3_carry_output_splitter_0_0
INFO: [VRFC 10-2263] Analyzing Verilog file "D:/cd3/project_3/project_3.ip_user_files/bd/design_3/ip/design_3_not_gate_1_0/sim/design_3_not_gate_1_0.v" into library xil_defaultlib
INFO: [VRFC 10-311] analyzing module design_3_not_gate_1_0
INFO: [VRFC 10-2263] Analyzing Verilog file "D:/cd3/project_3/project_3.ip_user_files/bd/design_3/ip/design_3_ic_74161_0_1/sim/design_3_ic_74161_0_1.v" into library xil_defaultlib
INFO: [VRFC 10-311] analyzing module design_3_ic_74161_0_1
INFO: [VRFC 10-2263] Analyzing Verilog file "D:/cd3/project_3/project_3.ip_user_files/bd/design_3/ip/design_3_ic_74161_1_1/sim/design_3_ic_74161_1_1.v" into library xil_defaultlib
INFO: [VRFC 10-311] analyzing module design_3_ic_74161_1_1
INFO: [VRFC 10-2263] Analyzing Verilog file "D:/cd3/project_3/project_3.ip_user_files/bd/design_3/ip/design_3_ic_74161_2_1/sim/design_3_ic_74161_2_1.v" into library xil_defaultlib
INFO: [VRFC 10-311] analyzing module design_3_ic_74161_2_1
INFO: [VRFC 10-2263] Analyzing Verilog file "D:/cd3/project_3/project_3.ip_user_files/bd/design_3/ip/design_3_xlconcat_0_1/sim/design_3_xlconcat_0_1.v" into library xil_defaultlib
INFO: [VRFC 10-311] analyzing module design_3_xlconcat_0_1
INFO: [VRFC 10-2263] Analyzing Verilog file "D:/cd3/project_3/project_3.ip_user_files/bd/design_3/ip/design_3_the_12bit_to_3x4bit_0_0/sim/design_3_the_12bit_to_3x4bit_0_0.v" into library xil_defaultlib
INFO: [VRFC 10-311] analyzing module design_3_the_12bit_to_3x4bit_0_0
INFO: [VRFC 10-2263] Analyzing Verilog file "D:/cd3/project_3/project_3.ip_user_files/bd/design_3/ip/design_3_rom_1kx23_0_0/sim/design_3_rom_1kx23_0_0.v" into library xil_defaultlib
INFO: [VRFC 10-311] analyzing module design_3_rom_1kx23_0_0
INFO: [VRFC 10-2263] Analyzing Verilog file "D:/cd3/project_3/project_3.ip_user_files/bd/design_3/ip/design_3_bit_splitter_23_0_0/sim/design_3_bit_splitter_23_0_0.v" into library xil_defaultlib
INFO: [VRFC 10-311] analyzing module design_3_bit_splitter_23_0_0
INFO: [VRFC 10-2263] Analyzing Verilog file "D:/cd3/project_3/project_3.ip_user_files/bd/design_3/ip/design_3_decoder_3to8_0_2/sim/design_3_decoder_3to8_0_2.v" into library xil_defaultlib
INFO: [VRFC 10-311] analyzing module design_3_decoder_3to8_0_2
INFO: [VRFC 10-2263] Analyzing Verilog file "D:/cd3/project_3/project_3.ip_user_files/bd/design_3/ip/design_3_decoder_2to4_0_0/sim/design_3_decoder_2to4_0_0.v" into library xil_defaultlib
INFO: [VRFC 10-311] analyzing module design_3_decoder_2to4_0_0
INFO: [VRFC 10-2263] Analyzing Verilog file "D:/cd3/project_3/project_3.ip_user_files/bd/design_3/ip/design_3_decoder_3to8_1_0/sim/design_3_decoder_3to8_1_0.v" into library xil_defaultlib
INFO: [VRFC 10-311] analyzing module design_3_decoder_3to8_1_0
INFO: [VRFC 10-2263] Analyzing Verilog file "D:/cd3/project_3/project_3.ip_user_files/bd/design_3/ip/design_3_decoder_2to4_1_0/sim/design_3_decoder_2to4_1_0.v" into library xil_defaultlib
INFO: [VRFC 10-311] analyzing module design_3_decoder_2to4_1_0
INFO: [VRFC 10-2263] Analyzing Verilog file "D:/cd3/project_3/project_3.ip_user_files/bd/design_3/ip/design_3_not1_0_0/sim/design_3_not1_0_0.v" into library xil_defaultlib
INFO: [VRFC 10-311] analyzing module design_3_not1_0_0
INFO: [VRFC 10-2263] Analyzing Verilog file "D:/cd3/project_3/project_3.ip_user_files/bd/design_3/ip/design_3_decoder_3to8_2_0/sim/design_3_decoder_3to8_2_0.v" into library xil_defaultlib
INFO: [VRFC 10-311] analyzing module design_3_decoder_3to8_2_0
INFO: [VRFC 10-2263] Analyzing Verilog file "D:/cd3/project_3/project_3.ip_user_files/bd/design_3/ip/design_3_and2_1_0/sim/design_3_and2_1_0.v" into library xil_defaultlib
INFO: [VRFC 10-311] analyzing module design_3_and2_1_0
INFO: [VRFC 10-2263] Analyzing Verilog file "D:/cd3/project_3/project_3.ip_user_files/bd/design_3/ip/design_3_and2_2_0/sim/design_3_and2_2_0.v" into library xil_defaultlib
INFO: [VRFC 10-311] analyzing module design_3_and2_2_0
INFO: [VRFC 10-2263] Analyzing Verilog file "D:/cd3/project_3/project_3.ip_user_files/bd/design_3/ip/design_3_or3_gate_0_0/sim/design_3_or3_gate_0_0.v" into library xil_defaultlib
INFO: [VRFC 10-311] analyzing module design_3_or3_gate_0_0
INFO: [VRFC 10-2263] Analyzing Verilog file "D:/cd3/project_3/project_3.ip_user_files/bd/design_3/ip/design_3_and2_0_0/sim/design_3_and2_0_0.v" into library xil_defaultlib
INFO: [VRFC 10-311] analyzing module design_3_and2_0_0
INFO: [VRFC 10-2263] Analyzing Verilog file "D:/cd3/project_3/project_3.ip_user_files/bd/design_3/ip/design_3_and2_1_1/sim/design_3_and2_1_1.v" into library xil_defaultlib
INFO: [VRFC 10-311] analyzing module design_3_and2_1_1
INFO: [VRFC 10-2263] Analyzing Verilog file "D:/cd3/project_3/project_3.ip_user_files/bd/design_3/ip/design_3_and2_2_1/sim/design_3_and2_2_1.v" into library xil_defaultlib
INFO: [VRFC 10-311] analyzing module design_3_and2_2_1
INFO: [VRFC 10-2263] Analyzing Verilog file "D:/cd3/project_3/project_3.ip_user_files/bd/design_3/ip/design_3_or3_gate_0_1/sim/design_3_or3_gate_0_1.v" into library xil_defaultlib
INFO: [VRFC 10-311] analyzing module design_3_or3_gate_0_1
INFO: [VRFC 10-2263] Analyzing Verilog file "D:/cd3/project_3/project_3.ip_user_files/bd/design_3/ip/design_3_and2_0_1/sim/design_3_and2_0_1.v" into library xil_defaultlib
INFO: [VRFC 10-311] analyzing module design_3_and2_0_1
INFO: [VRFC 10-2263] Analyzing Verilog file "D:/cd3/project_3/project_3.ip_user_files/bd/design_3/ip/design_3_and2_3_7/sim/design_3_and2_3_7.v" into library xil_defaultlib
INFO: [VRFC 10-311] analyzing module design_3_and2_3_7
INFO: [VRFC 10-2263] Analyzing Verilog file "D:/cd3/project_3/project_3.ip_user_files/bd/design_3/ip/design_3_and2_1_2/sim/design_3_and2_1_2.v" into library xil_defaultlib
INFO: [VRFC 10-311] analyzing module design_3_and2_1_2
INFO: [VRFC 10-2263] Analyzing Verilog file "D:/cd3/project_3/project_3.ip_user_files/bd/design_3/ip/design_3_and2_2_2/sim/design_3_and2_2_2.v" into library xil_defaultlib
INFO: [VRFC 10-311] analyzing module design_3_and2_2_2
INFO: [VRFC 10-2263] Analyzing Verilog file "D:/cd3/project_3/project_3.ip_user_files/bd/design_3/ip/design_3_or3_gate_0_2/sim/design_3_or3_gate_0_2.v" into library xil_defaultlib
INFO: [VRFC 10-311] analyzing module design_3_or3_gate_0_2
INFO: [VRFC 10-2263] Analyzing Verilog file "D:/cd3/project_3/project_3.ip_user_files/bd/design_3/ip/design_3_and2_0_2/sim/design_3_and2_0_2.v" into library xil_defaultlib
INFO: [VRFC 10-311] analyzing module design_3_and2_0_2
INFO: [VRFC 10-2263] Analyzing Verilog file "D:/cd3/project_3/project_3.ip_user_files/bd/design_3/ip/design_3_and2_3_6/sim/design_3_and2_3_6.v" into library xil_defaultlib
INFO: [VRFC 10-311] analyzing module design_3_and2_3_6
INFO: [VRFC 10-2263] Analyzing Verilog file "D:/cd3/project_3/project_3.ip_user_files/bd/design_3/ip/design_3_and2_1_3/sim/design_3_and2_1_3.v" into library xil_defaultlib
INFO: [VRFC 10-311] analyzing module design_3_and2_1_3
INFO: [VRFC 10-2263] Analyzing Verilog file "D:/cd3/project_3/project_3.ip_user_files/bd/design_3/ip/design_3_and2_2_3/sim/design_3_and2_2_3.v" into library xil_defaultlib
INFO: [VRFC 10-311] analyzing module design_3_and2_2_3
INFO: [VRFC 10-2263] Analyzing Verilog file "D:/cd3/project_3/project_3.ip_user_files/bd/design_3/ip/design_3_or3_gate_0_3/sim/design_3_or3_gate_0_3.v" into library xil_defaultlib
INFO: [VRFC 10-311] analyzing module design_3_or3_gate_0_3
INFO: [VRFC 10-2263] Analyzing Verilog file "D:/cd3/project_3/project_3.ip_user_files/bd/design_3/ip/design_3_and2_0_3/sim/design_3_and2_0_3.v" into library xil_defaultlib
INFO: [VRFC 10-311] analyzing module design_3_and2_0_3
INFO: [VRFC 10-2263] Analyzing Verilog file "D:/cd3/project_3/project_3.ip_user_files/bd/design_3/ip/design_3_and2_3_5/sim/design_3_and2_3_5.v" into library xil_defaultlib
INFO: [VRFC 10-311] analyzing module design_3_and2_3_5
INFO: [VRFC 10-2263] Analyzing Verilog file "D:/cd3/project_3/project_3.ip_user_files/bd/design_3/ip/design_3_and2_1_4/sim/design_3_and2_1_4.v" into library xil_defaultlib
INFO: [VRFC 10-311] analyzing module design_3_and2_1_4
INFO: [VRFC 10-2263] Analyzing Verilog file "D:/cd3/project_3/project_3.ip_user_files/bd/design_3/ip/design_3_and2_2_4/sim/design_3_and2_2_4.v" into library xil_defaultlib
INFO: [VRFC 10-311] analyzing module design_3_and2_2_4
INFO: [VRFC 10-2263] Analyzing Verilog file "D:/cd3/project_3/project_3.ip_user_files/bd/design_3/ip/design_3_or3_gate_0_4/sim/design_3_or3_gate_0_4.v" into library xil_defaultlib
INFO: [VRFC 10-311] analyzing module design_3_or3_gate_0_4
INFO: [VRFC 10-2263] Analyzing Verilog file "D:/cd3/project_3/project_3.ip_user_files/bd/design_3/ip/design_3_and2_0_4/sim/design_3_and2_0_4.v" into library xil_defaultlib
INFO: [VRFC 10-311] analyzing module design_3_and2_0_4
INFO: [VRFC 10-2263] Analyzing Verilog file "D:/cd3/project_3/project_3.ip_user_files/bd/design_3/ip/design_3_and2_1_10/sim/design_3_and2_1_10.v" into library xil_defaultlib
INFO: [VRFC 10-311] analyzing module design_3_and2_1_10
INFO: [VRFC 10-2263] Analyzing Verilog file "D:/cd3/project_3/project_3.ip_user_files/bd/design_3/ip/design_3_and2_1_5/sim/design_3_and2_1_5.v" into library xil_defaultlib
INFO: [VRFC 10-311] analyzing module design_3_and2_1_5
INFO: [VRFC 10-2263] Analyzing Verilog file "D:/cd3/project_3/project_3.ip_user_files/bd/design_3/ip/design_3_and2_2_5/sim/design_3_and2_2_5.v" into library xil_defaultlib
INFO: [VRFC 10-311] analyzing module design_3_and2_2_5
INFO: [VRFC 10-2263] Analyzing Verilog file "D:/cd3/project_3/project_3.ip_user_files/bd/design_3/ip/design_3_or3_gate_0_5/sim/design_3_or3_gate_0_5.v" into library xil_defaultlib
INFO: [VRFC 10-311] analyzing module design_3_or3_gate_0_5
INFO: [VRFC 10-2263] Analyzing Verilog file "D:/cd3/project_3/project_3.ip_user_files/bd/design_3/ip/design_3_and2_0_5/sim/design_3_and2_0_5.v" into library xil_defaultlib
INFO: [VRFC 10-311] analyzing module design_3_and2_0_5
INFO: [VRFC 10-2263] Analyzing Verilog file "D:/cd3/project_3/project_3.ip_user_files/bd/design_3/ip/design_3_and2_3_4/sim/design_3_and2_3_4.v" into library xil_defaultlib
INFO: [VRFC 10-311] analyzing module design_3_and2_3_4
INFO: [VRFC 10-2263] Analyzing Verilog file "D:/cd3/project_3/project_3.ip_user_files/bd/design_3/ip/design_3_and2_1_6/sim/design_3_and2_1_6.v" into library xil_defaultlib
INFO: [VRFC 10-311] analyzing module design_3_and2_1_6
INFO: [VRFC 10-2263] Analyzing Verilog file "D:/cd3/project_3/project_3.ip_user_files/bd/design_3/ip/design_3_and2_2_6/sim/design_3_and2_2_6.v" into library xil_defaultlib
INFO: [VRFC 10-311] analyzing module design_3_and2_2_6
INFO: [VRFC 10-2263] Analyzing Verilog file "D:/cd3/project_3/project_3.ip_user_files/bd/design_3/ip/design_3_or3_gate_0_6/sim/design_3_or3_gate_0_6.v" into library xil_defaultlib
INFO: [VRFC 10-311] analyzing module design_3_or3_gate_0_6
INFO: [VRFC 10-2263] Analyzing Verilog file "D:/cd3/project_3/project_3.ip_user_files/bd/design_3/ip/design_3_and2_0_6/sim/design_3_and2_0_6.v" into library xil_defaultlib
INFO: [VRFC 10-311] analyzing module design_3_and2_0_6
INFO: [VRFC 10-2263] Analyzing Verilog file "D:/cd3/project_3/project_3.ip_user_files/bd/design_3/ip/design_3_and2_3_3/sim/design_3_and2_3_3.v" into library xil_defaultlib
INFO: [VRFC 10-311] analyzing module design_3_and2_3_3
INFO: [VRFC 10-2263] Analyzing Verilog file "D:/cd3/project_3/project_3.ip_user_files/bd/design_3/ip/design_3_and2_1_7/sim/design_3_and2_1_7.v" into library xil_defaultlib
INFO: [VRFC 10-311] analyzing module design_3_and2_1_7
INFO: [VRFC 10-2263] Analyzing Verilog file "D:/cd3/project_3/project_3.ip_user_files/bd/design_3/ip/design_3_and2_2_7/sim/design_3_and2_2_7.v" into library xil_defaultlib
INFO: [VRFC 10-311] analyzing module design_3_and2_2_7
INFO: [VRFC 10-2263] Analyzing Verilog file "D:/cd3/project_3/project_3.ip_user_files/bd/design_3/ip/design_3_or3_gate_0_7/sim/design_3_or3_gate_0_7.v" into library xil_defaultlib
INFO: [VRFC 10-311] analyzing module design_3_or3_gate_0_7
INFO: [VRFC 10-2263] Analyzing Verilog file "D:/cd3/project_3/project_3.ip_user_files/bd/design_3/ip/design_3_and2_0_7/sim/design_3_and2_0_7.v" into library xil_defaultlib
INFO: [VRFC 10-311] analyzing module design_3_and2_0_7
INFO: [VRFC 10-2263] Analyzing Verilog file "D:/cd3/project_3/project_3.ip_user_files/bd/design_3/ip/design_3_and2_3_2/sim/design_3_and2_3_2.v" into library xil_defaultlib
INFO: [VRFC 10-311] analyzing module design_3_and2_3_2
INFO: [VRFC 10-2263] Analyzing Verilog file "D:/cd3/project_3/project_3.ip_user_files/bd/design_3/ip/design_3_and2_1_8/sim/design_3_and2_1_8.v" into library xil_defaultlib
INFO: [VRFC 10-311] analyzing module design_3_and2_1_8
INFO: [VRFC 10-2263] Analyzing Verilog file "D:/cd3/project_3/project_3.ip_user_files/bd/design_3/ip/design_3_and2_2_8/sim/design_3_and2_2_8.v" into library xil_defaultlib
INFO: [VRFC 10-311] analyzing module design_3_and2_2_8
INFO: [VRFC 10-2263] Analyzing Verilog file "D:/cd3/project_3/project_3.ip_user_files/bd/design_3/ip/design_3_or3_gate_0_8/sim/design_3_or3_gate_0_8.v" into library xil_defaultlib
INFO: [VRFC 10-311] analyzing module design_3_or3_gate_0_8
INFO: [VRFC 10-2263] Analyzing Verilog file "D:/cd3/project_3/project_3.ip_user_files/bd/design_3/ip/design_3_and2_0_8/sim/design_3_and2_0_8.v" into library xil_defaultlib
INFO: [VRFC 10-311] analyzing module design_3_and2_0_8
INFO: [VRFC 10-2263] Analyzing Verilog file "D:/cd3/project_3/project_3.ip_user_files/bd/design_3/ip/design_3_and2_3_1/sim/design_3_and2_3_1.v" into library xil_defaultlib
INFO: [VRFC 10-311] analyzing module design_3_and2_3_1
INFO: [VRFC 10-2263] Analyzing Verilog file "D:/cd3/project_3/project_3.ip_user_files/bd/design_3/ip/design_3_and2_1_9/sim/design_3_and2_1_9.v" into library xil_defaultlib
INFO: [VRFC 10-311] analyzing module design_3_and2_1_9
INFO: [VRFC 10-2263] Analyzing Verilog file "D:/cd3/project_3/project_3.ip_user_files/bd/design_3/ip/design_3_and2_2_9/sim/design_3_and2_2_9.v" into library xil_defaultlib
INFO: [VRFC 10-311] analyzing module design_3_and2_2_9
INFO: [VRFC 10-2263] Analyzing Verilog file "D:/cd3/project_3/project_3.ip_user_files/bd/design_3/ip/design_3_or3_gate_0_9/sim/design_3_or3_gate_0_9.v" into library xil_defaultlib
INFO: [VRFC 10-311] analyzing module design_3_or3_gate_0_9
INFO: [VRFC 10-2263] Analyzing Verilog file "D:/cd3/project_3/project_3.ip_user_files/bd/design_3/ip/design_3_and2_0_9/sim/design_3_and2_0_9.v" into library xil_defaultlib
INFO: [VRFC 10-311] analyzing module design_3_and2_0_9
INFO: [VRFC 10-2263] Analyzing Verilog file "D:/cd3/project_3/project_3.ip_user_files/bd/design_3/ip/design_3_and2_3_0/sim/design_3_and2_3_0.v" into library xil_defaultlib
INFO: [VRFC 10-311] analyzing module design_3_and2_3_0
INFO: [VRFC 10-2263] Analyzing Verilog file "D:/cd3/project_3/project_3.ip_user_files/bd/design_3/ip/design_3_aggregator_12inputs_0_1/sim/design_3_aggregator_12inputs_0_1.v" into library xil_defaultlib
INFO: [VRFC 10-311] analyzing module design_3_aggregator_12inputs_0_1
INFO: [VRFC 10-2263] Analyzing Verilog file "D:/cd3/project_3/project_3.ip_user_files/bd/design_3/ip/design_3_splitter_16bit_to_16_0_0/sim/design_3_splitter_16bit_to_16_0_0.v" into library xil_defaultlib
INFO: [VRFC 10-311] analyzing module design_3_splitter_16bit_to_16_0_0
INFO: [VRFC 10-2263] Analyzing Verilog file "D:/cd3/project_3/project_3.ip_user_files/bd/design_3/ip/design_3_not_gate_0_1/sim/design_3_not_gate_0_1.v" into library xil_defaultlib
INFO: [VRFC 10-311] analyzing module design_3_not_gate_0_1
INFO: [VRFC 10-2263] Analyzing Verilog file "D:/cd3/project_3/project_3.ip_user_files/bd/design_3/ip/design_3_bus_slicer_16to12_0_0/sim/design_3_bus_slicer_16to12_0_0.v" into library xil_defaultlib
INFO: [VRFC 10-311] analyzing module design_3_bus_slicer_16to12_0_0
INFO: [VRFC 10-2263] Analyzing Verilog file "D:/cd3/project_3/project_3.ip_user_files/bd/design_3/ip/design_3_or_gate_0_0/sim/design_3_or_gate_0_0.v" into library xil_defaultlib
INFO: [VRFC 10-311] analyzing module design_3_or_gate_0_0
INFO: [VRFC 10-2263] Analyzing Verilog file "D:/cd3/project_3/project_3.ip_user_files/bd/design_3/ip/design_3_and_gate_0_1/sim/design_3_and_gate_0_1.v" into library xil_defaultlib
INFO: [VRFC 10-311] analyzing module design_3_and_gate_0_1
INFO: [VRFC 10-2263] Analyzing Verilog file "D:/cd3/project_3/project_3.ip_user_files/bd/design_3/ip/design_3_and_gate_1_1/sim/design_3_and_gate_1_1.v" into library xil_defaultlib
INFO: [VRFC 10-311] analyzing module design_3_and_gate_1_1
INFO: [VRFC 10-2263] Analyzing Verilog file "D:/cd3/project_3/project_3.ip_user_files/bd/design_3/ip/design_3_not_gate_1_1/sim/design_3_not_gate_1_1.v" into library xil_defaultlib
INFO: [VRFC 10-311] analyzing module design_3_not_gate_1_1
INFO: [VRFC 10-2263] Analyzing Verilog file "D:/cd3/project_3/project_3.ip_user_files/bd/design_3/ip/design_3_or_gate_1_0/sim/design_3_or_gate_1_0.v" into library xil_defaultlib
INFO: [VRFC 10-311] analyzing module design_3_or_gate_1_0
INFO: [VRFC 10-2263] Analyzing Verilog file "D:/cd3/project_3/project_3.ip_user_files/bd/design_3/ip/design_3_and2_0_10/sim/design_3_and2_0_10.v" into library xil_defaultlib
INFO: [VRFC 10-311] analyzing module design_3_and2_0_10
INFO: [VRFC 10-2263] Analyzing Verilog file "D:/cd3/project_3/project_3.ip_user_files/bd/design_3/ip/design_3_splitter_12bit_to_12_0_0/sim/design_3_splitter_12bit_to_12_0_0.v" into library xil_defaultlib
INFO: [VRFC 10-311] analyzing module design_3_splitter_12bit_to_12_0_0
INFO: [VRFC 10-2263] Analyzing Verilog file "D:/cd3/project_3/project_3.ip_user_files/bd/design_3/ip/design_3_and2_1_11/sim/design_3_and2_1_11.v" into library xil_defaultlib
INFO: [VRFC 10-311] analyzing module design_3_and2_1_11
INFO: [VRFC 10-2263] Analyzing Verilog file "D:/cd3/project_3/project_3.ip_user_files/bd/design_3/sim/design_3.v" into library xil_defaultlib
INFO: [VRFC 10-311] analyzing module ALU_imp_JZDUAB
INFO: [VRFC 10-311] analyzing module PC_imp_1MALNP6
INFO: [VRFC 10-311] analyzing module design_3
INFO: [VRFC 10-311] analyzing module dlxzq0_imp_1UWU5O7
INFO: [VRFC 10-311] analyzing module dlxzq1_imp_1RX16K4
INFO: [VRFC 10-311] analyzing module dlxzq2_imp_1Q3O4OH
INFO: [VRFC 10-311] analyzing module dlxzq3_imp_1JOESQA
INFO: [VRFC 10-311] analyzing module dlxzq4_imp_1BY0A4B
INFO: [VRFC 10-311] analyzing module dlxzq5_imp_1G2S77C
INFO: [VRFC 10-311] analyzing module dlxzq6_imp_104XQRH
INFO: [VRFC 10-311] analyzing module dlxzq7_imp_15F2LTQ
INFO: [VRFC 10-311] analyzing module dlxzq8_imp_KT4I7J
INFO: [VRFC 10-311] analyzing module dlxzq9_imp_PY44MK
INFO: [VRFC 10-311] analyzing module start_imp_NYSA1T
INFO: [VRFC 10-311] analyzing module uPC_imp_E5D2MO
INFO: [VRFC 10-2263] Analyzing Verilog file "D:/cd3/design_3/hdl/design_3_wrapper.v" into library xil_defaultlib
INFO: [VRFC 10-311] analyzing module design_3_wrapper
INFO: [VRFC 10-2263] Analyzing Verilog file "D:/cd3/exp3/simple_core_test.v" into library xil_defaultlib
INFO: [VRFC 10-311] analyzing module complete_monitor_test
run_program: Time (s): cpu = 00:00:01 ; elapsed = 00:00:16 . Memory (MB): peak = 2744.375 ; gain = 0.000
INFO: [USF-XSim-69] 'compile' step finished in '16' seconds
INFO: [USF-XSim-3] XSim::Elaborate design
INFO: [USF-XSim-61] Executing 'ELABORATE' step in 'D:/cd3/project_3/project_3.sim/sim_2/behav/xsim'
"xelab --incr --debug typical --relax --mt 2 -L xil_defaultlib -L xlconstant_v1_1_9 -L xlconcat_v2_1_6 -L unisims_ver -L unimacro_ver -L secureip -L xpm --snapshot complete_monitor_test_behav xil_defaultlib.complete_monitor_test xil_defaultlib.glbl -log elaborate.log"
Vivado Simulator v2024.2.0
Copyright 1986-2022 Xilinx, Inc. All Rights Reserved.
Copyright 2022-2024 Advanced Micro Devices, Inc. All Rights Reserved.
Running: D:/Vivado/2024.2/bin/unwrapped/win64.o/xelab.exe --incr --debug typical --relax --mt 2 -L xil_defaultlib -L xlconstant_v1_1_9 -L xlconcat_v2_1_6 -L unisims_ver -L unimacro_ver -L secureip -L xpm --snapshot complete_monitor_test_behav xil_defaultlib.complete_monitor_test xil_defaultlib.glbl -log elaborate.log 
Using 2 slave threads.
Starting static elaboration
Pass Through NonSizing Optimizer
WARNING: [VRFC 10-5021] port 'a' is not connected on this instance [D:/cd3/project_3/project_3.ip_user_files/bd/design_3/sim/design_3.v:1270]
Completed static elaboration
Starting simulation data flow analysis
WARNING: [XSIM 43-4099] "D:/cd3/exp3/aggregate_4x4_to_16bit.v" Line 1. Module aggregate_4x4_to_16bit doesn't have a timescale but at least one module in design has a timescale.
WARNING: [XSIM 43-4099] "D:/cd3/exp3/aggregator_4bit.v" Line 1. Module aggregator_4bit doesn't have a timescale but at least one module in design has a timescale.
WARNING: [XSIM 43-4099] "D:/cd3/exp3/aggregator_4bit.v" Line 1. Module aggregator_4bit doesn't have a timescale but at least one module in design has a timescale.
WARNING: [XSIM 43-4099] "D:/cd3/exp3/74181.v" Line 1. Module alu_74181 doesn't have a timescale but at least one module in design has a timescale.
WARNING: [XSIM 43-4099] "D:/cd3/exp3/74181.v" Line 1. Module alu_74181 doesn't have a timescale but at least one module in design has a timescale.
WARNING: [XSIM 43-4099] "D:/cd3/exp3/74181.v" Line 1. Module alu_74181 doesn't have a timescale but at least one module in design has a timescale.
WARNING: [XSIM 43-4099] "D:/cd3/exp3/74181.v" Line 1. Module alu_74181 doesn't have a timescale but at least one module in design has a timescale.
WARNING: [XSIM 43-4099] "D:/cd3/exp3/74182.v" Line 1. Module carry_lookahead_74182 doesn't have a timescale but at least one module in design has a timescale.
WARNING: [XSIM 43-4099] "D:/cd3/exp3/exp14_source.v" Line 309. Module carry_output_splitter doesn't have a timescale but at least one module in design has a timescale.
WARNING: [XSIM 43-4099] "D:/cd3/exp3/not_gate.v" Line 1. Module not_gate doesn't have a timescale but at least one module in design has a timescale.
WARNING: [XSIM 43-4099] "D:/cd3/exp3/the_16bit_to_4x4bit.v" Line 1. Module the_16bit_to_4x4bit doesn't have a timescale but at least one module in design has a timescale.
WARNING: [XSIM 43-4099] "D:/cd3/exp3/the_16bit_to_4x4bit.v" Line 1. Module the_16bit_to_4x4bit doesn't have a timescale but at least one module in design has a timescale.
WARNING: [XSIM 43-4099] "D:/cd3/exp3/rom.v" Line 1. Module rom_1kx23 doesn't have a timescale but at least one module in design has a timescale.
WARNING: [XSIM 43-4099] "D:/cd3/exp3/16bit_reg.v" Line 1. Module register_16bit doesn't have a timescale but at least one module in design has a timescale.
WARNING: [XSIM 43-4099] "D:/cd3/exp3/12bit_reg.v" Line 1. Module register_12bit doesn't have a timescale but at least one module in design has a timescale.
WARNING: [XSIM 43-4099] "D:/cd3/exp3/16bit_reg.v" Line 1. Module register_16bit doesn't have a timescale but at least one module in design has a timescale.
WARNING: [XSIM 43-4099] "D:/cd3/exp3/16bit_reg.v" Line 1. Module register_16bit doesn't have a timescale but at least one module in design has a timescale.
WARNING: [XSIM 43-4099] "D:/cd3/exp3/74161.v" Line 1. Module ic_74161 doesn't have a timescale but at least one module in design has a timescale.
WARNING: [XSIM 43-4099] "D:/cd3/exp3/74161.v" Line 1. Module ic_74161 doesn't have a timescale but at least one module in design has a timescale.
WARNING: [XSIM 43-4099] "D:/cd3/exp3/74161.v" Line 1. Module ic_74161 doesn't have a timescale but at least one module in design has a timescale.
WARNING: [XSIM 43-4099] "D:/cd3/exp3/exp14_source.v" Line 326. Module the_12bit_to_3x4bit doesn't have a timescale but at least one module in design has a timescale.
WARNING: [XSIM 43-4099] "D:/cd3/exp3/16bit_reg.v" Line 1. Module register_16bit doesn't have a timescale but at least one module in design has a timescale.
WARNING: [XSIM 43-4099] "D:/cd3/exp3/16bit_reg.v" Line 1. Module register_16bit doesn't have a timescale but at least one module in design has a timescale.
WARNING: [XSIM 43-4099] "D:/cd3/exp3/16bit_reg.v" Line 1. Module register_16bit doesn't have a timescale but at least one module in design has a timescale.
WARNING: [XSIM 43-4099] "D:/cd3/exp3/16bit_reg.v" Line 1. Module register_16bit doesn't have a timescale but at least one module in design has a timescale.
WARNING: [XSIM 43-4099] "D:/cd3/exp3/16bit_reg.v" Line 1. Module register_16bit doesn't have a timescale but at least one module in design has a timescale.
WARNING: [XSIM 43-4099] "D:/cd3/exp3/exp14_source.v" Line 1. Module adpt_in doesn't have a timescale but at least one module in design has a timescale.
WARNING: [XSIM 43-4099] "D:/cd3/exp3/exp14_source.v" Line 376. Module aggregator_12inputs_to_12bit_sync doesn't have a timescale but at least one module in design has a timescale.
WARNING: [XSIM 43-4099] "D:/cd3/exp3/exp14_source.v" Line 76. Module and2 doesn't have a timescale but at least one module in design has a timescale.
WARNING: [XSIM 43-4099] "D:/cd3/exp3/exp14_source.v" Line 76. Module and2 doesn't have a timescale but at least one module in design has a timescale.
WARNING: [XSIM 43-4099] "D:/cd3/exp3/and_gate.v" Line 1. Module and_gate doesn't have a timescale but at least one module in design has a timescale.
WARNING: [XSIM 43-4099] "D:/cd3/exp3/and_gate.v" Line 1. Module and_gate doesn't have a timescale but at least one module in design has a timescale.
WARNING: [XSIM 43-4099] "D:/cd3/exp3/bit_splitter_23.v" Line 1. Module bit_splitter_23 doesn't have a timescale but at least one module in design has a timescale.
WARNING: [XSIM 43-4099] "D:/cd3/exp3/exp14_source.v" Line 459. Module bus_slicer_16to12 doesn't have a timescale but at least one module in design has a timescale.
WARNING: [XSIM 43-4099] "D:/cd3/exp3/decoder_2to4.v" Line 1. Module decoder_2to4 doesn't have a timescale but at least one module in design has a timescale.
WARNING: [XSIM 43-4099] "D:/cd3/exp3/decoder_2to4.v" Line 1. Module decoder_2to4 doesn't have a timescale but at least one module in design has a timescale.
WARNING: [XSIM 43-4099] "D:/cd3/exp3/decoder_3to8.v" Line 1. Module decoder_3to8 doesn't have a timescale but at least one module in design has a timescale.
WARNING: [XSIM 43-4099] "D:/cd3/exp3/decoder_3to8.v" Line 1. Module decoder_3to8 doesn't have a timescale but at least one module in design has a timescale.
WARNING: [XSIM 43-4099] "D:/cd3/exp3/decoder_3to8.v" Line 1. Module decoder_3to8 doesn't have a timescale but at least one module in design has a timescale.
WARNING: [XSIM 43-4099] "D:/cd3/exp3/exp14_source.v" Line 76. Module and2 doesn't have a timescale but at least one module in design has a timescale.
WARNING: [XSIM 43-4099] "D:/cd3/exp3/exp14_source.v" Line 76. Module and2 doesn't have a timescale but at least one module in design has a timescale.
WARNING: [XSIM 43-4099] "D:/cd3/exp3/exp14_source.v" Line 76. Module and2 doesn't have a timescale but at least one module in design has a timescale.
WARNING: [XSIM 43-4099] "D:/cd3/exp3/exp14_source.v" Line 362. Module or3_gate doesn't have a timescale but at least one module in design has a timescale.
WARNING: [XSIM 43-4099] "D:/cd3/exp3/exp14_source.v" Line 76. Module and2 doesn't have a timescale but at least one module in design has a timescale.
WARNING: [XSIM 43-4099] "D:/cd3/exp3/exp14_source.v" Line 76. Module and2 doesn't have a timescale but at least one module in design has a timescale.
WARNING: [XSIM 43-4099] "D:/cd3/exp3/exp14_source.v" Line 76. Module and2 doesn't have a timescale but at least one module in design has a timescale.
WARNING: [XSIM 43-4099] "D:/cd3/exp3/exp14_source.v" Line 76. Module and2 doesn't have a timescale but at least one module in design has a timescale.
WARNING: [XSIM 43-4099] "D:/cd3/exp3/exp14_source.v" Line 362. Module or3_gate doesn't have a timescale but at least one module in design has a timescale.
WARNING: [XSIM 43-4099] "D:/cd3/exp3/exp14_source.v" Line 76. Module and2 doesn't have a timescale but at least one module in design has a timescale.
WARNING: [XSIM 43-4099] "D:/cd3/exp3/exp14_source.v" Line 76. Module and2 doesn't have a timescale but at least one module in design has a timescale.
WARNING: [XSIM 43-4099] "D:/cd3/exp3/exp14_source.v" Line 76. Module and2 doesn't have a timescale but at least one module in design has a timescale.
WARNING: [XSIM 43-4099] "D:/cd3/exp3/exp14_source.v" Line 76. Module and2 doesn't have a timescale but at least one module in design has a timescale.
WARNING: [XSIM 43-4099] "D:/cd3/exp3/exp14_source.v" Line 362. Module or3_gate doesn't have a timescale but at least one module in design has a timescale.
WARNING: [XSIM 43-4099] "D:/cd3/exp3/exp14_source.v" Line 76. Module and2 doesn't have a timescale but at least one module in design has a timescale.
WARNING: [XSIM 43-4099] "D:/cd3/exp3/exp14_source.v" Line 76. Module and2 doesn't have a timescale but at least one module in design has a timescale.
WARNING: [XSIM 43-4099] "D:/cd3/exp3/exp14_source.v" Line 76. Module and2 doesn't have a timescale but at least one module in design has a timescale.
WARNING: [XSIM 43-4099] "D:/cd3/exp3/exp14_source.v" Line 76. Module and2 doesn't have a timescale but at least one module in design has a timescale.
WARNING: [XSIM 43-4099] "D:/cd3/exp3/exp14_source.v" Line 362. Module or3_gate doesn't have a timescale but at least one module in design has a timescale.
WARNING: [XSIM 43-4099] "D:/cd3/exp3/exp14_source.v" Line 76. Module and2 doesn't have a timescale but at least one module in design has a timescale.
WARNING: [XSIM 43-4099] "D:/cd3/exp3/exp14_source.v" Line 76. Module and2 doesn't have a timescale but at least one module in design has a timescale.
WARNING: [XSIM 43-4099] "D:/cd3/exp3/exp14_source.v" Line 76. Module and2 doesn't have a timescale but at least one module in design has a timescale.
WARNING: [XSIM 43-4099] "D:/cd3/exp3/exp14_source.v" Line 76. Module and2 doesn't have a timescale but at least one module in design has a timescale.
WARNING: [XSIM 43-4099] "D:/cd3/exp3/exp14_source.v" Line 362. Module or3_gate doesn't have a timescale but at least one module in design has a timescale.
WARNING: [XSIM 43-4099] "D:/cd3/exp3/exp14_source.v" Line 76. Module and2 doesn't have a timescale but at least one module in design has a timescale.
WARNING: [XSIM 43-4099] "D:/cd3/exp3/exp14_source.v" Line 76. Module and2 doesn't have a timescale but at least one module in design has a timescale.
WARNING: [XSIM 43-4099] "D:/cd3/exp3/exp14_source.v" Line 76. Module and2 doesn't have a timescale but at least one module in design has a timescale.
WARNING: [XSIM 43-4099] "D:/cd3/exp3/exp14_source.v" Line 76. Module and2 doesn't have a timescale but at least one module in design has a timescale.
WARNING: [XSIM 43-4099] "D:/cd3/exp3/exp14_source.v" Line 362. Module or3_gate doesn't have a timescale but at least one module in design has a timescale.
WARNING: [XSIM 43-4099] "D:/cd3/exp3/exp14_source.v" Line 76. Module and2 doesn't have a timescale but at least one module in design has a timescale.
WARNING: [XSIM 43-4099] "D:/cd3/exp3/exp14_source.v" Line 76. Module and2 doesn't have a timescale but at least one module in design has a timescale.
WARNING: [XSIM 43-4099] "D:/cd3/exp3/exp14_source.v" Line 76. Module and2 doesn't have a timescale but at least one module in design has a timescale.
WARNING: [XSIM 43-4099] "D:/cd3/exp3/exp14_source.v" Line 76. Module and2 doesn't have a timescale but at least one module in design has a timescale.
WARNING: [XSIM 43-4099] "D:/cd3/exp3/exp14_source.v" Line 362. Module or3_gate doesn't have a timescale but at least one module in design has a timescale.
WARNING: [XSIM 43-4099] "D:/cd3/exp3/exp14_source.v" Line 76. Module and2 doesn't have a timescale but at least one module in design has a timescale.
WARNING: [XSIM 43-4099] "D:/cd3/exp3/exp14_source.v" Line 76. Module and2 doesn't have a timescale but at least one module in design has a timescale.
WARNING: [XSIM 43-4099] "D:/cd3/exp3/exp14_source.v" Line 76. Module and2 doesn't have a timescale but at least one module in design has a timescale.
WARNING: [XSIM 43-4099] "D:/cd3/exp3/exp14_source.v" Line 76. Module and2 doesn't have a timescale but at least one module in design has a timescale.
WARNING: [XSIM 43-4099] "D:/cd3/exp3/exp14_source.v" Line 362. Module or3_gate doesn't have a timescale but at least one module in design has a timescale.
WARNING: [XSIM 43-4099] "D:/cd3/exp3/exp14_source.v" Line 76. Module and2 doesn't have a timescale but at least one module in design has a timescale.
WARNING: [XSIM 43-4099] "D:/cd3/exp3/exp14_source.v" Line 76. Module and2 doesn't have a timescale but at least one module in design has a timescale.
WARNING: [XSIM 43-4099] "D:/cd3/exp3/exp14_source.v" Line 76. Module and2 doesn't have a timescale but at least one module in design has a timescale.
WARNING: [XSIM 43-4099] "D:/cd3/exp3/exp14_source.v" Line 76. Module and2 doesn't have a timescale but at least one module in design has a timescale.
WARNING: [XSIM 43-4099] "D:/cd3/exp3/exp14_source.v" Line 362. Module or3_gate doesn't have a timescale but at least one module in design has a timescale.
WARNING: [XSIM 43-4099] "D:/cd3/exp3/exp14_source.v" Line 76. Module and2 doesn't have a timescale but at least one module in design has a timescale.
WARNING: [XSIM 43-4099] "D:/cd3/exp3/exp14_source.v" Line 76. Module and2 doesn't have a timescale but at least one module in design has a timescale.
WARNING: [XSIM 43-4099] "D:/cd3/exp3/exp14_source.v" Line 76. Module and2 doesn't have a timescale but at least one module in design has a timescale.
WARNING: [XSIM 43-4099] "D:/cd3/exp3/exp14_source.v" Line 76. Module and2 doesn't have a timescale but at least one module in design has a timescale.
WARNING: [XSIM 43-4099] "D:/cd3/exp3/exp14_source.v" Line 362. Module or3_gate doesn't have a timescale but at least one module in design has a timescale.
WARNING: [XSIM 43-4099] "D:/cd3/exp3/mix5to1.v" Line 1. Module mux_5to1_16bit doesn't have a timescale but at least one module in design has a timescale.
WARNING: [XSIM 43-4099] "D:/cd3/exp3/exp14_source.v" Line 87. Module not1 doesn't have a timescale but at least one module in design has a timescale.
WARNING: [XSIM 43-4099] "D:/cd3/exp3/not_gate.v" Line 1. Module not_gate doesn't have a timescale but at least one module in design has a timescale.
WARNING: [XSIM 43-4099] "D:/cd3/exp3/not_gate.v" Line 1. Module not_gate doesn't have a timescale but at least one module in design has a timescale.
WARNING: [XSIM 43-4099] "D:/cd3/exp3/or_gate.v" Line 1. Module or_gate doesn't have a timescale but at least one module in design has a timescale.
WARNING: [XSIM 43-4099] "D:/cd3/exp3/or_gate.v" Line 1. Module or_gate doesn't have a timescale but at least one module in design has a timescale.
WARNING: [XSIM 43-4099] "D:/cd3/exp3/ram.v" Line 1. Module ram doesn't have a timescale but at least one module in design has a timescale.
WARNING: [XSIM 43-4099] "D:/cd3/exp3/exp14_source.v" Line 432. Module splitter_12bit_to_12outputs doesn't have a timescale but at least one module in design has a timescale.
WARNING: [XSIM 43-4099] "D:/cd3/exp3/exp14_source.v" Line 400. Module splitter_16bit_to_16outputs doesn't have a timescale but at least one module in design has a timescale.
WARNING: [XSIM 43-4099] "D:/cd3/exp3/D_trigger.v" Line 1. Module D_trigger doesn't have a timescale but at least one module in design has a timescale.
WARNING: [XSIM 43-4099] "D:/cd3/exp3/and_gate.v" Line 1. Module and_gate doesn't have a timescale but at least one module in design has a timescale.
WARNING: [XSIM 43-4099] "D:/cd3/exp3/and_gate.v" Line 1. Module and_gate doesn't have a timescale but at least one module in design has a timescale.
WARNING: [XSIM 43-4099] "D:/cd3/exp3/and_gate.v" Line 1. Module and_gate doesn't have a timescale but at least one module in design has a timescale.
WARNING: [XSIM 43-4099] "D:/cd3/exp3/not_gate.v" Line 1. Module not_gate doesn't have a timescale but at least one module in design has a timescale.
WARNING: [XSIM 43-4099] "D:/cd3/exp3/74161.v" Line 1. Module ic_74161 doesn't have a timescale but at least one module in design has a timescale.
WARNING: [XSIM 43-4099] "D:/cd3/exp3/74161.v" Line 1. Module ic_74161 doesn't have a timescale but at least one module in design has a timescale.
WARNING: [XSIM 43-4099] "D:/cd3/exp3/74161.v" Line 1. Module ic_74161 doesn't have a timescale but at least one module in design has a timescale.
WARNING: [XSIM 43-4099] "D:/cd3/exp3/exp14_source.v" Line 326. Module the_12bit_to_3x4bit doesn't have a timescale but at least one module in design has a timescale.
WARNING: [XSIM 43-4099] "D:/cd3/exp3/aggregate_4x4_to_16bit.v" Line 1. Module aggregate_4x4_to_16bit doesn't have a timescale but at least one module in design has a timescale.
WARNING: [XSIM 43-4099] "D:/cd3/exp3/aggregator_4bit.v" Line 1. Module aggregator_4bit doesn't have a timescale but at least one module in design has a timescale.
WARNING: [XSIM 43-4099] "D:/cd3/exp3/aggregator_4bit.v" Line 1. Module aggregator_4bit doesn't have a timescale but at least one module in design has a timescale.
WARNING: [XSIM 43-4099] "D:/cd3/exp3/74181.v" Line 1. Module alu_74181 doesn't have a timescale but at least one module in design has a timescale.
WARNING: [XSIM 43-4099] "D:/cd3/exp3/74181.v" Line 1. Module alu_74181 doesn't have a timescale but at least one module in design has a timescale.
WARNING: [XSIM 43-4099] "D:/cd3/exp3/74181.v" Line 1. Module alu_74181 doesn't have a timescale but at least one module in design has a timescale.
WARNING: [XSIM 43-4099] "D:/cd3/exp3/74181.v" Line 1. Module alu_74181 doesn't have a timescale but at least one module in design has a timescale.
WARNING: [XSIM 43-4099] "D:/cd3/exp3/74182.v" Line 1. Module carry_lookahead_74182 doesn't have a timescale but at least one module in design has a timescale.
WARNING: [XSIM 43-4099] "D:/cd3/exp3/exp14_source.v" Line 309. Module carry_output_splitter doesn't have a timescale but at least one module in design has a timescale.
WARNING: [XSIM 43-4099] "D:/cd3/exp3/not_gate.v" Line 1. Module not_gate doesn't have a timescale but at least one module in design has a timescale.
WARNING: [XSIM 43-4099] "D:/cd3/exp3/the_16bit_to_4x4bit.v" Line 1. Module the_16bit_to_4x4bit doesn't have a timescale but at least one module in design has a timescale.
WARNING: [XSIM 43-4099] "D:/cd3/exp3/the_16bit_to_4x4bit.v" Line 1. Module the_16bit_to_4x4bit doesn't have a timescale but at least one module in design has a timescale.
WARNING: [XSIM 43-4099] "D:/cd3/exp3/rom.v" Line 1. Module rom_1kx23 doesn't have a timescale but at least one module in design has a timescale.
WARNING: [XSIM 43-4099] "D:/cd3/exp3/16bit_reg.v" Line 1. Module register_16bit doesn't have a timescale but at least one module in design has a timescale.
WARNING: [XSIM 43-4099] "D:/cd3/exp3/12bit_reg.v" Line 1. Module register_12bit doesn't have a timescale but at least one module in design has a timescale.
WARNING: [XSIM 43-4099] "D:/cd3/exp3/16bit_reg.v" Line 1. Module register_16bit doesn't have a timescale but at least one module in design has a timescale.
WARNING: [XSIM 43-4099] "D:/cd3/exp3/16bit_reg.v" Line 1. Module register_16bit doesn't have a timescale but at least one module in design has a timescale.
WARNING: [XSIM 43-4099] "D:/cd3/exp3/74161.v" Line 1. Module ic_74161 doesn't have a timescale but at least one module in design has a timescale.
WARNING: [XSIM 43-4099] "D:/cd3/exp3/74161.v" Line 1. Module ic_74161 doesn't have a timescale but at least one module in design has a timescale.
WARNING: [XSIM 43-4099] "D:/cd3/exp3/74161.v" Line 1. Module ic_74161 doesn't have a timescale but at least one module in design has a timescale.
WARNING: [XSIM 43-4099] "D:/cd3/exp3/exp14_source.v" Line 326. Module the_12bit_to_3x4bit doesn't have a timescale but at least one module in design has a timescale.
WARNING: [XSIM 43-4099] "D:/cd3/exp3/16bit_reg.v" Line 1. Module register_16bit doesn't have a timescale but at least one module in design has a timescale.
WARNING: [XSIM 43-4099] "D:/cd3/exp3/16bit_reg.v" Line 1. Module register_16bit doesn't have a timescale but at least one module in design has a timescale.
WARNING: [XSIM 43-4099] "D:/cd3/exp3/16bit_reg.v" Line 1. Module register_16bit doesn't have a timescale but at least one module in design has a timescale.
WARNING: [XSIM 43-4099] "D:/cd3/exp3/16bit_reg.v" Line 1. Module register_16bit doesn't have a timescale but at least one module in design has a timescale.
WARNING: [XSIM 43-4099] "D:/cd3/exp3/16bit_reg.v" Line 1. Module register_16bit doesn't have a timescale but at least one module in design has a timescale.
WARNING: [XSIM 43-4099] "D:/cd3/exp3/exp14_source.v" Line 1. Module adpt_in doesn't have a timescale but at least one module in design has a timescale.
WARNING: [XSIM 43-4099] "D:/cd3/exp3/exp14_source.v" Line 376. Module aggregator_12inputs_to_12bit_sync doesn't have a timescale but at least one module in design has a timescale.
WARNING: [XSIM 43-4099] "D:/cd3/exp3/exp14_source.v" Line 76. Module and2 doesn't have a timescale but at least one module in design has a timescale.
WARNING: [XSIM 43-4099] "D:/cd3/exp3/exp14_source.v" Line 76. Module and2 doesn't have a timescale but at least one module in design has a timescale.
WARNING: [XSIM 43-4099] "D:/cd3/exp3/and_gate.v" Line 1. Module and_gate doesn't have a timescale but at least one module in design has a timescale.
WARNING: [XSIM 43-4099] "D:/cd3/exp3/and_gate.v" Line 1. Module and_gate doesn't have a timescale but at least one module in design has a timescale.
WARNING: [XSIM 43-4099] "D:/cd3/exp3/bit_splitter_23.v" Line 1. Module bit_splitter_23 doesn't have a timescale but at least one module in design has a timescale.
WARNING: [XSIM 43-4099] "D:/cd3/exp3/exp14_source.v" Line 459. Module bus_slicer_16to12 doesn't have a timescale but at least one module in design has a timescale.
WARNING: [XSIM 43-4099] "D:/cd3/exp3/decoder_2to4.v" Line 1. Module decoder_2to4 doesn't have a timescale but at least one module in design has a timescale.
WARNING: [XSIM 43-4099] "D:/cd3/exp3/decoder_2to4.v" Line 1. Module decoder_2to4 doesn't have a timescale but at least one module in design has a timescale.
WARNING: [XSIM 43-4099] "D:/cd3/exp3/decoder_3to8.v" Line 1. Module decoder_3to8 doesn't have a timescale but at least one module in design has a timescale.
WARNING: [XSIM 43-4099] "D:/cd3/exp3/decoder_3to8.v" Line 1. Module decoder_3to8 doesn't have a timescale but at least one module in design has a timescale.
WARNING: [XSIM 43-4099] "D:/cd3/exp3/decoder_3to8.v" Line 1. Module decoder_3to8 doesn't have a timescale but at least one module in design has a timescale.
WARNING: [XSIM 43-4099] "D:/cd3/exp3/exp14_source.v" Line 76. Module and2 doesn't have a timescale but at least one module in design has a timescale.
WARNING: [XSIM 43-4099] "D:/cd3/exp3/exp14_source.v" Line 76. Module and2 doesn't have a timescale but at least one module in design has a timescale.
WARNING: [XSIM 43-4099] "D:/cd3/exp3/exp14_source.v" Line 76. Module and2 doesn't have a timescale but at least one module in design has a timescale.
WARNING: [XSIM 43-4099] "D:/cd3/exp3/exp14_source.v" Line 362. Module or3_gate doesn't have a timescale but at least one module in design has a timescale.
WARNING: [XSIM 43-4099] "D:/cd3/exp3/exp14_source.v" Line 76. Module and2 doesn't have a timescale but at least one module in design has a timescale.
WARNING: [XSIM 43-4099] "D:/cd3/exp3/exp14_source.v" Line 76. Module and2 doesn't have a timescale but at least one module in design has a timescale.
WARNING: [XSIM 43-4099] "D:/cd3/exp3/exp14_source.v" Line 76. Module and2 doesn't have a timescale but at least one module in design has a timescale.
WARNING: [XSIM 43-4099] "D:/cd3/exp3/exp14_source.v" Line 76. Module and2 doesn't have a timescale but at least one module in design has a timescale.
WARNING: [XSIM 43-4099] "D:/cd3/exp3/exp14_source.v" Line 362. Module or3_gate doesn't have a timescale but at least one module in design has a timescale.
WARNING: [XSIM 43-4099] "D:/cd3/exp3/exp14_source.v" Line 76. Module and2 doesn't have a timescale but at least one module in design has a timescale.
WARNING: [XSIM 43-4099] "D:/cd3/exp3/exp14_source.v" Line 76. Module and2 doesn't have a timescale but at least one module in design has a timescale.
WARNING: [XSIM 43-4099] "D:/cd3/exp3/exp14_source.v" Line 76. Module and2 doesn't have a timescale but at least one module in design has a timescale.
WARNING: [XSIM 43-4099] "D:/cd3/exp3/exp14_source.v" Line 76. Module and2 doesn't have a timescale but at least one module in design has a timescale.
WARNING: [XSIM 43-4099] "D:/cd3/exp3/exp14_source.v" Line 362. Module or3_gate doesn't have a timescale but at least one module in design has a timescale.
WARNING: [XSIM 43-4099] "D:/cd3/exp3/exp14_source.v" Line 76. Module and2 doesn't have a timescale but at least one module in design has a timescale.
WARNING: [XSIM 43-4099] "D:/cd3/exp3/exp14_source.v" Line 76. Module and2 doesn't have a timescale but at least one module in design has a timescale.
WARNING: [XSIM 43-4099] "D:/cd3/exp3/exp14_source.v" Line 76. Module and2 doesn't have a timescale but at least one module in design has a timescale.
WARNING: [XSIM 43-4099] "D:/cd3/exp3/exp14_source.v" Line 76. Module and2 doesn't have a timescale but at least one module in design has a timescale.
WARNING: [XSIM 43-4099] "D:/cd3/exp3/exp14_source.v" Line 362. Module or3_gate doesn't have a timescale but at least one module in design has a timescale.
WARNING: [XSIM 43-4099] "D:/cd3/exp3/exp14_source.v" Line 76. Module and2 doesn't have a timescale but at least one module in design has a timescale.
WARNING: [XSIM 43-4099] "D:/cd3/exp3/exp14_source.v" Line 76. Module and2 doesn't have a timescale but at least one module in design has a timescale.
WARNING: [XSIM 43-4099] "D:/cd3/exp3/exp14_source.v" Line 76. Module and2 doesn't have a timescale but at least one module in design has a timescale.
WARNING: [XSIM 43-4099] "D:/cd3/exp3/exp14_source.v" Line 76. Module and2 doesn't have a timescale but at least one module in design has a timescale.
WARNING: [XSIM 43-4099] "D:/cd3/exp3/exp14_source.v" Line 362. Module or3_gate doesn't have a timescale but at least one module in design has a timescale.
WARNING: [XSIM 43-4099] "D:/cd3/exp3/exp14_source.v" Line 76. Module and2 doesn't have a timescale but at least one module in design has a timescale.
WARNING: [XSIM 43-4099] "D:/cd3/exp3/exp14_source.v" Line 76. Module and2 doesn't have a timescale but at least one module in design has a timescale.
WARNING: [XSIM 43-4099] "D:/cd3/exp3/exp14_source.v" Line 76. Module and2 doesn't have a timescale but at least one module in design has a timescale.
WARNING: [XSIM 43-4099] "D:/cd3/exp3/exp14_source.v" Line 76. Module and2 doesn't have a timescale but at least one module in design has a timescale.
WARNING: [XSIM 43-4099] "D:/cd3/exp3/exp14_source.v" Line 362. Module or3_gate doesn't have a timescale but at least one module in design has a timescale.
WARNING: [XSIM 43-4099] "D:/cd3/exp3/exp14_source.v" Line 76. Module and2 doesn't have a timescale but at least one module in design has a timescale.
WARNING: [XSIM 43-4099] "D:/cd3/exp3/exp14_source.v" Line 76. Module and2 doesn't have a timescale but at least one module in design has a timescale.
WARNING: [XSIM 43-4099] "D:/cd3/exp3/exp14_source.v" Line 76. Module and2 doesn't have a timescale but at least one module in design has a timescale.
WARNING: [XSIM 43-4099] "D:/cd3/exp3/exp14_source.v" Line 76. Module and2 doesn't have a timescale but at least one module in design has a timescale.
WARNING: [XSIM 43-4099] "D:/cd3/exp3/exp14_source.v" Line 362. Module or3_gate doesn't have a timescale but at least one module in design has a timescale.
WARNING: [XSIM 43-4099] "D:/cd3/exp3/exp14_source.v" Line 76. Module and2 doesn't have a timescale but at least one module in design has a timescale.
WARNING: [XSIM 43-4099] "D:/cd3/exp3/exp14_source.v" Line 76. Module and2 doesn't have a timescale but at least one module in design has a timescale.
WARNING: [XSIM 43-4099] "D:/cd3/exp3/exp14_source.v" Line 76. Module and2 doesn't have a timescale but at least one module in design has a timescale.
WARNING: [XSIM 43-4099] "D:/cd3/exp3/exp14_source.v" Line 76. Module and2 doesn't have a timescale but at least one module in design has a timescale.
WARNING: [XSIM 43-4099] "D:/cd3/exp3/exp14_source.v" Line 362. Module or3_gate doesn't have a timescale but at least one module in design has a timescale.
WARNING: [XSIM 43-4099] "D:/cd3/exp3/exp14_source.v" Line 76. Module and2 doesn't have a timescale but at least one module in design has a timescale.
WARNING: [XSIM 43-4099] "D:/cd3/exp3/exp14_source.v" Line 76. Module and2 doesn't have a timescale but at least one module in design has a timescale.
WARNING: [XSIM 43-4099] "D:/cd3/exp3/exp14_source.v" Line 76. Module and2 doesn't have a timescale but at least one module in design has a timescale.
WARNING: [XSIM 43-4099] "D:/cd3/exp3/exp14_source.v" Line 76. Module and2 doesn't have a timescale but at least one module in design has a timescale.
WARNING: [XSIM 43-4099] "D:/cd3/exp3/exp14_source.v" Line 362. Module or3_gate doesn't have a timescale but at least one module in design has a timescale.
WARNING: [XSIM 43-4099] "D:/cd3/exp3/exp14_source.v" Line 76. Module and2 doesn't have a timescale but at least one module in design has a timescale.
WARNING: [XSIM 43-4099] "D:/cd3/exp3/exp14_source.v" Line 76. Module and2 doesn't have a timescale but at least one module in design has a timescale.
WARNING: [XSIM 43-4099] "D:/cd3/exp3/exp14_source.v" Line 76. Module and2 doesn't have a timescale but at least one module in design has a timescale.
WARNING: [XSIM 43-4099] "D:/cd3/exp3/exp14_source.v" Line 76. Module and2 doesn't have a timescale but at least one module in design has a timescale.
WARNING: [XSIM 43-4099] "D:/cd3/exp3/exp14_source.v" Line 362. Module or3_gate doesn't have a timescale but at least one module in design has a timescale.
WARNING: [XSIM 43-4099] "D:/cd3/exp3/mix5to1.v" Line 1. Module mux_5to1_16bit doesn't have a timescale but at least one module in design has a timescale.
WARNING: [XSIM 43-4099] "D:/cd3/exp3/exp14_source.v" Line 87. Module not1 doesn't have a timescale but at least one module in design has a timescale.
WARNING: [XSIM 43-4099] "D:/cd3/exp3/not_gate.v" Line 1. Module not_gate doesn't have a timescale but at least one module in design has a timescale.
WARNING: [XSIM 43-4099] "D:/cd3/exp3/not_gate.v" Line 1. Module not_gate doesn't have a timescale but at least one module in design has a timescale.
WARNING: [XSIM 43-4099] "D:/cd3/exp3/or_gate.v" Line 1. Module or_gate doesn't have a timescale but at least one module in design has a timescale.
WARNING: [XSIM 43-4099] "D:/cd3/exp3/or_gate.v" Line 1. Module or_gate doesn't have a timescale but at least one module in design has a timescale.
WARNING: [XSIM 43-4099] "D:/cd3/exp3/ram.v" Line 1. Module ram doesn't have a timescale but at least one module in design has a timescale.
WARNING: [XSIM 43-4099] "D:/cd3/exp3/exp14_source.v" Line 432. Module splitter_12bit_to_12outputs doesn't have a timescale but at least one module in design has a timescale.
WARNING: [XSIM 43-4099] "D:/cd3/exp3/exp14_source.v" Line 400. Module splitter_16bit_to_16outputs doesn't have a timescale but at least one module in design has a timescale.
WARNING: [XSIM 43-4099] "D:/cd3/exp3/D_trigger.v" Line 1. Module D_trigger doesn't have a timescale but at least one module in design has a timescale.
WARNING: [XSIM 43-4099] "D:/cd3/exp3/and_gate.v" Line 1. Module and_gate doesn't have a timescale but at least one module in design has a timescale.
WARNING: [XSIM 43-4099] "D:/cd3/exp3/and_gate.v" Line 1. Module and_gate doesn't have a timescale but at least one module in design has a timescale.
WARNING: [XSIM 43-4099] "D:/cd3/exp3/and_gate.v" Line 1. Module and_gate doesn't have a timescale but at least one module in design has a timescale.
WARNING: [XSIM 43-4099] "D:/cd3/exp3/not_gate.v" Line 1. Module not_gate doesn't have a timescale but at least one module in design has a timescale.
WARNING: [XSIM 43-4099] "D:/cd3/exp3/74161.v" Line 1. Module ic_74161 doesn't have a timescale but at least one module in design has a timescale.
WARNING: [XSIM 43-4099] "D:/cd3/exp3/74161.v" Line 1. Module ic_74161 doesn't have a timescale but at least one module in design has a timescale.
WARNING: [XSIM 43-4099] "D:/cd3/exp3/74161.v" Line 1. Module ic_74161 doesn't have a timescale but at least one module in design has a timescale.
WARNING: [XSIM 43-4099] "D:/cd3/exp3/exp14_source.v" Line 326. Module the_12bit_to_3x4bit doesn't have a timescale but at least one module in design has a timescale.
Completed simulation data flow analysis
Time Resolution for simulation is 1ps
Compiling module xil_defaultlib.aggregate_4x4_to_16bit
Compiling module xil_defaultlib.design_3_aggregate_4x4_to_16b_0_...
Compiling module xil_defaultlib.aggregator_4bit
Compiling module xil_defaultlib.design_3_aggregator_4bit_0_1
Compiling module xil_defaultlib.design_3_aggregator_4bit_1_0
Compiling module xil_defaultlib.alu_74181
Compiling module xil_defaultlib.design_3_alu_74181_0_0
Compiling module xil_defaultlib.design_3_alu_74181_1_0
Compiling module xil_defaultlib.design_3_alu_74181_2_0
Compiling module xil_defaultlib.design_3_alu_74181_3_0
Compiling module xil_defaultlib.carry_lookahead_74182
Compiling module xil_defaultlib.design_3_carry_lookahead_74182_0...
Compiling module xil_defaultlib.carry_output_splitter
Compiling module xil_defaultlib.design_3_carry_output_splitter_0...
Compiling module xil_defaultlib.not_gate
Compiling module xil_defaultlib.design_3_not_gate_1_0
Compiling module xil_defaultlib.the_16bit_to_4x4bit
Compiling module xil_defaultlib.design_3_the_16bit_to_4x4bit_0_1
Compiling module xil_defaultlib.design_3_the_16bit_to_4x4bit_2_0
Compiling module xil_defaultlib.ALU_imp_JZDUAB
Compiling module xil_defaultlib.rom_1kx23
Compiling module xil_defaultlib.design_3_rom_1kx23_0_0
Compiling module xil_defaultlib.register_16bit
Compiling module xil_defaultlib.design_3_register_16bit_0_1
Compiling module xil_defaultlib.register_12bit
Compiling module xil_defaultlib.design_3_register_12bit_0_0
Compiling module xil_defaultlib.design_3_register_16bit_3_1
Compiling module xil_defaultlib.design_3_MDR_0
Compiling module xil_defaultlib.ic_74161
Compiling module xil_defaultlib.design_3_ic_74161_0_0
Compiling module xil_defaultlib.design_3_ic_74161_1_0
Compiling module xil_defaultlib.design_3_ic_74161_2_0
Compiling module xil_defaultlib.the_12bit_to_3x4bit
Compiling module xil_defaultlib.design_3_the_12bit_to_3x4bit_0_1
Compiling module xlconcat_v2_1_6.xlconcat_v2_1_6_xlconcat(IN0_WID...
Compiling module xil_defaultlib.design_3_xlconcat_0_0
Compiling module xil_defaultlib.PC_imp_1MALNP6
Compiling module xil_defaultlib.design_3_register_16bit_0_0
Compiling module xil_defaultlib.design_3_register_16bit_1_0
Compiling module xil_defaultlib.design_3_register_16bit_2_0
Compiling module xil_defaultlib.design_3_register_16bit_3_0
Compiling module xil_defaultlib.design_3_register_16bit_4_0
Compiling module xil_defaultlib.adpt_in
Compiling module xil_defaultlib.design_3_adpt_in_0_0
Compiling module xil_defaultlib.aggregator_12inputs_to_12bit_syn...
Compiling module xil_defaultlib.design_3_aggregator_12inputs_0_1
Compiling module xil_defaultlib.and2
Compiling module xil_defaultlib.design_3_and2_0_10
Compiling module xil_defaultlib.design_3_and2_1_11
Compiling module xil_defaultlib.and_gate
Compiling module xil_defaultlib.design_3_and_gate_0_1
Compiling module xil_defaultlib.design_3_and_gate_1_1
Compiling module xil_defaultlib.bit_splitter_23
Compiling module xil_defaultlib.design_3_bit_splitter_23_0_0
Compiling module xil_defaultlib.bus_slicer_16to12
Compiling module xil_defaultlib.design_3_bus_slicer_16to12_0_0
Compiling module xil_defaultlib.decoder_2to4
Compiling module xil_defaultlib.design_3_decoder_2to4_0_0
Compiling module xil_defaultlib.design_3_decoder_2to4_1_0
Compiling module xil_defaultlib.decoder_3to8
Compiling module xil_defaultlib.design_3_decoder_3to8_0_2
Compiling module xil_defaultlib.design_3_decoder_3to8_1_0
Compiling module xil_defaultlib.design_3_decoder_3to8_2_0
Compiling module xil_defaultlib.design_3_and2_0_0
Compiling module xil_defaultlib.design_3_and2_1_0
Compiling module xil_defaultlib.design_3_and2_2_0
Compiling module xil_defaultlib.or3_gate
Compiling module xil_defaultlib.design_3_or3_gate_0_0
Compiling module xil_defaultlib.dlxzq0_imp_1UWU5O7
Compiling module xil_defaultlib.design_3_and2_0_1
Compiling module xil_defaultlib.design_3_and2_1_1
Compiling module xil_defaultlib.design_3_and2_2_1
Compiling module xil_defaultlib.design_3_and2_3_7
Compiling module xil_defaultlib.design_3_or3_gate_0_1
Compiling module xil_defaultlib.dlxzq1_imp_1RX16K4
Compiling module xil_defaultlib.design_3_and2_0_2
Compiling module xil_defaultlib.design_3_and2_1_2
Compiling module xil_defaultlib.design_3_and2_2_2
Compiling module xil_defaultlib.design_3_and2_3_6
Compiling module xil_defaultlib.design_3_or3_gate_0_2
Compiling module xil_defaultlib.dlxzq2_imp_1Q3O4OH
Compiling module xil_defaultlib.design_3_and2_0_3
Compiling module xil_defaultlib.design_3_and2_1_3
Compiling module xil_defaultlib.design_3_and2_2_3
Compiling module xil_defaultlib.design_3_and2_3_5
Compiling module xil_defaultlib.design_3_or3_gate_0_3
Compiling module xil_defaultlib.dlxzq3_imp_1JOESQA
Compiling module xil_defaultlib.design_3_and2_0_4
Compiling module xil_defaultlib.design_3_and2_1_4
Compiling module xil_defaultlib.design_3_and2_2_4
Compiling module xil_defaultlib.design_3_and2_1_10
Compiling module xil_defaultlib.design_3_or3_gate_0_4
Compiling module xil_defaultlib.dlxzq4_imp_1BY0A4B
Compiling module xil_defaultlib.design_3_and2_0_5
Compiling module xil_defaultlib.design_3_and2_1_5
Compiling module xil_defaultlib.design_3_and2_2_5
Compiling module xil_defaultlib.design_3_and2_3_4
Compiling module xil_defaultlib.design_3_or3_gate_0_5
Compiling module xil_defaultlib.dlxzq5_imp_1G2S77C
Compiling module xil_defaultlib.design_3_and2_0_6
Compiling module xil_defaultlib.design_3_and2_1_6
Compiling module xil_defaultlib.design_3_and2_2_6
Compiling module xil_defaultlib.design_3_and2_3_3
Compiling module xil_defaultlib.design_3_or3_gate_0_6
Compiling module xil_defaultlib.dlxzq6_imp_104XQRH
Compiling module xil_defaultlib.design_3_and2_0_7
Compiling module xil_defaultlib.design_3_and2_1_7
Compiling module xil_defaultlib.design_3_and2_2_7
Compiling module xil_defaultlib.design_3_and2_3_2
Compiling module xil_defaultlib.design_3_or3_gate_0_7
Compiling module xil_defaultlib.dlxzq7_imp_15F2LTQ
Compiling module xil_defaultlib.design_3_and2_0_8
Compiling module xil_defaultlib.design_3_and2_1_8
Compiling module xil_defaultlib.design_3_and2_2_8
Compiling module xil_defaultlib.design_3_and2_3_1
Compiling module xil_defaultlib.design_3_or3_gate_0_8
Compiling module xil_defaultlib.dlxzq8_imp_KT4I7J
Compiling module xil_defaultlib.design_3_and2_0_9
Compiling module xil_defaultlib.design_3_and2_1_9
Compiling module xil_defaultlib.design_3_and2_2_9
Compiling module xil_defaultlib.design_3_and2_3_0
Compiling module xil_defaultlib.design_3_or3_gate_0_9
Compiling module xil_defaultlib.dlxzq9_imp_PY44MK
Compiling module xil_defaultlib.mux_5to1_16bit
Compiling module xil_defaultlib.design_3_mux_5to1_16bit_0_0
Compiling module xil_defaultlib.not1
Compiling module xil_defaultlib.design_3_not1_0_0
Compiling module xil_defaultlib.design_3_not_gate_0_1
Compiling module xil_defaultlib.design_3_not_gate_1_1
Compiling module xil_defaultlib.or_gate
Compiling module xil_defaultlib.design_3_or_gate_0_0
Compiling module xil_defaultlib.design_3_or_gate_1_0
Compiling module xil_defaultlib.ram
Compiling module xil_defaultlib.design_3_ram_0_0
Compiling module xil_defaultlib.splitter_12bit_to_12outputs
Compiling module xil_defaultlib.design_3_splitter_12bit_to_12_0_...
Compiling module xil_defaultlib.splitter_16bit_to_16outputs
Compiling module xil_defaultlib.design_3_splitter_16bit_to_16_0_...
Compiling module xil_defaultlib.D_trigger
Compiling module xil_defaultlib.design_3_D_trigger_0_0
Compiling module xil_defaultlib.design_3_and_gate_0_0
Compiling module xil_defaultlib.design_3_and_gate_1_0
Compiling module xil_defaultlib.design_3_and_gate_2_0
Compiling module xil_defaultlib.design_3_not_gate_0_0
Compiling module xil_defaultlib.start_imp_NYSA1T
Compiling module xil_defaultlib.design_3_ic_74161_0_1
Compiling module xil_defaultlib.design_3_ic_74161_1_1
Compiling module xil_defaultlib.design_3_ic_74161_2_1
Compiling module xil_defaultlib.design_3_the_12bit_to_3x4bit_0_0
Compiling module xil_defaultlib.design_3_xlconcat_0_1
Compiling module xil_defaultlib.uPC_imp_E5D2MO
Compiling module xlconstant_v1_1_9.xlconstant_v1_1_9_xlconstant
Compiling module xil_defaultlib.design_3_xlconstant_0_0
Compiling module xil_defaultlib.design_3_xlconstant_0_1
Compiling module xil_defaultlib.design_3
Compiling module xil_defaultlib.design_3_wrapper
Compiling module xil_defaultlib.complete_monitor_test
Compiling module xil_defaultlib.glbl
Built simulation snapshot complete_monitor_test_behav
run_program: Time (s): cpu = 00:00:00 ; elapsed = 00:00:18 . Memory (MB): peak = 2744.375 ; gain = 0.000
INFO: [USF-XSim-69] 'elaborate' step finished in '18' seconds
INFO: [USF-XSim-4] XSim::Simulate design
INFO: [USF-XSim-61] Executing 'SIMULATE' step in 'D:/cd3/project_3/project_3.sim/sim_2/behav/xsim'
INFO: [USF-XSim-98] *** Running xsim
   with args "complete_monitor_test_behav -key {Behavioral:sim_2:Functional:complete_monitor_test} -tclbatch {complete_monitor_test.tcl} -protoinst "protoinst_files/design_3.protoinst" -log {simulate.log}"
INFO: [USF-XSim-8] Loading simulator feature
INFO: [Wavedata 42-565] Reading protoinst file protoinst_files/design_3.protoinst
Time resolution is 1 ps
source complete_monitor_test.tcl
# set curr_wave [current_wave_config]
# if { [string length $curr_wave] == 0 } {
#   if { [llength [get_objects]] > 0} {
#     add_wave /
#     set_property needs_save false [current_wave_config]
#   } else {
#      send_msg_id Add_Wave-1 WARNING "No top level signals found. Simulator will start without a wave window. If you want to open a wave window go to 'File->New Waveform Configuration' or type 'create_wave_config' in the TCL console."
#   }
# }
# run 1000ns
============== 完整监控测试 ==============
时间(ns)	复位	uPC		Crom		Bus		MAR
----------------------------------------------------------------
10000		0	0x000	0x00e181	0x0000	0x000
100000		1	0x000	0x00e181	0x0000	0x000 <- 复位释放
105000		1	0x001	0x00e181	0x0000	0x000
115000		1	0x002	0x000a11	0x0000	0x000
125000		1	0x003	0x00c041	0x0400	0x000
135000		1	0x010	0x000003	0x0000	0x000
145000		1	0x011	0x00e181	0x0001	0x001
155000		1	0x012	0x000a11	0x0000	0x001
165000		1	0x018	0x000184	0x0000	0x001
175000		1	0x019	0x00c081	0x55aa	0x001
185000		1	0x000	0x000002	0x0000	0x001
195000		1	0x001	0x00e181	0x0002	0x002
205000		1	0x002	0x000a11	0x0000	0x002
215000		1	0x003	0x00c041	0x0938	0x002
225000		1	0x020	0x000003	0x0000	0x002
235000		1	0x021	0x00e181	0x0003	0x003
245000		1	0x022	0x000a11	0x0000	0x003
255000		1	0x023	0x00c181	0x00a0	0x0a0
265000		1	0x024	0x000211	0x0000	0x0a0
275000		1	0x02a	0x000004	0x0000	0x0a0
285000		1	0x02b	0x00c0c1	0x1111	0x0a0
295000		1	0x000	0x000002	0x0000	0x0a0
305000		1	0x001	0x00e181	0x0004	0x004
315000		1	0x002	0x000a11	0x0000	0x004
325000		1	0x003	0x00c041	0x0d09	0x004
335000		1	0x030	0x000003	0x0000	0x004
345000		1	0x038	0x000004	0x0000	0x004
355000		1	0x039	0x004141	0x55aa	0x004
365000		1	0x031	0x003102	0x0000	0x004
375000		1	0x13a	0x000005	0x0000	0x004
385000		1	0x13b	0x266401	0x1111	0x004
395000		1	0x132	0x013202	0x0000	0x004
405000		1	0x133	0x00a0c1	0x66bb	0x004
415000		1	0x000	0x000002	0x0000	0x004
425000		1	0x001	0x00e181	0x0005	0x005
435000		1	0x002	0x000a11	0x0000	0x005
445000		1	0x003	0x00c041	0x0540	0x005
455000		1	0x010	0x000003	0x0000	0x005
465000		1	0x011	0x00e181	0x0006	0x006
475000		1	0x012	0x000a11	0x0000	0x006
485000		1	0x01c	0x000184	0x0000	0x006
495000		1	0x01d	0x00c101	0x00fa	0x006
505000		1	0x000	0x000002	0x0000	0x006
515000		1	0x001	0x00e181	0x0007	0x007
525000		1	0x002	0x000a11	0x0000	0x007
535000		1	0x003	0x00c041	0x1112	0x007
545000		1	0x040	0x000003	0x0000	0x007
555000		1	0x041	0x008181	0x00fa	0x0fa
565000		1	0x042	0x0041c1	0x55aa	0x0fa
575000		1	0x043	0x010021	0x0000	0x0fa
585000		1	0x000	0x000002	0x0000	0x0fa
595000		1	0x001	0x00e181	0x0008	0x008
605000		1	0x002	0x000a11	0x0000	0x008
615000		1	0x003	0x00c041	0x1800	0x008
625000		1	0x060	0x000003	0x0000	0x008
635000		1	0x061	0x00e181	0x0009	0x009
645000		1	0x062	0x000211	0x0000	0x009
655000		1	0x063	0x00d001	0x0002	0x009
665000		1	0x000	0x000002	0x0000	0x009
675000		1	0x001	0x00e181	0x0002	0x002
685000		1	0x002	0x000a11	0x0000	0x002
695000		1	0x003	0x00c041	0x0938	0x002
705000		1	0x020	0x000003	0x0000	0x002
715000		1	0x021	0x00e181	0x0003	0x003
725000		1	0x022	0x000a11	0x0000	0x003
735000		1	0x023	0x00c181	0x00a0	0x0a0
745000		1	0x024	0x000211	0x0000	0x0a0
755000		1	0x02a	0x000004	0x0000	0x0a0
765000		1	0x02b	0x00c0c1	0x1111	0x0a0
775000		1	0x000	0x000002	0x0000	0x0a0
785000		1	0x001	0x00e181	0x0004	0x004
795000		1	0x002	0x000a11	0x0000	0x004
805000		1	0x003	0x00c041	0x0d09	0x004
815000		1	0x030	0x000003	0x0000	0x004
825000		1	0x038	0x000004	0x0000	0x004
835000		1	0x039	0x004141	0x55aa	0x004
845000		1	0x031	0x003102	0x0000	0x004
855000		1	0x13a	0x000005	0x0000	0x004
865000		1	0x13b	0x266401	0x1111	0x004
875000		1	0x132	0x013202	0x0000	0x004
885000		1	0x133	0x00a0c1	0x66bb	0x004
895000		1	0x000	0x000002	0x0000	0x004
905000		1	0x001	0x00e181	0x0005	0x005
915000		1	0x002	0x000a11	0x0000	0x005
925000		1	0x003	0x00c041	0x0540	0x005
935000		1	0x010	0x000003	0x0000	0x005
945000		1	0x011	0x00e181	0x0006	0x006
955000		1	0x012	0x000a11	0x0000	0x006
965000		1	0x01c	0x000184	0x0000	0x006
975000		1	0x01d	0x00c101	0x00fa	0x006
985000		1	0x000	0x000002	0x0000	0x006
995000		1	0x001	0x00e181	0x0007	0x007
INFO: [USF-XSim-96] XSim completed. Design snapshot 'complete_monitor_test_behav' loaded.
INFO: [USF-XSim-97] XSim simulation ran for 1000ns
launch_simulation: Time (s): cpu = 00:00:04 ; elapsed = 00:00:44 . Memory (MB): peak = 2744.375 ; gain = 0.000
WARNING: [filemgmt 56-199] Attempt to get parsing info during refresh. "On-the-fly" syntax checking information may be incorrect. [D:\cd3\exp3\rom.v:]
WARNING: [filemgmt 56-199] Attempt to get parsing info during refresh. "On-the-fly" syntax checking information may be incorrect. [D:\cd3\exp3\simple_core_test.v:]
WARNING: [filemgmt 56-199] Attempt to get parsing info during refresh. "On-the-fly" syntax checking information may be incorrect. [D:\cd3\design_3\synth\design_3.v:]
WARNING: [filemgmt 56-199] Attempt to get parsing info during refresh. "On-the-fly" syntax checking information may be incorrect. [D:\cd3\design_3\synth\design_3.v:]
WARNING: [filemgmt 56-199] Attempt to get parsing info during refresh. "On-the-fly" syntax checking information may be incorrect. [D:\cd3\design_3\synth\design_3.v:]
WARNING: [filemgmt 56-199] Attempt to get parsing info during refresh. "On-the-fly" syntax checking information may be incorrect. [D:\cd3\exp3\rom.v:]
WARNING: [filemgmt 56-199] Attempt to get parsing info during refresh. "On-the-fly" syntax checking information may be incorrect. [D:\cd3\exp3\simple_core_test.v:]
WARNING: [filemgmt 56-199] Attempt to get parsing info during refresh. "On-the-fly" syntax checking information may be incorrect. [D:\cd3\design_3\synth\design_3.v:]
WARNING: [filemgmt 56-199] Attempt to get parsing info during refresh. "On-the-fly" syntax checking information may be incorrect. [D:\cd3\exp3\simple_core_test.v:]
WARNING: [filemgmt 56-199] Attempt to get parsing info during refresh. "On-the-fly" syntax checking information may be incorrect. [D:\cd3\exp3\simple_core_test.v:]
ERROR: [Common 17-180] Spawn failed: No error
close_sim
INFO: [Simtcl 6-16] Simulation closed
report_ip_status -name ip_status 
exit
INFO: [Common 17-206] Exiting Vivado at Fri Nov 21 22:22:25 2025...
