#
# A fatal error has been detected by the Java Runtime Environment:
#
#  EXCEPTION_ACCESS_VIOLATION (0xc0000005) at pc=0x00007fffeaa181a2, pid=6548, tid=26016
#
# JRE version: OpenJDK Runtime Environment Temurin-21.0.1+12 (21.0.1+12) (build 21.0.1+12-LTS)
# Java VM: OpenJDK 64-Bit Server VM Temurin-21.0.1+12 (21.0.1+12-LTS, mixed mode, sharing, tiered, compressed oops, compressed class ptrs, g1 gc, windows-amd64)
# Problematic frame:
# C  0x00007fffeaa181a2
#
# No core dump will be written. Minidumps are not enabled by default on client versions of Windows
#
# If you would like to submit a bug report, please visit:
#   https://github.com/adoptium/adoptium-support/issues
# The crash happened outside the Java Virtual Machine in native code.
# See problematic frame for where to report the bug.
#

---------------  S U M M A R Y ------------

Command Line: -Dsun.java2d.pmoffscreen=false -Dhttps.protocols=TLSv1,TLSv1.1,TLSv1.2 -Dsun.java2d.xrender=false -Dsun.java2d.d3d=false -Dsun.awt.nopixfmt=true -Dsun.java2d.dpiaware=true -Dsun.java2d.uiScale.enabled=false -Dswing.aatext=true -XX:-UsePerfData -Djdk.map.althashing.threshold=512 -XX:StringTableSize=4072 -XX:+UseStringDeduplication -XX:MaxGCPauseMillis=200 -XX:ParallelGCThreads=4 -XX:+ParallelRefProcEnabled --add-opens=java.desktop/javax.swing.plaf.synth=ALL-UNNAMED --add-opens=java.base/java.nio=ALL-UNNAMED --add-opens=java.desktop/sun.swing=ALL-UNNAMED --add-opens=java.desktop/javax.swing=ALL-UNNAMED --add-opens=java.desktop/javax.swing.tree=ALL-UNNAMED --add-opens=java.desktop/javax.swing.plaf.basic=ALL-UNNAMED --add-opens=java.desktop/javax.swing.plaf.synth=ALL-UNNAMED --add-opens=java.desktop/javax.swing.plaf.basic=ALL-UNNAMED --add-opens=java.desktop/javax.swing=ALL-UNNAMED --add-opens=java.desktop/javax.swing.tree=ALL-UNNAMED --add-opens=java.desktop/java.awt.event=ALL-UNNAMED --add-exports=java.desktop/javax.swing.plaf.synth=ALL-UNNAMED --add-exports=java.base/java.nio=ALL-UNNAMED --add-exports=java.desktop/sun.swing=ALL-UNNAMED --add-exports=java.desktop/javax.swing=ALL-UNNAMED --add-exports=java.desktop/javax.swing.tree=ALL-UNNAMED --add-exports=java.desktop/javax.swing.plaf.basic=ALL-UNNAMED --add-exports=java.desktop/sun.swing=ALL-UNNAMED --add-exports=java.desktop/sun.swing.table=ALL-UNNAMED --add-exports=java.desktop/sun.swing.plaf.synth=ALL-UNNAMED --add-exports=java.desktop/sun.awt.shell=ALL-UNNAMED --add-exports=java.base/sun.security.action=ALL-UNNAMED --add-exports=java.desktop/sun.font=ALL-UNNAMED -XX:NewSize=80m -XX:MaxNewSize=80m -Xms512m -Xmx4072m -Xss10m 

Host: 12th Gen Intel(R) Core(TM) i5-1240P, 16 cores, 15G,  Windows 11 , 64 bit Build 22621 (10.0.22621.5262)
Time: Wed Oct  8 11:33:11 2025  Windows 11 , 64 bit Build 22621 (10.0.22621.5262) elapsed time: 638.747991 seconds (0d 0h 10m 38s)

---------------  T H R E A D  ---------------

Current thread (0x0000022cdc3af120):  JavaThread "AWT-EventQueue-0"        [_thread_in_native, id=26016, stack(0x000000a483c00000,0x000000a484600000) (10240K)]

Stack: [0x000000a483c00000,0x000000a484600000],  sp=0x000000a4845fe750,  free space=10233k
Native frames: (J=compiled Java code, j=interpreted, Vv=VM code, C=native code)
C  0x00007fffeaa181a2
C  0x00007fffead918e9
C  0x00007fffeabcf392
C  0x0000022c8745ce0b

The last pc belongs to native method entry point (kind = native) (printed below).
Java frames: (J=compiled Java code, j=interpreted, Vv=VM code)
j  ui.frmwork.xguifrmwrki.HXGUIParameter_getValueConfigId(J)Ljava/lang/String;+0
j  ui.frmwork.P.iHB()Ljava/lang/String;+4
j  ui.frmwork.j.d.a(Ljava/awt/AWTEvent;)V+7
j  ui.frmwork.j.d.focusLost(Ljava/awt/event/FocusEvent;)V+2
j  java.awt.AWTEventMulticaster.focusLost(Ljava/awt/event/FocusEvent;)V+21 java.desktop@21.0.1
j  java.awt.Component.processFocusEvent(Ljava/awt/event/FocusEvent;)V+52 java.desktop@21.0.1
J 20417 c2 java.awt.Container.processEvent(Ljava/awt/AWTEvent;)V java.desktop@21.0.1 (22 bytes) @ 0x0000022c88b40d14 [0x0000022c88b40c40+0x00000000000000d4]
J 20472 c2 java.awt.Component.dispatchEventImpl(Ljava/awt/AWTEvent;)V java.desktop@21.0.1 (785 bytes) @ 0x0000022c88b63748 [0x0000022c88b62980+0x0000000000000dc8]
J 18111 c2 java.awt.Container.dispatchEventImpl(Ljava/awt/AWTEvent;)V java.desktop@21.0.1 (129 bytes) @ 0x0000022c88873560 [0x0000022c88873500+0x0000000000000060]
J 20508 c1 java.awt.DefaultKeyboardFocusManager.typeAheadAssertions(Ljava/awt/Component;Ljava/awt/AWTEvent;)Z java.desktop@21.0.1 (356 bytes) @ 0x0000022c8233c934 [0x0000022c8233a5a0+0x0000000000002394]
J 20093 c2 java.awt.DefaultKeyboardFocusManager.dispatchEvent(Ljava/awt/AWTEvent;)Z java.desktop@21.0.1 (1625 bytes) @ 0x0000022c88acfeb0 [0x0000022c88acede0+0x00000000000010d0]
J 20472 c2 java.awt.Component.dispatchEventImpl(Ljava/awt/AWTEvent;)V java.desktop@21.0.1 (785 bytes) @ 0x0000022c88b631bc [0x0000022c88b62980+0x000000000000083c]
J 18111 c2 java.awt.Container.dispatchEventImpl(Ljava/awt/AWTEvent;)V java.desktop@21.0.1 (129 bytes) @ 0x0000022c88873560 [0x0000022c88873500+0x0000000000000060]
J 16936 c2 java.awt.Component.dispatchEvent(Ljava/awt/AWTEvent;)V java.desktop@21.0.1 (6 bytes) @ 0x0000022c8807206c [0x0000022c88072020+0x000000000000004c]
j  sun.awt.SunToolkit$1.run()V+26 java.desktop@21.0.1
J 20711 c2 java.awt.event.InvocationEvent.dispatch()V java.desktop@21.0.1 (69 bytes) @ 0x0000022c88bca4e8 [0x0000022c88bca480+0x0000000000000068]
J 14487 c2 java.awt.EventQueue.dispatchEvent(Ljava/awt/AWTEvent;)V java.desktop@21.0.1 (80 bytes) @ 0x0000022c885c35c4 [0x0000022c885c29e0+0x0000000000000be4]
J 18234 c2 ui.frmwork.a.d.dispatchEvent(Ljava/awt/AWTEvent;)V (41 bytes) @ 0x0000022c888b28b4 [0x0000022c888b2280+0x0000000000000634]
j  java.awt.EventDispatchThread.pumpOneEventForFilters(I)V+81 java.desktop@21.0.1
j  java.awt.EventDispatchThread.pumpEventsForFilter(ILjava/awt/Conditional;Ljava/awt/EventFilter;)V+35 java.desktop@21.0.1
j  java.awt.EventDispatchThread.pumpEventsForHierarchy(ILjava/awt/Conditional;Ljava/awt/Component;)V+11 java.desktop@21.0.1
j  java.awt.EventDispatchThread.pumpEvents(ILjava/awt/Conditional;)V+4 java.desktop@21.0.1
j  java.awt.EventDispatchThread.pumpEvents(Ljava/awt/Conditional;)V+3 java.desktop@21.0.1
j  java.awt.EventDispatchThread.run()V+9 java.desktop@21.0.1
v  ~StubRoutines::call_stub 0x0000022c8745100d

siginfo: EXCEPTION_ACCESS_VIOLATION (0xc0000005), reading address 0x0000000000000028


Registers:
RAX=0x0000000000000000, RBX=0x000000a4845fe7e8, RCX=0x000000a4845fe7e8, RDX=0x0000000000000010
RSP=0x000000a4845fe750, RBP=0x000000a4845fe940, RSI=0x0000022cdc3af4d8, RDI=0x0000000000000010
R8 =0x0000022d10460180, R9 =0x0000000000000004, R10=0x0000022c8745cddc, R11=0x000000071f52f978
R12=0x0000000000000000, R13=0x0000022d07a5ab20, R14=0x0000000000000000, R15=0x0000022cdc3af120
RIP=0x00007fffeaa181a2, EFLAGS=0x0000000000010246


Register to memory mapping:

RAX=0x0 is null
RBX=0x000000a4845fe7e8 is pointing into the stack for thread: 0x0000022cdc3af120
RCX=0x000000a4845fe7e8 is pointing into the stack for thread: 0x0000022cdc3af120
RDX=0x0000000000000010 is an unknown value
RSP=0x000000a4845fe750 is pointing into the stack for thread: 0x0000022cdc3af120
RBP=0x000000a4845fe940 is pointing into the stack for thread: 0x0000022cdc3af120
RSI=0x0000022cdc3af4d8 points into unknown readable memory: 0x00007ff82107f790 | 90 f7 07 21 f8 7f 00 00
RDI=0x0000000000000010 is an unknown value
R8 =0x0000022d10460180 points into unknown readable memory: 0x00007fffeb72c8d0 | d0 c8 72 eb ff 7f 00 00
R9 =0x0000000000000004 is an unknown value
R10=0x0000022c8745cddc is at code_begin+1020 in an Interpreter codelet
native method entry point (kind = native)  [0x0000022c8745c9e0, 0x0000022c8745d508]  2856 bytes
R11=0x000000071f52f978 is an oop: java.lang.Class 
{0x000000071f52f978} - klass: 'java/lang/Class'
 - ---- fields (total size 14 words):
 - private volatile transient 'classRedefinedCount' 'I' @12  0 (0x00000000)
 - injected 'klass' 'J' @16  2390531243488 (0x0000022c96c3fde0)
 - injected 'array_klass' 'J' @24  0 (0x0000000000000000)
 - injected 'oop_size' 'I' @32  14 (0x0000000e)
 - injected 'static_oop_field_count' 'I' @36  0 (0x00000000)
 - private volatile transient 'cachedConstructor' 'Ljava/lang/reflect/Constructor;' @40  null (0x00000000)
 - private transient 'name' 'Ljava/lang/String;' @44  "ui.frmwork.xguifrmwrki"{0x000000071f52f9e8} (0xe3ea5f3d)
 - private transient 'module' 'Ljava/lang/Module;' @48  a 'java/lang/Module'{0x0000000702104b70} (0xe042096e)
 - private final 'classLoader' 'Ljava/lang/ClassLoader;' @52  a 'jdk/internal/loader/ClassLoaders$AppClassLoader'{0x0000000702104758} (0xe04208eb)
 - private transient 'classData' 'Ljava/lang/Object;' @56  null (0x00000000)
 - private transient 'packageName' 'Ljava/lang/String;' @60  "ui.frmwork"{0x0000000702178650} (0xe042f0ca)
 - private final 'componentType' 'Ljava/lang/Class;' @64  null (0x00000000)
 - private volatile transient 'reflectionData' 'Ljava/lang/ref/SoftReference;' @68  null (0x00000000)
 - private volatile transient 'genericInfo' 'Lsun/reflect/generics/repository/ClassRepository;' @72  null (0x00000000)
 - private volatile transient 'enumConstants' '[Ljava/lang/Object;' @76  null (0x00000000)
 - private volatile transient 'enumConstantDirectory' 'Ljava/util/Map;' @80  null (0x00000000)
 - private volatile transient 'annotationData' 'Ljava/lang/Class$AnnotationData;' @84  null (0x00000000)
 - private volatile transient 'annotationType' 'Lsun/reflect/annotation/AnnotationType;' @88  null (0x00000000)
 - transient 'classValueMap' 'Ljava/lang/ClassValue$ClassValueMap;' @92  null (0x00000000)
 - injected 'protection_domain' 'Ljava/lang/Object;' @96  a 'java/security/ProtectionDomain'{0x0000000702178628} (0xe042f0c5)
 - injected 'signers_name' 'Ljava/lang/Object;' @100  null (0x00000000)
 - injected 'source_file' 'Ljava/lang/Object;' @104  null (0x00000000)
 - signature: Lui/frmwork/xguifrmwrki;
 - ---- static fields (0):
R12=0x0 is null
R13={method} {0x0000022d07a5ab28} 'HXGUIParameter_getValueConfigId' '(J)Ljava/lang/String;' in 'ui/frmwork/xguifrmwrki'
R14=0x0 is null
R15=0x0000022cdc3af120 is a thread

Top of Stack: (sp=0x000000a4845fe750)
0x000000a4845fe750:   0000022cdc3af120 00007fffeabcf340
0x000000a4845fe760:   0000022cdc3af120 0000000000000000
0x000000a4845fe770:   0000022c87458924 00007fffead918e9
0x000000a4845fe780:   0000000000000006 000000a4845fe7e8
0x000000a4845fe790:   000000a4845fe940 0000022cf5b99ba0
0x000000a4845fe7a0:   0000022d07a5ab20 00007fffeabcf392
0x000000a4845fe7b0:   000000a4845fe8c0 00007ff8208344ed
0x000000a4845fe7c0:   000000a4845fe880 00007ff820acb0ec
0x000000a4845fe7d0:   0000022cdc3af4d8 000000000000000d
0x000000a4845fe7e0:   0000000000000006 0000000000000000
0x000000a4845fe7f0:   0000000000000006 0000000000000000
0x000000a4845fe800:   0000000000000000 0000000000000000
0x000000a4845fe810:   0000022cdc3af120 0000000000000000
0x000000a4845fe820:   000000000000000f 0000022c87458924
0x000000a4845fe830:   0000022c87458924 0000022cdc3af120
0x000000a4845fe840:   000000a4845fe940 00007ff820834185
0x000000a4845fe850:   000000a4845fe870 0000022cdc3af120
0x000000a4845fe860:   0000000000000179 0000022cdc3af120
0x000000a4845fe870:   0000022d07a5ab20 0000022cdc3af120
0x000000a4845fe880:   0000022c87458924 0000022c8745cc7c
0x000000a4845fe890:   0000a699def5ab26 0000022d07a5ab20
0x000000a4845fe8a0:   000000a4845fe968 0000022c87458924
0x000000a4845fe8b0:   0000000000000000 0000022c8745ce0b
0x000000a4845fe8c0:   0000022c87458924 0000022d07a5ab20
0x000000a4845fe8d0:   0000022d07a5ab20 0000000000000000
0x000000a4845fe8e0:   0000000000000000 0000022d07a915d9
0x000000a4845fe8f0:   0000022c8745ca9f 000000a4845fe8f8
0x000000a4845fe900:   0000022d07a5ab20 0000000000000005
0x000000a4845fe910:   0000022d07a62b30 0000000000000000
0x000000a4845fe920:   000000071f52f978 0000022d07a5ab20
0x000000a4845fe930:   0000000000000000 000000a4845fe960
0x000000a4845fe940:   000000a4845fe9b8 0000022c874589b8 

Instructions: (pc=0x00007fffeaa181a2)
0x00007fffeaa180a2:   c1 c3 cc cc cc cc cc cc cc cc cc cc cc cc 48 8b
0x00007fffeaa180b2:   c1 c3 cc cc cc cc cc cc cc cc cc cc cc cc 48 8b
0x00007fffeaa180c2:   c1 c3 cc cc cc cc cc cc cc cc cc cc cc cc 40 53
0x00007fffeaa180d2:   48 83 ec 20 48 8b 01 48 8b d9 b2 0a 48 63 48 04
0x00007fffeaa180e2:   48 03 cb ff 15 55 92 c8 00 0f b6 d0 48 8b cb ff
0x00007fffeaa180f2:   15 29 92 c8 00 48 8b cb ff 15 18 92 c8 00 48 8b
0x00007fffeaa18102:   c3 48 83 c4 20 5b c3 cc cc cc cc cc cc cc 48 8b
0x00007fffeaa18112:   c1 c3 cc cc cc cc cc cc cc cc cc cc cc cc 48 8b
0x00007fffeaa18122:   c1 c3 cc cc cc cc cc cc cc cc cc cc cc cc 48 8b
0x00007fffeaa18132:   02 48 39 01 48 0f 42 ca 48 8b c1 c3 cc cc 48 8b
0x00007fffeaa18142:   01 48 39 02 48 0f 42 ca 48 8b c1 c3 cc cc 33 c0
0x00007fffeaa18152:   48 89 01 48 89 41 10 48 89 41 18 48 8b c1 c3 cc
0x00007fffeaa18162:   cc cc cc cc cc cc cc cc cc cc cc cc cc cc 48 8b
0x00007fffeaa18172:   c1 c3 cc cc cc cc cc cc cc cc cc cc cc cc 48 89
0x00007fffeaa18182:   5c 24 10 48 89 6c 24 18 57 48 83 ec 20 33 c0 48
0x00007fffeaa18192:   8b fa 48 89 01 48 8b d9 48 89 41 10 48 89 41 18
0x00007fffeaa181a2:   48 83 7a 18 10 48 8b 6a 10 72 03 48 8b 3a 48 89
0x00007fffeaa181b2:   74 24 30 48 83 fd 10 73 0d 0f 10 07 be 0f 00 00
0x00007fffeaa181c2:   00 0f 11 01 eb 6f 48 b9 ff ff ff ff ff ff ff 7f
0x00007fffeaa181d2:   48 8b f5 48 83 ce 0f 48 3b f1 48 0f 47 f1 48 8d
0x00007fffeaa181e2:   4e 01 48 81 f9 00 10 00 00 72 2e 48 8d 41 27 48
0x00007fffeaa181f2:   3b c1 76 61 48 8b c8 e8 06 98 53 00 48 8b c8 48
0x00007fffeaa18202:   85 c0 74 0e 48 83 c0 27 48 83 e0 e0 48 89 48 f8
0x00007fffeaa18212:   eb 11 ff 15 ee 93 c8 00 cc 48 85 c9 74 05 e8 df
0x00007fffeaa18222:   97 53 00 4c 8d 45 01 48 89 03 48 8b d7 48 8b c8
0x00007fffeaa18232:   e8 69 b3 53 00 48 89 6b 10 48 8b c3 48 89 73 18
0x00007fffeaa18242:   48 8b 74 24 30 48 8b 5c 24 38 48 8b 6c 24 40 48
0x00007fffeaa18252:   83 c4 20 5f c3 e8 a4 08 00 00 cc cc cc cc 40 53
0x00007fffeaa18262:   48 83 ec 20 33 c0 48 c7 41 18 0f 00 00 00 48 89
0x00007fffeaa18272:   01 48 8b d9 48 89 41 10 49 c7 c0 ff ff ff ff 49
0x00007fffeaa18282:   ff c0 42 38 04 02 75 f7 e8 c1 09 00 00 48 8b c3
0x00007fffeaa18292:   48 83 c4 20 5b c3 cc cc cc cc cc cc cc cc 4c 8b 


Stack slot to memory mapping:

stack at sp + 0 slots: 0x0000022cdc3af120 is a thread
stack at sp + 1 slots: 0x00007fffeabcf340 points into unknown readable memory: 0x41575610245c8948 | 48 89 5c 24 10 56 57 41
stack at sp + 2 slots: 0x0000022cdc3af120 is a thread
stack at sp + 3 slots: 0x0 is null
stack at sp + 4 slots: 0x0000022c87458924 is at code_begin+1380 in an Interpreter codelet
return entry points  [0x0000022c874583c0, 0x0000022c87458f18]  2904 bytes
stack at sp + 5 slots: 0x00007fffead918e9 points into unknown readable memory: 48 8b c3 48 83 c4 20
stack at sp + 6 slots: 0x0000000000000006 is an unknown value
stack at sp + 7 slots: 0x000000a4845fe7e8 is pointing into the stack for thread: 0x0000022cdc3af120

native method entry point (kind = native)  [0x0000022c8745c9e0, 0x0000022c8745d508]  2856 bytes
[MachCode]
  0x0000022c8745c9e0: 488b 4b08 | 0fb7 492e | 584c 8d74 | ccf8 6800 | 0000 0068 | 0000 0000 | 5055 488b | ec41 5568 
  0x0000022c8745ca00: 0000 0000 | 4c8b 6b08 | 4d8d 6d38 | 5348 8b53 | 0848 8b52 | 0848 8b52 | 1848 8b52 | 7048 8b12 
  0x0000022c8745ca20: 5248 8b53 | 1048 85d2 | 0f84 0700 | 0000 4881 | c208 0100 | 0052 488b | 5308 488b | 5208 488b 
  0x0000022c8745ca40: 5210 5249 | 8bc6 482b | c548 c1e8 | 0350 6800 | 0000 0068 | 0000 0000 | 4889 2424 | 41c6 8779 
  0x0000022c8745ca60: 0400 0001 | 488b 4310 | 4885 c074 | 208b 88cc | 0000 0083 | c102 8988 | cc00 0000 | 2388 e000 
  0x0000022c8745ca80: 0000 0f84 | cb09 0000 | e9cf 0000 | 0048 8b43 | 1848 85c0 | 0f85 b000 | 0000 e805 | 0000 00e9 
  0x0000022c8745caa0: 9900 0000 | 488b d348 | 8d44 2408 | 4c89 6dc0 | 498b cfc5 | f877 4989 | afa8 0300 | 0049 8987 
  0x0000022c8745cac0: 9803 0000 | 4883 ec20 | 40f6 c40f | 0f84 1900 | 0000 4883 | ec08 48b8 | 301a 8320 | f87f 0000 
  0x0000022c8745cae0: ffd0 4883 | c408 e90c | 0000 0048 | b830 1a83 | 20f8 7f00 | 00ff d048 | 83c4 2049 | c787 9803 
  0x0000022c8745cb00: 0000 0000 | 0000 49c7 | 87a8 0300 | 0000 0000 | 0049 c787 | a003 0000 | 0000 0000 | c5f8 7749 
  0x0000022c8745cb20: 837f 0800 | 0f84 0500 | 0000 e9d1 | 43ff ff4c | 8b6d c04c | 8b75 c84e | 8d74 f500 | c348 8b43 
  0x0000022c8745cb40: 1848 85c0 | 0f84 1200 | 0000 8b48 | 0883 c102 | 8948 0823 | 481c 0f84 | f708 0000 | 493b a7e8 
  0x0000022c8745cb60: 0400 000f | 8748 0000 | 0089 8424 | 00f0 ffff | 8984 2400 | e0ff ff89 | 8424 00d0 | ffff 8984 
  0x0000022c8745cb80: 2400 c0ff | ff89 8424 | 00b0 ffff | 8984 2400 | a0ff ff89 | 8424 0090 | ffff 8984 | 2400 80ff 
  0x0000022c8745cba0: ff49 3ba7 | e004 0000 | 7607 4989 | a7e8 0400 | 0041 c687 | 7904 0000 | 0049 baae | 9a0e 21f8 
  0x0000022c8745cbc0: 7f00 0041 | 803a 000f | 843e 0000 | 0048 8b55 | e849 8bcf | 4883 ec20 | 40f6 c40f | 0f84 1900 
  0x0000022c8745cbe0: 0000 4883 | ec08 48b8 | a0d6 b820 | f87f 0000 | ffd0 4883 | c408 e90c | 0000 0048 | b8a0 d6b8 
  0x0000022c8745cc00: 20f8 7f00 | 00ff d048 | 83c4 2048 | 8b5d e84c | 8b5b 0845 | 0fb7 5b2e | 41c1 e303 | 492b e348 
  0x0000022c8745cc20: 83ec 2048 | 83e4 f04c | 8b5b 604d | 85db 0f85 | ab00 0000 | e805 0000 | 00e9 9900 | 0000 488b 
  0x0000022c8745cc40: d348 8d44 | 2408 4c89 | 6dc0 498b | cfc5 f877 | 4989 afa8 | 0300 0049 | 8987 9803 | 0000 4883 
  0x0000022c8745cc60: ec20 40f6 | c40f 0f84 | 1900 0000 | 4883 ec08 | 48b8 1041 | 8320 f87f | 0000 ffd0 | 4883 c408 
  0x0000022c8745cc80: e90c 0000 | 0048 b810 | 4183 20f8 | 7f00 00ff | d048 83c4 | 2049 c787 | 9803 0000 | 0000 0000 
  0x0000022c8745cca0: 49c7 87a8 | 0300 0000 | 0000 0049 | c787 a003 | 0000 0000 | 0000 c5f8 | 7749 837f | 0800 0f84 
  0x0000022c8745ccc0: 0500 0000 | e937 42ff | ff4c 8b6d | c04c 8b75 | c84e 8d74 | f500 c348 | 8b5d e84c | 8b5b 6041 
  0x0000022c8745cce0: ffd3 488b | 5de8 4889 | 4518 448b | 5b28 41f6 | c308 0f84 | 1b00 0000 | 4c8b 5b08 | 4d8b 5b08 
  0x0000022c8745cd00: 4d8b 5b18 | 4d8b 5b70 | 4d8b 1b4c | 895d 1048 | 8d55 1048 | 8b43 5849 | baf0 2bb9 | 20f8 7f00 
  0x0000022c8745cd20: 0049 3bc2 | 0f85 ab00 | 0000 e805 | 0000 00e9 | 9900 0000 | 488b d348 | 8d44 2408 | 4c89 6dc0 
  0x0000022c8745cd40: 498b cfc5 | f877 4989 | afa8 0300 | 0049 8987 | 9803 0000 | 4883 ec20 | 40f6 c40f | 0f84 1900 
  0x0000022c8745cd60: 0000 4883 | ec08 48b8 | 1041 8320 | f87f 0000 | ffd0 4883 | c408 e90c | 0000 0048 | b810 4183 
  0x0000022c8745cd80: 20f8 7f00 | 00ff d048 | 83c4 2049 | c787 9803 | 0000 0000 | 0000 49c7 | 87a8 0300 | 0000 0000 
  0x0000022c8745cda0: 0049 c787 | a003 0000 | 0000 0000 | c5f8 7749 | 837f 0800 | 0f84 0500 | 0000 e941 | 41ff ff4c 
  0x0000022c8745cdc0: 8b6d c04c | 8b75 c84e | 8d74 f500 | c348 8b5d | e848 8b43 | 5849 8d8f | b803 0000 | c5f8 7749 
  0x0000022c8745cde0: 89af a803 | 0000 49ba | dccd 4587 | 2c02 0000 | 4d89 97a0 | 0300 0049 | 89a7 9803 | 0000 41c7 
  0x0000022c8745ce00: 874c 0400 | 0004 0000 | 00ff d0c5 | f877 4883 | ec10 c5fb | 1104 2448 | 83ec 1048 | 8904 2448 
  0x0000022c8745ce20: c744 2408 | 0000 0000 | 41c7 874c | 0400 0005 | 0000 00f0 | 8344 24c0 | 0049 3baf | 5004 0000 
  0x0000022c8745ce40: 0f87 0e00 | 0000 4183 | bf48 0400 | 0000 0f84 | 2000 0000 | 498b cf4c | 8be4 4883 | ec20 4883 
  0x0000022c8745ce60: e4f0 48b8 | 2099 8420 | f87f 0000 | ffd0 498b | e44d 33e4 | 41c7 874c | 0400 0008 | 0000 0049 
  0x0000022c8745ce80: c787 9803 | 0000 0000 | 0000 49c7 | 87a8 0300 | 0000 0000 | 0049 c787 | a003 0000 | 0000 0000 
  0x0000022c8745cea0: c5f8 774d | 8b9f 2804 | 0000 41c7 | 8300 0100 | 0000 0000 | 0049 bb9a | a345 872c | 0200 004c 
  0x0000022c8745cec0: 3b5d 180f | 8524 0200 | 0048 8b04 | 2448 83c4 | 1048 85c0 | 0f84 fe01 | 0000 a803 | 0f85 0800 
  0x0000022c8745cee0: 0000 488b | 00e9 ee01 | 0000 a801 | 0f85 0900 | 0000 488b | 40fe e9dd | 0100 0048 | 8b40 ff41 
  0x0000022c8745cf00: 807f 4000 | 0f84 ce01 | 0000 4883 | f800 0f84 | c401 0000 | 4d8b 5f28 | 4983 fb00 | 0f84 1400 
  0x0000022c8745cf20: 0000 4983 | eb08 4d89 | 5f28 4d03 | 5f38 4989 | 03e9 a201 | 0000 4881 | ecd0 0000 | 0048 8904 
  0x0000022c8745cf40: 2448 894c | 2408 4889 | 5424 1048 | 8974 2418 | 4889 7c24 | 204c 8944 | 2428 4c89 | 4c24 304c 
  0x0000022c8745cf60: 8954 2438 | 4c89 5c24 | 40c5 fb11 | 4424 50c5 | fb11 4c24 | 58c5 fb11 | 5424 60c5 | fb11 5c24 
  0x0000022c8745cf80: 68c5 fb11 | 6424 70c5 | fb11 6c24 | 78c5 fb11 | b424 8000 | 0000 c5fb | 11bc 2488 | 0000 00c5 
  0x0000022c8745cfa0: 7b11 8424 | 9000 0000 | c57b 118c | 2498 0000 | 00c5 7b11 | 9424 a000 | 0000 c57b | 119c 24a8 
  0x0000022c8745cfc0: 0000 00c5 | 7b11 a424 | b000 0000 | c57b 11ac | 24b8 0000 | 00c5 7b11 | b424 c000 | 0000 c57b 
  0x0000022c8745cfe0: 11bc 24c8 | 0000 0049 | 8bd7 488b | c848 83ec | 2040 f6c4 | 0f0f 8419 | 0000 0048 | 83ec 0848 
  0x0000022c8745d000: b8e0 0878 | 20f8 7f00 | 00ff d048 | 83c4 08e9 | 0c00 0000 | 48b8 e008 | 7820 f87f | 0000 ffd0 
  0x0000022c8745d020: 4883 c420 | c57b 10bc | 24c8 0000 | 00c5 7b10 | b424 c000 | 0000 c57b | 10ac 24b8 | 0000 00c5 
  0x0000022c8745d040: 7b10 a424 | b000 0000 | c57b 109c | 24a8 0000 | 00c5 7b10 | 9424 a000 | 0000 c57b | 108c 2498 
  0x0000022c8745d060: 0000 00c5 | 7b10 8424 | 9000 0000 | c5fb 10bc | 2488 0000 | 00c5 fb10 | b424 8000 | 0000 c5fb 
  0x0000022c8745d080: 106c 2478 | c5fb 1064 | 2470 c5fb | 105c 2468 | c5fb 1054 | 2460 c5fb | 104c 2458 | c5fb 1044 
  0x0000022c8745d0a0: 2450 4c8b | 5c24 404c | 8b54 2438 | 4c8b 4c24 | 304c 8b44 | 2428 488b | 7c24 2048 | 8b74 2418 
  0x0000022c8745d0c0: 488b 5424 | 1048 8b4c | 2408 488b | 0424 4881 | c4d0 0000 | 00c5 f877 | 4889 4510 | 4883 ec10 
  0x0000022c8745d0e0: 4889 0424 | 48c7 4424 | 0800 0000 | 0041 83bf | c804 0000 | 020f 85bf | 0000 0048 | 81ec 8000 
  0x0000022c8745d100: 0000 4889 | 4424 7848 | 894c 2470 | 4889 5424 | 6848 895c | 2460 4889 | 6c24 5048 | 8974 2448 
  0x0000022c8745d120: 4889 7c24 | 404c 8944 | 2438 4c89 | 4c24 304c | 8954 2428 | 4c89 5c24 | 204c 8964 | 2418 4c89 
  0x0000022c8745d140: 6c24 104c | 8974 2408 | 4c89 3c24 | 4c8b e448 | 83ec 2048 | 83e4 f048 | b880 0eb9 | 20f8 7f00 
  0x0000022c8745d160: 00ff d049 | 8be4 4c8b | 3c24 4c8b | 7424 084c | 8b6c 2410 | 4c8b 6424 | 184c 8b5c | 2420 4c8b 
  0x0000022c8745d180: 5424 284c | 8b4c 2430 | 4c8b 4424 | 3848 8b7c | 2440 488b | 7424 4848 | 8b6c 2450 | 488b 5c24 
  0x0000022c8745d1a0: 6048 8b54 | 2468 488b | 4c24 7048 | 8b44 2478 | 4881 c480 | 0000 004d | 33e4 488b | 5de8 4c8b 
  0x0000022c8745d1c0: 6b08 4d8d | 6d38 4983 | 7f08 000f | 84bb 0000 | 00e8 0500 | 0000 e996 | 0000 0048 | 8d44 2408 
  0x0000022c8745d1e0: 4c89 6dc0 | 498b cfc5 | f877 4989 | afa8 0300 | 0049 8987 | 9803 0000 | 4883 ec20 | 40f6 c40f 
  0x0000022c8745d200: 0f84 1900 | 0000 4883 | ec08 48b8 | b05e 8320 | f87f 0000 | ffd0 4883 | c408 e90c | 0000 0048 
  0x0000022c8745d220: b8b0 5e83 | 20f8 7f00 | 00ff d048 | 83c4 2049 | c787 9803 | 0000 0000 | 0000 49c7 | 87a8 0300 
  0x0000022c8745d240: 0000 0000 | 0049 c787 | a003 0000 | 0000 0000 | c5f8 7749 | 837f 0800 | 0f84 0500 | 0000 e99d 
  0x0000022c8745d260: 3cff ff4c | 8b6d c04c | 8b75 c84e | 8d74 f500 | c348 b950 | e0e4 20f8 | 7f00 0048 | 83e4 f048 
  0x0000022c8745d280: b850 efa7 | 20f8 7f00 | 00ff d0f4 | 448b 5b28 | 41f6 c320 | 0f84 4401 | 0000 488d | 55a8 4c8b 
  0x0000022c8745d2a0: 5a08 4d85 | db0f 85bb | 0000 00e8 | 0500 0000 | e996 0000 | 0048 8d44 | 2408 4c89 | 6dc0 498b 
  0x0000022c8745d2c0: cfc5 f877 | 4989 afa8 | 0300 0049 | 8987 9803 | 0000 4883 | ec20 40f6 | c40f 0f84 | 1900 0000 
  0x0000022c8745d2e0: 4883 ec08 | 48b8 e05d | 8320 f87f | 0000 ffd0 | 4883 c408 | e90c 0000 | 0048 b8e0 | 5d83 20f8 
  0x0000022c8745d300: 7f00 00ff | d048 83c4 | 2049 c787 | 9803 0000 | 0000 0000 | 49c7 87a8 | 0300 0000 | 0000 0049 
  0x0000022c8745d320: c787 a003 | 0000 0000 | 0000 c5f8 | 7749 837f | 0800 0f84 | 0500 0000 | e9c3 3bff | ff4c 8b6d 
  0x0000022c8745d340: c04c 8b75 | c84e 8d74 | f500 c348 | b950 e0e4 | 20f8 7f00 | 0048 83e4 | f048 b850 | efa7 20f8 
  0x0000022c8745d360: 7f00 00ff | d0f4 4c89 | 6dc0 488d | 024c 8b4a | 0848 c742 | 0800 0000 | 004c 8b00 | 4d85 c00f 
  0x0000022c8745d380: 840b 0000 | 00f0 4d0f | b101 0f85 | 0c00 0000 | 49ff 8f50 | 0500 00e9 | 3e00 0000 | 4c89 4a08 
  0x0000022c8745d3a0: 488b ca48 | 83ec 2040 | f6c4 0f0f | 8419 0000 | 0048 83ec | 0848 b800 | 3183 20f8 | 7f00 00ff 
  0x0000022c8745d3c0: d048 83c4 | 08e9 0c00 | 0000 48b8 | 0031 8320 | f87f 0000 | ffd0 4883 | c420 4c8b | 6dc0 49ba 
  0x0000022c8745d3e0: ae9a 0e21 | f87f 0000 | 4180 3a00 | 0f84 3e00 | 0000 488b | 55e8 498b | cf48 83ec | 2040 f6c4 
  0x0000022c8745d400: 0f0f 8419 | 0000 0048 | 83ec 0848 | b8a0 d6b8 | 20f8 7f00 | 00ff d048 | 83c4 08e9 | 0c00 0000 
  0x0000022c8745d420: 48b8 a0d6 | b820 f87f | 0000 ffd0 | 4883 c420 | 488b 0424 | 4883 c410 | c5fb 1004 | 2448 83c4 
  0x0000022c8745d440: 104c 8b5d | 1841 ffd3 | 4c8b 5df8 | c95f 498b | e3ff e7ba | 0000 0000 | e805 0000 | 00e9 9600 
  0x0000022c8745d460: 0000 488d | 4424 084c | 896d c049 | 8bcf c5f8 | 7749 89af | a803 0000 | 4989 8798 | 0300 0048 
  0x0000022c8745d480: 83ec 2040 | f6c4 0f0f | 8419 0000 | 0048 83ec | 0848 b8c0 | 2483 20f8 | 7f00 00ff | d048 83c4 
  0x0000022c8745d4a0: 08e9 0c00 | 0000 48b8 | c024 8320 | f87f 0000 | ffd0 4883 | c420 49c7 | 8798 0300 | 0000 0000 
  0x0000022c8745d4c0: 0049 c787 | a803 0000 | 0000 0000 | 49c7 87a0 | 0300 0000 | 0000 00c5 | f877 4983 | 7f08 000f 
  0x0000022c8745d4e0: 8405 0000 | 00e9 163a | ffff 4c8b | 6dc0 4c8b | 75c8 4e8d | 74f5 00c3 | 488b 5de8 | e95b f6ff 
  0x0000022c8745d500: ff0f 1f80 | 0000 0000 
[/MachCode]

Compiled method (c2)  638957 20417       4       java.awt.Container::processEvent (22 bytes)
 total in heap  [0x0000022c88b40a10,0x0000022c88b41468] = 2648
 relocation     [0x0000022c88b40b70,0x0000022c88b40c38] = 200
 main code      [0x0000022c88b40c40,0x0000022c88b41018] = 984
 stub code      [0x0000022c88b41018,0x0000022c88b41060] = 72
 oops           [0x0000022c88b41060,0x0000022c88b41068] = 8
 metadata       [0x0000022c88b41068,0x0000022c88b410f8] = 144
 scopes data    [0x0000022c88b410f8,0x0000022c88b411c0] = 200
 scopes pcs     [0x0000022c88b411c0,0x0000022c88b41330] = 368
 dependencies   [0x0000022c88b41330,0x0000022c88b41350] = 32
 handler table  [0x0000022c88b41350,0x0000022c88b41458] = 264
 nul chk table  [0x0000022c88b41458,0x0000022c88b41468] = 16

[Constant Pool (empty)]

[MachCode]
[Entry Point]
  # {method} {0x0000022cd60b6358} 'processEvent' '(Ljava/awt/AWTEvent;)V' in 'java/awt/Container'
  # this:     rdx:rdx   = 'java/awt/Container'
  # parm0:    r8:r8     = 'java/awt/AWTEvent'
  #           [sp+0x30]  (sp of caller)
  0x0000022c88b40c40: 448b 5208 | 49bb 0000 | 0095 2c02 | 0000 4d03 | d349 3bc2 

  0x0000022c88b40c54: ;   {runtime_call ic_miss_stub}
  0x0000022c88b40c54: 0f85 26db | 95fe 6690 | 0f1f 4000 
[Verified Entry Point]
  0x0000022c88b40c60: 8984 2400 | 80ff ff55 | 4883 ec20 | 4181 7f20 | 0a00 0000 | 0f85 9403 | 0000 418b 

  0x0000022c88b40c7c: ;   {metadata('java/awt/event/ContainerEvent')}
  0x0000022c88b40c7c: 4808 81f9 | 808a 3101 | 7575 448b | 92fc 0000 | 0045 85d2 | 0f84 2f02 | 0000 418b | 6810 4b8d 
  0x0000022c88b40c9c: 14d4 81fd | 2c01 0000 | 7428 81fd | 2d01 0000 | 0f85 2a02 | 0000 6666 | 9048 b8a0 | d025 962c 
  0x0000022c88b40cbc: ;   {virtual_call}
  0x0000022c88b40cbc: 0200 00e8 

  0x0000022c88b40cc0: ; ImmutableOopMap {}
                      ;*invokeinterface componentRemoved {reexecute=0 rethrow=0 return_oop=0}
                      ; - java.awt.Container::processContainerEvent@52 (line 2295)
                      ; - java.awt.Container::processEvent@12 (line 2263)
  0x0000022c88b40cc0: 7cd5 0a00 

  0x0000022c88b40cc4: ;   {other}
  0x0000022c88b40cc4: 0f1f 8400 | b402 0000 | eb1a 6666 | 9048 b8f0 | 9cbe 112d 

  0x0000022c88b40cd8: ;   {virtual_call}
  0x0000022c88b40cd8: 0200 00e8 

  0x0000022c88b40cdc: ; ImmutableOopMap {}
                      ;*invokeinterface componentAdded {reexecute=0 rethrow=0 return_oop=0}
                      ; - java.awt.Container::processContainerEvent@42 (line 2292)
                      ; - java.awt.Container::processEvent@12 (line 2263)
  0x0000022c88b40cdc: 407f befe 

  0x0000022c88b40ce0: ;   {other}
  0x0000022c88b40ce0: 0f1f 8400 | d002 0001 | 4883 c420 

  0x0000022c88b40cec: ;   {poll_return}
  0x0000022c88b40cec: 5d49 3ba7 | 5004 0000 | 0f87 fe02 

  0x0000022c88b40cf8: ;   {metadata('java/awt/event/FocusEvent')}
  0x0000022c88b40cf8: 0000 c381 | f9e8 8f31 | 0175 1b66 | 9048 b8ff | ffff ffff 

  0x0000022c88b40d0c: ;   {virtual_call}
  0x0000022c88b40d0c: ffff ffe8 

  0x0000022c88b40d10: ; ImmutableOopMap {}
                      ;*invokevirtual processFocusEvent {reexecute=0 rethrow=0 return_oop=0}
                      ; - java.awt.Component::processEvent@12 (line 6377)
                      ; - java.awt.Container::processEvent@18 (line 2266)
  0x0000022c88b40d10: 9ce0 b6fe 

  0x0000022c88b40d14: ;   {other}
  0x0000022c88b40d14: 0f1f 8400 | 0403 0002 

  0x0000022c88b40d1c: ;   {metadata('java/awt/event/MouseEvent')}
  0x0000022c88b40d1c: ebca 49ba | 6034 2796 | 2c02 0000 | 49bb 0000 | 0095 2c02 | 0000 4c03 | d94d 8b4b | 584d 3bca 
  0x0000022c88b40d3c: 0f85 8700 | 0000 458b | 5010 4181 | faf7 0100 | 0074 5245 | 8d9a 0cfe | ffff 4183 | fb05 0f86 
  0x0000022c88b40d5c: b100 0000 | 4181 fafa | 0100 0074 | 3841 81fa | fb01 0000 | 0f85 72ff 

  0x0000022c88b40d74: ;   {metadata('java/awt/event/MouseWheelEvent')}
  0x0000022c88b40d74: ffff 81f9 | 48f3 3a01 | 0f85 0202 | 0000 6666 | 9048 b8ff | ffff ffff 

  0x0000022c88b40d8c: ;   {virtual_call}
  0x0000022c88b40d8c: ffff ffe8 

  0x0000022c88b40d90: ; ImmutableOopMap {}
                      ;*invokevirtual processMouseWheelEvent {reexecute=0 rethrow=0 return_oop=0}
                      ; - java.awt.Component::processEvent@103 (line 6393)
                      ; - java.awt.Container::processEvent@18 (line 2266)
  0x0000022c88b40d90: ecdf 95fe 

  0x0000022c88b40d94: ;   {other}
  0x0000022c88b40d94: 0f1f 8400 | 8403 0003 | e947 ffff 

  0x0000022c88b40da0: ;   {metadata('java/awt/event/MouseEvent')}
  0x0000022c88b40da0: ff81 f960 | 3427 010f | 85f3 0100 | 0048 b8ff | ffff ffff 

  0x0000022c88b40db4: ;   {virtual_call}
  0x0000022c88b40db4: ffff ffe8 

  0x0000022c88b40db8: ; ImmutableOopMap {}
                      ;*invokevirtual processMouseMotionEvent {reexecute=0 rethrow=0 return_oop=0}
                      ; - java.awt.Component::processEvent@92 (line 6390)
                      ; - java.awt.Container::processEvent@18 (line 2266)
  0x0000022c88b40db8: 94dc b6fe 

  0x0000022c88b40dbc: ;   {other}
  0x0000022c88b40dbc: 0f1f 8400 | ac03 0004 | e91f ffff 

  0x0000022c88b40dc8: ;   {metadata('java/awt/event/KeyEvent')}
  0x0000022c88b40dc8: ff81 f928 | a60f 0175 | 6844 8b5a 

  0x0000022c88b40dd4: ;   {metadata('com/jidesoft/docking/DefaultDockingManager$DockedHiddenSlidingContainer')}
  0x0000022c88b40dd4: 0841 81fb | b8cd 6401 

  0x0000022c88b40ddc: ;   {optimized virtual_call}
  0x0000022c88b40ddc: 7513 90e8 

  0x0000022c88b40de0: ; ImmutableOopMap {}
                      ;*invokevirtual processKeyEvent {reexecute=0 rethrow=0 return_oop=0}
                      ; - java.awt.Component::processEvent@121 (line 6398)
                      ; - java.awt.Container::processEvent@18 (line 2266)
  0x0000022c88b40de0: 9cdc 95fe 

  0x0000022c88b40de4: ;   {other}
  0x0000022c88b40de4: 0f1f 8400 | d403 0005 | e9f7 feff 

  0x0000022c88b40df0: ;   {metadata('ui/views/systembuilder/gt')}
  0x0000022c88b40df0: ff41 81fb | e045 5801 | 0f85 fa00 

  0x0000022c88b40dfc: ;   {optimized virtual_call}
  0x0000022c88b40dfc: 0000 90e8 

  0x0000022c88b40e00: ; ImmutableOopMap {}
                      ;*invokevirtual processKeyEvent {reexecute=0 rethrow=0 return_oop=0}
                      ; - java.awt.Component::processEvent@121 (line 6398)
                      ; - java.awt.Container::processEvent@18 (line 2266)
  0x0000022c88b40e00: 2302 0000 

  0x0000022c88b40e04: ;   {other}
  0x0000022c88b40e04: 0f1f 8400 | f403 0006 | e9d7 feff 

  0x0000022c88b40e10: ;   {metadata('java/awt/event/MouseEvent')}
  0x0000022c88b40e10: ff81 f960 | 3427 010f | 852f 0100 | 0048 b8ff | ffff ffff 

  0x0000022c88b40e24: ;   {virtual_call}
  0x0000022c88b40e24: ffff ffe8 

  0x0000022c88b40e28: ; ImmutableOopMap {}
                      ;*invokevirtual processMouseEvent {reexecute=0 rethrow=0 return_oop=0}
                      ; - java.awt.Component::processEvent@81 (line 6386)
                      ; - java.awt.Container::processEvent@18 (line 2266)
  0x0000022c88b40e28: f4db b6fe 

  0x0000022c88b40e2c: ;   {other}
  0x0000022c88b40e2c: 0f1f 8400 | 1c04 0007 | e9af feff | ff4d 8b53 

  0x0000022c88b40e3c: ;   {metadata('java/awt/event/ComponentEvent')}
  0x0000022c88b40e3c: 4849 bbe8 | 4a06 962c | 0200 004d | 3bd3 7529 

  0x0000022c88b40e4c: ;   {metadata('java/awt/event/ComponentEvent')}
  0x0000022c88b40e4c: 81f9 e84a | 0601 0f85 | 1001 0000 | 9048 b8ff | ffff ffff 

  0x0000022c88b40e60: ;   {virtual_call}
  0x0000022c88b40e60: ffff ffe8 

  0x0000022c88b40e64: ; ImmutableOopMap {}
                      ;*invokevirtual processComponentEvent {reexecute=0 rethrow=0 return_oop=0}
                      ; - java.awt.Component::processEvent@139 (line 6401)
                      ; - java.awt.Container::processEvent@18 (line 2266)
  0x0000022c88b40e64: 18df b6fe 

  0x0000022c88b40e68: ;   {other}
  0x0000022c88b40e68: 0f1f 8400 | 5804 0008 | e973 feff 

  0x0000022c88b40e74: ;   {metadata('java/awt/event/InputMethodEvent')}
  0x0000022c88b40e74: ff81 f998 | 530f 0175 | 1c48 b8ff | ffff ffff 

  0x0000022c88b40e84: ;   {virtual_call}
  0x0000022c88b40e84: ffff ffe8 

  0x0000022c88b40e88: ; ImmutableOopMap {}
                      ;*invokevirtual processInputMethodEvent {reexecute=0 rethrow=0 return_oop=0}
                      ; - java.awt.Component::processEvent@157 (line 6403)
                      ; - java.awt.Container::processEvent@18 (line 2266)
  0x0000022c88b40e88: f4de 95fe 

  0x0000022c88b40e8c: ;   {other}
  0x0000022c88b40e8c: 0f1f 8400 | 7c04 0009 | e94f feff 

  0x0000022c88b40e98: ;   {metadata('java/awt/event/HierarchyEvent')}
  0x0000022c88b40e98: ff81 f930 | 8238 010f | 858b 0000 | 0041 8b68 | 1081 fd78 | 0500 0075 

  0x0000022c88b40eb0: ;   {optimized virtual_call}
  0x0000022c88b40eb0: 6366 90e8 

  0x0000022c88b40eb4: ; ImmutableOopMap {}
                      ;*invokevirtual processHierarchyEvent {reexecute=0 rethrow=0 return_oop=0}
                      ; - java.awt.Component::processEvent@205 (line 6407)
                      ; - java.awt.Container::processEvent@18 (line 2266)
  0x0000022c88b40eb4: 7e01 0000 

  0x0000022c88b40eb8: ;   {other}
  0x0000022c88b40eb8: 0f1f 8400 | a804 000a | e923 feff | ffba 45ff | ffff 4489 

  0x0000022c88b40ecc: ;   {runtime_call UncommonTrapBlob}
  0x0000022c88b40ecc: 1424 90e8 

  0x0000022c88b40ed0: ; ImmutableOopMap {[0]=NarrowOop }
                      ;*ifnull {reexecute=1 rethrow=0 return_oop=0}
                      ; - (reexecute) java.awt.Container::processContainerEvent@6 (line 2289)
                      ; - java.awt.Container::processEvent@12 (line 2263)
  0x0000022c88b40ed0: 2c37 96fe 

  0x0000022c88b40ed4: ;   {other}
  0x0000022c88b40ed4: 0f1f 8400 | c404 000b | ba45 ffff | ff4c 8904 | 2444 8954 

  0x0000022c88b40ee8: ;   {runtime_call UncommonTrapBlob}
  0x0000022c88b40ee8: 2408 90e8 

  0x0000022c88b40eec: ; ImmutableOopMap {[0]=Oop [8]=NarrowOop }
                      ;*lookupswitch {reexecute=1 rethrow=0 return_oop=0}
                      ; - (reexecute) java.awt.Container::processContainerEvent@13 (line 2290)
                      ; - java.awt.Container::processEvent@12 (line 2263)
  0x0000022c88b40eec: 1037 96fe 

  0x0000022c88b40ef0: ;   {other}
  0x0000022c88b40ef0: 0f1f 8400 | e004 000c | 488b ea4c | 8904 24ba | c6ff ffff 

  0x0000022c88b40f04: ;   {runtime_call UncommonTrapBlob}
  0x0000022c88b40f04: 6666 90e8 

  0x0000022c88b40f08: ; ImmutableOopMap {rbp=Oop [0]=Oop }
                      ;*invokevirtual processKeyEvent {reexecute=0 rethrow=0 return_oop=0}
                      ; - java.awt.Component::processEvent@121 (line 6398)
                      ; - java.awt.Container::processEvent@18 (line 2266)
  0x0000022c88b40f08: f436 96fe 

  0x0000022c88b40f0c: ;   {other}
  0x0000022c88b40f0c: 0f1f 8400 | fc04 000d | 4889 1424 | 4c89 4424 | 08ba 45ff 

  0x0000022c88b40f20: ;   {runtime_call UncommonTrapBlob}
  0x0000022c88b40f20: ffff 90e8 

  0x0000022c88b40f24: ; ImmutableOopMap {[0]=Oop [8]=Oop }
                      ;*tableswitch {reexecute=1 rethrow=0 return_oop=0}
                      ; - (reexecute) java.awt.Component::processEvent@174 (line 6405)
                      ; - java.awt.Container::processEvent@18 (line 2266)
  0x0000022c88b40f24: d836 96fe 

  0x0000022c88b40f28: ;   {other}
  0x0000022c88b40f28: 0f1f 8400 | 1805 000e | 488b ea4c | 8944 2408 | bade ffff 

  0x0000022c88b40f3c: ;   {runtime_call UncommonTrapBlob}
  0x0000022c88b40f3c: ff66 90e8 

  0x0000022c88b40f40: ; ImmutableOopMap {rbp=Oop [8]=Oop }
                      ;*instanceof {reexecute=0 rethrow=0 return_oop=0}
                      ; - java.awt.Component::processEvent@164 (line 6404)
                      ; - java.awt.Container::processEvent@18 (line 2266)
  0x0000022c88b40f40: bc36 96fe 

  0x0000022c88b40f44: ;   {other}
  0x0000022c88b40f44: 0f1f 8400 | 3405 000f | 488b ea4c | 8904 24ba | deff ffff 

  0x0000022c88b40f58: ;   {runtime_call UncommonTrapBlob}
  0x0000022c88b40f58: 6666 90e8 

  0x0000022c88b40f5c: ; ImmutableOopMap {rbp=Oop [0]=Oop }
                      ;*checkcast {reexecute=0 rethrow=0 return_oop=0}
                      ; - java.awt.Component::processEvent@78 (line 6386)
                      ; - java.awt.Container::processEvent@18 (line 2266)
  0x0000022c88b40f5c: a036 96fe 

  0x0000022c88b40f60: ;   {other}
  0x0000022c88b40f60: 0f1f 8400 | 5005 0010 | 488b ea4c | 8904 24ba | deff ffff 

  0x0000022c88b40f74: ;   {runtime_call UncommonTrapBlob}
  0x0000022c88b40f74: 6666 90e8 

  0x0000022c88b40f78: ; ImmutableOopMap {rbp=Oop [0]=Oop }
                      ;*checkcast {reexecute=0 rethrow=0 return_oop=0}
                      ; - java.awt.Component::processEvent@136 (line 6401)
                      ; - java.awt.Container::processEvent@18 (line 2266)
  0x0000022c88b40f78: 8436 96fe 

  0x0000022c88b40f7c: ;   {other}
  0x0000022c88b40f7c: 0f1f 8400 | 6c05 0011 | 488b ea4c | 8904 24ba | deff ffff 

  0x0000022c88b40f90: ;   {runtime_call UncommonTrapBlob}
  0x0000022c88b40f90: 6666 90e8 

  0x0000022c88b40f94: ; ImmutableOopMap {rbp=Oop [0]=Oop }
                      ;*checkcast {reexecute=0 rethrow=0 return_oop=0}
                      ; - java.awt.Component::processEvent@100 (line 6393)
                      ; - java.awt.Container::processEvent@18 (line 2266)
  0x0000022c88b40f94: 6836 96fe 

  0x0000022c88b40f98: ;   {other}
  0x0000022c88b40f98: 0f1f 8400 | 8805 0012 | 488b ea4c | 8904 24ba | deff ffff 

  0x0000022c88b40fac: ;   {runtime_call UncommonTrapBlob}
  0x0000022c88b40fac: 6666 90e8 

  0x0000022c88b40fb0: ; ImmutableOopMap {rbp=Oop [0]=Oop }
                      ;*checkcast {reexecute=0 rethrow=0 return_oop=0}
                      ; - java.awt.Component::processEvent@89 (line 6390)
                      ; - java.awt.Container::processEvent@18 (line 2266)
  0x0000022c88b40fb0: 4c36 96fe 

  0x0000022c88b40fb4: ;   {other}
  0x0000022c88b40fb4: 0f1f 8400 | a405 0013 | 488b eaba | f4ff ffff 

  0x0000022c88b40fc4: ;   {runtime_call UncommonTrapBlob}
  0x0000022c88b40fc4: 6666 90e8 

  0x0000022c88b40fc8: ; ImmutableOopMap {rbp=Oop }
                      ;*instanceof {reexecute=0 rethrow=0 return_oop=0}
                      ; - java.awt.Container::processEvent@1 (line 2262)
  0x0000022c88b40fc8: 3436 96fe 

  0x0000022c88b40fcc: ;   {other}
  0x0000022c88b40fcc: 0f1f 8400 | bc05 0014 | eb0e eb0c | eb0a eb08 | eb06 eb04 | eb02 eb00 | 488b d0eb | 05eb 0048 
  0x0000022c88b40fec: 8bd0 4883 

  0x0000022c88b40ff0: ;   {runtime_call _rethrow_Java}
  0x0000022c88b40ff0: c420 5de9 | 0825 bffe 

  0x0000022c88b40ff8: ;   {internal_word}
  0x0000022c88b40ff8: 49ba ed0c | b488 2c02 | 0000 4d89 | 9768 0400 

  0x0000022c88b41008: ;   {runtime_call SafepointBlob}
  0x0000022c88b41008: 00e9 f246 

  0x0000022c88b4100c: ;   {runtime_call StubRoutines (final stubs)}
  0x0000022c88b4100c: 96fe e84d | 3d94 fee9 | 62fc ffff 
[Stub Code]
  0x0000022c88b41018: ;   {no_reloc}
  0x0000022c88b41018: 48bb 0000 | 0000 0000 

  0x0000022c88b41020: ;   {runtime_call}
  0x0000022c88b41020: 0000 e9fb 

  0x0000022c88b41024: ;   {static_stub}
  0x0000022c88b41024: ffff ff48 | bb88 630a | d62c 0200 

  0x0000022c88b41030: ;   {runtime_call I2C/C2I adapters}
  0x0000022c88b41030: 00e9 b131 

  0x0000022c88b41034: ;   {static_stub}
  0x0000022c88b41034: 96fe 48bb | 00c8 08d6 | 2c02 0000 

  0x0000022c88b41040: ;   {runtime_call I2C/C2I adapters}
  0x0000022c88b41040: e9a2 3196 

  0x0000022c88b41044: ;   {runtime_call ExceptionBlob}
  0x0000022c88b41044: fee9 360f | a4fe e800 | 0000 0048 | 832c 2405 

  0x0000022c88b41054: ;   {runtime_call DeoptimizationBlob}
  0x0000022c88b41054: e947 3996 | fef4 f4f4 | f4f4 f4f4 
[/MachCode]


Compiled method (c2)  638987 20472       4       java.awt.Component::dispatchEventImpl (785 bytes)
 total in heap  [0x0000022c88b62310,0x0000022c88b678c0] = 21936
 relocation     [0x0000022c88b62470,0x0000022c88b62968] = 1272
 main code      [0x0000022c88b62980,0x0000022c88b65918] = 12184
 stub code      [0x0000022c88b65918,0x0000022c88b65b30] = 536
 oops           [0x0000022c88b65b30,0x0000022c88b65b68] = 56
 metadata       [0x0000022c88b65b68,0x0000022c88b65e28] = 704
 scopes data    [0x0000022c88b65e28,0x0000022c88b66a68] = 3136
 scopes pcs     [0x0000022c88b66a68,0x0000022c88b672e8] = 2176
 dependencies   [0x0000022c88b672e8,0x0000022c88b67358] = 112
 handler table  [0x0000022c88b67358,0x0000022c88b677d8] = 1152
 nul chk table  [0x0000022c88b677d8,0x0000022c88b678c0] = 232

[Constant Pool (empty)]

[MachCode]
[Entry Point]
  # {method} {0x0000022cd60889f8} 'dispatchEventImpl' '(Ljava/awt/AWTEvent;)V' in 'java/awt/Component'
  # this:     rdx:rdx   = 'java/awt/Component'
  # parm0:    r8:r8     = 'java/awt/AWTEvent'
  #           [sp+0x90]  (sp of caller)
  0x0000022c88b62980: 448b 5208 | 49bb 0000 | 0095 2c02 | 0000 4d03 | d349 3bc2 

  0x0000022c88b62994: ;   {runtime_call ic_miss_stub}
  0x0000022c88b62994: 0f85 e6bd | 93fe 6690 | 0f1f 4000 
[Verified Entry Point]
  0x0000022c88b629a0: 8984 2400 | 80ff ff55 | 4881 ec80 | 0000 0090 | 4181 7f20 | 0a00 0000 | 0f85 502f | 0000 4889 
  0x0000022c88b629c0: 5424 2045 | 8b68 108b | 4a48 85c9 | 0f84 f21d 

  0x0000022c88b629d0: ;   {oop(a 'java/util/concurrent/atomic/AtomicInteger'{0x0000000703089930})}
  0x0000022c88b629d0: 0000 49ba | 3099 0803 | 0700 0000 | 458b 4a0c | 4d8b 9780 | 0300 004d | 8b1a 4183 | f901 0f85 
  0x0000022c88b629f0: a41d 0000 

  0x0000022c88b629f4: ;   {oop(a 'java/lang/Class'{0x0000000703089940} = 'sun/awt/AppContext')}
  0x0000022c88b629f4: 49ba 4099 | 0803 0700 | 0000 418b | aa84 0000 | 0085 ed0f | 84df 1d00 | 0045 8b8a | 8400 0000 
  0x0000022c88b62a14: 413b c90f | 85cb 1c00 

  0x0000022c88b62a1c: ;   {oop(a 'sun/util/logging/PlatformLogger'{0x000000070219d810})}
  0x0000022c88b62a1c: 0049 ba10 | d819 0207 | 0000 0045 | 8b52 0c43 | 8b5c d408 | 4b8d 0cd4 

  0x0000022c88b62a34: ;   {metadata('jdk/internal/logger/LazyLoggers$JdkLazyLogger')}
  0x0000022c88b62a34: 81fb 9038 | 0501 0f85 | aa00 0000 | 8b69 0c45 | 8b54 ec08 

  0x0000022c88b62a48: ;   {metadata('jdk/internal/logger/LazyLoggers$LazyLoggerAccessor')}
  0x0000022c88b62a48: 4181 fa90 | 3e05 010f | 85d1 1c00 | 004d 8d0c | ec41 8b59 | 1c85 db0f | 846c 1000 | 004d 8d0c 
  0x0000022c88b62a68: dc45 8b51 

  0x0000022c88b62a6c: ;   {metadata('sun/util/logging/internal/LoggingProviderImpl$JULWrapper')}
  0x0000022c88b62a6c: 0841 81fa | 9055 0a01 | 0f85 ce1c 

  0x0000022c88b62a78: ;   {oop(a 'java/util/logging/Level'[9] {0x000000070303f2d0})}
  0x0000022c88b62a78: 0000 49ba | d0f2 0303 | 0700 0000 | 418b 5a14 | 458b 510c 

  0x0000022c88b62a8c: ; implicit exception: dispatches to 0x0000022c88b65320
  0x0000022c88b62a8c: 478b 4cd4 | 1047 8b54 | cc0c 418b | 6cdc 0c41 | 3bea 0f8d | 681d 0000 | 458b 5008 

  0x0000022c88b62aa8: ;   {metadata('java/awt/event/KeyEvent')}
  0x0000022c88b62aa8: 4181 fa28 | a60f 010f | 858b 0000 

  0x0000022c88b62ab4: ;   {metadata('sun/awt/dnd/SunDropTargetEvent')}
  0x0000022c88b62ab4: 0041 81fa | f08c 3101 | 0f85 4205 | 0000 498b 

  0x0000022c88b62ac4: ;   {optimized virtual_call}
  0x0000022c88b62ac4: d066 90e8 

  0x0000022c88b62ac8: ; ImmutableOopMap {}
                      ;*invokevirtual dispatch {reexecute=0 rethrow=0 return_oop=0}
                      ; - java.awt.Component::dispatchEventImpl@102 (line 4861)
  0x0000022c88b62ac8: d4bf 8ef8 

  0x0000022c88b62acc: ;   {other}
  0x0000022c88b62acc: 0f1f 8400 | bc07 0000 | 4881 c480 | 0000 005d 

  0x0000022c88b62adc: ;   {poll_return}
  0x0000022c88b62adc: 493b a750 | 0400 000f | 870f 2e00 

  0x0000022c88b62ae8: ;   {metadata('sun/util/logging/internal/LoggingProviderImpl$JULWrapper')}
  0x0000022c88b62ae8: 00c3 81fb | 9055 0a01 | 0f85 3a1d 

  0x0000022c88b62af4: ;   {oop(a 'java/util/logging/Level'[9] {0x000000070303f2d0})}
  0x0000022c88b62af4: 0000 49ba | d0f2 0303 | 0700 0000 | 418b 7a14 | 448b 510c 

  0x0000022c88b62b08: ; implicit exception: dispatches to 0x0000022c88b653ac
  0x0000022c88b62b08: 478b 4cd4 | 1047 8b4c | cc0c 418b | 6cfc 0c41 | 3be9 7c88 | ba45 ffff | ff4c 8944 | 2428 4489 
  0x0000022c88b62b28: 6c24 3044 | 894c 2438 

  0x0000022c88b62b30: ;   {runtime_call UncommonTrapBlob}
  0x0000022c88b62b30: 6666 90e8 

  0x0000022c88b62b34: ; ImmutableOopMap {[32]=Oop [40]=Oop }
                      ;*if_icmplt {reexecute=1 rethrow=0 return_oop=0}
                      ; - (reexecute) java.util.logging.Logger::isLoggable@13 (line 2037)
                      ; - sun.util.logging.internal.LoggingProviderImpl$JULWrapper::isLoggable@8 (line 215)
                      ; - sun.util.logging.PlatformLogger::isLoggable@17 (line 340)
                      ; - java.awt.Component::dispatchEventImpl@57 (line 4843)
  0x0000022c88b62b34: c81a 94fe 

  0x0000022c88b62b38: ;   {other}
  0x0000022c88b62b38: 0f1f 8400 | 2808 0001 

  0x0000022c88b62b40: ;   {oop(a 'java/lang/Class'{0x0000000701eb4dc0} = 'java/awt/Toolkit')}
  0x0000022c88b62b40: 48b9 c04d | eb01 0700 | 0000 488d | 5c24 7048 | 8b01 a802 | 0f85 2300 | 0000 4883 | c801 4889 
  0x0000022c88b62b60: 03f0 480f | b119 0f84 | 3700 0000 | 482b c448 | 2507 f0ff | ff48 8903 | e924 0000 | 004c 8bc8 
  0x0000022c88b62b80: 4833 c0f0 | 4d0f b179 | 3e48 c703 | 0300 0000 | 7411 4c3b | f875 1549 | ff81 8600 | 0000 4833 
  0x0000022c88b62ba0: c075 0949 | ff87 5005 | 0000 33c0 | 0f85 ce1c 

  0x0000022c88b62bb0: ;   {oop(a 'java/lang/Class'{0x0000000701eb4dc0} = 'java/awt/Toolkit')}
  0x0000022c88b62bb0: 0000 49b9 | c04d eb01 | 0700 0000 | 418b 6970 

  0x0000022c88b62bc0: ; implicit exception: dispatches to 0x0000022c88b65588
  0x0000022c88b62bc0: 418b 5cec 

  0x0000022c88b62bc4: ;   {oop(a 'java/lang/Class'{0x0000000701eb4dc0} = 'java/awt/Toolkit')}
  0x0000022c88b62bc4: 0848 b9c0 | 4deb 0107 | 0000 0048 | 8d44 2470 | 4883 3800 | 0f84 7900 | 0000 4c8b | 0941 f6c1 
  0x0000022c88b62be4: 020f 8462 | 0000 0049 | 83b9 8600 | 0000 0074 | 0949 ff89 | 8600 0000 | eb4b 498b | 8196 0000 
  0x0000022c88b62c04: 0049 0b81 | 8e00 0000 | 750a 49c7 | 413e 0000 | 0000 eb3d | 4983 b99e | 0000 0000 | 7422 4833 
  0x0000022c88b62c24: c049 c741 | 3e00 0000 | 00f0 8304 | 2400 4983 | b99e 0000 | 0000 750d | f04d 0fb1 | 793e 7505 
  0x0000022c88b62c44: 83c8 01eb | 0ca8 00eb | 084c 8b08 | f04c 0fb1 | 0975 0a49 | ff8f 5005 | 0000 4533 | c90f 857d 
  0x0000022c88b62c64: ;   {metadata('sun/awt/SunToolkit')}
  0x0000022c88b62c64: 1c00 0049 | b960 0505 | 962c 0200 | 0048 b900 | 0000 952c | 0200 0048 | 03cb 488b | 4940 493b 
  0x0000022c88b62c84: c90f 853c 

  0x0000022c88b62c88: ;   {oop(a 'java/util/concurrent/atomic/AtomicInteger'{0x0000000703089930})}
  0x0000022c88b62c88: 1c00 0049 | b930 9908 | 0307 0000 | 0041 8b69 | 0c83 fd01 | 0f85 661e 

  0x0000022c88b62ca0: ;   {oop(a 'java/lang/Class'{0x0000000703089940} = 'sun/awt/AppContext')}
  0x0000022c88b62ca0: 0000 49b9 | 4099 0803 | 0700 0000 | 418b a984 | 0000 0085 | ed0f 841e | 1f00 0045 | 8b89 8400 
  0x0000022c88b62cc0: 0000 4585 | c90f 848d | 1b00 0044 | 8954 2434 | 4c89 5c24 | 2844 896c | 2430 4c89 | 4424 384b 
  0x0000022c88b62ce0: ;   {oop(a 'java/lang/StringBuffer'{0x0000000702115fd8})}
  0x0000022c88b62ce0: 8d14 cc49 | b8d8 5f11 | 0207 0000 

  0x0000022c88b62cec: ;   {optimized virtual_call}
  0x0000022c88b62cec: 0066 90e8 

  0x0000022c88b62cf0: ; ImmutableOopMap {[32]=Oop [40]=Oop [56]=Oop }
                      ;*invokevirtual get {reexecute=0 rethrow=0 return_oop=1}
                      ; - sun.awt.SunToolkit::getSystemEventQueueImplPP@4 (line 1069)
                      ; - sun.awt.SunToolkit::getSystemEventQueueImplPP@3 (line 1064)
                      ; - sun.awt.SunToolkit::getSystemEventQueueImpl@0 (line 1059)
                      ; - java.awt.Toolkit::getEventQueue@3 (line 1489)
                      ; - java.awt.EventQueue::setCurrentEventAndMostRecentTime@0 (line 1257)
                      ; - java.awt.Component::dispatchEventImpl@88 (line 4852)
  0x0000022c88b62cf0: 2c0a 28ff 

  0x0000022c88b62cf4: ;   {other}
  0x0000022c88b62cf4: 0f1f 8400 | e409 0002 

  0x0000022c88b62cfc: ; implicit exception: dispatches to 0x0000022c88b653e8
  0x0000022c88b62cfc: 448b 5808 

  0x0000022c88b62d00: ;   {metadata('ui/frmwork/a/d')}
  0x0000022c88b62d00: 4181 fb00 | 2b18 010f | 857b 2300 | 004c 8bc8 | 418b 692c 

  0x0000022c88b62d14: ; implicit exception: dispatches to 0x0000022c88b65414
  0x0000022c88b62d14: 458b 5cec 

  0x0000022c88b62d18: ;   {metadata('java/util/concurrent/locks/ReentrantLock')}
  0x0000022c88b62d18: 0841 81fb | 68ec 1700 | 0f85 f61b | 0000 4d8d | 14ec 418b | 6a0c 458b 

  0x0000022c88b62d30: ;   {metadata('java/util/concurrent/locks/ReentrantLock$NonfairSync')}
  0x0000022c88b62d30: 54ec 0841 | 81fa 50fd | 1a00 0f85 | f41b 0000 | 4d8d 1cec | 33c0 41b8 | 0100 0000 | f045 0fb1 
  0x0000022c88b62d50: 4310 410f | 94c0 450f | b6c0 4585 | c00f 84b0 | 0e00 0041 | 807f 4000 | 0f85 8910 | 0000 4d8b 
  0x0000022c88b62d70: d34c 8b44 | 2428 498b | c848 c1e9 | 0341 894b | 0c4d 8bd8 | 4d33 da49 | c1eb 154d | 85db 741a 
  0x0000022c88b62d90: 49c1 ea09 | 48b9 0040 | 49fb 2c02 | 0000 4903 | ca80 3902 | 0f85 9010 

  0x0000022c88b62da8: ;   {oop(a 'java/lang/Class'{0x0000000701e40058} = 'java/awt/EventQueue')}
  0x0000022c88b62da8: 0000 49ba | 5800 e401 | 0700 0000 | 410f b6aa | ac00 0000 | 85ed 0f85 | 601d 0000 | 418b 692c 
  0x0000022c88b62dc8: 458b 5934 | 4d8b d349 | c1e2 034d | 3bc2 0f85 | 4416 0000 | 4c89 4c24 | 404c 8944 | 2428 4d8b 
  0x0000022c88b62de8: 87b8 0100 | 004d 8bd0 | 4983 c220 | 4d3b 97c8 | 0100 000f | 83ff 1500 | 004d 8997 | b801 0000 
  0x0000022c88b62e08: 410f 0d8a | c000 0000 | 49c7 0001 

  0x0000022c88b62e14: ;   {metadata('java/lang/ref/WeakReference')}
  0x0000022c88b62e14: 0000 0041 | c740 0840 | de03 004d | 8960 104d | 8960 184c | 8b4c 2438 | 4d8b d149 | c1ea 0345 
  0x0000022c88b62e34: 8950 0c41 | 807f 4000 | 0f85 950e 

  0x0000022c88b62e40: ;   {oop(a 'java/lang/ref/ReferenceQueue$Null'{0x0000000702104bd8})}
  0x0000022c88b62e40: 0000 41c7 | 4010 7b09 | 42e0 4d8b | d849 8be8 | 498b f848 

  0x0000022c88b62e54: ;   {oop(a 'java/lang/ref/ReferenceQueue$Null'{0x0000000702104bd8})}
  0x0000022c88b62e54: c1ef 0349 | bad8 4b10 | 0207 0000 | 004d 8bc2 | 4d33 c349 | c1e8 1544 | 8b54 2434 | 48bb 0000 
  0x0000022c88b62e74: 0095 2c02 | 0000 4903 | da48 8b73 | 504d 85c0 | 741a 49c1 | eb09 48b9 | 0040 49fb | 2c02 0000 
  0x0000022c88b62e94: 4903 cb80 | 3902 0f85 | 090f 0000 | f083 4424 | c000 4180 | 7f40 000f | 856a 0e00 | 004c 8b54 
  0x0000022c88b62eb4: 2440 4189 | 7a40 4c8b | d54c 8b5c | 2440 4d33 | d349 c1ea | 154d 85d2 | 741b 49c1 | eb09 49b8 
  0x0000022c88b62ed4: 0040 49fb | 2c02 0000 | 4d03 c341 | 8038 020f | 856e 0e00 

  0x0000022c88b62ee8: ;   {metadata('java/awt/event/InputEvent')}
  0x0000022c88b62ee8: 0049 ba48 | 4d06 962c | 0200 0049 | 3bf2 0f85 | e708 0000 | 4c8b 5424 | 384d 8b5a | 2044 8b54 
  0x0000022c88b62f08: 2434 4c8b | 4c24 404d | 8b41 104d | 3bc3 0f8c | 7409 0000 | 4d89 4110 | 418b 692c 

  0x0000022c88b62f24: ; implicit exception: dispatches to 0x0000022c88b65474
  0x0000022c88b62f24: 458b 5cec 

  0x0000022c88b62f28: ;   {metadata('java/util/concurrent/locks/ReentrantLock')}
  0x0000022c88b62f28: 0841 81fb | 68ec 1700 | 0f85 161a | 0000 4d8d | 1cec 458b | 5b0c 478b | 4cdc 1043 | 8b6c dc0c 
  0x0000022c88b62f48: 4c8b c549 | c1e0 0348 | 8b4c 2428 | 4c3b c10f | 859b 1c00 | 0041 8d69 | ff41 83f9 | 010f 859f 
  0x0000022c88b62f68: 0a00 0041 | 807f 4000 | 0f85 170f | 0000 4789 | 64dc 0c41 | b801 0000 | 0043 896c | dc10 f083 
  0x0000022c88b62f88: 4424 c000 | 4585 c074 | 6447 8b44 | dc14 4585 | c074 5a43 | 8b6c c414 | 85ed 7451 | 458b 5cec 
  0x0000022c88b62fa8: 0c45 85db | 7447 4489 | 5424 284d | 8d14 ec49 | 8bd2 41b8 | 0100 0000 | 4c89 5424 

  0x0000022c88b62fc4: ;   {optimized virtual_call}
  0x0000022c88b62fc4: 4066 90e8 

  0x0000022c88b62fc8: ; ImmutableOopMap {rbp=NarrowOop [32]=Oop [56]=Oop [64]=Oop }
                      ;*invokevirtual getAndUnsetStatus {reexecute=0 rethrow=0 return_oop=0}
                      ; - java.util.concurrent.locks.AbstractQueuedSynchronizer::signalNext@22 (line 644)
                      ; - java.util.concurrent.locks.AbstractQueuedSynchronizer::release@12 (line 1060)
                      ; - java.util.concurrent.locks.ReentrantLock::unlock@5 (line 494)
                      ; - java.awt.EventQueue::setCurrentEventAndMostRecentTimeImpl@168 (line 1295)
                      ; - java.awt.EventQueue::setCurrentEventAndMostRecentTime@4 (line 1257)
                      ; - java.awt.Component::dispatchEventImpl@88 (line 4852)
  0x0000022c88b62fc8: b4ba 93fe 

  0x0000022c88b62fcc: ;   {other}
  0x0000022c88b62fcc: 0f1f 8400 | bc0c 0003 | 458b 5cec | 1849 8bd3 | 48c1 e203 

  0x0000022c88b62fe0: ;   {static_call}
  0x0000022c88b62fe0: 6666 90e8 

  0x0000022c88b62fe4: ; ImmutableOopMap {[32]=Oop [56]=Oop }
                      ;*invokestatic unpark {reexecute=0 rethrow=0 return_oop=0}
                      ; - java.util.concurrent.locks.AbstractQueuedSynchronizer::signalNext@30 (line 645)
                      ; - java.util.concurrent.locks.AbstractQueuedSynchronizer::release@12 (line 1060)
                      ; - java.util.concurrent.locks.ReentrantLock::unlock@5 (line 494)
                      ; - java.awt.EventQueue::setCurrentEventAndMostRecentTimeImpl@168 (line 1295)
                      ; - java.awt.EventQueue::setCurrentEventAndMostRecentTime@4 (line 1257)
                      ; - java.awt.Component::dispatchEventImpl@88 (line 4852)
  0x0000022c88b62fe4: 98c0 93fe 

  0x0000022c88b62fe8: ;   {other}
  0x0000022c88b62fe8: 0f1f 8400 | d80c 0004 | 448b 5424 | 284c 8b44 | 2438 448b | 6c24 30e9 | b1fa ffff | 450f b650 
  0x0000022c88b63008: 1545 85d2 | 0f85 000a | 0000 450f | b650 1645 | 85d2 0f85 | 9907 0000 | 4c89 4424 

  0x0000022c88b63024: ;   {oop(a 'java/util/concurrent/atomic/AtomicInteger'{0x0000000703089930})}
  0x0000022c88b63024: 3049 ba30 | 9908 0307 | 0000 0041 | 8b6a 0c83 | fd01 0f85 | 5d1b 0000 

  0x0000022c88b6303c: ;   {oop(a 'java/lang/Class'{0x0000000703089940} = 'sun/awt/AppContext')}
  0x0000022c88b6303c: 49ba 4099 | 0803 0700 | 0000 418b | aa84 0000 | 0085 ed0f | 84cb 1b00 | 0041 8baa | 8400 0000 
  0x0000022c88b6305c: ;   {oop(a 'java/lang/Class'{0x0000000702116130} = 'java/awt/KeyboardFocusManager')}
  0x0000022c88b6305c: 49bb 3061 | 1102 0700 | 0000 488d | 5c24 7049 | 8b03 a802 | 0f85 2300 | 0000 4883 | c801 4889 
  0x0000022c88b6307c: 03f0 490f | b11b 0f84 | 3700 0000 | 482b c448 | 2507 f0ff | ff48 8903 | e924 0000 | 004c 8bd0 
  0x0000022c88b6309c: 4833 c0f0 | 4d0f b17a | 3e48 c703 | 0300 0000 | 7411 4c3b | f875 1549 | ff82 8600 | 0000 4833 
  0x0000022c88b630bc: c075 0949 | ff87 5005 | 0000 33c0 | 0f85 9218 | 0000 85ed | 0f84 9617 | 0000 4489 | 6c24 2849 
  0x0000022c88b630dc: ;   {oop(a 'java/lang/Class'{0x0000000702116130} = 'java/awt/KeyboardFocusManager')}
  0x0000022c88b630dc: 8d14 ec49 | b830 6111 | 0207 0000 

  0x0000022c88b630e8: ;   {optimized virtual_call}
  0x0000022c88b630e8: 0066 90e8 

  0x0000022c88b630ec: ; ImmutableOopMap {rbp=NarrowOop [32]=Oop [48]=Oop }
                      ;*invokevirtual get {reexecute=0 rethrow=0 return_oop=1}
                      ; - java.awt.KeyboardFocusManager::getCurrentKeyboardFocusManager@3 (line 224)
                      ; - java.awt.KeyboardFocusManager::getCurrentKeyboardFocusManager@3 (line 217)
                      ; - java.awt.Component::dispatchEventImpl@130 (line 4876)
  0x0000022c88b630ec: 3006 28ff 

  0x0000022c88b630f0: ;   {other}
  0x0000022c88b630f0: 0f1f 8400 | e00d 0005 | 488b d844 

  0x0000022c88b630fc: ;   {metadata('java/awt/DefaultKeyboardFocusManager')}
  0x0000022c88b630fc: 8b50 0841 | 81fa 70dc | 0201 0f85 | 7420 0000 

  0x0000022c88b6310c: ;   {oop(a 'java/lang/Class'{0x0000000702116130} = 'java/awt/KeyboardFocusManager')}
  0x0000022c88b6310c: 49bb 3061 | 1102 0700 | 0000 488d | 4424 7048 | 8338 000f | 8479 0000 | 004d 8b13 | 41f6 c202 
  0x0000022c88b6312c: 0f84 6200 | 0000 4983 | ba86 0000 | 0000 7409 | 49ff 8a86 | 0000 00eb | 4b49 8b82 | 9600 0000 
  0x0000022c88b6314c: 490b 828e | 0000 0075 | 0a49 c742 | 3e00 0000 | 00eb 3d49 | 83ba 9e00 | 0000 0074 | 2248 33c0 
  0x0000022c88b6316c: 49c7 423e | 0000 0000 | f083 0424 | 0049 83ba | 9e00 0000 | 0075 0df0 | 4d0f b17a | 3e75 0583 
  0x0000022c88b6318c: c801 eb0c | a800 eb08 | 4c8b 10f0 | 4d0f b113 | 750a 49ff | 8f50 0500 | 0045 33d2 | 0f85 e017 
  0x0000022c88b631ac: 0000 488b | d34c 8b44 

  0x0000022c88b631b4: ;   {optimized virtual_call}
  0x0000022c88b631b4: 2430 90e8 

  0x0000022c88b631b8: ; ImmutableOopMap {[32]=Oop [48]=Oop }
                      ;*invokevirtual dispatchEvent {reexecute=0 rethrow=0 return_oop=0}
                      ; - java.awt.Component::dispatchEventImpl@134 (line 4877)
  0x0000022c88b631b8: 44bc f6ff 

  0x0000022c88b631bc: ;   {other}
  0x0000022c88b631bc: 0f1f 8400 | ac0e 0006 | 85c0 0f85 | 08f9 ffff | 448b 6c24 | 284c 8b74 | 2430 418b 

  0x0000022c88b631d8: ;   {metadata('java/awt/event/FocusEvent')}
  0x0000022c88b631d8: 6e08 81fd | e88f 3101 | 7538 4489 

  0x0000022c88b631e4: ;   {oop(a 'sun/util/logging/PlatformLogger'{0x000000070219d770})}
  0x0000022c88b631e4: 6c24 2848 | ba70 d719 | 0207 0000 

  0x0000022c88b631f0: ;   {oop(a 'sun/util/logging/PlatformLogger$Level'{0x0000000701e71be8})}
  0x0000022c88b631f0: 0049 b8e8 | 1be7 0107 

  0x0000022c88b631f8: ;   {optimized virtual_call}
  0x0000022c88b631f8: 0000 00e8 

  0x0000022c88b631fc: ; ImmutableOopMap {[32]=Oop [48]=Oop }
                      ;*invokevirtual isLoggable {reexecute=0 rethrow=0 return_oop=0}
                      ; - java.awt.Component::dispatchEventImpl@154 (line 4882)
  0x0000022c88b631fc: e079 43ff 

  0x0000022c88b63200: ;   {other}
  0x0000022c88b63200: 0f1f 8400 | f00e 0007 | 85c0 0f85 | 281a 0000 | 448b 6c24 | 284c 8b74 | 2430 4181 | fdfb 0100 
  0x0000022c88b63220: 000f 841a 

  0x0000022c88b63224: ;   {oop(a 'java/lang/Class'{0x0000000701eb4dc0} = 'java/awt/Toolkit')}
  0x0000022c88b63224: 0800 0049 | bbc0 4deb | 0107 0000 | 0048 8d5c | 2470 498b | 03a8 020f | 8523 0000 | 0048 83c8 
  0x0000022c88b63244: 0148 8903 | f049 0fb1 | 1b0f 8437 | 0000 0048 | 2bc4 4825 | 07f0 ffff | 4889 03e9 | 2400 0000 
  0x0000022c88b63264: 4c8b d048 | 33c0 f04d | 0fb1 7a3e | 48c7 0303 | 0000 0074 | 114c 3bf8 | 7515 49ff | 8286 0000 
  0x0000022c88b63284: 0048 33c0 | 7509 49ff | 8750 0500 | 0033 c00f | 8521 1700 

  0x0000022c88b63298: ;   {oop(a 'java/lang/Class'{0x0000000701eb4dc0} = 'java/awt/Toolkit')}
  0x0000022c88b63298: 0049 bac0 | 4deb 0107 | 0000 0041 | 8b5a 7041 | 8b74 dc08 

  0x0000022c88b632ac: ;   {oop(a 'java/lang/Class'{0x0000000701eb4dc0} = 'java/awt/Toolkit')}
  0x0000022c88b632ac: 49bb c04d | eb01 0700 | 0000 488d | 4424 7048 | 8338 000f | 8479 0000 | 004d 8b13 | 41f6 c202 
  0x0000022c88b632cc: 0f84 6200 | 0000 4983 | ba86 0000 | 0000 7409 | 49ff 8a86 | 0000 00eb | 4b49 8b82 | 9600 0000 
  0x0000022c88b632ec: 490b 828e | 0000 0075 | 0a49 c742 | 3e00 0000 | 00eb 3d49 | 83ba 9e00 | 0000 0074 | 2248 33c0 
  0x0000022c88b6330c: 49c7 423e | 0000 0000 | f083 0424 | 0049 83ba | 9e00 0000 | 0075 0df0 | 4d0f b17a | 3e75 0583 
  0x0000022c88b6332c: c801 eb0c | a800 eb08 | 4c8b 10f0 | 4d0f b113 | 750a 49ff | 8f50 0500 | 0045 33d2 | 0f85 ae16 
  0x0000022c88b6334c: ;   {metadata('sun/awt/windows/WToolkit')}
  0x0000022c88b6334c: 0000 81fe | a00c 0501 | 0f85 5e1d | 0000 498d | 14dc 4c8b | ca41 8b69 | 1845 8b54 

  0x0000022c88b63368: ;   {metadata('java/awt/Toolkit$ToolkitEventMulticaster')}
  0x0000022c88b63368: ec08 4181 | faa8 4230 | 010f 85b1 | 1600 004d | 8d1c ec41 | 8b6b 0c45 | 8b54 ec08 

  0x0000022c88b63384: ;   {metadata('java/awt/event/AWTEventListener')}
  0x0000022c88b63384: 48b8 2812 | 0396 2c02 | 0000 48be | 0000 0095 | 2c02 0000 | 4903 f24c | 8b56 204c | 3bd0 0f85 
  0x0000022c88b633a4: 7f04 0000 | 4d8d 04ec | 458b 5008 

  0x0000022c88b633b0: ;   {metadata('java/awt/Toolkit$ToolkitEventMulticaster')}
  0x0000022c88b633b0: 4181 faa8 | 4230 0174 

  0x0000022c88b633b8: ;   {metadata('java/awt/Toolkit$SelectiveAWTEventListener')}
  0x0000022c88b633b8: 4c41 81fa | 5840 3001 | 0f85 a218 | 0000 4c89 | 5c24 504c | 894c 2448 | 4889 5424 | 4089 5c24 
  0x0000022c88b633d8: 344c 8974 | 2438 4489 | 6c24 3048 | ff74 2420 | 488f 4424 | 2849 8bd0 

  0x0000022c88b633f0: ;   {optimized virtual_call}
  0x0000022c88b633f0: 4d8b c6e8 

  0x0000022c88b633f4: ; ImmutableOopMap {[40]=Oop [52]=NarrowOop [56]=Oop [64]=Oop [72]=Oop [80]=Oop }
                      ;*invokeinterface eventDispatched {reexecute=0 rethrow=0 return_oop=0}
                      ; - java.awt.Toolkit$ToolkitEventMulticaster::eventDispatched@8 (line 2084)
                      ; - java.awt.Toolkit::notifyAWTEventListeners@30 (line 2041)
                      ; - java.awt.Component::dispatchEventImpl@229 (line 4902)
  0x0000022c88b633f4: 88b6 93fe 

  0x0000022c88b633f8: ;   {other}
  0x0000022c88b633f8: 0f1f 8400 | e810 0008 | e9eb 0000 | 0041 8b68 | 0c45 8b54 | ec08 48be | 0000 0095 | 2c02 0000 
  0x0000022c88b63418: 4903 f24c | 8b56 204c | 3bd0 0f85 | 3404 0000 | 4d8d 14ec | 418b 4a08 

  0x0000022c88b63430: ;   {metadata('java/awt/Toolkit$ToolkitEventMulticaster')}
  0x0000022c88b63430: 81f9 a842 | 3001 744e 

  0x0000022c88b63438: ;   {metadata('java/awt/Toolkit$SelectiveAWTEventListener')}
  0x0000022c88b63438: 81f9 5840 | 3001 0f85 | fc18 0000 | 498b e84c | 895c 2450 | 4c89 4c24 | 4848 8954 | 2440 895c 
  0x0000022c88b63458: 2434 4c89 | 7424 3844 | 896c 2430 | 48ff 7424 | 2048 8f44 | 2428 498b | d24d 8bc6 

  0x0000022c88b63474: ;   {optimized virtual_call}
  0x0000022c88b63474: 6666 90e8 

  0x0000022c88b63478: ; ImmutableOopMap {rbp=Oop [32]=Oop [40]=Oop [52]=NarrowOop [56]=Oop [64]=Oop [72]=Oop [80]=Oop }
                      ;*invokeinterface eventDispatched {reexecute=0 rethrow=0 return_oop=0}
                      ; - java.awt.Toolkit$ToolkitEventMulticaster::eventDispatched@8 (line 2084)
                      ; - java.awt.Toolkit$ToolkitEventMulticaster::eventDispatched@8 (line 2084)
                      ; - java.awt.Toolkit::notifyAWTEventListeners@30 (line 2041)
                      ; - java.awt.Component::dispatchEventImpl@229 (line 4902)
  0x0000022c88b63478: 04b6 93fe 

  0x0000022c88b6347c: ;   {other}
  0x0000022c88b6347c: 0f1f 8400 | 6c11 0009 | eb3e 498b | e84c 895c | 2450 4c89 | 4c24 4848 | 8954 2440 | 895c 2434 
  0x0000022c88b6349c: 4c89 7424 | 3844 896c | 2430 48ff | 7424 2048 | 8f44 2428 | 498b d24d 

  0x0000022c88b634b4: ;   {optimized virtual_call}
  0x0000022c88b634b4: 8bc6 90e8 

  0x0000022c88b634b8: ; ImmutableOopMap {rbp=Oop [32]=Oop [40]=Oop [52]=NarrowOop [56]=Oop [64]=Oop [72]=Oop [80]=Oop }
                      ;*invokeinterface eventDispatched {reexecute=0 rethrow=0 return_oop=0}
                      ; - java.awt.Toolkit$ToolkitEventMulticaster::eventDispatched@8 (line 2084)
                      ; - java.awt.Toolkit$ToolkitEventMulticaster::eventDispatched@8 (line 2084)
                      ; - java.awt.Toolkit::notifyAWTEventListeners@30 (line 2041)
                      ; - java.awt.Component::dispatchEventImpl@229 (line 4902)
  0x0000022c88b634b8: 04a9 4cff 

  0x0000022c88b634bc: ;   {other}
  0x0000022c88b634bc: 0f1f 8400 | ac11 000a | 8b6d 1045 | 8b5c ec08 

  0x0000022c88b634cc: ;   {metadata('java/awt/Toolkit$SelectiveAWTEventListener')}
  0x0000022c88b634cc: 4181 fb58 | 4030 010f | 85d3 1c00 | 0049 8d14 | ec4c 8b44 

  0x0000022c88b634e0: ;   {optimized virtual_call}
  0x0000022c88b634e0: 2438 90e8 

  0x0000022c88b634e4: ; ImmutableOopMap {[40]=Oop [52]=NarrowOop [56]=Oop [64]=Oop [72]=Oop [80]=Oop }
                      ;*invokeinterface eventDispatched {reexecute=0 rethrow=0 return_oop=0}
                      ; - java.awt.Toolkit$ToolkitEventMulticaster::eventDispatched@21 (line 2085)
                      ; - java.awt.Toolkit$ToolkitEventMulticaster::eventDispatched@8 (line 2084)
                      ; - java.awt.Toolkit::notifyAWTEventListeners@30 (line 2041)
                      ; - java.awt.Component::dispatchEventImpl@229 (line 4902)
  0x0000022c88b634e4: 3817 cbff 

  0x0000022c88b634e8: ;   {other}
  0x0000022c88b634e8: 0f1f 8400 | d811 000b | 4c8b 5424 | 5041 8b6a | 1045 8b54 

  0x0000022c88b634fc: ;   {metadata('java/awt/Toolkit$SelectiveAWTEventListener')}
  0x0000022c88b634fc: ec08 4181 | fa58 4030 | 010f 85d9 | 1b00 0049 | 8d14 ec4c | 8b44 2438 

  0x0000022c88b63514: ;   {optimized virtual_call}
  0x0000022c88b63514: 6666 90e8 

  0x0000022c88b63518: ; ImmutableOopMap {[40]=Oop [56]=Oop [64]=Oop [72]=Oop }
                      ;*invokeinterface eventDispatched {reexecute=0 rethrow=0 return_oop=0}
                      ; - java.awt.Toolkit$ToolkitEventMulticaster::eventDispatched@21 (line 2085)
                      ; - java.awt.Toolkit::notifyAWTEventListeners@30 (line 2041)
                      ; - java.awt.Component::dispatchEventImpl@229 (line 4902)
  0x0000022c88b63518: 0417 cbff 

  0x0000022c88b6351c: ;   {other}
  0x0000022c88b6351c: 0f1f 8400 | 0c12 000c | 488b 5424 | 3848 b8ff | ffff ffff 

  0x0000022c88b63530: ;   {virtual_call}
  0x0000022c88b63530: ffff ffe8 

  0x0000022c88b63534: ; ImmutableOopMap {[40]=Oop [56]=Oop [72]=Oop }
                      ;*invokevirtual isConsumed {reexecute=0 rethrow=0 return_oop=0}
                      ; - java.awt.Component::dispatchEventImpl@233 (line 4909)
  0x0000022c88b63534: b05c bcfe 

  0x0000022c88b63538: ;   {other}
  0x0000022c88b63538: 0f1f 8400 | 2812 000d | 4c8b 5424 | 3841 8b4a | 0885 c075 

  0x0000022c88b6354c: ;   {metadata('java/awt/event/KeyEvent')}
  0x0000022c88b6354c: 7981 f928 | a60f 0175 

  0x0000022c88b63554: ;   {static_call}
  0x0000022c88b63554: 718b e9e8 

  0x0000022c88b63558: ; ImmutableOopMap {[40]=Oop [56]=Oop [72]=Oop }
                      ;*invokestatic getCurrentKeyboardFocusManager {reexecute=0 rethrow=0 return_oop=1}
                      ; - java.awt.Component::dispatchEventImpl@246 (line 4911)
  0x0000022c88b63558: 24bb 93fe 

  0x0000022c88b6355c: ;   {other}
  0x0000022c88b6355c: 0f1f 8400 | 4c12 000e 

  0x0000022c88b63564: ;   {metadata('java/awt/event/KeyEvent')}
  0x0000022c88b63564: 448b dd41 | 81fb 28a6 | 0f01 0f85 | e01b 0000 | 4c8b 4424 | 3844 8b50 

  0x0000022c88b6357c: ;   {metadata('java/awt/DefaultKeyboardFocusManager')}
  0x0000022c88b6357c: 0841 81fa | 70dc 0201 | 0f85 be14 | 0000 4c89 | 4424 2048 | 8bd0 4c8b | 4424 284c | 8b4c 2420 
  0x0000022c88b6359c: ;   {optimized virtual_call}
  0x0000022c88b6359c: 6666 90e8 

  0x0000022c88b635a0: ; ImmutableOopMap {[32]=Oop [40]=Oop [56]=Oop [72]=Oop }
                      ;*invokevirtual processKeyEvent {reexecute=0 rethrow=0 return_oop=0}
                      ; - java.awt.Component::dispatchEventImpl@254 (line 4912)
  0x0000022c88b635a0: dcb4 93fe 

  0x0000022c88b635a4: ;   {other}
  0x0000022c88b635a4: 0f1f 8400 | 9412 000f | 4c8b 5424 | 2045 0fb6 | 5214 4585 | d20f 8515 | f5ff ff4c | 8b54 2438 
  0x0000022c88b635c4: 8bcd 4c8b | 4c24 284d | 8b41 1045 | 8b59 0841 | 8b79 4441 | f7c0 0010 | 0000 0f84 | 170b 0000 
  0x0000022c88b635e4: 41f6 c008 | 0f84 000b 

  0x0000022c88b635ec: ;   {metadata('java/awt/event/InputMethodEvent')}
  0x0000022c88b635ec: 0000 81f9 | 9853 0f01 | 0f84 a216 | 0000 49b8 | 0000 0095 | 2c02 0000 | 4c03 c14d 

  0x0000022c88b63608: ;   {metadata('java/awt/event/InputEvent')}
  0x0000022c88b63608: 8b40 5048 | bb48 4d06 | 962c 0200 | 004c 3bc3 | 0f85 8b02 | 0000 4489 | 5c24 2489 | 4c24 204c 
  0x0000022c88b63628: 8954 2428 | 498b e949 | 8bd1 6666 | 9048 b8ff | ffff ffff 

  0x0000022c88b6363c: ;   {virtual_call}
  0x0000022c88b6363c: ffff ffe8 

  0x0000022c88b63640: ; ImmutableOopMap {rbp=Oop [40]=Oop [72]=Oop }
                      ;*invokevirtual getInputContext {reexecute=0 rethrow=0 return_oop=1}
                      ; - java.awt.Component::dispatchEventImpl@301 (line 4934)
  0x0000022c88b63640: 3c87 b9fe 

  0x0000022c88b63644: ;   {other}
  0x0000022c88b63644: 0f1f 8400 | 3413 0010 | 4885 c00f | 84ce 0c00 | 0044 8b50 

  0x0000022c88b63658: ;   {metadata('sun/awt/im/InputMethodContext')}
  0x0000022c88b63658: 0841 81fa | 8810 5601 | 0f85 5e16 | 0000 488b | d04c 8b44 

  0x0000022c88b6366c: ;   {optimized virtual_call}
  0x0000022c88b6366c: 2428 90e8 

  0x0000022c88b63670: ; ImmutableOopMap {rbp=Oop [40]=Oop [72]=Oop }
                      ;*invokevirtual dispatchEvent {reexecute=0 rethrow=0 return_oop=0}
                      ; - java.awt.Component::dispatchEventImpl@314 (line 4938)
  0x0000022c88b63670: 4c1c f6ff 

  0x0000022c88b63674: ;   {other}
  0x0000022c88b63674: 0f1f 8400 | 6413 0011 | 8b4c 2420 

  0x0000022c88b63680: ;   {metadata('java/awt/event/MouseEvent')}
  0x0000022c88b63680: 81f9 6034 | 2701 0f85 | 9003 0000 | 4c8b 5424 | 2841 0fb6 | 4214 85c0 | 0f85 0a0c | 0000 448b 
  0x0000022c88b636a0: 4424 3041 | 81f8 9101 | 0000 7c20 | 4c8b cd41 | 8b79 444c | 8b54 2428 | 448b 5c24 | 2441 81f8 
  0x0000022c88b636c0: 9301 0000 | 0f8c 840d | 0000 eb08 | 4c8b cd4c | 8b54 2428 | 450f b659 | 3a41 8b5a | 0848 b900 
  0x0000022c88b636e0: 0000 952c | 0200 0048 | 03cb 4c8b | 6958 4585 | db0f 8435 | 0c00 004c | 896c 2430 | 895c 2428 
  0x0000022c88b63700: 4c89 5424 | 2049 8be9 | 498b d14d | 8bc2 6666 | 9048 b8ff | ffff ffff 

  0x0000022c88b63718: ;   {virtual_call}
  0x0000022c88b63718: ffff ffe8 

  0x0000022c88b6371c: ; ImmutableOopMap {rbp=Oop [32]=Oop [72]=Oop }
                      ;*invokevirtual eventEnabled {reexecute=0 rethrow=0 return_oop=0}
                      ; - java.awt.Component::dispatchEventImpl@496 (line 4995)
  0x0000022c88b6371c: 787d b9fe 

  0x0000022c88b63720: ;   {other}
  0x0000022c88b63720: 0f1f 8400 | 1014 0012 | 85c0 0f84 | cd04 0000 | 488b d54c | 8b44 2420 | 9048 b8ff | ffff ffff 
  0x0000022c88b63740: ;   {virtual_call}
  0x0000022c88b63740: ffff ffe8 

  0x0000022c88b63744: ; ImmutableOopMap {rbp=Oop [32]=Oop [72]=Oop }
                      ;*invokevirtual processEvent {reexecute=0 rethrow=0 return_oop=0}
                      ; - java.awt.Component::dispatchEventImpl@504 (line 4996)
  0x0000022c88b63744: 7885 b9fe 

  0x0000022c88b63748: ;   {other}
  0x0000022c88b63748: 0f1f 8400 | 3814 0013 | 4c8b cd4c | 8b54 2420 | 8b5c 2428 | 4c8b 6c24 

  0x0000022c88b63760: ;   {metadata('java/awt/event/KeyEvent')}
  0x0000022c88b63760: 3081 fb28 | a60f 010f | 856e 0100 

  0x0000022c88b6376c: ;   {oop(a 'java/lang/Class'{0x0000000701e74c58} = 'sun/awt/SunToolkit')}
  0x0000022c88b6376c: 0049 bb58 | 4ce7 0107 | 0000 0041 | 0fb6 abbc | 0000 0085 | ed0f 84f5 

  0x0000022c88b63784: ;   {metadata('java/awt/event/MouseEvent')}
  0x0000022c88b63784: 1500 0049 | bb60 3427 | 962c 0200 | 004d 3beb | 0f85 fe00 | 0000 488b | 5424 484d | 8bc1 4d8b 
  0x0000022c88b637a4: ;   {optimized virtual_call}
  0x0000022c88b637a4: ca66 90e8 

  0x0000022c88b637a8: ; ImmutableOopMap {}
                      ;*invokevirtual showOrHideTouchKeyboard {reexecute=0 rethrow=0 return_oop=0}
                      ; - java.awt.Component::dispatchEventImpl@781 (line 5064)
  0x0000022c88b637a8: 743c 6cff 

  0x0000022c88b637ac: ;   {other}
  0x0000022c88b637ac: 0f1f 8400 | 9c14 0014 | e91b f3ff | ff44 896c | 2428 498b 

  0x0000022c88b637c0: ;   {static_call}
  0x0000022c88b637c0: d066 90e8 

  0x0000022c88b637c4: ; ImmutableOopMap {[32]=Oop }
                      ;*invokestatic retargetFocusEvent {reexecute=0 rethrow=0 return_oop=1}
                      ; - java.awt.Component::dispatchEventImpl@121 (line 4869)
  0x0000022c88b637c4: d836 96f9 

  0x0000022c88b637c8: ;   {other}
  0x0000022c88b637c8: 0f1f 8400 | b814 0015 

  0x0000022c88b637d0: ; implicit exception: dispatches to 0x0000022c88b655ec
  0x0000022c88b637d0: c640 1601 | 4889 4424 | 3044 8b6c | 2428 e942 | f8ff ff44 | 8b54 2434 

  0x0000022c88b637e8: ;   {metadata('java/awt/event/InputMethodEvent')}
  0x0000022c88b637e8: 4181 fa98 | 530f 010f | 84f3 1400 

  0x0000022c88b637f4: ;   {metadata('java/awt/event/ActionEvent')}
  0x0000022c88b637f4: 0041 81fa | 2056 0f01 | 0f84 1215 | 0000 4c8b 

  0x0000022c88b63804: ;   {metadata('java/awt/event/InvocationEvent')}
  0x0000022c88b63804: 5b48 49b8 | 6027 0f96 | 2c02 0000 | 4d3b d80f | 85b3 0000 | 004c 8b5c | 2438 4d8b | 5b20 e9e3 
  0x0000022c88b63824: f6ff ff48 | 8b7e 288b | 0f48 83c7 | 0848 85c0 | f248 af0f | 8504 0000 | 0048 8946 | 200f 8461 
  0x0000022c88b63844: fbff ffba | deff ffff 

  0x0000022c88b6384c: ;   {runtime_call UncommonTrapBlob}
  0x0000022c88b6384c: 6666 90e8 

  0x0000022c88b63850: ; ImmutableOopMap {rbp=NarrowOop }
                      ;*checkcast {reexecute=0 rethrow=0 return_oop=0}
                      ; - java.awt.Toolkit$ToolkitEventMulticaster::eventDispatched@4 (line 2084)
                      ; - java.awt.Toolkit::notifyAWTEventListeners@30 (line 2041)
                      ; - java.awt.Component::dispatchEventImpl@229 (line 4902)
  0x0000022c88b63850: ac0d 94fe 

  0x0000022c88b63854: ;   {other}
  0x0000022c88b63854: 0f1f 8400 | 4415 0016 | 488b 7e28 | 8b0f 4883 | c708 4885 | c0f2 48af | 0f85 0400 | 0000 4889 
  0x0000022c88b63874: 4620 0f84 | acfb ffff | bade ffff 

  0x0000022c88b63880: ;   {runtime_call UncommonTrapBlob}
  0x0000022c88b63880: ff66 90e8 

  0x0000022c88b63884: ; ImmutableOopMap {rbp=NarrowOop }
                      ;*checkcast {reexecute=0 rethrow=0 return_oop=0}
                      ; - java.awt.Toolkit$ToolkitEventMulticaster::eventDispatched@4 (line 2084)
                      ; - java.awt.Toolkit$ToolkitEventMulticaster::eventDispatched@8 (line 2084)
                      ; - java.awt.Toolkit::notifyAWTEventListeners@30 (line 2041)
                      ; - java.awt.Component::dispatchEventImpl@229 (line 4902)
  0x0000022c88b63884: 780d 94fe 

  0x0000022c88b63888: ;   {other}
  0x0000022c88b63888: 0f1f 8400 | 7815 0017 | 4d8b c3e9 | 84f6 ffff 

  0x0000022c88b63898: ;   {metadata('java/awt/event/FocusEvent')}
  0x0000022c88b63898: 81fb e88f | 3101 0f84 | f6fe ffff | e92b f2ff 

  0x0000022c88b638a8: ;   {metadata('java/awt/event/FocusEvent')}
  0x0000022c88b638a8: ff81 f9e8 | 8f31 010f | 8469 fdff | ff44 8b44 | 2430 4181 | f891 0100 | 000f 8df6 | fdff ffe9 
  0x0000022c88b638c8: 08fe ffff | 49bb 0000 | 0000 0000 | 0080 e92f | f6ff ff45 

  0x0000022c88b638dc: ;   {metadata('java/awt/event/FocusEvent')}
  0x0000022c88b638dc: 8b59 4081 | fbe8 8f31 | 010f 859e | 0300 0045 | 85db 0f84 | 6503 0000 | 478b 44dc | 084f 8d34 
  0x0000022c88b638fc: ;   {metadata('java/awt/peer/LightweightPeer')}
  0x0000022c88b638fc: dc48 b850 | 0e27 962c | 0200 0048 | be00 0000 | 952c 0200 | 0049 03f0 | 4c8b 5e20 | 4c3b d80f 
  0x0000022c88b6391c: 8540 0300 | 0041 8b6a | 0c45 8b44 

  0x0000022c88b63928: ;   {metadata('java/awt/Component')}
  0x0000022c88b63928: ec08 49bb | e850 0496 | 2c02 0000 | 48b9 0000 | 0095 2c02 | 0000 4903 | c84c 8b41 | 384d 3bc3 
  0x0000022c88b63948: 0f85 ff14 | 0000 4c89 | 7424 404c | 896c 2438 | 895c 2430 | 4c89 5424 | 2849 8d14 | ec49 8be9 
  0x0000022c88b63968: ;   {optimized virtual_call}
  0x0000022c88b63968: 6666 90e8 

  0x0000022c88b6396c: ; ImmutableOopMap {rbp=Oop [40]=Oop [64]=Oop [72]=Oop }
                      ;*invokevirtual getNativeContainer {reexecute=0 rethrow=0 return_oop=1}
                      ; - java.awt.Component::dispatchEventImpl@716 (line 5050)
  0x0000022c88b6396c: 5098 bcff 

  0x0000022c88b63970: ;   {other}
  0x0000022c88b63970: 0f1f 8400 | 6016 0018 | 4885 c00f | 841d 0300 | 0044 8b58 | 4045 85db | 7516 4c8b | cd4c 8b54 
  0x0000022c88b63990: 2428 8b5c | 2430 4c8b | 6c24 38e9 | cdfd ffff | 498b d348 | c1e2 034c | 8bcd 4c8b | 5424 288b 
  0x0000022c88b639b0: 5c24 304c | 8b6c 2438 | 448b 5a08 

  0x0000022c88b639bc: ;   {metadata('sun/awt/NullComponentPeer')}
  0x0000022c88b639bc: 4181 fb80 | 2827 010f | 84a4 fdff | ff4c 896c | 2430 895c | 2428 4c89 | 5424 2049 | 8be9 4d8b 
  0x0000022c88b639dc: c248 b8b0 | e682 032d 

  0x0000022c88b639e4: ;   {virtual_call}
  0x0000022c88b639e4: 0200 00e8 

  0x0000022c88b639e8: ; ImmutableOopMap {rbp=Oop [32]=Oop [72]=Oop }
                      ;*invokeinterface handleEvent {reexecute=0 rethrow=0 return_oop=0}
                      ; - java.awt.Component::dispatchEventImpl@741 (line 5057)
  0x0000022c88b639e8: c49a a6fe 

  0x0000022c88b639ec: ;   {other}
  0x0000022c88b639ec: 0f1f 8400 | dc16 0019 | 4c8b cd4c | 8b54 2420 | 8b5c 2428 | 4c8b 6c24 | 30e9 63fd | ffff 4533 
  0x0000022c88b63a0c: c0e9 6ff5 | ffff 4c89 | 4424 30e9 | b5f7 ffff | 488b 5424 | 2848 b8e8 | 8f31 962c 

  0x0000022c88b63a28: ;   {virtual_call}
  0x0000022c88b63a28: 0200 00e8 

  0x0000022c88b63a2c: ; ImmutableOopMap {rbp=Oop [40]=Oop [72]=Oop }
                      ;*invokevirtual isConsumed {reexecute=0 rethrow=0 return_oop=0}
                      ; - java.awt.Component::dispatchEventImpl@318 (line 4939)
  0x0000022c88b63a2c: f076 3bff 

  0x0000022c88b63a30: ;   {other}
  0x0000022c88b63a30: 0f1f 8400 | 2017 001a | 8b4c 2420 | e955 fcff | ff89 6c24 | 304c 8974 | 2428 488b | 6c24 2041 
  0x0000022c88b63a50: b8fb 0100 | 0048 8b54 

  0x0000022c88b63a58: ;   {optimized virtual_call}
  0x0000022c88b63a58: 2420 90e8 

  0x0000022c88b63a5c: ; ImmutableOopMap {rbp=Oop [40]=Oop }
                      ;*invokevirtual eventTypeEnabled {reexecute=0 rethrow=0 return_oop=0}
                      ; - java.awt.Component::dispatchEventImpl@184 (line 4891)
  0x0000022c88b63a5c: 20b0 93fe 

  0x0000022c88b63a60: ;   {other}
  0x0000022c88b63a60: 0f1f 8400 | 5017 001b | 85c0 7550 | 4889 6c24 | 2044 3b65 | 400f 8444 | 0700 008b | 6d40 458b 
  0x0000022c88b63a80: ;   {metadata('sun/awt/windows/WFramePeer')}
  0x0000022c88b63a80: 5cec 0841 | 81fb 887c | 2601 0f85 | d307 0000 | 498d 14ec 

  0x0000022c88b63a94: ;   {optimized virtual_call}
  0x0000022c88b63a94: 6666 90e8 

  0x0000022c88b63a98: ; ImmutableOopMap {[32]=Oop [40]=Oop }
                      ;*invokevirtual nativeHandlesWheelScrolling {reexecute=0 rethrow=0 return_oop=0}
                      ; - sun.awt.windows.WComponentPeer::handlesWheelScrolling@1 (line 970)
                      ; - java.awt.Component::dispatchEventImpl@201 (line 4892)
  0x0000022c88b63a98: e4af 93fe 

  0x0000022c88b63a9c: ;   {other}
  0x0000022c88b63a9c: 0f1f 8400 | 8c17 001c | 85c0 0f84 | c407 0000 | 41bd fb01 | 0000 4c8b | 7424 28e9 | 6bf7 ffff 
  0x0000022c88b63abc: 41bd fb01 | 0000 4889 | 6c24 204c | 8b74 2428 | e956 f7ff | ff48 8d5c | 2470 498b | 01a8 020f 
  0x0000022c88b63adc: 8523 0000 | 0048 83c8 | 0148 8903 | f049 0fb1 | 190f 8437 | 0000 0048 | 2bc4 4825 | 07f0 ffff 
  0x0000022c88b63afc: 4889 03e9 | 2400 0000 | 4c8b d048 | 33c0 f04d | 0fb1 7a3e | 48c7 0303 | 0000 0074 | 114c 3bf8 
  0x0000022c88b63b1c: 7515 49ff | 8286 0000 | 0048 33c0 | 7509 49ff | 8750 0500 | 0033 c00f | 8527 1300 | 0045 3b61 
  0x0000022c88b63b3c: 180f 8482 | 0300 0045 | 3b61 1c0f | 84d2 0500 | 0041 8b69 | 1c48 8d44 | 2470 4883 | 3800 0f84 
  0x0000022c88b63b5c: 7900 0000 | 4d8b 1141 | f6c2 020f | 8462 0000 | 0049 83ba | 8600 0000 | 0074 0949 | ff8a 8600 
  0x0000022c88b63b7c: 0000 eb4b | 498b 8296 | 0000 0049 | 0b82 8e00 | 0000 750a | 49c7 423e | 0000 0000 

  0x0000022c88b63b98: ;   {no_reloc}
  0x0000022c88b63b98: eb3d 4983 | ba9e 0000 | 0000 7422 | 4833 c049 | c742 3e00 | 0000 00f0 | 8304 2400 | 4983 ba9e 
  0x0000022c88b63bb8: 0000 0000 | 750d f04d | 0fb1 7a3e | 7505 83c8 | 01eb 0ca8 | 00eb 084c | 8b10 f04d | 0fb1 1175 
  0x0000022c88b63bd8: 0a49 ff8f | 5005 0000 | 4533 d20f | 85bf 1200 | 0085 ed0f | 8407 1300 | 004c 8bcd | 49c1 e103 
  0x0000022c88b63bf8: e96c eeff | ff4c 8bcd | 4c8b 5424 | 208b 5c24 | 284c 8b6c | 2430 e94e | fbff ff45 | 8b43 0c4d 
  0x0000022c88b63c18: 8bd0 49c1 | e203 4c8b | 4424 284d | 3bd0 0f84 | a305 0000 | 4c89 4c24 | 2849 8be8 | 498b d341 
  0x0000022c88b63c38: b801 0000 

  0x0000022c88b63c3c: ;   {optimized virtual_call}
  0x0000022c88b63c3c: 0066 90e8 

  0x0000022c88b63c40: ; ImmutableOopMap {rbp=Oop [32]=Oop [40]=Oop [56]=Oop }
                      ;*invokevirtual acquire {reexecute=0 rethrow=0 return_oop=0}
                      ; - java.util.concurrent.locks.ReentrantLock$Sync::lock@9 (line 153)
                      ; - java.util.concurrent.locks.ReentrantLock::lock@4 (line 322)
                      ; - java.awt.EventQueue::setCurrentEventAndMostRecentTimeImpl@4 (line 1260)
                      ; - java.awt.EventQueue::setCurrentEventAndMostRecentTime@4 (line 1257)
                      ; - java.awt.Component::dispatchEventImpl@88 (line 4852)
  0x0000022c88b63c40: 3cae 93fe 

  0x0000022c88b63c44: ;   {other}
  0x0000022c88b63c44: 0f1f 8400 | 3419 001d | 4c8b c54c | 8b4c 2428 | e951 f1ff | ff45 33f6 | e9c0 fcff | ff48 8b7e 
  0x0000022c88b63c64: 288b 0f48 | 83c7 0848 | 85c0 f248 | af0f 8504 | 0000 0048 | 8946 200f | 84a0 fcff | ff49 8bd6 
  0x0000022c88b63c84: e92f fdff | ff45 85db | 0f84 dbfa | ffff 498b | d348 c1e2 | 03e9 1afd | ffff 4c8b | 5424 404d 
  0x0000022c88b63ca4: 85d2 7516 | 4c8b cd4c | 8b54 2428 | 8b5c 2430 | 4c8b 6c24 | 38e9 affa | ffff 498b | d24c 8bcd 
  0x0000022c88b63cc4: 4c8b 5424 | 288b 5c24 | 304c 8b6c | 2438 e9e1 | fcff ff45 | 8b58 1045 | 85db 7431 | 498b f849 
  0x0000022c88b63ce4: 8bd9 4d8b | 5728 498b | cb48 c1e1 | 034d 85d2 | 0f84 420e | 0000 4d8b | 5f38 4b89 | 4c13 f849 
  0x0000022c88b63d04: 83c2 f84d | 8957 284c | 8bcb 4c8b | c74c 894c | 2438 e927 | f1ff ff4c | 8b54 2440 | 458b 5240 
  0x0000022c88b63d24: 4585 d20f | 8484 f1ff | ff4d 8b5f | 2849 8bca | 48c1 e103 | 4d85 db0f | 8418 0e00 

  0x0000022c88b63d40: ;   {no_reloc}
  0x0000022c88b63d40: 004d 8b57 | 384b 894c | 1af8 4983 | c3f8 4d89 | 5f28 e95a | f1ff ff4d | 8b57 484d | 8b5f 58f0 
  0x0000022c88b63d60: 8344 24c0 | 0041 8038 | 000f 847a | f1ff ff45 | 8820 4d85 | d275 2049 | 8bc8 498b | d749 bac0 
  0x0000022c88b63d80: 0878 20f8 | 7f00 0041 

  0x0000022c88b63d88: ;   {other}
  0x0000022c88b63d88: ffd2 0f1f | 8400 0000 | 0000 e952 | f1ff ff4f | 8944 13f8 | 4983 c2f8 | 4d89 5748 | e940 f1ff 
  0x0000022c88b63da8: ff4d 8b57 | 484d 8b5f | 58f0 8344 | 24c0 0080 | 3900 0f84 | e0f0 ffff | 4488 214d | 85d2 751d 
  0x0000022c88b63dc8: 498b d749 | bac0 0878 | 20f8 7f00 | 0041 ffd2 

  0x0000022c88b63dd8: ;   {other}
  0x0000022c88b63dd8: 0f1f 8400 | 0000 0000 | e9bb f0ff | ff4b 894c | 13f8 4983 | c2f8 4d89 | 5748 e9a9 | f0ff ff45 
  0x0000022c88b63df8: 8b53 0c45 | 85d2 0f84 | 6aef ffff | 4d8b 4728 | 498b ca48 | c1e1 034d | 85c0 0f84 | 5e0d 0000 
  0x0000022c88b63e18: 498b fb49 | 8bd9 4d8b | 5738 4b89 | 4c02 f849 | 83c0 f84d | 8947 284c | 8bcb 4c8b | dfe9 34ef 
  0x0000022c88b63e38: ffff 498b | f949 8bd8 | 4d8b 5748 | 4d8b 5f58 | f083 4424 | c000 8039 | 0074 2f44 | 8821 4d85 
  0x0000022c88b63e58: d274 0f4b | 894c 13f8 | 4983 c2f8 | 4d89 5748 | eb18 498b | d749 bac0 | 0878 20f8 | 7f00 0041 
  0x0000022c88b63e78: ;   {other}
  0x0000022c88b63e78: ffd2 0f1f | 8400 0000 | 0000 4c8b | c34c 8bcf | e91d efff | ff47 8b44 | dc0c 4585 | c00f 84db 
  0x0000022c88b63e98: f0ff ff4d | 8b4f 2849 | 8bc8 48c1 | e103 4d85 | c90f 8401 | 0d00 004d | 8b47 384b | 894c 08f8 
  0x0000022c88b63eb8: 4983 c1f8 | 4d89 4f28 | e9b1 f0ff | ff48 8d44 | 2470 4883 | 3800 0f84 | 7900 0000 | 4d8b 1141 
  0x0000022c88b63ed8: f6c2 020f | 8462 0000 | 0049 83ba | 8600 0000 | 0074 0949 | ff8a 8600 | 0000 eb4b | 498b 8296 
  0x0000022c88b63ef8: 0000 0049 | 0b82 8e00 | 0000 750a | 49c7 423e | 0000 0000 | eb3d 4983 | ba9e 0000 | 0000 7422 
  0x0000022c88b63f18: 4833 c049 | c742 3e00 | 0000 00f0 | 8304 2400 | 4983 ba9e | 0000 0000 | 750d f04d | 0fb1 7a3e 
  0x0000022c88b63f38: 7505 83c8 | 01eb 0ca8 | 00eb 084c | 8b10 f04d | 0fb1 1175 | 0a49 ff8f | 5005 0000 | 4533 d20f 
  0x0000022c88b63f58: 85bf 0f00 | 004c 895c | 2428 498b | e948 894c | 2440 4489 | 6c24 3848 | ff74 2420 | 488f 4424 
  0x0000022c88b63f78: ;   {no_reloc}
  0x0000022c88b63f78: 304c 8944 | 2420 498b 

  0x0000022c88b63f80: ;   {static_call}
  0x0000022c88b63f80: d166 90e8 

  0x0000022c88b63f84: ; ImmutableOopMap {rbp=Oop [32]=Oop [40]=Oop [48]=Oop [64]=Oop }
                      ;*invokestatic getLogger {reexecute=0 rethrow=0 return_oop=1}
                      ; - jdk.internal.logger.LazyLoggers$LazyLoggerAccessor::platform@58 (line 197)
                      ; - jdk.internal.logger.LazyLoggers$LazyLoggerWrapper::platformProxy@4 (line 323)
                      ; - jdk.internal.logger.AbstractLoggerWrapper::isLoggable@1 (line 122)
                      ; - sun.util.logging.PlatformLogger::isLoggable@17 (line 340)
                      ; - java.awt.Component::dispatchEventImpl@57 (line 4843)
  0x0000022c88b63f84: f8b0 93fe 

  0x0000022c88b63f88: ;   {other}
  0x0000022c88b63f88: 0f1f 8400 | 781c 001e | 4889 4424 | 484c 8bdd | 488d 5c24 | 7049 8b03 | a802 0f85 | 2300 0000 
  0x0000022c88b63fa8: 4883 c801 | 4889 03f0 | 490f b11b | 0f84 3700 | 0000 482b | c448 2507 | f0ff ff48 | 8903 e924 
  0x0000022c88b63fc8: 0000 004c | 8bd0 4833 | c0f0 4d0f | b17a 3e48 | c703 0300 | 0000 7411 | 4c3b f875 | 1549 ff82 
  0x0000022c88b63fe8: 8600 0000 | 4833 c075 | 0949 ff87 | 5005 0000 | 33c0 0f85 | 580f 0000 | 498b eb49 | 8bd3 4c8b 
  0x0000022c88b64008: ;   {optimized virtual_call}
  0x0000022c88b64008: 4424 48e8 

  0x0000022c88b6400c: ; ImmutableOopMap {rbp=Oop [32]=Oop [40]=Oop [48]=Oop [64]=Oop }
                      ;*invokevirtual setWrappedIfNotSet {reexecute=0 rethrow=0 return_oop=0}
                      ; - jdk.internal.logger.LazyLoggers$LazyLoggerAccessor::platform@68 (line 200)
                      ; - jdk.internal.logger.LazyLoggers$LazyLoggerWrapper::platformProxy@4 (line 323)
                      ; - jdk.internal.logger.AbstractLoggerWrapper::isLoggable@1 (line 122)
                      ; - sun.util.logging.PlatformLogger::isLoggable@17 (line 340)
                      ; - java.awt.Component::dispatchEventImpl@57 (line 4843)
  0x0000022c88b6400c: 70aa 93fe 

  0x0000022c88b64010: ;   {other}
  0x0000022c88b64010: 0f1f 8400 | 001d 001f | 4c8b c545 | 3b60 1c0f | 8448 0500 | 0041 8b68 | 1c48 8d44 | 2470 4883 
  0x0000022c88b64030: 3800 0f84 | 7900 0000 | 4d8b 1041 | f6c2 020f | 8462 0000 | 0049 83ba | 8600 0000 | 0074 0949 
  0x0000022c88b64050: ff8a 8600 | 0000 eb4b | 498b 8296 | 0000 0049 | 0b82 8e00 | 0000 750a | 49c7 423e | 0000 0000 
  0x0000022c88b64070: eb3d 4983 | ba9e 0000 | 0000 7422 | 4833 c049 | c742 3e00 | 0000 00f0 | 8304 2400 | 4983 ba9e 
  0x0000022c88b64090: 0000 0000 | 750d f04d | 0fb1 7a3e | 7505 83c8 | 01eb 0ca8 | 00eb 084c | 8b10 f04d | 0fb1 1075 
  0x0000022c88b640b0: 0a49 ff8f | 5005 0000 | 4533 d20f | 85b7 0e00 | 0085 ed0f | 8416 0e00 | 004c 8bcd | 49c1 e103 
  0x0000022c88b640d0: 4c8b 4424 | 2048 ff74 | 2430 488f | 4424 2044 | 8b6c 2438 | 4c8b 5c24 | 28e9 7be9 | ffff 453b 
  0x0000022c88b640f0: a1a0 0000 | 000f 85f3 | f4ff ff44 | 8b44 2430 | 4181 f8ec | 0300 000f | 8427 0500 

  0x0000022c88b6410c: ;   {no_reloc}
  0x0000022c88b6410c: 0041 81f8 | 9101 0000 | 0f8d a3f5 | ffff e9b5 | f5ff ff48 | 894c 2438 | 4c89 5c24 | 3044 896c 
  0x0000022c88b6412c: 2428 498b | e845 8b51 | 184c 894c | 2440 498b | d248 c1e2 

  0x0000022c88b64140: ;   {static_call}
  0x0000022c88b64140: 0366 90e8 

  0x0000022c88b64144: ; ImmutableOopMap {rbp=Oop [32]=Oop [48]=Oop [56]=Oop [64]=Oop }
                      ;*invokestatic convert {reexecute=0 rethrow=0 return_oop=1}
                      ; - jdk.internal.logger.LazyLoggers$LazyLoggerAccessor::platform@34 (line 188)
                      ; - jdk.internal.logger.LazyLoggers$LazyLoggerWrapper::platformProxy@4 (line 323)
                      ; - jdk.internal.logger.AbstractLoggerWrapper::isLoggable@1 (line 122)
                      ; - sun.util.logging.PlatformLogger::isLoggable@17 (line 340)
                      ; - java.awt.Component::dispatchEventImpl@57 (line 4843)
  0x0000022c88b64144: 38af 93fe 

  0x0000022c88b64148: ;   {other}
  0x0000022c88b64148: 0f1f 8400 | 381e 0020 | 488b d841 | 807f 4000 | 0f85 1a09 | 0000 4c8b | 4c24 404c | 8bc3 4d8b 
  0x0000022c88b64168: d049 c1ea | 0345 8951 | 1c4d 8bd1 | 4d8b d84d | 33da 49c1 | eb15 4d85 | db74 1f4d | 85c0 741a 
  0x0000022c88b64188: 49c1 ea09 | 48b9 0040 | 49fb 2c02 | 0000 4903 | ca80 3902 | 0f85 1209 | 0000 f083 | 4424 c000 
  0x0000022c88b641a8: 4c8b c544 | 8b6c 2428 | 4c8b 5c24 | 3048 8b4c | 2438 e98e | f9ff ff41 | bdfb 0100 | 004c 8b74 
  0x0000022c88b641c8: 2428 e958 | f0ff ff45 | 8b53 1041 | ffc2 4585 | d27d 7949 | 8b87 b801 | 0000 4c8b | d049 83c2 
  0x0000022c88b641e8: 284d 3b97 | c801 0000 | 0f83 280c | 0000 4d89 | 97b8 0100 | 0041 0f0d | 8ac0 0000 | 0048 c700 
  0x0000022c88b64208: 0100 0000 

  0x0000022c88b6420c: ;   {metadata('java/lang/Error')}
  0x0000022c88b6420c: c740 08b0 | 0901 0044 | 8960 0c4c | 8960 104c | 8960 184c | 8960 2048 

  0x0000022c88b64224: ;   {oop("Maximum lock count exceeded"{0x0000000703087fe8})}
  0x0000022c88b64224: 8be8 49b8 | e87f 0803 | 0700 0000 | 488b d54c | 894c 2440 | 4c89 5c24 

  0x0000022c88b6423c: ;   {optimized virtual_call}
  0x0000022c88b6423c: 4866 90e8 

  0x0000022c88b64240: ; ImmutableOopMap {rbp=Oop [32]=Oop [56]=Oop [64]=Oop [72]=Oop }
                      ;*invokespecial <init> {reexecute=0 rethrow=0 return_oop=0}
                      ; - java.util.concurrent.locks.ReentrantLock$NonfairSync::initialTryLock@45 (line 231)
                      ; - java.util.concurrent.locks.ReentrantLock$Sync::lock@1 (line 152)
                      ; - java.util.concurrent.locks.ReentrantLock::lock@4 (line 322)
                      ; - java.awt.EventQueue::setCurrentEventAndMostRecentTimeImpl@4 (line 1260)
                      ; - java.awt.EventQueue::setCurrentEventAndMostRecentTime@4 (line 1257)
                      ; - java.awt.Component::dispatchEventImpl@88 (line 4852)
  0x0000022c88b64240: 3ca8 93fe 

  0x0000022c88b64244: ;   {other}
  0x0000022c88b64244: 0f1f 8400 | 341f 0021 | 488b d5e9 | c200 0000 | 4589 5310 | f083 4424 | c000 e947 

  0x0000022c88b64260: ;   {metadata('sun/awt/NullComponentPeer')}
  0x0000022c88b64260: ebff ff41 | 81fb 8028 | 2701 0f85 | 500d 0000 | 448b 5c24 

  0x0000022c88b64274: ;   {metadata('java/awt/event/MouseWheelEvent')}
  0x0000022c88b64274: 3041 81fb | 48f3 3a01 | 0f85 160f | 0000 4c8b | 5424 2045 

  0x0000022c88b64288: ;   {metadata('ui/i/G')}
  0x0000022c88b64288: 8b52 0841 | 81fa 0040 | 4d01 0f85 | 4b03 0000 | 41bd fb01 | 0000 4c8b | 7424 28e9 | 7fef ffff 
  0x0000022c88b642a8: 488b 6c24 | 2844 8b5d 

  0x0000022c88b642b0: ;   {metadata('java/awt/event/FocusEvent')}
  0x0000022c88b642b0: 0841 81fb | e88f 3101 | 0f85 16e8 

  0x0000022c88b642bc: ;   {oop(a 'sun/util/logging/PlatformLogger'{0x000000070219d770})}
  0x0000022c88b642bc: ffff 48ba | 70d7 1902 | 0700 0000 

  0x0000022c88b642c8: ;   {oop(a 'sun/util/logging/PlatformLogger$Level'{0x0000000701e71be8})}
  0x0000022c88b642c8: 49b8 e81b | e701 0700 

  0x0000022c88b642d0: ;   {optimized virtual_call}
  0x0000022c88b642d0: 0000 90e8 

  0x0000022c88b642d4: ; ImmutableOopMap {rbp=Oop }
                      ;*invokevirtual isLoggable {reexecute=0 rethrow=0 return_oop=0}
                      ; - java.awt.Component::dispatchEventImpl@337 (line 4940)
  0x0000022c88b642d4: a8a7 93fe 

  0x0000022c88b642d8: ;   {other}
  0x0000022c88b642d8: 0f1f 8400 | c81f 0022 | 85c0 0f84 | ece7 ffff 

  0x0000022c88b642e8: ;   {static_call}
  0x0000022c88b642e8: 488b d5e8 

  0x0000022c88b642ec: ; ImmutableOopMap {}
                      ;*invokestatic valueOf {reexecute=0 rethrow=0 return_oop=1}
                      ; - java.awt.Component::dispatchEventImpl@347 (line 4941)
  0x0000022c88b642ec: 90ad 93fe 

  0x0000022c88b642f0: ;   {other}
  0x0000022c88b642f0: 0f1f 8400 | e01f 0023 | baad ffff | ff48 8be8 

  0x0000022c88b64300: ;   {runtime_call UncommonTrapBlob}
  0x0000022c88b64300: 6666 90e8 

  0x0000022c88b64304: ; ImmutableOopMap {rbp=Oop }
                      ;*invokedynamic {reexecute=0 rethrow=0 return_oop=0}
                      ; - java.awt.Component::dispatchEventImpl@350 (line 4941)
  0x0000022c88b64304: f802 94fe 

  0x0000022c88b64308: ;   {other}
  0x0000022c88b64308: 0f1f 8400 | f81f 0024 | 488b d848 | 8bd3 4881 | c480 0000 

  0x0000022c88b6431c: ;   {runtime_call _rethrow_Java}
  0x0000022c88b6431c: 005d e9dd | f1bc fe8b | 4c24 20e9 | 72f3 ffff | 4181 f8fb | 0100 000f | 848b 0300 

  0x0000022c88b64338: ;   {metadata('java/awt/event/MouseEvent')}
  0x0000022c88b64338: 0049 bb60 | 3427 962c | 0200 004d | 3beb 0f85 | da02 0000 | 4c89 6c24 | 3089 5c24 | 284c 8954 
  0x0000022c88b64358: 2420 498b | e949 8bd1 | 9048 b8ff | ffff ffff 

  0x0000022c88b64368: ;   {virtual_call}
  0x0000022c88b64368: ffff ffe8 

  0x0000022c88b6436c: ; ImmutableOopMap {rbp=Oop [32]=Oop [72]=Oop }
                      ;*invokevirtual postsOldMouseEvents {reexecute=0 rethrow=0 return_oop=0}
                      ; - java.awt.Component::dispatchEventImpl@536 (line 5003)
  0x0000022c88b6436c: 10aa 93fe 

  0x0000022c88b64370: ;   {other}
  0x0000022c88b64370: 0f1f 8400 | 6020 0025 | 85c0 0f84 | f003 0000 | 4c8b cd4c | 8b54 2420 | 4c89 5424 | 384c 894c 
  0x0000022c88b64390: 2420 498b | d249 8be9 

  0x0000022c88b64398: ;   {optimized virtual_call}
  0x0000022c88b64398: 6666 90e8 

  0x0000022c88b6439c: ; ImmutableOopMap {rbp=Oop [32]=Oop [56]=Oop [72]=Oop }
                      ;*invokevirtual convertToOld {reexecute=0 rethrow=0 return_oop=1}
                      ; - java.awt.Component::dispatchEventImpl@543 (line 5007)
  0x0000022c88b6439c: e0a6 93fe 

  0x0000022c88b643a0: ;   {other}
  0x0000022c88b643a0: 0f1f 8400 | 9020 0026 | 4885 c00f | 845f 0300 | 0048 8944 | 2428 448b | 402c 4489 | 4424 308b 
  0x0000022c88b643c0: 6828 488b | 5424 204c | 8bc0 6666 | 9048 b8ff | ffff ffff 

  0x0000022c88b643d4: ;   {virtual_call}
  0x0000022c88b643d4: ffff ffe8 

  0x0000022c88b643d8: ; ImmutableOopMap {[32]=Oop [40]=Oop [56]=Oop [72]=Oop }
                      ;*invokevirtual postEvent {reexecute=0 rethrow=0 return_oop=0}
                      ; - java.awt.Component::dispatchEventImpl@570 (line 5012)
  0x0000022c88b643d8: a4a9 93fe 

  0x0000022c88b643dc: ;   {other}
  0x0000022c88b643dc: 0f1f 8400 | cc20 0027 | baad ffff | ff48 ff74 | 2448 488f 

  0x0000022c88b643f0: ;   {runtime_call UncommonTrapBlob}
  0x0000022c88b643f0: 4424 40e8 

  0x0000022c88b643f4: ; ImmutableOopMap {[32]=Oop [40]=Oop [56]=Oop [64]=Oop }
                      ;*invokevirtual isConsumed {reexecute=0 rethrow=0 return_oop=0}
                      ; - java.awt.Component::dispatchEventImpl@576 (line 5013)
  0x0000022c88b643f4: 0802 94fe 

  0x0000022c88b643f8: ;   {other}
  0x0000022c88b643f8: 0f1f 8400 | e820 0028 

  0x0000022c88b64400: ;   {metadata('java/lang/ref/WeakReference')}
  0x0000022c88b64400: 48ba 40de | 0395 2c02 

  0x0000022c88b64408: ;   {runtime_call _new_instance_Java}
  0x0000022c88b64408: 0000 90e8 

  0x0000022c88b6440c: ; ImmutableOopMap {rbp=NarrowOop [32]=Oop [40]=Oop [56]=Oop [64]=Oop }
                      ;*new {reexecute=0 rethrow=0 return_oop=1}
                      ; - java.awt.EventQueue::setCurrentEventAndMostRecentTimeImpl@36 (line 1266)
                      ; - java.awt.EventQueue::setCurrentEventAndMostRecentTime@4 (line 1257)
                      ; - java.awt.Component::dispatchEventImpl@88 (line 4852)
  0x0000022c88b6440c: f0c3 bcfe 

  0x0000022c88b64410: ;   {other}
  0x0000022c88b64410: 0f1f 8400 | 0021 0029 | 4c8b c0e9 | 07ea ffff 

  0x0000022c88b64420: ; implicit exception: dispatches to 0x0000022c88b658b6
  0x0000022c88b64420: 458b 54ec 

  0x0000022c88b64424: ;   {metadata('java/util/concurrent/locks/ReentrantLock')}
  0x0000022c88b64424: 0841 81fa | 68ec 1700 | 0f85 a20b | 0000 498d 

  0x0000022c88b64434: ;   {optimized virtual_call}
  0x0000022c88b64434: 14ec 90e8 

  0x0000022c88b64438: ; ImmutableOopMap {[32]=Oop [56]=Oop }
                      ;*invokeinterface unlock {reexecute=0 rethrow=0 return_oop=0}
                      ; - java.awt.EventQueue::setCurrentEventAndMostRecentTimeImpl@29 (line 1295)
                      ; - java.awt.EventQueue::setCurrentEventAndMostRecentTime@4 (line 1257)
                      ; - java.awt.Component::dispatchEventImpl@88 (line 4852)
  0x0000022c88b64438: 44a6 93fe 

  0x0000022c88b6443c: ;   {other}
  0x0000022c88b6443c: 0f1f 8400 | 2c21 002a | 448b 5424 | 34e9 a7eb 

  0x0000022c88b6444c: ;   {metadata('java/awt/Container')}
  0x0000022c88b6444c: ffff 48ba | 1868 0496 | 2c02 0000 | 48bb 0000 | 0095 2c02 | 0000 4903 | db4c 8b5b | 404c 3bda 
  0x0000022c88b6446c: 0f85 3e02 | 0000 4d8b | d941 8b7b | 0848 bb00 | 0000 952c | 0200 0048 | 03df 488b | 5b40 483b 
  0x0000022c88b6448c: da0f 8555 

  0x0000022c88b64490: ;   {metadata('java/awt/event/KeyEvent')}
  0x0000022c88b64490: 0b00 0081 | f928 a60f | 010f 8591 | 0c00 0049 | 8bca 418b 

  0x0000022c88b644a4: ;   {metadata('com/jidesoft/docking/DefaultDockingManager$DockedHiddenSlidingContainer')}
  0x0000022c88b644a4: 5b08 81fb | b8cd 6401 

  0x0000022c88b644ac: ;   {metadata('ui/views/systembuilder/gt')}
  0x0000022c88b644ac: 7434 81fb | e045 5801 | 0f85 460b | 0000 4889 | 4c24 304c | 8954 2428 | 4489 4424 | 2049 8be9 
  0x0000022c88b644cc: 498b d34c 

  0x0000022c88b644d0: ;   {optimized virtual_call}
  0x0000022c88b644d0: 8bc1 90e8 

  0x0000022c88b644d4: ; ImmutableOopMap {rbp=Oop [40]=Oop [48]=Oop [72]=Oop }
                      ;*invokevirtual preProcessKeyEvent {reexecute=0 rethrow=0 return_oop=0}
                      ; - java.awt.Component::dispatchEventImpl@455 (line 4973)
  0x0000022c88b644d4: a8a5 93fe 

  0x0000022c88b644d8: ;   {other}
  0x0000022c88b644d8: 0f1f 8400 | c821 002b | eb26 4889 | 4c24 304c | 8954 2428 | 4489 4424 | 2049 8be9 | 498b d34c 
  0x0000022c88b644f8: ;   {optimized virtual_call}
  0x0000022c88b644f8: 8bc1 90e8 

  0x0000022c88b644fc: ; ImmutableOopMap {rbp=Oop [40]=Oop [48]=Oop [72]=Oop }
                      ;*invokevirtual preProcessKeyEvent {reexecute=0 rethrow=0 return_oop=0}
                      ; - java.awt.Component::dispatchEventImpl@455 (line 4973)
  0x0000022c88b644fc: 80a5 93fe 

  0x0000022c88b64500: ;   {other}
  0x0000022c88b64500: 0f1f 8400 | f021 002c | 4c8b 5424 | 3045 0fb6 | 5214 4585 | d20f 846b 

  0x0000022c88b64518: ;   {oop(a 'sun/util/logging/PlatformLogger'{0x000000070219d770})}
  0x0000022c88b64518: 0200 0048 | ba70 d719 | 0207 0000 

  0x0000022c88b64524: ;   {oop(a 'sun/util/logging/PlatformLogger$Level'{0x0000000701e71be8})}
  0x0000022c88b64524: 0049 b8e8 | 1be7 0107 

  0x0000022c88b6452c: ;   {optimized virtual_call}
  0x0000022c88b6452c: 0000 00e8 

  0x0000022c88b64530: ; ImmutableOopMap {}
                      ;*invokevirtual isLoggable {reexecute=0 rethrow=0 return_oop=0}
                      ; - java.awt.Component::dispatchEventImpl@471 (line 4975)
  0x0000022c88b64530: 4ca5 93fe 

  0x0000022c88b64534: ;   {other}
  0x0000022c88b64534: 0f1f 8400 | 2422 002d | 85c0 0f84 | 90e5 ffff 

  0x0000022c88b64544: ;   {oop("Pre-process consumed event"{0x00000007049b85a8})}
  0x0000022c88b64544: 49b8 a885 | 9b04 0700 

  0x0000022c88b6454c: ;   {oop(a 'sun/util/logging/PlatformLogger'{0x000000070219d770})}
  0x0000022c88b6454c: 0000 48ba | 70d7 1902 | 0700 0000 

  0x0000022c88b64558: ;   {optimized virtual_call}
  0x0000022c88b64558: 6666 90e8 

  0x0000022c88b6455c: ; ImmutableOopMap {}
                      ;*invokevirtual finest {reexecute=0 rethrow=0 return_oop=0}
                      ; - java.awt.Component::dispatchEventImpl@483 (line 4976)
  0x0000022c88b6455c: 20a5 93fe 

  0x0000022c88b64560: ;   {other}
  0x0000022c88b64560: 0f1f 8400 | 5022 002e | e967 e5ff | ff45 8b58 | 1849 8bd3 | 48c1 e203 

  0x0000022c88b64578: ;   {static_call}
  0x0000022c88b64578: 6666 90e8 

  0x0000022c88b6457c: ; ImmutableOopMap {rbp=Oop [32]=Oop [40]=Oop [48]=Oop [64]=Oop }
                      ;*invokestatic convert {reexecute=0 rethrow=0 return_oop=1}
                      ; - jdk.internal.logger.LazyLoggers$LazyLoggerAccessor::platform@83 (line 201)
                      ; - jdk.internal.logger.LazyLoggers$LazyLoggerWrapper::platformProxy@4 (line 323)
                      ; - jdk.internal.logger.AbstractLoggerWrapper::isLoggable@1 (line 122)
                      ; - sun.util.logging.PlatformLogger::isLoggable@17 (line 340)
                      ; - java.awt.Component::dispatchEventImpl@57 (line 4843)
  0x0000022c88b6457c: 00ab 93fe 

  0x0000022c88b64580: ;   {other}
  0x0000022c88b64580: 0f1f 8400 | 7022 002f | 488b d841 | 807f 4000 | 0f85 fa07 | 0000 4c8b | c54c 8bcb | 4d8b d149 
  0x0000022c88b645a0: c1ea 0345 | 8950 1c4d | 8bd0 4d8b | d94d 33da | 49c1 eb15 | 4d85 db74 | 1f4d 85c9 | 741a 49c1 
  0x0000022c88b645c0: ea09 48b9 | 0040 49fb | 2c02 0000 | 4903 ca80 | 3902 0f85 | f207 0000 | f083 4424 | c000 e942 
  0x0000022c88b645e0: faff ff48 | 8b6c 2420 | 4c8b 5424 | 2848 8b54 | 2420 4d8b | c24c 8954 | 2420 6666 | 9048 b8ff 
  0x0000022c88b64600: ffff ffff 

  0x0000022c88b64604: ;   {virtual_call}
  0x0000022c88b64604: ffff ffe8 

  0x0000022c88b64608: ; ImmutableOopMap {rbp=Oop [32]=Oop [40]=Oop }
                      ;*invokevirtual dispatchMouseWheelToAncestor {reexecute=0 rethrow=0 return_oop=0}
                      ; - java.awt.Component::dispatchEventImpl@214 (line 4893)
  0x0000022c88b64608: 74a7 93fe 

  0x0000022c88b6460c: ;   {other}
  0x0000022c88b6460c: 0f1f 8400 | fc22 0030 | 85c0 0f85 | b8e4 ffff | 4889 6c24 | 20e9 72fc | ffff 895c | 2428 4c89 
  0x0000022c88b6462c: 6c24 30e9 | 54fd ffff 

  0x0000022c88b64634: ;   {metadata('ui/utils/swing/w/w')}
  0x0000022c88b64634: 4181 fb90 | 2b70 010f | 8503 0a00 | 0044 895c | 242c 894c | 2428 4c89 | 5424 2049 | 8be9 4d8b 
  0x0000022c88b64654: d14c 8954 | 2430 498b 

  0x0000022c88b6465c: ;   {optimized virtual_call}
  0x0000022c88b6465c: d266 90e8 

  0x0000022c88b64660: ; ImmutableOopMap {rbp=Oop [32]=Oop [48]=Oop [72]=Oop }
                      ;*invokevirtual getInputContext {reexecute=0 rethrow=0 return_oop=1}
                      ; - java.awt.Component::dispatchEventImpl@370 (line 4952)
  0x0000022c88b64660: 1ca4 93fe 

  0x0000022c88b64664: ;   {other}
  0x0000022c88b64664: 0f1f 8400 | 5423 0031 

  0x0000022c88b6466c: ; implicit exception: dispatches to 0x0000022c88b658d0
  0x0000022c88b6466c: 448b 5008 

  0x0000022c88b64670: ;   {metadata('sun/awt/im/InputMethodContext')}
  0x0000022c88b64670: 4181 fa88 | 1056 010f | 8597 0a00 | 0048 8bd0 

  0x0000022c88b64680: ;   {optimized virtual_call}
  0x0000022c88b64680: 6666 90e8 

  0x0000022c88b64684: ; ImmutableOopMap {rbp=Oop [32]=Oop [48]=Oop [72]=Oop }
                      ;*invokevirtual disableNativeIM {reexecute=0 rethrow=0 return_oop=0}
                      ; - java.awt.Component::dispatchEventImpl@392 (line 4954)
  0x0000022c88b64684: f8a3 93fe 

  0x0000022c88b64688: ;   {other}
  0x0000022c88b64688: 0f1f 8400 | 7823 0032 | 4c8b cd41 | 8b79 4441 | b8ec 0300 | 004c 8b54 | 2420 8b4c | 2428 448b 
  0x0000022c88b646a8: 5c24 2ce9 | 0df0 ffff | 85ff 0f84 | b009 0000 | 4c8b df49 | c1e3 03e9 | b1fd ffff 

  0x0000022c88b646c4: ;   {metadata('java/awt/event/MouseWheelEvent')}
  0x0000022c88b646c4: 81fb 48f3 | 3a01 0f84 | 91f0 ffff | bade ffff | ff49 8bea 

  0x0000022c88b646d8: ;   {runtime_call UncommonTrapBlob}
  0x0000022c88b646d8: 6666 90e8 

  0x0000022c88b646dc: ; ImmutableOopMap {rbp=Oop }
                      ;*checkcast {reexecute=0 rethrow=0 return_oop=0}
                      ; - java.awt.Component::dispatchEventImpl@519 (line 5002)
  0x0000022c88b646dc: 20ff 93fe 

  0x0000022c88b646e0: ;   {other}
  0x0000022c88b646e0: 0f1f 8400 | d023 0033 | 33ed 413b | c940 0f94 | c5ba 45ff | ffff 4c89 | 4424 2844 | 896c 2430 
  0x0000022c88b64700: ;   {runtime_call UncommonTrapBlob}
  0x0000022c88b64700: 6666 90e8 

  0x0000022c88b64704: ; ImmutableOopMap {[32]=Oop [40]=Oop }
                      ;*ifne {reexecute=1 rethrow=0 return_oop=0}
                      ; - (reexecute) java.awt.Component::dispatchEventImpl@21 (line 4837)
  0x0000022c88b64704: f8fe 93fe 

  0x0000022c88b64708: ;   {other}
  0x0000022c88b64708: 0f1f 8400 | f823 0034 | 4c8b cd4c | 8b54 2438 | 8b5c 2428 | 4c8b 6c24 | 30e9 3bf0 | ffff bade 
  0x0000022c88b64728: ffff ff4c | 8944 2428 | 4489 6c24 | 3048 894c 

  0x0000022c88b64738: ;   {runtime_call UncommonTrapBlob}
  0x0000022c88b64738: 2438 90e8 

  0x0000022c88b6473c: ; ImmutableOopMap {rbp=NarrowOop [32]=Oop [40]=Oop [56]=Oop }
                      ;*invokeinterface platform {reexecute=0 rethrow=0 return_oop=0}
                      ; - jdk.internal.logger.LazyLoggers$LazyLoggerWrapper::platformProxy@4 (line 323)
                      ; - jdk.internal.logger.AbstractLoggerWrapper::isLoggable@1 (line 122)
                      ; - sun.util.logging.PlatformLogger::isLoggable@17 (line 340)
                      ; - java.awt.Component::dispatchEventImpl@57 (line 4843)
  0x0000022c88b6473c: c0fe 93fe 

  0x0000022c88b64740: ;   {other}
  0x0000022c88b64740: 0f1f 8400 | 3024 0035 | bade ffff | ff48 8b6c | 2420 4c89 | 4424 2044 | 896c 2428 | 4c89 4c24 
  0x0000022c88b64760: ;   {runtime_call UncommonTrapBlob}
  0x0000022c88b64760: 3066 90e8 

  0x0000022c88b64764: ; ImmutableOopMap {rbp=Oop [32]=Oop [48]=Oop }
                      ;*invokeinterface isLoggable {reexecute=0 rethrow=0 return_oop=0}
                      ; - jdk.internal.logger.AbstractLoggerWrapper::isLoggable@20 (line 124)
                      ; - sun.util.logging.PlatformLogger::isLoggable@17 (line 340)
                      ; - java.awt.Component::dispatchEventImpl@57 (line 4843)
  0x0000022c88b64764: 98fe 93fe 

  0x0000022c88b64768: ;   {other}
  0x0000022c88b64768: 0f1f 8400 | 5824 0036 | 4c8b cd4c | 8b54 2420 | 8b5c 2428 | 4c8b 6c24 | 30e9 dbef | ffff 4c8b 
  0x0000022c88b64788: cd44 8b44 | 2420 4c8b | 5424 28e9 | 3cef ffff | ba45 ffff | ff48 8b6c | 2420 4c89 | 4424 2044 
  0x0000022c88b647a8: 896c 2428 | 894c 242c | 4489 4c24 

  0x0000022c88b647b4: ;   {runtime_call UncommonTrapBlob}
  0x0000022c88b647b4: 3066 90e8 

  0x0000022c88b647b8: ; ImmutableOopMap {rbp=Oop [32]=Oop [44]=NarrowOop }
                      ;*if_icmpne {reexecute=1 rethrow=0 return_oop=0}
                      ; - (reexecute) sun.awt.AppContext::getAppContext@7 (line 290)
                      ; - java.awt.Component::dispatchEventImpl@15 (line 4837)
  0x0000022c88b647b8: 44fe 93fe 

  0x0000022c88b647bc: ;   {other}
  0x0000022c88b647bc: 0f1f 8400 | ac24 0037 | ba45 ffff | ff48 8b6c | 2420 4c89 | 4424 2044 | 896c 2428 | 894c 2430 
  0x0000022c88b647dc: ;   {runtime_call UncommonTrapBlob}
  0x0000022c88b647dc: 6666 90e8 

  0x0000022c88b647e0: ; ImmutableOopMap {rbp=Oop [32]=Oop [48]=NarrowOop }
                      ;*ifnull {reexecute=1 rethrow=0 return_oop=0}
                      ; - (reexecute) java.awt.Component::dispatchEventImpl@11 (line 4837)
  0x0000022c88b647e0: 1cfe 93fe 

  0x0000022c88b647e4: ;   {other}
  0x0000022c88b647e4: 0f1f 8400 | d424 0038 | ba45 ffff | ff4c 8944 | 2428 4489 | 6c24 3089 

  0x0000022c88b647fc: ;   {runtime_call UncommonTrapBlob}
  0x0000022c88b647fc: 4c24 34e8 

  0x0000022c88b64800: ; ImmutableOopMap {rbp=NarrowOop [32]=Oop [40]=Oop [52]=NarrowOop }
                      ;*ifnull {reexecute=1 rethrow=0 return_oop=0}
                      ; - (reexecute) sun.awt.AppContext::getAppContext@13 (line 290)
                      ; - java.awt.Component::dispatchEventImpl@15 (line 4837)
  0x0000022c88b64800: fcfd 93fe 

  0x0000022c88b64804: ;   {other}
  0x0000022c88b64804: 0f1f 8400 | f424 0039 | ba45 ffff | ff4c 8944 | 2428 4489 | 6c24 3044 | 8954 2438 

  0x0000022c88b64820: ;   {runtime_call UncommonTrapBlob}
  0x0000022c88b64820: 6666 90e8 

  0x0000022c88b64824: ; ImmutableOopMap {[32]=Oop [40]=Oop }
                      ;*if_icmplt {reexecute=1 rethrow=0 return_oop=0}
                      ; - (reexecute) java.util.logging.Logger::isLoggable@13 (line 2037)
                      ; - sun.util.logging.internal.LoggingProviderImpl$JULWrapper::isLoggable@8 (line 215)
                      ; - jdk.internal.logger.AbstractLoggerWrapper::isLoggable@20 (line 124)
                      ; - sun.util.logging.PlatformLogger::isLoggable@17 (line 340)
                      ; - java.awt.Component::dispatchEventImpl@57 (line 4843)
  0x0000022c88b64824: d8fd 93fe 

  0x0000022c88b64828: ;   {other}
  0x0000022c88b64828: 0f1f 8400 | 1825 003a | bac6 ffff | ff48 8b6c | 2420 4c89 | 4424 2044 | 896c 2428 | 4489 5424 
  0x0000022c88b64848: ;   {runtime_call UncommonTrapBlob}
  0x0000022c88b64848: 2c66 90e8 

  0x0000022c88b6484c: ; ImmutableOopMap {rbp=Oop [32]=Oop [44]=NarrowOop }
                      ;*invokeinterface isLoggable {reexecute=0 rethrow=0 return_oop=0}
                      ; - sun.util.logging.PlatformLogger::isLoggable@17 (line 340)
                      ; - java.awt.Component::dispatchEventImpl@57 (line 4843)
  0x0000022c88b6484c: b0fd 93fe 

  0x0000022c88b64850: ;   {other}
  0x0000022c88b64850: 0f1f 8400 | 4025 003b | baf6 ffff 

  0x0000022c88b6485c: ;   {runtime_call UncommonTrapBlob}
  0x0000022c88b6485c: ff66 90e8 

  0x0000022c88b64860: ; ImmutableOopMap {}
                      ;*invokevirtual get {reexecute=0 rethrow=0 return_oop=0}
                      ; - sun.awt.SunToolkit::getSystemEventQueueImplPP@4 (line 1069)
                      ; - sun.awt.SunToolkit::getSystemEventQueueImplPP@3 (line 1064)
                      ; - sun.awt.SunToolkit::getSystemEventQueueImpl@0 (line 1059)
                      ; - java.awt.Toolkit::getEventQueue@3 (line 1489)
                      ; - java.awt.EventQueue::setCurrentEventAndMostRecentTime@0 (line 1257)
                      ; - java.awt.Component::dispatchEventImpl@88 (line 4852)
  0x0000022c88b64860: 9cfd 93fe 

  0x0000022c88b64864: ;   {other}
  0x0000022c88b64864: 0f1f 8400 | 5425 003c | baf6 ffff 

  0x0000022c88b64870: ;   {runtime_call UncommonTrapBlob}
  0x0000022c88b64870: ff66 90e8 

  0x0000022c88b64874: ; ImmutableOopMap {}
                      ;*invokevirtual get {reexecute=0 rethrow=0 return_oop=0}
                      ; - java.awt.KeyboardFocusManager::getCurrentKeyboardFocusManager@3 (line 224)
                      ; - java.awt.KeyboardFocusManager::getCurrentKeyboardFocusManager@3 (line 217)
                      ; - java.awt.Component::dispatchEventImpl@130 (line 4876)
  0x0000022c88b64874: 88fd 93fe 

  0x0000022c88b64878: ;   {other}
  0x0000022c88b64878: 0f1f 8400 | 6825 003d | 4489 5424 | 2c4c 895c | 2430 4489 | 6c24 2849 

  0x0000022c88b64890: ;   {oop(a 'java/lang/Class'{0x0000000701eb4dc0} = 'java/awt/Toolkit')}
  0x0000022c88b64890: 8be8 48ba | c04d eb01 | 0700 0000 | 4c8d 4424 

  0x0000022c88b648a0: ;   {runtime_call _complete_monitor_locking_Java}
  0x0000022c88b648a0: 7066 90e8 

  0x0000022c88b648a4: ; ImmutableOopMap {rbp=Oop [32]=Oop [48]=Oop }
                      ;*synchronization entry
                      ; - java.awt.Toolkit::getDefaultToolkit@-1 (line 594)
                      ; - java.awt.Toolkit::getEventQueue@0 (line 1489)
                      ; - java.awt.EventQueue::setCurrentEventAndMostRecentTime@0 (line 1257)
                      ; - java.awt.Component::dispatchEventImpl@88 (line 4852)
  0x0000022c88b648a4: 58e3 bcfe 

  0x0000022c88b648a8: ;   {other}
  0x0000022c88b648a8: 0f1f 8400 | 9825 003e | 4c8b c544 | 8b6c 2428 | 4c8b 5c24 | 3044 8b54 | 242c e9eb | e2ff ffba 
  0x0000022c88b648c8: 37ff ffff | 4489 6c24 | 304c 8944 

  0x0000022c88b648d4: ;   {runtime_call UncommonTrapBlob}
  0x0000022c88b648d4: 2438 90e8 

  0x0000022c88b648d8: ; ImmutableOopMap {rbp=NarrowOop [32]=Oop [56]=Oop }
                      ;*invokevirtual getSystemEventQueueImpl {reexecute=0 rethrow=0 return_oop=0}
                      ; - java.awt.Toolkit::getEventQueue@3 (line 1489)
                      ; - java.awt.EventQueue::setCurrentEventAndMostRecentTime@0 (line 1257)
                      ; - java.awt.Component::dispatchEventImpl@88 (line 4852)
  0x0000022c88b648d8: 24fd 93fe 

  0x0000022c88b648dc: ;   {other}
  0x0000022c88b648dc: 0f1f 8400 | cc25 003f | 4489 5424 | 284d 8bf3 | 498b f848 | 8d54 2470 | 4d8b c749 | bac0 c4b8 
  0x0000022c88b648fc: 20f8 7f00 | 0041 ffd2 

  0x0000022c88b64904: ;   {other}
  0x0000022c88b64904: 0f1f 8400 | 0000 0000 | 4c8b c74d | 8bde 448b | 5424 28e9 | 4be3 ffff | bade ffff | ff4c 894c 
  0x0000022c88b64924: ;   {runtime_call UncommonTrapBlob}
  0x0000022c88b64924: 2440 90e8 

  0x0000022c88b64928: ; ImmutableOopMap {rbp=NarrowOop [32]=Oop [56]=Oop [64]=Oop }
                      ;*invokeinterface lock {reexecute=0 rethrow=0 return_oop=0}
                      ; - java.awt.EventQueue::setCurrentEventAndMostRecentTimeImpl@4 (line 1260)
                      ; - java.awt.EventQueue::setCurrentEventAndMostRecentTime@4 (line 1257)
                      ; - java.awt.Component::dispatchEventImpl@88 (line 4852)
  0x0000022c88b64928: d4fc 93fe 

  0x0000022c88b6492c: ;   {other}
  0x0000022c88b6492c: 0f1f 8400 | 1c26 0040 | bade ffff | ff4c 894c 

  0x0000022c88b6493c: ;   {runtime_call UncommonTrapBlob}
  0x0000022c88b6493c: 2440 90e8 

  0x0000022c88b64940: ; ImmutableOopMap {rbp=NarrowOop [32]=Oop [56]=Oop [64]=Oop }
                      ;*invokevirtual initialTryLock {reexecute=0 rethrow=0 return_oop=0}
                      ; - java.util.concurrent.locks.ReentrantLock$Sync::lock@1 (line 152)
                      ; - java.util.concurrent.locks.ReentrantLock::lock@4 (line 322)
                      ; - java.awt.EventQueue::setCurrentEventAndMostRecentTimeImpl@4 (line 1260)
                      ; - java.awt.EventQueue::setCurrentEventAndMostRecentTime@4 (line 1257)
                      ; - java.awt.Component::dispatchEventImpl@88 (line 4852)
  0x0000022c88b64940: bcfc 93fe 

  0x0000022c88b64944: ;   {other}
  0x0000022c88b64944: 0f1f 8400 | 3426 0041 | bade ffff 

  0x0000022c88b64950: ;   {runtime_call UncommonTrapBlob}
  0x0000022c88b64950: ff66 90e8 

  0x0000022c88b64954: ; ImmutableOopMap {rbp=NarrowOop [32]=Oop [56]=Oop }
                      ;*invokeinterface unlock {reexecute=0 rethrow=0 return_oop=0}
                      ; - java.awt.EventQueue::setCurrentEventAndMostRecentTimeImpl@168 (line 1295)
                      ; - java.awt.EventQueue::setCurrentEventAndMostRecentTime@4 (line 1257)
                      ; - java.awt.Component::dispatchEventImpl@88 (line 4852)
  0x0000022c88b64954: a8fc 93fe 

  0x0000022c88b64958: ;   {other}
  0x0000022c88b64958: 0f1f 8400 | 4826 0042 | 4489 6c24 

  0x0000022c88b64964: ;   {oop(a 'java/lang/Class'{0x0000000702116130} = 'java/awt/KeyboardFocusManager')}
  0x0000022c88b64964: 2848 ba30 | 6111 0207 | 0000 004c | 8d44 2470 

  0x0000022c88b64974: ;   {runtime_call _complete_monitor_locking_Java}
  0x0000022c88b64974: 6666 90e8 

  0x0000022c88b64978: ; ImmutableOopMap {rbp=NarrowOop [32]=Oop [48]=Oop }
                      ;*synchronization entry
                      ; - java.awt.KeyboardFocusManager::getCurrentKeyboardFocusManager@-1 (line 223)
                      ; - java.awt.KeyboardFocusManager::getCurrentKeyboardFocusManager@3 (line 217)
                      ; - java.awt.Component::dispatchEventImpl@130 (line 4876)
  0x0000022c88b64978: 84e2 bcfe 

  0x0000022c88b6497c: ;   {other}
  0x0000022c88b6497c: 0f1f 8400 | 6c26 0043 | 448b 6c24 | 28e9 40e7 

  0x0000022c88b6498c: ;   {oop(a 'java/lang/Class'{0x0000000702116130} = 'java/awt/KeyboardFocusManager')}
  0x0000022c88b6498c: ffff 48b9 | 3061 1102 | 0700 0000 | 488d 5424 | 704d 8bc7 | 49ba c0c4 | b820 f87f | 0000 41ff 
  0x0000022c88b649ac: ;   {other}
  0x0000022c88b649ac: d20f 1f84 | 0000 0000 | 00e9 f4e7 | ffff 4c89 | 7424 3044 | 896c 2428 | 488b 6c24 

  0x0000022c88b649c8: ;   {oop(a 'java/lang/Class'{0x0000000701eb4dc0} = 'java/awt/Toolkit')}
  0x0000022c88b649c8: 2048 bac0 | 4deb 0107 | 0000 004c | 8d44 2470 

  0x0000022c88b649d8: ;   {runtime_call _complete_monitor_locking_Java}
  0x0000022c88b649d8: 6666 90e8 

  0x0000022c88b649dc: ; ImmutableOopMap {rbp=Oop [48]=Oop }
                      ;*synchronization entry
                      ; - java.awt.Toolkit::getDefaultToolkit@-1 (line 594)
                      ; - java.awt.Component::dispatchEventImpl@221 (line 4901)
  0x0000022c88b649dc: 20e2 bcfe 

  0x0000022c88b649e0: ;   {other}
  0x0000022c88b649e0: 0f1f 8400 | d026 0044 | 4889 6c24 | 2044 8b6c | 2428 4c8b | 7424 30e9 | 9de8 ffff 

  0x0000022c88b649fc: ;   {oop(a 'java/lang/Class'{0x0000000701eb4dc0} = 'java/awt/Toolkit')}
  0x0000022c88b649fc: 48b9 c04d | eb01 0700 | 0000 488d | 5424 704d | 8bc7 49ba | c0c4 b820 | f87f 0000 

  0x0000022c88b64a18: ;   {other}
  0x0000022c88b64a18: 41ff d20f | 1f84 0000 | 0000 00e9 | 26e9 ffff | bade ffff | ff44 896c | 2428 895c | 242c 4c89 
  0x0000022c88b64a38: ;   {runtime_call UncommonTrapBlob}
  0x0000022c88b64a38: 7424 38e8 

  0x0000022c88b64a3c: ; ImmutableOopMap {rbp=NarrowOop [32]=Oop [44]=NarrowOop [56]=Oop }
                      ;*invokeinterface eventDispatched {reexecute=0 rethrow=0 return_oop=0}
                      ; - java.awt.Toolkit::notifyAWTEventListeners@30 (line 2041)
                      ; - java.awt.Component::dispatchEventImpl@229 (line 4902)
  0x0000022c88b64a3c: c0fb 93fe 

  0x0000022c88b64a40: ;   {other}
  0x0000022c88b64a40: 0f1f 8400 | 3027 0045 | bade ffff | ff44 8b5c | 2430 4489 | 5c24 204c | 8b54 2448 | 4c89 5424 
  0x0000022c88b64a60: 3848 8944 | 2440 4c89 

  0x0000022c88b64a68: ;   {runtime_call UncommonTrapBlob}
  0x0000022c88b64a68: 4424 48e8 

  0x0000022c88b64a6c: ; ImmutableOopMap {[40]=Oop [56]=Oop [64]=Oop [72]=Oop }
                      ;*invokevirtual processKeyEvent {reexecute=0 rethrow=0 return_oop=0}
                      ; - java.awt.Component::dispatchEventImpl@254 (line 4912)
  0x0000022c88b64a6c: 90fb 93fe 

  0x0000022c88b64a70: ;   {other}
  0x0000022c88b64a70: 0f1f 8400 | 6027 0046 | 4c8b 4c24 | 4045 8b59 | 1c45 85db | 0f84 d9f6 | ffff 4d8b | 5728 498b 
  0x0000022c88b64a90: cb48 c1e1 | 034d 85d2 | 0f84 ff04 | 0000 4d8b | 5f38 4b89 | 4c13 f849 | 83c2 f84d | 8957 28e9 
  0x0000022c88b64ab0: aff6 ffff | 4d8b 5758 | 4d8b 5f48 | f083 4424 | c000 8039 | 000f 84d7 | f6ff ff44 | 8821 4d85 
  0x0000022c88b64ad0: db75 2349 | 8bd9 498b | d749 bac0 | 0878 20f8 | 7f00 0041 

  0x0000022c88b64ae4: ;   {other}
  0x0000022c88b64ae4: ffd2 0f1f | 8400 0000 | 0000 4c8b | cbe9 acf6 | ffff 4b89 | 4c1a f849 | 83c3 f84d | 895f 48e9 
  0x0000022c88b64b04: 9af6 ffff | ba45 ffff | ff44 896c | 2430 4c89 

  0x0000022c88b64b14: ;   {runtime_call UncommonTrapBlob}
  0x0000022c88b64b14: 4424 38e8 

  0x0000022c88b64b18: ; ImmutableOopMap {[32]=Oop [56]=Oop }
                      ;*if_icmpne {reexecute=1 rethrow=0 return_oop=0}
                      ; - (reexecute) sun.awt.AppContext::getAppContext@7 (line 290)
                      ; - sun.awt.SunToolkit::getSystemEventQueueImplPP@0 (line 1064)
                      ; - sun.awt.SunToolkit::getSystemEventQueueImpl@0 (line 1059)
                      ; - java.awt.Toolkit::getEventQueue@3 (line 1489)
                      ; - java.awt.EventQueue::setCurrentEventAndMostRecentTime@0 (line 1257)
                      ; - java.awt.Component::dispatchEventImpl@88 (line 4852)
  0x0000022c88b64b18: e4fa 93fe 

  0x0000022c88b64b1c: ;   {other}
  0x0000022c88b64b1c: 0f1f 8400 | 0c28 0047 | ba45 ffff | ff4c 894c 

  0x0000022c88b64b2c: ;   {runtime_call UncommonTrapBlob}
  0x0000022c88b64b2c: 2440 90e8 

  0x0000022c88b64b30: ; ImmutableOopMap {[32]=Oop [56]=Oop [64]=Oop }
                      ;*ifne {reexecute=1 rethrow=0 return_oop=0}
                      ; - (reexecute) java.awt.EventQueue::setCurrentEventAndMostRecentTimeImpl@12 (line 1262)
                      ; - java.awt.EventQueue::setCurrentEventAndMostRecentTime@4 (line 1257)
                      ; - java.awt.Component::dispatchEventImpl@88 (line 4852)
  0x0000022c88b64b30: ccfa 93fe 

  0x0000022c88b64b34: ;   {other}
  0x0000022c88b64b34: 0f1f 8400 | 2428 0048 | 498b d749 | bae0 0878 | 20f8 7f00 | 0041 ffd2 

  0x0000022c88b64b4c: ;   {other}
  0x0000022c88b64b4c: 0f1f 8400 | 0000 0000 | e9b2 f1ff | ff49 8bd7 | 49ba e008 | 7820 f87f | 0000 41ff 

  0x0000022c88b64b68: ;   {other}
  0x0000022c88b64b68: d20f 1f84 | 0000 0000 | 00e9 3be3 | ffff 498b | fb49 8bd9 | 498b d749 | bae0 0878 | 20f8 7f00 
  0x0000022c88b64b88: 0041 ffd2 

  0x0000022c88b64b8c: ;   {other}
  0x0000022c88b64b8c: 0f1f 8400 | 0000 0000 | e996 f2ff | ffba 45ff | ffff 4489 

  0x0000022c88b64ba0: ;   {runtime_call UncommonTrapBlob}
  0x0000022c88b64ba0: 6c24 28e8 

  0x0000022c88b64ba4: ; ImmutableOopMap {[32]=Oop [48]=Oop }
                      ;*if_icmpne {reexecute=1 rethrow=0 return_oop=0}
                      ; - (reexecute) sun.awt.AppContext::getAppContext@7 (line 290)
                      ; - java.awt.KeyboardFocusManager::getCurrentKeyboardFocusManager@0 (line 217)
                      ; - java.awt.Component::dispatchEventImpl@130 (line 4876)
  0x0000022c88b64ba4: 58fa 93fe 

  0x0000022c88b64ba8: ;   {other}
  0x0000022c88b64ba8: 0f1f 8400 | 9828 0049 | 418b db41 | 8bfa 498b | d749 bae0 | 0878 20f8 | 7f00 0041 

  0x0000022c88b64bc4: ;   {other}
  0x0000022c88b64bc4: ffd2 0f1f | 8400 0000 | 0000 448b | d744 8bdb | e99d e3ff | ffba 45ff | ffff 4489 | 6c24 304c 
  0x0000022c88b64be4: 8944 2438 

  0x0000022c88b64be8: ;   {runtime_call UncommonTrapBlob}
  0x0000022c88b64be8: 6666 90e8 

  0x0000022c88b64bec: ; ImmutableOopMap {rbp=NarrowOop [32]=Oop [56]=Oop }
                      ;*ifnull {reexecute=1 rethrow=0 return_oop=0}
                      ; - (reexecute) sun.awt.AppContext::getAppContext@13 (line 290)
                      ; - sun.awt.SunToolkit::getSystemEventQueueImplPP@0 (line 1064)
                      ; - sun.awt.SunToolkit::getSystemEventQueueImpl@0 (line 1059)
                      ; - java.awt.Toolkit::getEventQueue@3 (line 1489)
                      ; - java.awt.EventQueue::setCurrentEventAndMostRecentTime@0 (line 1257)
                      ; - java.awt.Component::dispatchEventImpl@88 (line 4852)
  0x0000022c88b64bec: 10fa 93fe 

  0x0000022c88b64bf0: ;   {other}
  0x0000022c88b64bf0: 0f1f 8400 | e028 004a | ba45 ffff | ff4c 8b54 | 2438 4c89 | 5424 2844 | 895c 2434 | 4889 4c24 
  0x0000022c88b64c10: ;   {runtime_call UncommonTrapBlob}
  0x0000022c88b64c10: 3866 90e8 

  0x0000022c88b64c14: ; ImmutableOopMap {rbp=NarrowOop [32]=Oop [40]=Oop [52]=NarrowOop [56]=Oop }
                      ;*if_acmpeq {reexecute=1 rethrow=0 return_oop=0}
                      ; - (reexecute) java.util.concurrent.locks.ReentrantLock$Sync::tryRelease@14 (line 174)
                      ; - java.util.concurrent.locks.AbstractQueuedSynchronizer::release@2 (line 1059)
                      ; - java.util.concurrent.locks.ReentrantLock::unlock@5 (line 494)
                      ; - java.awt.EventQueue::setCurrentEventAndMostRecentTimeImpl@168 (line 1295)
                      ; - java.awt.EventQueue::setCurrentEventAndMostRecentTime@4 (line 1257)
                      ; - java.awt.Component::dispatchEventImpl@88 (line 4852)
  0x0000022c88b64c14: e8f9 93fe 

  0x0000022c88b64c18: ;   {other}
  0x0000022c88b64c18: 0f1f 8400 | 0829 004b | ba45 ffff | ff44 896c 

  0x0000022c88b64c28: ;   {runtime_call UncommonTrapBlob}
  0x0000022c88b64c28: 2428 90e8 

  0x0000022c88b64c2c: ; ImmutableOopMap {rbp=NarrowOop [32]=Oop [48]=Oop }
                      ;*ifnull {reexecute=1 rethrow=0 return_oop=0}
                      ; - (reexecute) sun.awt.AppContext::getAppContext@13 (line 290)
                      ; - java.awt.KeyboardFocusManager::getCurrentKeyboardFocusManager@0 (line 217)
                      ; - java.awt.Component::dispatchEventImpl@130 (line 4876)
  0x0000022c88b64c2c: d0f9 93fe 

  0x0000022c88b64c30: ;   {other}
  0x0000022c88b64c30: 0f1f 8400 | 2029 004c | ba45 ffff | ff48 8b6c | 2420 4889 | 4424 f88b | 4424 2889 | 4424 2048 
  0x0000022c88b64c50: 8b44 24f8 | 8944 2424 

  0x0000022c88b64c58: ;   {runtime_call UncommonTrapBlob}
  0x0000022c88b64c58: 6666 90e8 

  0x0000022c88b64c5c: ; ImmutableOopMap {rbp=Oop [48]=Oop }
                      ;*ifeq {reexecute=1 rethrow=0 return_oop=0}
                      ; - (reexecute) java.awt.Component::dispatchEventImpl@157 (line 4882)
  0x0000022c88b64c5c: a0f9 93fe 

  0x0000022c88b64c60: ;   {other}
  0x0000022c88b64c60: 0f1f 8400 | 5029 004d | bac6 ffff | ff48 8b6c | 2420 4489 | 6c24 2089 | 5c24 244c | 895c 2430 
  0x0000022c88b64c80: 4c89 7424 | 384c 8944 | 2440 4c89 

  0x0000022c88b64c8c: ;   {runtime_call UncommonTrapBlob}
  0x0000022c88b64c8c: 7424 48e8 

  0x0000022c88b64c90: ; ImmutableOopMap {rbp=Oop [36]=NarrowOop [48]=Oop [56]=Oop [64]=Oop [72]=Oop }
                      ;*invokeinterface eventDispatched {reexecute=0 rethrow=0 return_oop=0}
                      ; - java.awt.Toolkit$ToolkitEventMulticaster::eventDispatched@8 (line 2084)
                      ; - java.awt.Toolkit::notifyAWTEventListeners@30 (line 2041)
                      ; - java.awt.Component::dispatchEventImpl@229 (line 4902)
  0x0000022c88b64c90: 6cf9 93fe 

  0x0000022c88b64c94: ;   {other}
  0x0000022c88b64c94: 0f1f 8400 | 8429 004e | ba45 ffff | ff48 8b6c | 2428 448b | 4424 3044 | 8944 2420 | 4c89 5424 
  0x0000022c88b64cb4: ;   {runtime_call UncommonTrapBlob}
  0x0000022c88b64cb4: 2866 90e8 

  0x0000022c88b64cb8: ; ImmutableOopMap {rbp=Oop [40]=Oop [72]=Oop }
                      ;*ifeq {reexecute=1 rethrow=0 return_oop=0}
                      ; - (reexecute) java.awt.Component::dispatchEventImpl@276 (line 4927)
  0x0000022c88b64cb8: 44f9 93fe 

  0x0000022c88b64cbc: ;   {other}
  0x0000022c88b64cbc: 0f1f 8400 | ac29 004f | bade ffff | ff44 8b54 | 2430 4489 | 5424 2048 | 8944 2438 

  0x0000022c88b64cd8: ;   {runtime_call UncommonTrapBlob}
  0x0000022c88b64cd8: 6666 90e8 

  0x0000022c88b64cdc: ; ImmutableOopMap {rbp=Oop [40]=Oop [56]=Oop [72]=Oop }
                      ;*invokevirtual dispatchEvent {reexecute=0 rethrow=0 return_oop=0}
                      ; - java.awt.Component::dispatchEventImpl@314 (line 4938)
  0x0000022c88b64cdc: 20f9 93fe 

  0x0000022c88b64ce0: ;   {other}
  0x0000022c88b64ce0: 0f1f 8400 | d029 0050 | ba45 ffff | ff48 8b6c | 2420 4c8b | 5424 3844 | 8b5c 2430 | 4489 5c24 
  0x0000022c88b64d00: 284c 8954 

  0x0000022c88b64d04: ;   {runtime_call UncommonTrapBlob}
  0x0000022c88b64d04: 2430 90e8 

  0x0000022c88b64d08: ; ImmutableOopMap {rbp=Oop [48]=Oop [64]=Oop }
                      ;*ifeq {reexecute=1 rethrow=0 return_oop=0}
                      ; - (reexecute) java.awt.EventQueue::setCurrentEventAndMostRecentTimeImpl@93 (line 1283)
                      ; - java.awt.EventQueue::setCurrentEventAndMostRecentTime@4 (line 1257)
                      ; - java.awt.Component::dispatchEventImpl@88 (line 4852)
  0x0000022c88b64d08: f4f8 93fe 

  0x0000022c88b64d0c: ;   {other}
  0x0000022c88b64d0c: 0f1f 8400 | fc29 0051 | ba45 ffff | ff48 8b6c | 2420 4c8b | 5424 3844 | 8b5c 2430 | 4489 5c24 
  0x0000022c88b64d2c: 284c 8954 

  0x0000022c88b64d30: ;   {runtime_call UncommonTrapBlob}
  0x0000022c88b64d30: 2430 90e8 

  0x0000022c88b64d34: ; ImmutableOopMap {rbp=Oop [48]=Oop [64]=Oop }
                      ;*ifeq {reexecute=1 rethrow=0 return_oop=0}
                      ; - (reexecute) java.awt.EventQueue::setCurrentEventAndMostRecentTimeImpl@115 (line 1286)
                      ; - java.awt.EventQueue::setCurrentEventAndMostRecentTime@4 (line 1257)
                      ; - java.awt.Component::dispatchEventImpl@88 (line 4852)
  0x0000022c88b64d34: c8f8 93fe 

  0x0000022c88b64d38: ;   {other}
  0x0000022c88b64d38: 0f1f 8400 | 282a 0052 | bac6 ffff | ff48 8b6c | 2420 4489 | 6c24 2089 | 5c24 244c | 895c 2430 
  0x0000022c88b64d58: 4c89 7424 | 384c 8944 | 2440 4c89 | 7424 484c | 8954 2450 

  0x0000022c88b64d6c: ;   {runtime_call UncommonTrapBlob}
  0x0000022c88b64d6c: 6666 90e8 

  0x0000022c88b64d70: ; ImmutableOopMap {rbp=Oop [36]=NarrowOop [48]=Oop [56]=Oop [64]=Oop [72]=Oop [80]=Oop }
                      ;*invokeinterface eventDispatched {reexecute=0 rethrow=0 return_oop=0}
                      ; - java.awt.Toolkit$ToolkitEventMulticaster::eventDispatched@8 (line 2084)
                      ; - java.awt.Toolkit$ToolkitEventMulticaster::eventDispatched@8 (line 2084)
                      ; - java.awt.Toolkit::notifyAWTEventListeners@30 (line 2041)
                      ; - java.awt.Component::dispatchEventImpl@229 (line 4902)
  0x0000022c88b64d70: 8cf8 93fe 

  0x0000022c88b64d74: ;   {other}
  0x0000022c88b64d74: 0f1f 8400 | 642a 0053 | ba45 ffff 

  0x0000022c88b64d80: ;   {runtime_call UncommonTrapBlob}
  0x0000022c88b64d80: ff66 90e8 

  0x0000022c88b64d84: ; ImmutableOopMap {}
                      ;*ifeq {reexecute=1 rethrow=0 return_oop=0}
                      ; - (reexecute) java.awt.Component::dispatchEventImpl@749 (line 5061)
  0x0000022c88b64d84: 78f8 93fe 

  0x0000022c88b64d88: ;   {other}
  0x0000022c88b64d88: 0f1f 8400 | 782a 0054 | 4c8b c545 | 8b58 1c45 | 85db 0f84 | f9f7 ffff | 4d8b 5728 | 498b cb48 
  0x0000022c88b64da8: c1e1 034d | 85d2 0f84 | 7002 0000 | 4d8b 5f38 | 4b89 4c13 | f849 83c2 | f84d 8957 | 28e9 cff7 
  0x0000022c88b64dc8: ffff 4d8b | 5758 4d8b | 5f48 f083 | 4424 c000 | 8039 000f | 84f7 f7ff | ff44 8821 | 4d85 db75 
  0x0000022c88b64de8: 2349 8bd8 | 498b d749 | bac0 0878 | 20f8 7f00 | 0041 ffd2 

  0x0000022c88b64dfc: ;   {other}
  0x0000022c88b64dfc: 0f1f 8400 | 0000 0000 | 4c8b c3e9 | ccf7 ffff | 4b89 4c1a | f849 83c3 | f84d 895f | 48e9 baf7 
  0x0000022c88b64e1c: ffff 4c89 | 5c24 2849 

  0x0000022c88b64e24: ;   {metadata('java/lang/Error')}
  0x0000022c88b64e24: 8be9 48ba | b009 0195 | 2c02 0000 

  0x0000022c88b64e30: ;   {runtime_call _new_instance_Java}
  0x0000022c88b64e30: 6666 90e8 

  0x0000022c88b64e34: ; ImmutableOopMap {rbp=Oop [32]=Oop [40]=Oop [56]=Oop }
                      ;*new {reexecute=0 rethrow=0 return_oop=1}
                      ; - java.util.concurrent.locks.ReentrantLock$NonfairSync::initialTryLock@39 (line 231)
                      ; - java.util.concurrent.locks.ReentrantLock$Sync::lock@1 (line 152)
                      ; - java.util.concurrent.locks.ReentrantLock::lock@4 (line 322)
                      ; - java.awt.EventQueue::setCurrentEventAndMostRecentTimeImpl@4 (line 1260)
                      ; - java.awt.EventQueue::setCurrentEventAndMostRecentTime@4 (line 1257)
                      ; - java.awt.Component::dispatchEventImpl@88 (line 4852)
  0x0000022c88b64e34: c8b9 bcfe 

  0x0000022c88b64e38: ;   {other}
  0x0000022c88b64e38: 0f1f 8400 | 282b 0055 | 4c8b cd4c | 8b5c 2428 | e9d6 f3ff | ffba deff 

  0x0000022c88b64e50: ;   {runtime_call UncommonTrapBlob}
  0x0000022c88b64e50: ffff 90e8 

  0x0000022c88b64e54: ; ImmutableOopMap {rbp=NarrowOop }
                      ;*checkcast {reexecute=0 rethrow=0 return_oop=0}
                      ; - java.awt.Component::dispatchEventImpl@704 (line 5048)
  0x0000022c88b64e54: a8f7 93fe 

  0x0000022c88b64e58: ;   {other}
  0x0000022c88b64e58: 0f1f 8400 | 482b 0056 | 4c89 4c24 | 4048 894c | 2438 4c89 | 5c24 3044 | 896c 2428 | 498b e849 
  0x0000022c88b64e78: 8bd1 4c8d 

  0x0000022c88b64e7c: ;   {runtime_call _complete_monitor_locking_Java}
  0x0000022c88b64e7c: 4424 70e8 

  0x0000022c88b64e80: ; ImmutableOopMap {rbp=Oop [32]=Oop [48]=Oop [56]=Oop [64]=Oop }
                      ;*monitorenter {reexecute=0 rethrow=0 return_oop=0}
                      ; - jdk.internal.logger.LazyLoggers$LazyLoggerAccessor::platform@14 (line 186)
                      ; - jdk.internal.logger.LazyLoggers$LazyLoggerWrapper::platformProxy@4 (line 323)
                      ; - jdk.internal.logger.AbstractLoggerWrapper::isLoggable@1 (line 122)
                      ; - sun.util.logging.PlatformLogger::isLoggable@17 (line 340)
                      ; - java.awt.Component::dispatchEventImpl@57 (line 4843)
  0x0000022c88b64e80: 7cdd bcfe 

  0x0000022c88b64e84: ;   {other}
  0x0000022c88b64e84: 0f1f 8400 | 742b 0057 | 4c8b c544 | 8b6c 2428 | 4c8b 5c24 | 3048 8b4c | 2438 4c8b | 4c24 40e9 
  0x0000022c88b64ea4: 91ec ffff | 4c8b f149 | 8bf3 498b | d849 8bc9 | 488d 5424 | 704d 8bc7 | 49ba c0c4 | b820 f87f 
  0x0000022c88b64ec4: 0000 41ff 

  0x0000022c88b64ec8: ;   {other}
  0x0000022c88b64ec8: d20f 1f84 | 0000 0000 | 004c 8bc3 | 4c8b de49 | 8bce e90a | edff ff4c | 8b44 2420 | 48ff 7424 
  0x0000022c88b64ee8: 3048 8f44 | 2420 448b | 6c24 3848 | 8b4c 2440 | ba45 ffff | ff4c 8944 | 2428 4489 | 6c24 3048 
  0x0000022c88b64f08: 894c 2438 

  0x0000022c88b64f0c: ;   {runtime_call UncommonTrapBlob}
  0x0000022c88b64f0c: 6666 90e8 

  0x0000022c88b64f10: ; ImmutableOopMap {rbp=NarrowOop [32]=Oop [40]=Oop [56]=Oop }
                      ;*ifnonnull {reexecute=1 rethrow=0 return_oop=0}
                      ; - (reexecute) jdk.internal.logger.AbstractLoggerWrapper::isLoggable@6 (line 123)
                      ; - sun.util.logging.PlatformLogger::isLoggable@17 (line 340)
                      ; - java.awt.Component::dispatchEventImpl@57 (line 4843)
  0x0000022c88b64f10: ecf6 93fe 

  0x0000022c88b64f14: ;   {other}
  0x0000022c88b64f14: 0f1f 8400 | 042c 0058 | 4d8b f148 | 8bf1 4c89 | 5c24 2849 | 8bd8 498b | c948 8d54 | 2470 4d8b 
  0x0000022c88b64f34: c749 bac0 | c4b8 20f8 | 7f00 0041 

  0x0000022c88b64f40: ;   {other}
  0x0000022c88b64f40: ffd2 0f1f | 8400 0000 | 0000 4c8b | c348 8bce | 4d8b cee9 | 0af0 ffff | 498b d34c | 8d44 2470 
  0x0000022c88b64f60: ;   {runtime_call _complete_monitor_locking_Java}
  0x0000022c88b64f60: 6666 90e8 

  0x0000022c88b64f64: ; ImmutableOopMap {rbp=Oop [32]=Oop [40]=Oop [48]=Oop [64]=Oop [72]=Oop }
                      ;*monitorenter {reexecute=0 rethrow=0 return_oop=0}
                      ; - jdk.internal.logger.LazyLoggers$LazyLoggerAccessor::platform@65 (line 198)
                      ; - jdk.internal.logger.LazyLoggers$LazyLoggerWrapper::platformProxy@4 (line 323)
                      ; - jdk.internal.logger.AbstractLoggerWrapper::isLoggable@1 (line 122)
                      ; - sun.util.logging.PlatformLogger::isLoggable@17 (line 340)
                      ; - java.awt.Component::dispatchEventImpl@57 (line 4843)
  0x0000022c88b64f64: 98dc bcfe 

  0x0000022c88b64f68: ;   {other}
  0x0000022c88b64f68: 0f1f 8400 | 582c 0059 | 4c8b dde9 | 88f0 ffff | 498b c848 | 8d54 2470 | 4d8b c749 | bac0 c4b8 
  0x0000022c88b64f88: 20f8 7f00 | 0041 ffd2 

  0x0000022c88b64f90: ;   {other}
  0x0000022c88b64f90: 0f1f 8400 | 0000 0000 | e924 f1ff | ff49 8bf9 | 498b d749 | bae0 0878 | 20f8 7f00 | 0041 ffd2 
  0x0000022c88b64fb0: ;   {other}
  0x0000022c88b64fb0: 0f1f 8400 | 0000 0000 | 4c8b cfe9 | a3f1 ffff | bac6 ffff 

  0x0000022c88b64fc4: ;   {runtime_call UncommonTrapBlob}
  0x0000022c88b64fc4: ff66 90e8 

  0x0000022c88b64fc8: ; ImmutableOopMap {rbp=NarrowOop [32]=Oop [40]=Oop }
                      ;*invokeinterface handlesWheelScrolling {reexecute=0 rethrow=0 return_oop=0}
                      ; - java.awt.Component::dispatchEventImpl@201 (line 4892)
  0x0000022c88b64fc8: 34f6 93fe 

  0x0000022c88b64fcc: ;   {other}
  0x0000022c88b64fcc: 0f1f 8400 | bc2c 005a | bade ffff 

  0x0000022c88b64fd8: ;   {runtime_call UncommonTrapBlob}
  0x0000022c88b64fd8: ff66 90e8 

  0x0000022c88b64fdc: ; ImmutableOopMap {rbp=NarrowOop [32]=Oop [56]=Oop }
                      ;*invokeinterface unlock {reexecute=0 rethrow=0 return_oop=0}
                      ; - java.awt.EventQueue::setCurrentEventAndMostRecentTimeImpl@29 (line 1295)
                      ; - java.awt.EventQueue::setCurrentEventAndMostRecentTime@4 (line 1257)
                      ; - java.awt.Component::dispatchEventImpl@88 (line 4852)
  0x0000022c88b64fdc: 20f6 93fe 

  0x0000022c88b64fe0: ;   {other}
  0x0000022c88b64fe0: 0f1f 8400 | d02c 005b | bade ffff | ff49 8beb 

  0x0000022c88b64ff0: ;   {runtime_call UncommonTrapBlob}
  0x0000022c88b64ff0: 6666 90e8 

  0x0000022c88b64ff4: ; ImmutableOopMap {rbp=Oop }
                      ;*checkcast {reexecute=0 rethrow=0 return_oop=0}
                      ; - java.awt.Component::dispatchEventImpl@439 (line 4971)
  0x0000022c88b64ff4: 08f6 93fe 

  0x0000022c88b64ff8: ;   {other}
  0x0000022c88b64ff8: 0f1f 8400 | e82c 005c | bac6 ffff | ff49 8be9 | 4489 4424 | 204c 895c | 2438 4889 

  0x0000022c88b65014: ;   {runtime_call UncommonTrapBlob}
  0x0000022c88b65014: 4c24 40e8 

  0x0000022c88b65018: ; ImmutableOopMap {rbp=Oop [56]=Oop [64]=Oop [72]=Oop }
                      ;*invokevirtual preProcessKeyEvent {reexecute=0 rethrow=0 return_oop=0}
                      ; - java.awt.Component::dispatchEventImpl@455 (line 4973)
  0x0000022c88b65018: e4f5 93fe 

  0x0000022c88b6501c: ;   {other}
  0x0000022c88b6501c: 0f1f 8400 | 0c2d 005d | 498b d749 | bae0 0878 | 20f8 7f00 | 0041 ffd2 

  0x0000022c88b65034: ;   {other}
  0x0000022c88b65034: 0f1f 8400 | 0000 0000 | 4c8b c5e9 | 55f5 ffff | bade ffff | ff48 ff74 | 2428 488f | 4424 204c 
  0x0000022c88b65054: 8954 2428 

  0x0000022c88b65058: ;   {runtime_call UncommonTrapBlob}
  0x0000022c88b65058: 6666 90e8 

  0x0000022c88b6505c: ; ImmutableOopMap {[32]=Oop [40]=Oop [72]=Oop }
                      ;*invokevirtual getInputContext {reexecute=0 rethrow=0 return_oop=0}
                      ; - java.awt.Component::dispatchEventImpl@370 (line 4952)
  0x0000022c88b6505c: a0f5 93fe 

  0x0000022c88b65060: ;   {other}
  0x0000022c88b65060: 0f1f 8400 | 502d 005e | baf4 ffff | ff49 8be9 | 4489 4424 | 204c 8954 

  0x0000022c88b65078: ;   {runtime_call UncommonTrapBlob}
  0x0000022c88b65078: 2428 90e8 

  0x0000022c88b6507c: ; ImmutableOopMap {rbp=Oop [40]=Oop [72]=Oop }
                      ;*checkcast {reexecute=0 rethrow=0 return_oop=0}
                      ; - java.awt.Component::dispatchEventImpl@439 (line 4971)
  0x0000022c88b6507c: 80f5 93fe 

  0x0000022c88b65080: ;   {other}
  0x0000022c88b65080: 0f1f 8400 | 702d 005f | bade ffff | ff48 8b6c | 2420 4c8b | 5424 384c | 8954 2420 | 448b 5424 
  0x0000022c88b650a0: 3044 8954 | 2428 4889 

  0x0000022c88b650a8: ;   {runtime_call UncommonTrapBlob}
  0x0000022c88b650a8: 4424 38e8 

  0x0000022c88b650ac: ; ImmutableOopMap {rbp=Oop [32]=Oop [56]=Oop }
                      ;*checkcast {reexecute=0 rethrow=0 return_oop=0}
                      ; - sun.awt.SunToolkit::getSystemEventQueueImplPP@7 (line 1069)
                      ; - sun.awt.SunToolkit::getSystemEventQueueImplPP@3 (line 1064)
                      ; - sun.awt.SunToolkit::getSystemEventQueueImpl@0 (line 1059)
                      ; - java.awt.Toolkit::getEventQueue@3 (line 1489)
                      ; - java.awt.EventQueue::setCurrentEventAndMostRecentTime@0 (line 1257)
                      ; - java.awt.Component::dispatchEventImpl@88 (line 4852)
  0x0000022c88b650ac: 50f5 93fe 

  0x0000022c88b650b0: ;   {other}
  0x0000022c88b650b0: 0f1f 8400 | a02d 0060 | ba66 ffff | ff48 8b6c | 2420 4489 | 6c24 2089 | 5c24 304c | 8974 2438 
  0x0000022c88b650d0: 895c 2434 

  0x0000022c88b650d4: ;   {runtime_call UncommonTrapBlob}
  0x0000022c88b650d4: 6666 90e8 

  0x0000022c88b650d8: ; ImmutableOopMap {rbp=Oop [48]=NarrowOop [52]=NarrowOop [56]=Oop }
                      ;*instanceof {reexecute=0 rethrow=0 return_oop=0}
                      ; - java.awt.Toolkit::notifyAWTEventListeners@1 (line 2033)
                      ; - java.awt.Component::dispatchEventImpl@229 (line 4902)
  0x0000022c88b650d8: 24f5 93fe 

  0x0000022c88b650dc: ;   {other}
  0x0000022c88b650dc: 0f1f 8400 | cc2d 0061 | bade ffff | ff4c 8b54 | 2428 4c89 | 5424 2044 | 8b5c 2430 | 4489 5c24 
  0x0000022c88b650fc: 2844 8b54 | 2434 4489 

  0x0000022c88b65104: ;   {runtime_call UncommonTrapBlob}
  0x0000022c88b65104: 5424 2ce8 

  0x0000022c88b65108: ; ImmutableOopMap {rbp=NarrowOop [32]=Oop [44]=NarrowOop [56]=Oop }
                      ;*checkcast {reexecute=0 rethrow=0 return_oop=0}
                      ; - java.awt.Toolkit$ToolkitEventMulticaster::eventDispatched@17 (line 2085)
                      ; - java.awt.Toolkit::notifyAWTEventListeners@30 (line 2041)
                      ; - java.awt.Component::dispatchEventImpl@229 (line 4902)
  0x0000022c88b65108: f4f4 93fe 

  0x0000022c88b6510c: ;   {other}
  0x0000022c88b6510c: 0f1f 8400 | fc2d 0062 | bade ffff | ff48 8b6c | 2430 4889 

  0x0000022c88b65120: ;   {runtime_call UncommonTrapBlob}
  0x0000022c88b65120: 4424 38e8 

  0x0000022c88b65124: ; ImmutableOopMap {rbp=Oop [32]=Oop [56]=Oop [72]=Oop }
                      ;*instanceof {reexecute=0 rethrow=0 return_oop=0}
                      ; - java.awt.Component::dispatchEventImpl@377 (line 4953)
  0x0000022c88b65124: d8f4 93fe 

  0x0000022c88b65128: ;   {other}
  0x0000022c88b65128: 0f1f 8400 | 182e 0063 | bade ffff | ff49 8be9 | 4489 4424 | 204c 895c | 2438 4c89 

  0x0000022c88b65144: ;   {runtime_call UncommonTrapBlob}
  0x0000022c88b65144: 5424 40e8 

  0x0000022c88b65148: ; ImmutableOopMap {rbp=Oop [56]=Oop [64]=Oop [72]=Oop }
                      ;*checkcast {reexecute=0 rethrow=0 return_oop=0}
                      ; - java.awt.Component::dispatchEventImpl@452 (line 4973)
  0x0000022c88b65148: b4f4 93fe 

  0x0000022c88b6514c: ;   {other}
  0x0000022c88b6514c: 0f1f 8400 | 3c2e 0064 | bade ffff | ff44 8b5c | 2430 4489 | 5c24 2048 | ff74 2448 | 488f 4424 
  0x0000022c88b6516c: 4048 8944 

  0x0000022c88b65170: ;   {runtime_call UncommonTrapBlob}
  0x0000022c88b65170: 2448 90e8 

  0x0000022c88b65174: ; ImmutableOopMap {[40]=Oop [56]=Oop [64]=Oop [72]=Oop }
                      ;*checkcast {reexecute=0 rethrow=0 return_oop=0}
                      ; - java.awt.Component::dispatchEventImpl@251 (line 4911)
  0x0000022c88b65174: 88f4 93fe 

  0x0000022c88b65178: ;   {other}
  0x0000022c88b65178: 0f1f 8400 | 682e 0065 | bade ffff | ff48 8944 

  0x0000022c88b65188: ;   {runtime_call UncommonTrapBlob}
  0x0000022c88b65188: 2438 90e8 

  0x0000022c88b6518c: ; ImmutableOopMap {rbp=NarrowOop [32]=Oop [48]=Oop [56]=Oop }
                      ;*checkcast {reexecute=0 rethrow=0 return_oop=0}
                      ; - java.awt.KeyboardFocusManager::getCurrentKeyboardFocusManager@6 (line 224)
                      ; - java.awt.KeyboardFocusManager::getCurrentKeyboardFocusManager@3 (line 217)
                      ; - java.awt.Component::dispatchEventImpl@130 (line 4876)
  0x0000022c88b6518c: 70f4 93fe 

  0x0000022c88b65190: ;   {other}
  0x0000022c88b65190: 0f1f 8400 | 802e 0066 | bade ffff 

  0x0000022c88b6519c: ;   {runtime_call UncommonTrapBlob}
  0x0000022c88b6519c: ff66 90e8 

  0x0000022c88b651a0: ; ImmutableOopMap {[32]=Oop [40]=Oop }
                      ;*checkcast {reexecute=0 rethrow=0 return_oop=0}
                      ; - java.awt.Component::dispatchEventImpl@211 (line 4892)
  0x0000022c88b651a0: 5cf4 93fe 

  0x0000022c88b651a4: ;   {other}
  0x0000022c88b651a4: 0f1f 8400 | 942e 0067 | bade ffff | ff4c 8b54 | 2428 4c89 | 5424 2044 | 8b54 2430 | 4489 5424 
  0x0000022c88b651c4: 2844 8b5c | 2434 4489 

  0x0000022c88b651cc: ;   {runtime_call UncommonTrapBlob}
  0x0000022c88b651cc: 5c24 2ce8 

  0x0000022c88b651d0: ; ImmutableOopMap {rbp=NarrowOop [32]=Oop [44]=NarrowOop [56]=Oop [80]=Oop }
                      ;*checkcast {reexecute=0 rethrow=0 return_oop=0}
                      ; - java.awt.Toolkit$ToolkitEventMulticaster::eventDispatched@17 (line 2085)
                      ; - java.awt.Toolkit$ToolkitEventMulticaster::eventDispatched@8 (line 2084)
                      ; - java.awt.Toolkit::notifyAWTEventListeners@30 (line 2041)
                      ; - java.awt.Component::dispatchEventImpl@229 (line 4902)
  0x0000022c88b651d0: 2cf4 93fe 

  0x0000022c88b651d4: ;   {other}
  0x0000022c88b651d4: 0f1f 8400 | c42e 0068 | baf6 ffff 

  0x0000022c88b651e0: ;   {runtime_call UncommonTrapBlob}
  0x0000022c88b651e0: ff66 90e8 

  0x0000022c88b651e4: ; ImmutableOopMap {}
                      ;*invokevirtual getID {reexecute=0 rethrow=0 return_oop=0}
                      ; - java.awt.Component::dispatchEventImpl@1 (line 4833)
  0x0000022c88b651e4: 18f4 93fe 

  0x0000022c88b651e8: ;   {other}
  0x0000022c88b651e8: 0f1f 8400 | d82e 0069 | baf6 ffff 

  0x0000022c88b651f4: ;   {runtime_call UncommonTrapBlob}
  0x0000022c88b651f4: ff66 90e8 

  0x0000022c88b651f8: ; ImmutableOopMap {}
                      ;*invokeinterface isLoggable {reexecute=0 rethrow=0 return_oop=0}
                      ; - sun.util.logging.PlatformLogger::isLoggable@17 (line 340)
                      ; - java.awt.Component::dispatchEventImpl@57 (line 4843)
  0x0000022c88b651f8: 04f4 93fe 

  0x0000022c88b651fc: ;   {other}
  0x0000022c88b651fc: 0f1f 8400 | ec2e 006a | 488b d8e9 | 07f1 ffff 

  0x0000022c88b6520c: ;   {oop(a 'java/lang/Class'{0x0000000702116130} = 'java/awt/KeyboardFocusManager')}
  0x0000022c88b6520c: 488b d849 | bb30 6111 | 0207 0000 | 0048 8d44 | 2470 4883 | 3800 0f84 | 7900 0000 | 4d8b 1341 
  0x0000022c88b6522c: f6c2 020f | 8462 0000 | 0049 83ba | 8600 0000 | 0074 0949 | ff8a 8600 | 0000 eb4b | 498b 8296 
  0x0000022c88b6524c: 0000 0049 | 0b82 8e00 | 0000 750a | 49c7 423e | 0000 0000 | eb3d 4983 | ba9e 0000 | 0000 7422 
  0x0000022c88b6526c: 4833 c049 | c742 3e00 | 0000 00f0 | 8304 2400 | 4983 ba9e | 0000 0000 | 750d f04d | 0fb1 7a3e 
  0x0000022c88b6528c: 7505 83c8 | 01eb 0ca8 | 00eb 084c | 8b10 f04d | 0fb1 1375 | 0a49 ff8f | 5005 0000 | 4533 d20f 
  0x0000022c88b652ac: 8462 f0ff 

  0x0000022c88b652b0: ;   {oop(a 'java/lang/Class'{0x0000000702116130} = 'java/awt/KeyboardFocusManager')}
  0x0000022c88b652b0: ff48 b930 | 6111 0207 | 0000 0048 | 8d54 2470 | 4d8b c749 | bac0 c4b8 | 20f8 7f00 | 0041 ffd2 
  0x0000022c88b652d0: ;   {other}
  0x0000022c88b652d0: 0f1f 8400 | 0000 0000 | e936 f0ff | ff48 8bd8 | e92e f0ff | ff48 8bd8 | e926 f0ff | ff48 8bd8 
  0x0000022c88b652f0: e91e f0ff | ff48 8bd8 | e916 f0ff | ff48 8bd8 | e90e f0ff | ff48 8bd8 | e906 f0ff | ffba f6ff 
  0x0000022c88b65310: ;   {runtime_call UncommonTrapBlob}
  0x0000022c88b65310: ffff 90e8 

  0x0000022c88b65314: ; ImmutableOopMap {}
                      ;*invokeinterface platform {reexecute=0 rethrow=0 return_oop=0}
                      ; - jdk.internal.logger.LazyLoggers$LazyLoggerWrapper::platformProxy@4 (line 323)
                      ; - jdk.internal.logger.AbstractLoggerWrapper::isLoggable@1 (line 122)
                      ; - sun.util.logging.PlatformLogger::isLoggable@17 (line 340)
                      ; - java.awt.Component::dispatchEventImpl@57 (line 4843)
  0x0000022c88b65314: e8f2 93fe 

  0x0000022c88b65318: ;   {other}
  0x0000022c88b65318: 0f1f 8400 | 0830 006b | baf6 ffff 

  0x0000022c88b65324: ;   {runtime_call UncommonTrapBlob}
  0x0000022c88b65324: ff8b ebe8 

  0x0000022c88b65328: ; ImmutableOopMap {rbp=NarrowOop }
                      ;*invokevirtual isLoggable {reexecute=0 rethrow=0 return_oop=0}
                      ; - sun.util.logging.internal.LoggingProviderImpl$JULWrapper::isLoggable@8 (line 215)
                      ; - jdk.internal.logger.AbstractLoggerWrapper::isLoggable@20 (line 124)
                      ; - sun.util.logging.PlatformLogger::isLoggable@17 (line 340)
                      ; - java.awt.Component::dispatchEventImpl@57 (line 4843)
  0x0000022c88b65328: d4f2 93fe 

  0x0000022c88b6532c: ;   {other}
  0x0000022c88b6532c: 0f1f 8400 | 1c30 006c | baf6 ffff 

  0x0000022c88b65338: ;   {runtime_call UncommonTrapBlob}
  0x0000022c88b65338: ff66 90e8 

  0x0000022c88b6533c: ; ImmutableOopMap {}
                      ;*getfield levelValue {reexecute=1 rethrow=0 return_oop=0}
                      ; - (reexecute) java.util.logging.Logger::isLoggable@4 (line 2036)
                      ; - sun.util.logging.internal.LoggingProviderImpl$JULWrapper::isLoggable@8 (line 215)
                      ; - jdk.internal.logger.AbstractLoggerWrapper::isLoggable@20 (line 124)
                      ; - sun.util.logging.PlatformLogger::isLoggable@17 (line 340)
                      ; - java.awt.Component::dispatchEventImpl@57 (line 4843)
  0x0000022c88b6533c: c0f2 93fe 

  0x0000022c88b65340: ;   {other}
  0x0000022c88b65340: 0f1f 8400 | 3030 006d | baf6 ffff 

  0x0000022c88b6534c: ;   {runtime_call UncommonTrapBlob}
  0x0000022c88b6534c: ff66 90e8 

  0x0000022c88b65350: ; ImmutableOopMap {}
                      ;*invokevirtual intValue {reexecute=0 rethrow=0 return_oop=0}
                      ; - java.util.logging.Logger::isLoggable@9 (line 2037)
                      ; - sun.util.logging.internal.LoggingProviderImpl$JULWrapper::isLoggable@8 (line 215)
                      ; - jdk.internal.logger.AbstractLoggerWrapper::isLoggable@20 (line 124)
                      ; - sun.util.logging.PlatformLogger::isLoggable@17 (line 340)
                      ; - java.awt.Component::dispatchEventImpl@57 (line 4843)
  0x0000022c88b65350: acf2 93fe 

  0x0000022c88b65354: ;   {other}
  0x0000022c88b65354: 0f1f 8400 | 4430 006e | 488b d8e9 | afef ffff | 488b d8e9 | a7ef ffff | 488b d8e9 | 9fef ffff 
  0x0000022c88b65374: 488b d8e9 | 97ef ffff | 488b d8e9 | 8fef ffff | 488b d8e9 | 87ef ffff | 488b d8e9 | 7fef ffff 
  0x0000022c88b65394: 488b d8e9 | 77ef ffff | 488b d8e9 | 6fef ffff | 488b d8e9 | 67ef ffff | baf6 ffff 

  0x0000022c88b653b0: ;   {runtime_call UncommonTrapBlob}
  0x0000022c88b653b0: ff8b efe8 

  0x0000022c88b653b4: ; ImmutableOopMap {rbp=NarrowOop }
                      ;*invokevirtual isLoggable {reexecute=0 rethrow=0 return_oop=0}
                      ; - sun.util.logging.internal.LoggingProviderImpl$JULWrapper::isLoggable@8 (line 215)
                      ; - sun.util.logging.PlatformLogger::isLoggable@17 (line 340)
                      ; - java.awt.Component::dispatchEventImpl@57 (line 4843)
  0x0000022c88b653b4: 48f2 93fe 

  0x0000022c88b653b8: ;   {other}
  0x0000022c88b653b8: 0f1f 8400 | a830 006f | baf6 ffff 

  0x0000022c88b653c4: ;   {runtime_call UncommonTrapBlob}
  0x0000022c88b653c4: ff66 90e8 

  0x0000022c88b653c8: ; ImmutableOopMap {}
                      ;*getfield levelValue {reexecute=1 rethrow=0 return_oop=0}
                      ; - (reexecute) java.util.logging.Logger::isLoggable@4 (line 2036)
                      ; - sun.util.logging.internal.LoggingProviderImpl$JULWrapper::isLoggable@8 (line 215)
                      ; - sun.util.logging.PlatformLogger::isLoggable@17 (line 340)
                      ; - java.awt.Component::dispatchEventImpl@57 (line 4843)
  0x0000022c88b653c8: 34f2 93fe 

  0x0000022c88b653cc: ;   {other}
  0x0000022c88b653cc: 0f1f 8400 | bc30 0070 | baf6 ffff 

  0x0000022c88b653d8: ;   {runtime_call UncommonTrapBlob}
  0x0000022c88b653d8: ff66 90e8 

  0x0000022c88b653dc: ; ImmutableOopMap {}
                      ;*invokevirtual intValue {reexecute=0 rethrow=0 return_oop=0}
                      ; - java.util.logging.Logger::isLoggable@9 (line 2037)
                      ; - sun.util.logging.internal.LoggingProviderImpl$JULWrapper::isLoggable@8 (line 215)
                      ; - sun.util.logging.PlatformLogger::isLoggable@17 (line 340)
                      ; - java.awt.Component::dispatchEventImpl@57 (line 4843)
  0x0000022c88b653dc: 20f2 93fe 

  0x0000022c88b653e0: ;   {other}
  0x0000022c88b653e0: 0f1f 8400 | d030 0071 | baf4 ffff | ff48 8b6c | 2420 4c8b | 5424 384c | 8954 2420 | 448b 5424 
  0x0000022c88b65400: 3044 8954 

  0x0000022c88b65404: ;   {runtime_call UncommonTrapBlob}
  0x0000022c88b65404: 2428 90e8 

  0x0000022c88b65408: ; ImmutableOopMap {rbp=Oop [32]=Oop }
                      ;*checkcast {reexecute=0 rethrow=0 return_oop=0}
                      ; - sun.awt.SunToolkit::getSystemEventQueueImplPP@7 (line 1069)
                      ; - sun.awt.SunToolkit::getSystemEventQueueImplPP@3 (line 1064)
                      ; - sun.awt.SunToolkit::getSystemEventQueueImpl@0 (line 1059)
                      ; - java.awt.Toolkit::getEventQueue@3 (line 1489)
                      ; - java.awt.EventQueue::setCurrentEventAndMostRecentTime@0 (line 1257)
                      ; - java.awt.Component::dispatchEventImpl@88 (line 4852)
  0x0000022c88b65408: f4f1 93fe 

  0x0000022c88b6540c: ;   {other}
  0x0000022c88b6540c: 0f1f 8400 | fc30 0072 | baf6 ffff | ff48 8b6c | 2420 4c8b | 5424 3844 | 8b5c 2430 | 4489 5c24 
  0x0000022c88b6542c: 284c 8954 | 2430 4c89 

  0x0000022c88b65434: ;   {runtime_call UncommonTrapBlob}
  0x0000022c88b65434: 4c24 38e8 

  0x0000022c88b65438: ; ImmutableOopMap {rbp=Oop [48]=Oop [56]=Oop }
                      ;*invokeinterface lock {reexecute=0 rethrow=0 return_oop=0}
                      ; - java.awt.EventQueue::setCurrentEventAndMostRecentTimeImpl@4 (line 1260)
                      ; - java.awt.EventQueue::setCurrentEventAndMostRecentTime@4 (line 1257)
                      ; - java.awt.Component::dispatchEventImpl@88 (line 4852)
  0x0000022c88b65438: c4f1 93fe 

  0x0000022c88b6543c: ;   {other}
  0x0000022c88b6543c: 0f1f 8400 | 2c31 0073 | baf6 ffff | ff48 8b6c | 2420 4c8b | 5424 384c | 8954 2420 | 448b 5424 
  0x0000022c88b6545c: 3044 8954 | 2428 4c89 

  0x0000022c88b65464: ;   {runtime_call UncommonTrapBlob}
  0x0000022c88b65464: 4c24 38e8 

  0x0000022c88b65468: ; ImmutableOopMap {rbp=Oop [32]=Oop [56]=Oop }
                      ;*invokevirtual lock {reexecute=0 rethrow=0 return_oop=0}
                      ; - java.util.concurrent.locks.ReentrantLock::lock@4 (line 322)
                      ; - java.awt.EventQueue::setCurrentEventAndMostRecentTimeImpl@4 (line 1260)
                      ; - java.awt.EventQueue::setCurrentEventAndMostRecentTime@4 (line 1257)
                      ; - java.awt.Component::dispatchEventImpl@88 (line 4852)
  0x0000022c88b65468: 94f1 93fe 

  0x0000022c88b6546c: ;   {other}
  0x0000022c88b6546c: 0f1f 8400 | 5c31 0074 | baf6 ffff | ff48 8b6c 

  0x0000022c88b6547c: ;   {runtime_call UncommonTrapBlob}
  0x0000022c88b6547c: 2420 90e8 

  0x0000022c88b65480: ; ImmutableOopMap {rbp=Oop [56]=Oop }
                      ;*invokeinterface unlock {reexecute=0 rethrow=0 return_oop=0}
                      ; - java.awt.EventQueue::setCurrentEventAndMostRecentTimeImpl@168 (line 1295)
                      ; - java.awt.EventQueue::setCurrentEventAndMostRecentTime@4 (line 1257)
                      ; - java.awt.Component::dispatchEventImpl@88 (line 4852)
  0x0000022c88b65480: 7cf1 93fe 

  0x0000022c88b65484: ;   {other}
  0x0000022c88b65484: 0f1f 8400 | 7431 0075 | baf6 ffff | ff48 8b6c 

  0x0000022c88b65494: ;   {runtime_call UncommonTrapBlob}
  0x0000022c88b65494: 2420 90e8 

  0x0000022c88b65498: ; ImmutableOopMap {rbp=Oop [56]=Oop }
                      ;*invokevirtual release {reexecute=0 rethrow=0 return_oop=0}
                      ; - java.util.concurrent.locks.ReentrantLock::unlock@5 (line 494)
                      ; - java.awt.EventQueue::setCurrentEventAndMostRecentTimeImpl@168 (line 1295)
                      ; - java.awt.EventQueue::setCurrentEventAndMostRecentTime@4 (line 1257)
                      ; - java.awt.Component::dispatchEventImpl@88 (line 4852)
  0x0000022c88b65498: 64f1 93fe 

  0x0000022c88b6549c: ;   {other}
  0x0000022c88b6549c: 0f1f 8400 | 8c31 0076 | baf4 ffff 

  0x0000022c88b654a8: ;   {runtime_call UncommonTrapBlob}
  0x0000022c88b654a8: ff66 90e8 

  0x0000022c88b654ac: ; ImmutableOopMap {rbp=NarrowOop [32]=Oop [48]=Oop }
                      ;*checkcast {reexecute=0 rethrow=0 return_oop=0}
                      ; - java.awt.KeyboardFocusManager::getCurrentKeyboardFocusManager@6 (line 224)
                      ; - java.awt.KeyboardFocusManager::getCurrentKeyboardFocusManager@3 (line 217)
                      ; - java.awt.Component::dispatchEventImpl@130 (line 4876)
  0x0000022c88b654ac: 50f1 93fe 

  0x0000022c88b654b0: ;   {other}
  0x0000022c88b654b0: 0f1f 8400 | a031 0077 | baf4 ffff | ff48 8b6c | 2420 4489 | 6c24 2089 | 5c24 244c | 895c 2430 
  0x0000022c88b654d0: 4c89 7424 

  0x0000022c88b654d4: ;   {runtime_call UncommonTrapBlob}
  0x0000022c88b654d4: 3866 90e8 

  0x0000022c88b654d8: ; ImmutableOopMap {rbp=Oop [36]=NarrowOop [48]=Oop [56]=Oop }
                      ;*checkcast {reexecute=0 rethrow=0 return_oop=0}
                      ; - java.awt.Toolkit$ToolkitEventMulticaster::eventDispatched@4 (line 2084)
                      ; - java.awt.Toolkit::notifyAWTEventListeners@30 (line 2041)
                      ; - java.awt.Component::dispatchEventImpl@229 (line 4902)
  0x0000022c88b654d8: 24f1 93fe 

  0x0000022c88b654dc: ;   {other}
  0x0000022c88b654dc: 0f1f 8400 | cc31 0078 | baf4 ffff | ff48 8b6c | 2428 448b | 5424 3044 | 8954 2420 | 448b 5c24 
  0x0000022c88b654fc: 3444 895c 

  0x0000022c88b65500: ;   {runtime_call UncommonTrapBlob}
  0x0000022c88b65500: 2424 90e8 

  0x0000022c88b65504: ; ImmutableOopMap {rbp=Oop [36]=NarrowOop [56]=Oop }
                      ;*checkcast {reexecute=0 rethrow=0 return_oop=0}
                      ; - java.awt.Toolkit$ToolkitEventMulticaster::eventDispatched@17 (line 2085)
                      ; - java.awt.Toolkit::notifyAWTEventListeners@30 (line 2041)
                      ; - java.awt.Component::dispatchEventImpl@229 (line 4902)
  0x0000022c88b65504: f8f0 93fe 

  0x0000022c88b65508: ;   {other}
  0x0000022c88b65508: 0f1f 8400 | f831 0079 | baf6 ffff | ff4c 8944 

  0x0000022c88b65518: ;   {runtime_call UncommonTrapBlob}
  0x0000022c88b65518: 2420 90e8 

  0x0000022c88b6551c: ; ImmutableOopMap {[32]=Oop [40]=Oop }
                      ;*invokevirtual processKeyEvent {reexecute=0 rethrow=0 return_oop=0}
                      ; - java.awt.Component::dispatchEventImpl@254 (line 4912)
  0x0000022c88b6551c: e0f0 93fe 

  0x0000022c88b65520: ;   {other}
  0x0000022c88b65520: 0f1f 8400 | 1032 007a | baf4 ffff | ff48 8b6c | 2420 4489 | 6c24 2089 | 5c24 244c | 895c 2430 
  0x0000022c88b65540: 4c89 7424 | 384c 8944 | 2440 4c89 

  0x0000022c88b6554c: ;   {runtime_call UncommonTrapBlob}
  0x0000022c88b6554c: 7424 48e8 

  0x0000022c88b65550: ; ImmutableOopMap {rbp=Oop [36]=NarrowOop [48]=Oop [56]=Oop [64]=Oop [72]=Oop }
                      ;*checkcast {reexecute=0 rethrow=0 return_oop=0}
                      ; - java.awt.Toolkit$ToolkitEventMulticaster::eventDispatched@4 (line 2084)
                      ; - java.awt.Toolkit$ToolkitEventMulticaster::eventDispatched@8 (line 2084)
                      ; - java.awt.Toolkit::notifyAWTEventListeners@30 (line 2041)
                      ; - java.awt.Component::dispatchEventImpl@229 (line 4902)
  0x0000022c88b65550: acf0 93fe 

  0x0000022c88b65554: ;   {other}
  0x0000022c88b65554: 0f1f 8400 | 4432 007b | baf4 ffff | ff48 8b6c | 2428 448b | 5c24 3044 | 895c 2420 | 448b 5424 
  0x0000022c88b65574: 3444 8954 

  0x0000022c88b65578: ;   {runtime_call UncommonTrapBlob}
  0x0000022c88b65578: 2424 90e8 

  0x0000022c88b6557c: ; ImmutableOopMap {rbp=Oop [36]=NarrowOop [56]=Oop [80]=Oop }
                      ;*checkcast {reexecute=0 rethrow=0 return_oop=0}
                      ; - java.awt.Toolkit$ToolkitEventMulticaster::eventDispatched@17 (line 2085)
                      ; - java.awt.Toolkit$ToolkitEventMulticaster::eventDispatched@8 (line 2084)
                      ; - java.awt.Toolkit::notifyAWTEventListeners@30 (line 2041)
                      ; - java.awt.Component::dispatchEventImpl@229 (line 4902)
  0x0000022c88b6557c: 80f0 93fe 

  0x0000022c88b65580: ;   {other}
  0x0000022c88b65580: 0f1f 8400 | 7032 007c | ba45 ffff | ff44 896c | 2430 4c89 

  0x0000022c88b65594: ;   {runtime_call UncommonTrapBlob}
  0x0000022c88b65594: 4424 38e8 

  0x0000022c88b65598: ; ImmutableOopMap {rbp=NarrowOop [32]=Oop [56]=Oop }
                      ;*ifnonnull {reexecute=1 rethrow=0 return_oop=0}
                      ; - (reexecute) java.awt.Toolkit::getDefaultToolkit@3 (line 594)
                      ; - java.awt.Toolkit::getEventQueue@0 (line 1489)
                      ; - java.awt.EventQueue::setCurrentEventAndMostRecentTime@0 (line 1257)
                      ; - java.awt.Component::dispatchEventImpl@88 (line 4852)
  0x0000022c88b65598: 64f0 93fe 

  0x0000022c88b6559c: ;   {other}
  0x0000022c88b6559c: 0f1f 8400 | 8c32 007d | ba45 ffff | ff48 8b6c | 2420 4489 | 6c24 204c | 8974 2428 | 895c 2424 
  0x0000022c88b655bc: ;   {runtime_call UncommonTrapBlob}
  0x0000022c88b655bc: 6666 90e8 

  0x0000022c88b655c0: ; ImmutableOopMap {rbp=Oop [36]=NarrowOop [40]=Oop }
                      ;*ifnonnull {reexecute=1 rethrow=0 return_oop=0}
                      ; - (reexecute) java.awt.Toolkit::getDefaultToolkit@3 (line 594)
                      ; - java.awt.Component::dispatchEventImpl@221 (line 4901)
  0x0000022c88b655c0: 3cf0 93fe 

  0x0000022c88b655c4: ;   {other}
  0x0000022c88b655c4: 0f1f 8400 | b432 007e | ba45 ffff | ff44 896c | 2428 4c89 | 7424 3089 

  0x0000022c88b655dc: ;   {runtime_call UncommonTrapBlob}
  0x0000022c88b655dc: 5c24 2ce8 

  0x0000022c88b655e0: ; ImmutableOopMap {rbp=NarrowOop [32]=Oop [44]=NarrowOop [48]=Oop }
                      ;*ifnull {reexecute=1 rethrow=0 return_oop=0}
                      ; - (reexecute) java.awt.Toolkit::notifyAWTEventListeners@25 (line 2040)
                      ; - java.awt.Component::dispatchEventImpl@229 (line 4902)
  0x0000022c88b655e0: 1cf0 93fe 

  0x0000022c88b655e4: ;   {other}
  0x0000022c88b655e4: 0f1f 8400 | d432 007f | baf6 ffff 

  0x0000022c88b655f0: ;   {runtime_call UncommonTrapBlob}
  0x0000022c88b655f0: ff66 90e8 

  0x0000022c88b655f4: ; ImmutableOopMap {}
                      ;*putfield isPosted {reexecute=1 rethrow=0 return_oop=0}
                      ; - (reexecute) java.awt.Component::dispatchEventImpl@127 (line 4870)
  0x0000022c88b655f4: 08f0 93fe 

  0x0000022c88b655f8: ;   {other}
  0x0000022c88b655f8: 0f1f 8400 | e832 0080 | 488b d8e9 | 0bed ffff | 488b d8e9 | 03ed ffff | 488b d8e9 | fbec ffff 
  0x0000022c88b65618: 488b d8e9 | f3ec ffff | 488b d8e9 | ebec ffff | 488b d8e9 | e3ec ffff | 488b d8e9 | dbec ffff 
  0x0000022c88b65638: baf4 ffff | ff49 8be9 | 4c89 5424 | 204c 8974 

  0x0000022c88b65648: ;   {runtime_call UncommonTrapBlob}
  0x0000022c88b65648: 2430 90e8 

  0x0000022c88b6564c: ; ImmutableOopMap {rbp=Oop [32]=Oop [48]=Oop [72]=Oop }
                      ;*checkcast {reexecute=0 rethrow=0 return_oop=0}
                      ; - java.awt.Component::dispatchEventImpl@704 (line 5048)
  0x0000022c88b6564c: b0ef 93fe 

  0x0000022c88b65650: ;   {other}
  0x0000022c88b65650: 0f1f 8400 | 4033 0081 | 488b d8e9 | b3ec ffff | 488b d84c | 8b5c 2440 | 488d 4424 | 7048 8338 
  0x0000022c88b65670: 000f 8479 | 0000 004d | 8b13 41f6 | c202 0f84 | 6200 0000 | 4983 ba86 | 0000 0000 | 7409 49ff 
  0x0000022c88b65690: 8a86 0000 | 00eb 4b49 | 8b82 9600 | 0000 490b | 828e 0000 | 0075 0a49 | c742 3e00 | 0000 00eb 
  0x0000022c88b656b0: 3d49 83ba | 9e00 0000 | 0074 2248 | 33c0 49c7 | 423e 0000 | 0000 f083 | 0424 0049 | 83ba 9e00 
  0x0000022c88b656d0: 0000 0075 | 0df0 4d0f | b17a 3e75 | 0583 c801 | eb0c a800 | eb08 4c8b | 10f0 4d0f | b113 750a 
  0x0000022c88b656f0: 49ff 8f50 | 0500 0045 | 33d2 0f84 | 13ec ffff | 498b cb48 | 8d54 2470 | 4d8b c749 | bac0 c4b8 
  0x0000022c88b65710: 20f8 7f00 | 0041 ffd2 

  0x0000022c88b65718: ;   {other}
  0x0000022c88b65718: 0f1f 8400 | 0000 0000 | e9ee ebff | ff48 8bd8 | e9e6 ebff | ffba f6ff 

  0x0000022c88b65730: ;   {runtime_call UncommonTrapBlob}
  0x0000022c88b65730: ffff 90e8 

  0x0000022c88b65734: ; ImmutableOopMap {}
                      ;*invokeinterface handlesWheelScrolling {reexecute=0 rethrow=0 return_oop=0}
                      ; - java.awt.Component::dispatchEventImpl@201 (line 4892)
  0x0000022c88b65734: c8ee 93fe 

  0x0000022c88b65738: ;   {other}
  0x0000022c88b65738: 0f1f 8400 | 2834 0082 | 488b d8e9 | cbeb ffff | 488b d8e9 | c3eb ffff | 488b d8e9 | bbeb ffff 
  0x0000022c88b65758: 4889 4424 | 4048 8bd5 | 48c1 e203 | 488b 6c24 | 2044 8b5c | 2430 4489 | 5c24 2866 | 9048 b8ff 
  0x0000022c88b65778: ffff ffff 

  0x0000022c88b6577c: ;   {virtual_call}
  0x0000022c88b6577c: ffff ffe8 

  0x0000022c88b65780: ; ImmutableOopMap {rbp=Oop [56]=Oop [64]=Oop }
                      ;*invokeinterface unlock {reexecute=0 rethrow=0 return_oop=0}
                      ; - java.awt.EventQueue::setCurrentEventAndMostRecentTimeImpl@182 (line 1295)
                      ; - java.awt.EventQueue::setCurrentEventAndMostRecentTime@4 (line 1257)
                      ; - java.awt.Component::dispatchEventImpl@88 (line 4852)
  0x0000022c88b65780: fc95 93fe 

  0x0000022c88b65784: ;   {other}
  0x0000022c88b65784: 0f1f 8400 | 7434 0083 | 488b 5c24 | 40e9 7deb | ffff 488b | d8e9 75eb | ffff 488b | d8e9 6deb 
  0x0000022c88b657a4: ffff 488b | d8e9 65eb | ffff 488b | d8e9 5deb | ffff 488b | d8e9 55eb | ffff 488b | d8eb 0348 
  0x0000022c88b657c4: 8bd8 4c8b | dd48 8d44 | 2470 4883 | 3800 0f84 | 7900 0000 | 4d8b 1341 | f6c2 020f | 8462 0000 
  0x0000022c88b657e4: 0049 83ba | 8600 0000 | 0074 0949 | ff8a 8600 | 0000 eb4b | 498b 8296 | 0000 0049 | 0b82 8e00 
  0x0000022c88b65804: 0000 750a | 49c7 423e | 0000 0000 | eb3d 4983 | ba9e 0000 | 0000 7422 | 4833 c049 | c742 3e00 
  0x0000022c88b65824: 0000 00f0 | 8304 2400 | 4983 ba9e | 0000 0000 | 750d f04d | 0fb1 7a3e | 7505 83c8 | 01eb 0ca8 
  0x0000022c88b65844: 00eb 084c | 8b10 f04d | 0fb1 1375 | 0a49 ff8f | 5005 0000 | 4533 d20f | 84b2 eaff | ff49 8bcb 
  0x0000022c88b65864: 488d 5424 | 704d 8bc7 | 49ba c0c4 | b820 f87f | 0000 41ff 

  0x0000022c88b65878: ;   {other}
  0x0000022c88b65878: d20f 1f84 | 0000 0000 | 00e9 8dea | ffff 488b | d8e9 85ea | ffff 488b | d8e9 7dea | ffff 488b 
  0x0000022c88b65898: d8e9 75ea | ffff 488b | d8e9 6dea | ffff 488b | d8e9 65ea | ffff 488b | d8e9 5dea | ffff baf6 
  0x0000022c88b658b8: ffff ff48 | 8b6c 2420 

  0x0000022c88b658c0: ;   {runtime_call UncommonTrapBlob}
  0x0000022c88b658c0: 6666 90e8 

  0x0000022c88b658c4: ; ImmutableOopMap {rbp=Oop [56]=Oop }
                      ;*invokeinterface unlock {reexecute=0 rethrow=0 return_oop=0}
                      ; - java.awt.EventQueue::setCurrentEventAndMostRecentTimeImpl@29 (line 1295)
                      ; - java.awt.EventQueue::setCurrentEventAndMostRecentTime@4 (line 1257)
                      ; - java.awt.Component::dispatchEventImpl@88 (line 4852)
  0x0000022c88b658c4: 38ed 93fe 

  0x0000022c88b658c8: ;   {other}
  0x0000022c88b658c8: 0f1f 8400 | b835 0084 | baf4 ffff | ff48 8b6c 

  0x0000022c88b658d8: ;   {runtime_call UncommonTrapBlob}
  0x0000022c88b658d8: 2430 90e8 

  0x0000022c88b658dc: ; ImmutableOopMap {rbp=Oop [32]=Oop [72]=Oop }
                      ;*instanceof {reexecute=0 rethrow=0 return_oop=0}
                      ; - java.awt.Component::dispatchEventImpl@377 (line 4953)
  0x0000022c88b658dc: 20ed 93fe 

  0x0000022c88b658e0: ;   {other}
  0x0000022c88b658e0: 0f1f 8400 | d035 0085 | 488b d8e9 | 23ea ffff | 488b d8e9 | 1bea ffff 

  0x0000022c88b658f8: ;   {internal_word}
  0x0000022c88b658f8: 49ba dc2a | b688 2c02 | 0000 4d89 | 9768 0400 

  0x0000022c88b65908: ;   {runtime_call SafepointBlob}
  0x0000022c88b65908: 00e9 f2fd 

  0x0000022c88b6590c: ;   {runtime_call StubRoutines (final stubs)}
  0x0000022c88b6590c: 93fe e84d | f491 fee9 | a6d0 ffff 
[Stub Code]
  0x0000022c88b65918: ;   {no_reloc}
  0x0000022c88b65918: 48bb 0000 | 0000 0000 

  0x0000022c88b65920: ;   {runtime_call}
  0x0000022c88b65920: 0000 e9fb 

  0x0000022c88b65924: ;   {static_stub}
  0x0000022c88b65924: ffff ff48 | bb00 0000 | 0000 0000 

  0x0000022c88b65930: ;   {runtime_call}
  0x0000022c88b65930: 00e9 fbff 

  0x0000022c88b65934: ;   {static_stub}
  0x0000022c88b65934: ffff 48bb | 0000 0000 | 0000 0000 

  0x0000022c88b65940: ;   {runtime_call}
  0x0000022c88b65940: e9fb ffff 

  0x0000022c88b65944: ;   {static_stub}
  0x0000022c88b65944: ff48 bb00 | 0000 0000 

  0x0000022c88b6594c: ;   {runtime_call}
  0x0000022c88b6594c: 0000 00e9 | fbff ffff 

  0x0000022c88b65954: ;   {static_stub}
  0x0000022c88b65954: 48bb 0000 | 0000 0000 

  0x0000022c88b6595c: ;   {runtime_call}
  0x0000022c88b6595c: 0000 e9fb 

  0x0000022c88b65960: ;   {static_stub}
  0x0000022c88b65960: ffff ff48 | bb00 0000 | 0000 0000 

  0x0000022c88b6596c: ;   {runtime_call}
  0x0000022c88b6596c: 00e9 fbff 

  0x0000022c88b65970: ;   {static_stub}
  0x0000022c88b65970: ffff 48bb | 0000 0000 | 0000 0000 

  0x0000022c88b6597c: ;   {runtime_call}
  0x0000022c88b6597c: e9fb ffff 

  0x0000022c88b65980: ;   {static_stub}
  0x0000022c88b65980: ff48 bb00 | 0000 0000 

  0x0000022c88b65988: ;   {runtime_call}
  0x0000022c88b65988: 0000 00e9 | fbff ffff 

  0x0000022c88b65990: ;   {static_stub}
  0x0000022c88b65990: 48bb 0000 | 0000 0000 

  0x0000022c88b65998: ;   {runtime_call}
  0x0000022c88b65998: 0000 e9fb 

  0x0000022c88b6599c: ;   {static_stub}
  0x0000022c88b6599c: ffff ff48 | bb00 0000 | 0000 0000 

  0x0000022c88b659a8: ;   {runtime_call}
  0x0000022c88b659a8: 00e9 fbff 

  0x0000022c88b659ac: ;   {static_stub}
  0x0000022c88b659ac: ffff 48bb | 0000 0000 | 0000 0000 

  0x0000022c88b659b8: ;   {runtime_call}
  0x0000022c88b659b8: e9fb ffff 

  0x0000022c88b659bc: ;   {static_stub}
  0x0000022c88b659bc: ff48 bb00 | 0000 0000 

  0x0000022c88b659c4: ;   {runtime_call}
  0x0000022c88b659c4: 0000 00e9 | fbff ffff 

  0x0000022c88b659cc: ;   {static_stub}
  0x0000022c88b659cc: 48bb 0000 | 0000 0000 

  0x0000022c88b659d4: ;   {runtime_call}
  0x0000022c88b659d4: 0000 e9fb 

  0x0000022c88b659d8: ;   {static_stub}
  0x0000022c88b659d8: ffff ff48 | bb00 0000 | 0000 0000 

  0x0000022c88b659e4: ;   {runtime_call}
  0x0000022c88b659e4: 00e9 fbff 

  0x0000022c88b659e8: ;   {static_stub}
  0x0000022c88b659e8: ffff 48bb | 0000 0000 | 0000 0000 

  0x0000022c88b659f4: ;   {runtime_call}
  0x0000022c88b659f4: e9fb ffff 

  0x0000022c88b659f8: ;   {static_stub}
  0x0000022c88b659f8: ff48 bb00 | 0000 0000 

  0x0000022c88b65a00: ;   {runtime_call}
  0x0000022c88b65a00: 0000 00e9 | fbff ffff 

  0x0000022c88b65a08: ;   {static_stub}
  0x0000022c88b65a08: 48bb 0000 | 0000 0000 

  0x0000022c88b65a10: ;   {runtime_call}
  0x0000022c88b65a10: 0000 e9fb 

  0x0000022c88b65a14: ;   {static_stub}
  0x0000022c88b65a14: ffff ff48 | bb00 0000 | 0000 0000 

  0x0000022c88b65a20: ;   {runtime_call}
  0x0000022c88b65a20: 00e9 fbff 

  0x0000022c88b65a24: ;   {static_stub}
  0x0000022c88b65a24: ffff 48bb | 0000 0000 | 0000 0000 

  0x0000022c88b65a30: ;   {runtime_call}
  0x0000022c88b65a30: e9fb ffff 

  0x0000022c88b65a34: ;   {static_stub}
  0x0000022c88b65a34: ff48 bb00 | 0000 0000 

  0x0000022c88b65a3c: ;   {runtime_call}
  0x0000022c88b65a3c: 0000 00e9 | fbff ffff 

  0x0000022c88b65a44: ;   {static_stub}
  0x0000022c88b65a44: 48bb 0000 | 0000 0000 

  0x0000022c88b65a4c: ;   {runtime_call}
  0x0000022c88b65a4c: 0000 e9fb 

  0x0000022c88b65a50: ;   {static_stub}
  0x0000022c88b65a50: ffff ff48 | bb00 0000 | 0000 0000 

  0x0000022c88b65a5c: ;   {runtime_call}
  0x0000022c88b65a5c: 00e9 fbff 

  0x0000022c88b65a60: ;   {static_stub}
  0x0000022c88b65a60: ffff 48bb | 0000 0000 | 0000 0000 

  0x0000022c88b65a6c: ;   {runtime_call}
  0x0000022c88b65a6c: e9fb ffff 

  0x0000022c88b65a70: ;   {static_stub}
  0x0000022c88b65a70: ff48 bb00 | 0000 0000 

  0x0000022c88b65a78: ;   {runtime_call}
  0x0000022c88b65a78: 0000 00e9 | fbff ffff 

  0x0000022c88b65a80: ;   {static_stub}
  0x0000022c88b65a80: 48bb 0000 | 0000 0000 

  0x0000022c88b65a88: ;   {runtime_call}
  0x0000022c88b65a88: 0000 e9fb 

  0x0000022c88b65a8c: ;   {static_stub}
  0x0000022c88b65a8c: ffff ff48 | bb00 0000 | 0000 0000 

  0x0000022c88b65a98: ;   {runtime_call}
  0x0000022c88b65a98: 00e9 fbff 

  0x0000022c88b65a9c: ;   {static_stub}
  0x0000022c88b65a9c: ffff 48bb | f021 31d6 | 2c02 0000 

  0x0000022c88b65aa8: ;   {runtime_call I2C/C2I adapters}
  0x0000022c88b65aa8: e9b6 d993 

  0x0000022c88b65aac: ;   {static_stub}
  0x0000022c88b65aac: fe48 bb00 | 0000 0000 

  0x0000022c88b65ab4: ;   {runtime_call}
  0x0000022c88b65ab4: 0000 00e9 | fbff ffff 

  0x0000022c88b65abc: ;   {static_stub}
  0x0000022c88b65abc: 48bb 0000 | 0000 0000 

  0x0000022c88b65ac4: ;   {runtime_call}
  0x0000022c88b65ac4: 0000 e9fb 

  0x0000022c88b65ac8: ;   {static_stub}
  0x0000022c88b65ac8: ffff ff48 | bb00 0000 | 0000 0000 

  0x0000022c88b65ad4: ;   {runtime_call}
  0x0000022c88b65ad4: 00e9 fbff 

  0x0000022c88b65ad8: ;   {static_stub}
  0x0000022c88b65ad8: ffff 48bb | 0000 0000 | 0000 0000 

  0x0000022c88b65ae4: ;   {runtime_call}
  0x0000022c88b65ae4: e9fb ffff 

  0x0000022c88b65ae8: ;   {static_stub}
  0x0000022c88b65ae8: ff48 bb00 | 0000 0000 

  0x0000022c88b65af0: ;   {runtime_call}
  0x0000022c88b65af0: 0000 00e9 | fbff ffff 

  0x0000022c88b65af8: ;   {static_stub}
  0x0000022c88b65af8: 48bb 0000 | 0000 0000 

  0x0000022c88b65b00: ;   {runtime_call}
  0x0000022c88b65b00: 0000 e9fb 

  0x0000022c88b65b04: ;   {static_stub}
  0x0000022c88b65b04: ffff ff48 | bb00 0000 | 0000 0000 

  0x0000022c88b65b10: ;   {runtime_call}
  0x0000022c88b65b10: 00e9 fbff 

  0x0000022c88b65b14: ;   {runtime_call ExceptionBlob}
  0x0000022c88b65b14: ffff e965 | c4a1 fee8 | 0000 0000 | 4883 2c24 

  0x0000022c88b65b24: ;   {runtime_call DeoptimizationBlob}
  0x0000022c88b65b24: 05e9 76ee | 93fe f4f4 | f4f4 f4f4 
[/MachCode]


---------------  P R O C E S S  ---------------

Threads class SMR info:
_java_thread_list=0x0000022d02269e30, length=48, elements={
0x0000022cf402b240, 0x0000022cede36ba0, 0x0000022cf5b13dd0, 0x0000022cf5b1ac20,
0x0000022cf5b1d2a0, 0x0000022cf5b1d910, 0x0000022cf5aff5e0, 0x0000022cf5b04e50,
0x0000022cf5b06510, 0x0000022cf5b08fe0, 0x0000022cf5bef110, 0x0000022cf5cee570,
0x0000022cf5c03e40, 0x0000022cda7b1f60, 0x0000022cdad088e0, 0x0000022cdc3af120,
0x0000022cdd68fee0, 0x0000022cdde6ce50, 0x0000022cdde6b410, 0x0000022cdde6c7c0,
0x0000022cdde6a060, 0x0000022cdde6c130, 0x0000022cdde699d0, 0x0000022cdf0c0300,
0x0000022cdf0be230, 0x0000022cdf0c0990, 0x0000022cdf0bb440, 0x0000022cdf0bfc70,
0x0000022cdf0c1020, 0x0000022cdf0c16b0, 0x0000022cdf0ba720, 0x0000022cdf0bc160,
0x0000022cdf0badb0, 0x0000022cdf0bc7f0, 0x0000022cdde6ad80, 0x0000022cdde6baa0,
0x0000022d04234700, 0x0000022d0422d770, 0x0000022d0422f1b0, 0x0000022ce6841360,
0x0000022ce6843ac0, 0x0000022ce68447e0, 0x0000022ce683e570, 0x0000022ce6845500,
0x0000022ce6842710, 0x0000022ce6844150, 0x0000022d0422fed0, 0x0000022d0fe81010
}

Java Threads: ( => current thread )
  0x0000022cf402b240 JavaThread "main"                              [_thread_blocked, id=28236, stack(0x000000a4f8000000,0x000000a4f8100000) (1024K)]
  0x0000022cede36ba0 JavaThread "Reference Handler"          daemon [_thread_blocked, id=16420, stack(0x000000a4fa300000,0x000000a4fad00000) (10240K)]
  0x0000022cf5b13dd0 JavaThread "Finalizer"                  daemon [_thread_blocked, id=18596, stack(0x000000a4fad00000,0x000000a4fb700000) (10240K)]
  0x0000022cf5b1ac20 JavaThread "Signal Dispatcher"          daemon [_thread_blocked, id=9648, stack(0x000000a4fb700000,0x000000a4fc100000) (10240K)]
  0x0000022cf5b1d2a0 JavaThread "Attach Listener"            daemon [_thread_blocked, id=9376, stack(0x000000a4fc100000,0x000000a4fcb00000) (10240K)]
  0x0000022cf5b1d910 JavaThread "Service Thread"             daemon [_thread_blocked, id=8700, stack(0x000000a4fcb00000,0x000000a4fd500000) (10240K)]
  0x0000022cf5aff5e0 JavaThread "Monitor Deflation Thread"   daemon [_thread_blocked, id=13380, stack(0x000000a4fd500000,0x000000a4fdf00000) (10240K)]
  0x0000022cf5b04e50 JavaThread "C2 CompilerThread0"         daemon [_thread_blocked, id=26492, stack(0x000000a4fdf00000,0x000000a4fe000000) (1024K)]
  0x0000022cf5b06510 JavaThread "C1 CompilerThread0"         daemon [_thread_blocked, id=4084, stack(0x000000a4fe000000,0x000000a4fe100000) (1024K)]
  0x0000022cf5b08fe0 JavaThread "StringDedupThread"          daemon [_thread_blocked, id=29172, stack(0x000000a4fe100000,0x000000a4feb00000) (10240K)]
  0x0000022cf5bef110 JavaThread "Common-Cleaner"             daemon [_thread_blocked, id=21840, stack(0x000000a4feb00000,0x000000a4ff500000) (10240K)]
  0x0000022cf5cee570 JavaThread "Notification Thread"        daemon [_thread_blocked, id=29016, stack(0x000000a480000000,0x000000a480a00000) (10240K)]
  0x0000022cf5c03e40 JavaThread "Java2D Disposer"            daemon [_thread_blocked, id=7548, stack(0x000000a480a00000,0x000000a481400000) (10240K)]
  0x0000022cda7b1f60 JavaThread "AWT-Windows"                daemon [_thread_in_native, id=11952, stack(0x000000a481e00000,0x000000a482800000) (10240K)]
  0x0000022cdad088e0 JavaThread "TimerQueue"                 daemon [_thread_blocked, id=21420, stack(0x000000a482800000,0x000000a483200000) (10240K)]
=>0x0000022cdc3af120 JavaThread "AWT-EventQueue-0"                  [_thread_in_native, id=26016, stack(0x000000a483c00000,0x000000a484600000) (10240K)]
  0x0000022cdd68fee0 JavaThread "AWT-Shutdown"                      [_thread_blocked, id=11588, stack(0x000000a484700000,0x000000a485100000) (10240K)]
  0x0000022cdde6ce50 JavaThread "Thread-1"                          [_thread_in_native, id=28048, stack(0x000000a4f8300000,0x000000a4f9700000) (20480K)]
  0x0000022cdde6b410 JavaThread "Process Messages Thread"           [_thread_blocked, id=27364, stack(0x000000a485100000,0x000000a485b00000) (10240K)]
  0x0000022cdde6c7c0 JavaThread "Batik CleanerThread"        daemon [_thread_blocked, id=11068, stack(0x000000a485b00000,0x000000a486500000) (10240K)]
  0x0000022cdde6a060 JavaThread "SyntheticaCleanerThread"    daemon [_thread_blocked, id=18748, stack(0x000000a486f00000,0x000000a487900000) (10240K)]
  0x0000022cdde6c130 JavaThread "Timer-0"                           [_thread_blocked, id=8180, stack(0x000000a487900000,0x000000a488300000) (10240K)]
  0x0000022cdde699d0 JavaThread "Monitor File Timestamp Swing Worker Thread"        [_thread_blocked, id=7440, stack(0x000000a488300000,0x000000a488d00000) (10240K)]
  0x0000022cdf0c0300 JavaThread "Monitor HEventQueue for Sluggish Gui Thread"        [_thread_blocked, id=20316, stack(0x000000a488d00000,0x000000a489700000) (10240K)]
  0x0000022cdf0be230 JavaThread "SyntheticaAnimation 50"     daemon [_thread_blocked, id=18908, stack(0x000000a489700000,0x000000a48a100000) (10240K)]
  0x0000022cdf0c0990 JavaThread "SyntheticaAnimation 25"     daemon [_thread_blocked, id=1708, stack(0x000000a48a100000,0x000000a48ab00000) (10240K)]
  0x0000022cdf0bb440 JavaThread "SyntheticaAnimation 70"     daemon [_thread_blocked, id=12512, stack(0x000000a48b500000,0x000000a48bf00000) (10240K)]
  0x0000022cdf0bfc70 JavaThread "Refresh Filesets Swing Worker Thread"        [_thread_blocked, id=28704, stack(0x000000a483200000,0x000000a483c00000) (10240K)]
  0x0000022cdf0c1020 JavaThread "hw_ila_monitor"                    [_thread_blocked, id=6828, stack(0x000000a486500000,0x000000a486f00000) (10240K)]
  0x0000022cdf0c16b0 JavaThread "pool-1-thread-1"                   [_thread_blocked, id=340, stack(0x000000a48d300000,0x000000a48dd00000) (10240K)]
  0x0000022cdf0ba720 JavaThread "Timer-1"                           [_thread_blocked, id=23208, stack(0x000000a48dd00000,0x000000a48e700000) (10240K)]
  0x0000022cdf0bc160 JavaThread "pool-2-thread-1"                   [_thread_blocked, id=23904, stack(0x000000a48e700000,0x000000a48f100000) (10240K)]
  0x0000022cdf0badb0 JavaThread "Timer-2"                           [_thread_blocked, id=18220, stack(0x000000a48f100000,0x000000a48fb00000) (10240K)]
  0x0000022cdf0bc7f0 JavaThread "pool-3-thread-1"                   [_thread_blocked, id=4948, stack(0x000000a48fb00000,0x000000a490500000) (10240K)]
  0x0000022cdde6ad80 JavaThread "Timer-3"                           [_thread_blocked, id=17264, stack(0x000000a490500000,0x000000a490f00000) (10240K)]
  0x0000022cdde6baa0 JavaThread "Update Runs Swing Worker Thread"        [_thread_blocked, id=27496, stack(0x000000a490f00000,0x000000a491900000) (10240K)]
  0x0000022d04234700 JavaThread "Thread-38"                         [_thread_in_native, id=27084, stack(0x000000a481a00000,0x000000a481b00000) (1024K)]
  0x0000022d0422d770 JavaThread "Thread-49"                         [_thread_in_native, id=6292, stack(0x000000a4f9d00000,0x000000a4f9e00000) (1024K)]
  0x0000022d0422f1b0 JavaThread "SyntheticaAnimation 50"     daemon [_thread_blocked, id=1076, stack(0x000000a48bf00000,0x000000a48c900000) (10240K)]
  0x0000022ce6841360 JavaThread "Timer-4"                           [_thread_blocked, id=22212, stack(0x000000a48c900000,0x000000a48d300000) (10240K)]
  0x0000022ce6843ac0 JavaThread "Monitor File Timestamp Swing Worker Thread"        [_thread_blocked, id=14968, stack(0x000000a491900000,0x000000a492300000) (10240K)]
  0x0000022ce68447e0 JavaThread "Timer-5"                           [_thread_blocked, id=27360, stack(0x000000a492300000,0x000000a492d00000) (10240K)]
  0x0000022ce683e570 JavaThread "Monitor File Timestamp Swing Worker Thread"        [_thread_blocked, id=29080, stack(0x000000a492d00000,0x000000a493700000) (10240K)]
  0x0000022ce6845500 JavaThread "Image Animator 3"           daemon [_thread_blocked, id=9204, stack(0x000000a494100000,0x000000a494b00000) (10240K)]
  0x0000022ce6842710 JavaThread "Swing-Shell"                daemon [_thread_blocked, id=12616, stack(0x000000a493700000,0x000000a494100000) (10240K)]
  0x0000022ce6844150 JavaThread "Thread-562"                        [_thread_in_native, id=6804, stack(0x000000a48b400000,0x000000a48b500000) (1024K)]
  0x0000022d0422fed0 JavaThread "Timer-6"                           [_thread_blocked, id=22324, stack(0x000000a494e00000,0x000000a495800000) (10240K)]
  0x0000022d0fe81010 JavaThread "Thread-615"                        [_thread_in_native, id=25644, stack(0x000000a481900000,0x000000a481a00000) (1024K)]
Total: 48

Other Threads:
  0x0000022cf28e3860 VMThread "VM Thread"                           [id=27064, stack(0x000000a4fa200000,0x000000a4fa300000) (1024K)]
  0x0000022cf5adaaf0 WatcherThread "VM Periodic Task Thread"        [id=26172, stack(0x000000a4fa100000,0x000000a4fa200000) (1024K)]
  0x0000022cf28e1420 WorkerThread "GC Thread#0"                     [id=25368, stack(0x000000a4f8200000,0x000000a4f8300000) (1024K)]
  0x0000022cf5b16920 WorkerThread "GC Thread#1"                     [id=24748, stack(0x000000a481500000,0x000000a481600000) (1024K)]
  0x0000022cf5b16cc0 WorkerThread "GC Thread#2"                     [id=8648, stack(0x000000a481600000,0x000000a481700000) (1024K)]
  0x0000022cf5b17400 WorkerThread "GC Thread#3"                     [id=2532, stack(0x000000a481700000,0x000000a481800000) (1024K)]
  0x0000022cf5268860 ConcurrentGCThread "G1 Main Marker"            [id=17640, stack(0x000000a4f9a00000,0x000000a4f9b00000) (1024K)]
  0x0000022cf28e3c00 WorkerThread "G1 Conc#0"                       [id=19440, stack(0x000000a4f9e00000,0x000000a4f9f00000) (1024K)]
  0x0000022cf52758b0 ConcurrentGCThread "G1 Refine#0"               [id=16008, stack(0x000000a4f9f00000,0x000000a4fa000000) (1024K)]
  0x0000022cf3a132b0 ConcurrentGCThread "G1 Service"                [id=17644, stack(0x000000a4fa000000,0x000000a4fa100000) (1024K)]
Total: 10

Threads with active compile tasks:
Total: 0

VM state: not at safepoint (normal execution)

VM Mutex/Monitor currently owned by a thread: None

Heap address: 0x0000000701800000, size: 4072 MB, Compressed Oops mode: Zero based, Oop shift amount: 3

CDS archive(s) mapped at: [0x0000022c95000000-0x0000022c95c90000-0x0000022c95c90000), size 13172736, SharedBaseAddress: 0x0000022c95000000, ArchiveRelocationMode: 1.
Compressed class space mapped at: 0x0000022c96000000-0x0000022cd6000000, reserved size: 1073741824
Narrow klass base: 0x0000022c95000000, Narrow klass shift: 0, Narrow klass range: 0x100000000

GC Precious Log:
 CardTable entry size: 512
 Card Set container configuration: InlinePtr #cards 4 size 8 Array Of Cards #cards 16 size 48 Howl #buckets 8 coarsen threshold 3686 Howl Bitmap #cards 512 size 80 coarsen threshold 460 Card regions per heap region 1 cards per card region 4096
 CPUs: 16 total, 16 available
 Memory: 16016M
 Large Page Support: Disabled
 NUMA Support: Disabled
 Compressed Oops: Enabled (Zero based)
 Heap Region Size: 2M
 Heap Min Capacity: 512M
 Heap Initial Capacity: 512M
 Heap Max Capacity: 4072M
 Pre-touch: Disabled
 Parallel Workers: 4
 Concurrent Workers: 1
 Concurrent Refinement Workers: 4
 Periodic GC: Disabled
 String Deduplication is enabled

Heap:
 garbage-first heap   total 524288K, used 154228K [0x0000000701800000, 0x0000000800000000)
  region size 2048K, 31 young (63488K), 2 survivors (4096K)
 Metaspace       used 88637K, committed 89280K, reserved 1179648K
  class space    used 12415K, committed 12736K, reserved 1048576K

Heap Regions: E=young(eden), S=young(survivor), O=old, HS=humongous(starts), HC=humongous(continues), CS=collection set, F=free, TAMS=top-at-mark-start, PB=parsable bottom
|   0|0x0000000701800000, 0x0000000701a00000, 0x0000000701a00000|100%|HS|  |TAMS 0x0000000701800000| PB 0x0000000701800000| Untracked 
|   1|0x0000000701a00000, 0x0000000701c00000, 0x0000000701c00000|100%| O|  |TAMS 0x0000000701a00000| PB 0x0000000701a00000| Untracked 
|   2|0x0000000701c00000, 0x0000000701e00000, 0x0000000701e00000|100%| O|  |TAMS 0x0000000701c00000| PB 0x0000000701c00000| Untracked 
|   3|0x0000000701e00000, 0x0000000701fffff8, 0x0000000702000000| 99%| O|  |TAMS 0x0000000701e00000| PB 0x0000000701e00000| Untracked 
|   4|0x0000000702000000, 0x00000007021ffbe0, 0x0000000702200000| 99%| O|  |TAMS 0x0000000702000000| PB 0x0000000702000000| Untracked 
|   5|0x0000000702200000, 0x00000007023ffff8, 0x0000000702400000| 99%| O|  |TAMS 0x0000000702200000| PB 0x0000000702200000| Untracked 
|   6|0x0000000702400000, 0x00000007025ffc80, 0x0000000702600000| 99%| O|  |TAMS 0x0000000702400000| PB 0x0000000702400000| Untracked 
|   7|0x0000000702600000, 0x00000007027ffff8, 0x0000000702800000| 99%| O|  |TAMS 0x0000000702600000| PB 0x0000000702600000| Untracked 
|   8|0x0000000702800000, 0x00000007029ffff0, 0x0000000702a00000| 99%| O|  |TAMS 0x0000000702800000| PB 0x0000000702800000| Untracked 
|   9|0x0000000702a00000, 0x0000000702c00000, 0x0000000702c00000|100%| O|  |TAMS 0x0000000702a00000| PB 0x0000000702a00000| Untracked 
|  10|0x0000000702c00000, 0x0000000702e00000, 0x0000000702e00000|100%| O|  |TAMS 0x0000000702c00000| PB 0x0000000702c00000| Untracked 
|  11|0x0000000702e00000, 0x0000000703000000, 0x0000000703000000|100%| O|  |TAMS 0x0000000702e00000| PB 0x0000000702e00000| Untracked 
|  12|0x0000000703000000, 0x00000007031fffe8, 0x0000000703200000| 99%| O|  |TAMS 0x0000000703000000| PB 0x0000000703000000| Untracked 
|  13|0x0000000703200000, 0x00000007033fffe0, 0x0000000703400000| 99%| O|  |TAMS 0x0000000703200000| PB 0x0000000703200000| Untracked 
|  14|0x0000000703400000, 0x00000007035ffff0, 0x0000000703600000| 99%| O|  |TAMS 0x0000000703400000| PB 0x0000000703400000| Untracked 
|  15|0x0000000703600000, 0x00000007037ffff8, 0x0000000703800000| 99%| O|  |TAMS 0x0000000703600000| PB 0x0000000703600000| Untracked 
|  16|0x0000000703800000, 0x00000007039feb08, 0x0000000703a00000| 99%| O|  |TAMS 0x0000000703800000| PB 0x0000000703800000| Untracked 
|  17|0x0000000703a00000, 0x0000000703bffff0, 0x0000000703c00000| 99%| O|  |TAMS 0x0000000703a00000| PB 0x0000000703a00000| Untracked 
|  18|0x0000000703c00000, 0x0000000703e00000, 0x0000000703e00000|100%|HS|  |TAMS 0x0000000703c00000| PB 0x0000000703c00000| Untracked 
|  19|0x0000000703e00000, 0x0000000704000000, 0x0000000704000000|100%|HC|  |TAMS 0x0000000703e00000| PB 0x0000000703e00000| Untracked 
|  20|0x0000000704000000, 0x0000000704200000, 0x0000000704200000|100%|HC|  |TAMS 0x0000000704000000| PB 0x0000000704000000| Untracked 
|  21|0x0000000704200000, 0x0000000704400000, 0x0000000704400000|100%|HC|  |TAMS 0x0000000704200000| PB 0x0000000704200000| Untracked 
|  22|0x0000000704400000, 0x0000000704600000, 0x0000000704600000|100%|HC|  |TAMS 0x0000000704400000| PB 0x0000000704400000| Untracked 
|  23|0x0000000704600000, 0x0000000704800000, 0x0000000704800000|100%|HC|  |TAMS 0x0000000704600000| PB 0x0000000704600000| Untracked 
|  24|0x0000000704800000, 0x0000000704a00000, 0x0000000704a00000|100%| O|  |TAMS 0x0000000704800000| PB 0x0000000704800000| Untracked 
|  25|0x0000000704a00000, 0x0000000704bfff18, 0x0000000704c00000| 99%| O|  |TAMS 0x0000000704a00000| PB 0x0000000704a00000| Untracked 
|  26|0x0000000704c00000, 0x0000000704df9528, 0x0000000704e00000| 98%| O|  |TAMS 0x0000000704c00000| PB 0x0000000704c00000| Untracked 
|  27|0x0000000704e00000, 0x0000000705000000, 0x0000000705000000|100%|HS|  |TAMS 0x0000000704e00000| PB 0x0000000704e00000| Untracked 
|  28|0x0000000705000000, 0x0000000705200000, 0x0000000705200000|100%|HC|  |TAMS 0x0000000705000000| PB 0x0000000705000000| Untracked 
|  29|0x0000000705200000, 0x0000000705400000, 0x0000000705400000|100%|HC|  |TAMS 0x0000000705200000| PB 0x0000000705200000| Untracked 
|  30|0x0000000705400000, 0x0000000705600000, 0x0000000705600000|100%|HC|  |TAMS 0x0000000705400000| PB 0x0000000705400000| Untracked 
|  31|0x0000000705600000, 0x00000007057ffef8, 0x0000000705800000| 99%| O|  |TAMS 0x0000000705600000| PB 0x0000000705600000| Untracked 
|  32|0x0000000705800000, 0x00000007059fffe8, 0x0000000705a00000| 99%| O|  |TAMS 0x0000000705800000| PB 0x0000000705800000| Untracked 
|  33|0x0000000705a00000, 0x0000000705bfffe8, 0x0000000705c00000| 99%| O|  |TAMS 0x0000000705a00000| PB 0x0000000705a00000| Untracked 
|  34|0x0000000705c00000, 0x0000000705dfff00, 0x0000000705e00000| 99%| O|  |TAMS 0x0000000705c00000| PB 0x0000000705c00000| Untracked 
|  35|0x0000000705e00000, 0x0000000705fffd80, 0x0000000706000000| 99%| O|  |TAMS 0x0000000705e00000| PB 0x0000000705e00000| Untracked 
|  36|0x0000000706000000, 0x0000000706200000, 0x0000000706200000|100%| O|  |TAMS 0x0000000706000000| PB 0x0000000706000000| Untracked 
|  37|0x0000000706200000, 0x0000000706400000, 0x0000000706400000|100%|HS|  |TAMS 0x0000000706200000| PB 0x0000000706200000| Untracked 
|  38|0x0000000706400000, 0x0000000706600000, 0x0000000706600000|100%|HC|  |TAMS 0x0000000706400000| PB 0x0000000706400000| Untracked 
|  39|0x0000000706600000, 0x00000007067ffff0, 0x0000000706800000| 99%| O|  |TAMS 0x0000000706600000| PB 0x0000000706600000| Untracked 
|  40|0x0000000706800000, 0x00000007069d10e8, 0x0000000706a00000| 90%| O|  |TAMS 0x0000000706800000| PB 0x0000000706800000| Untracked 
|  41|0x0000000706a00000, 0x0000000706b388c8, 0x0000000706c00000| 61%| O|  |TAMS 0x0000000706a00000| PB 0x0000000706a00000| Untracked 
|  42|0x0000000706c00000, 0x0000000706e00000, 0x0000000706e00000|100%| O|  |TAMS 0x0000000706c00000| PB 0x0000000706c00000| Untracked 
|  43|0x0000000706e00000, 0x0000000707000000, 0x0000000707000000|100%| O|  |TAMS 0x0000000706e00000| PB 0x0000000706e00000| Untracked 
|  44|0x0000000707000000, 0x0000000707000000, 0x0000000707200000|  0%| F|  |TAMS 0x0000000707000000| PB 0x0000000707000000| Untracked 
|  45|0x0000000707200000, 0x0000000707400000, 0x0000000707400000|100%| O|  |TAMS 0x0000000707200000| PB 0x0000000707200000| Untracked 
|  46|0x0000000707400000, 0x0000000707400000, 0x0000000707600000|  0%| F|  |TAMS 0x0000000707400000| PB 0x0000000707400000| Untracked 
|  47|0x0000000707600000, 0x0000000707799760, 0x0000000707800000| 79%| O|  |TAMS 0x0000000707600000| PB 0x0000000707600000| Untracked 
|  48|0x0000000707800000, 0x0000000707893220, 0x0000000707a00000| 28%| O|  |TAMS 0x0000000707800000| PB 0x0000000707800000| Untracked 
|  49|0x0000000707a00000, 0x0000000707a00000, 0x0000000707c00000|  0%| F|  |TAMS 0x0000000707a00000| PB 0x0000000707a00000| Untracked 
|  50|0x0000000707c00000, 0x0000000707c00000, 0x0000000707e00000|  0%| F|  |TAMS 0x0000000707c00000| PB 0x0000000707c00000| Untracked 
|  51|0x0000000707e00000, 0x0000000707e00000, 0x0000000708000000|  0%| F|  |TAMS 0x0000000707e00000| PB 0x0000000707e00000| Untracked 
|  52|0x0000000708000000, 0x0000000708000000, 0x0000000708200000|  0%| F|  |TAMS 0x0000000708000000| PB 0x0000000708000000| Untracked 
|  53|0x0000000708200000, 0x0000000708200000, 0x0000000708400000|  0%| F|  |TAMS 0x0000000708200000| PB 0x0000000708200000| Untracked 
|  54|0x0000000708400000, 0x0000000708400000, 0x0000000708600000|  0%| F|  |TAMS 0x0000000708400000| PB 0x0000000708400000| Untracked 
|  55|0x0000000708600000, 0x0000000708600000, 0x0000000708800000|  0%| F|  |TAMS 0x0000000708600000| PB 0x0000000708600000| Untracked 
|  56|0x0000000708800000, 0x0000000708800000, 0x0000000708a00000|  0%| F|  |TAMS 0x0000000708800000| PB 0x0000000708800000| Untracked 
|  57|0x0000000708a00000, 0x0000000708a00000, 0x0000000708c00000|  0%| F|  |TAMS 0x0000000708a00000| PB 0x0000000708a00000| Untracked 
|  58|0x0000000708c00000, 0x0000000708c00000, 0x0000000708e00000|  0%| F|  |TAMS 0x0000000708c00000| PB 0x0000000708c00000| Untracked 
|  59|0x0000000708e00000, 0x0000000708e00000, 0x0000000709000000|  0%| F|  |TAMS 0x0000000708e00000| PB 0x0000000708e00000| Untracked 
|  60|0x0000000709000000, 0x0000000709000000, 0x0000000709200000|  0%| F|  |TAMS 0x0000000709000000| PB 0x0000000709000000| Untracked 
|  61|0x0000000709200000, 0x0000000709200000, 0x0000000709400000|  0%| F|  |TAMS 0x0000000709200000| PB 0x0000000709200000| Untracked 
|  62|0x0000000709400000, 0x0000000709400000, 0x0000000709600000|  0%| F|  |TAMS 0x0000000709400000| PB 0x0000000709400000| Untracked 
|  63|0x0000000709600000, 0x0000000709600000, 0x0000000709800000|  0%| F|  |TAMS 0x0000000709600000| PB 0x0000000709600000| Untracked 
|  64|0x0000000709800000, 0x0000000709800000, 0x0000000709a00000|  0%| F|  |TAMS 0x0000000709800000| PB 0x0000000709800000| Untracked 
|  65|0x0000000709a00000, 0x0000000709a00000, 0x0000000709c00000|  0%| F|  |TAMS 0x0000000709a00000| PB 0x0000000709a00000| Untracked 
|  66|0x0000000709c00000, 0x0000000709c00000, 0x0000000709e00000|  0%| F|  |TAMS 0x0000000709c00000| PB 0x0000000709c00000| Untracked 
|  67|0x0000000709e00000, 0x0000000709e00000, 0x000000070a000000|  0%| F|  |TAMS 0x0000000709e00000| PB 0x0000000709e00000| Untracked 
|  68|0x000000070a000000, 0x000000070a000000, 0x000000070a200000|  0%| F|  |TAMS 0x000000070a000000| PB 0x000000070a000000| Untracked 
|  69|0x000000070a200000, 0x000000070a200000, 0x000000070a400000|  0%| F|  |TAMS 0x000000070a200000| PB 0x000000070a200000| Untracked 
|  70|0x000000070a400000, 0x000000070a400000, 0x000000070a600000|  0%| F|  |TAMS 0x000000070a400000| PB 0x000000070a400000| Untracked 
|  71|0x000000070a600000, 0x000000070a600000, 0x000000070a800000|  0%| F|  |TAMS 0x000000070a600000| PB 0x000000070a600000| Untracked 
|  72|0x000000070a800000, 0x000000070a800000, 0x000000070aa00000|  0%| F|  |TAMS 0x000000070a800000| PB 0x000000070a800000| Untracked 
|  73|0x000000070aa00000, 0x000000070aa00000, 0x000000070ac00000|  0%| F|  |TAMS 0x000000070aa00000| PB 0x000000070aa00000| Untracked 
|  74|0x000000070ac00000, 0x000000070ac00000, 0x000000070ae00000|  0%| F|  |TAMS 0x000000070ac00000| PB 0x000000070ac00000| Untracked 
|  75|0x000000070ae00000, 0x000000070ae00000, 0x000000070b000000|  0%| F|  |TAMS 0x000000070ae00000| PB 0x000000070ae00000| Untracked 
|  76|0x000000070b000000, 0x000000070b000000, 0x000000070b200000|  0%| F|  |TAMS 0x000000070b000000| PB 0x000000070b000000| Untracked 
|  77|0x000000070b200000, 0x000000070b200000, 0x000000070b400000|  0%| F|  |TAMS 0x000000070b200000| PB 0x000000070b200000| Untracked 
|  78|0x000000070b400000, 0x000000070b400000, 0x000000070b600000|  0%| F|  |TAMS 0x000000070b400000| PB 0x000000070b400000| Untracked 
|  79|0x000000070b600000, 0x000000070b600000, 0x000000070b800000|  0%| F|  |TAMS 0x000000070b600000| PB 0x000000070b600000| Untracked 
|  80|0x000000070b800000, 0x000000070b800000, 0x000000070ba00000|  0%| F|  |TAMS 0x000000070b800000| PB 0x000000070b800000| Untracked 
|  81|0x000000070ba00000, 0x000000070ba00000, 0x000000070bc00000|  0%| F|  |TAMS 0x000000070ba00000| PB 0x000000070ba00000| Untracked 
|  82|0x000000070bc00000, 0x000000070bc00000, 0x000000070be00000|  0%| F|  |TAMS 0x000000070bc00000| PB 0x000000070bc00000| Untracked 
|  83|0x000000070be00000, 0x000000070be00000, 0x000000070c000000|  0%| F|  |TAMS 0x000000070be00000| PB 0x000000070be00000| Untracked 
|  84|0x000000070c000000, 0x000000070c000000, 0x000000070c200000|  0%| F|  |TAMS 0x000000070c000000| PB 0x000000070c000000| Untracked 
|  85|0x000000070c200000, 0x000000070c200000, 0x000000070c400000|  0%| F|  |TAMS 0x000000070c200000| PB 0x000000070c200000| Untracked 
|  86|0x000000070c400000, 0x000000070c400000, 0x000000070c600000|  0%| F|  |TAMS 0x000000070c400000| PB 0x000000070c400000| Untracked 
|  87|0x000000070c600000, 0x000000070c600000, 0x000000070c800000|  0%| F|  |TAMS 0x000000070c600000| PB 0x000000070c600000| Untracked 
|  88|0x000000070c800000, 0x000000070c800000, 0x000000070ca00000|  0%| F|  |TAMS 0x000000070c800000| PB 0x000000070c800000| Untracked 
|  89|0x000000070ca00000, 0x000000070ca00000, 0x000000070cc00000|  0%| F|  |TAMS 0x000000070ca00000| PB 0x000000070ca00000| Untracked 
|  90|0x000000070cc00000, 0x000000070cc00000, 0x000000070ce00000|  0%| F|  |TAMS 0x000000070cc00000| PB 0x000000070cc00000| Untracked 
|  91|0x000000070ce00000, 0x000000070ce00000, 0x000000070d000000|  0%| F|  |TAMS 0x000000070ce00000| PB 0x000000070ce00000| Untracked 
|  92|0x000000070d000000, 0x000000070d000000, 0x000000070d200000|  0%| F|  |TAMS 0x000000070d000000| PB 0x000000070d000000| Untracked 
|  93|0x000000070d200000, 0x000000070d200000, 0x000000070d400000|  0%| F|  |TAMS 0x000000070d200000| PB 0x000000070d200000| Untracked 
|  94|0x000000070d400000, 0x000000070d400000, 0x000000070d600000|  0%| F|  |TAMS 0x000000070d400000| PB 0x000000070d400000| Untracked 
|  95|0x000000070d600000, 0x000000070d600000, 0x000000070d800000|  0%| F|  |TAMS 0x000000070d600000| PB 0x000000070d600000| Untracked 
|  96|0x000000070d800000, 0x000000070d800000, 0x000000070da00000|  0%| F|  |TAMS 0x000000070d800000| PB 0x000000070d800000| Untracked 
|  97|0x000000070da00000, 0x000000070da00000, 0x000000070dc00000|  0%| F|  |TAMS 0x000000070da00000| PB 0x000000070da00000| Untracked 
|  98|0x000000070dc00000, 0x000000070dc00000, 0x000000070de00000|  0%| F|  |TAMS 0x000000070dc00000| PB 0x000000070dc00000| Untracked 
|  99|0x000000070de00000, 0x000000070de00000, 0x000000070e000000|  0%| F|  |TAMS 0x000000070de00000| PB 0x000000070de00000| Untracked 
| 100|0x000000070e000000, 0x000000070e000000, 0x000000070e200000|  0%| F|  |TAMS 0x000000070e000000| PB 0x000000070e000000| Untracked 
| 101|0x000000070e200000, 0x000000070e200000, 0x000000070e400000|  0%| F|  |TAMS 0x000000070e200000| PB 0x000000070e200000| Untracked 
| 102|0x000000070e400000, 0x000000070e400000, 0x000000070e600000|  0%| F|  |TAMS 0x000000070e400000| PB 0x000000070e400000| Untracked 
| 103|0x000000070e600000, 0x000000070e600000, 0x000000070e800000|  0%| F|  |TAMS 0x000000070e600000| PB 0x000000070e600000| Untracked 
| 104|0x000000070e800000, 0x000000070e800000, 0x000000070ea00000|  0%| F|  |TAMS 0x000000070e800000| PB 0x000000070e800000| Untracked 
| 105|0x000000070ea00000, 0x000000070ea00000, 0x000000070ec00000|  0%| F|  |TAMS 0x000000070ea00000| PB 0x000000070ea00000| Untracked 
| 106|0x000000070ec00000, 0x000000070ec00000, 0x000000070ee00000|  0%| F|  |TAMS 0x000000070ec00000| PB 0x000000070ec00000| Untracked 
| 107|0x000000070ee00000, 0x000000070ee00000, 0x000000070f000000|  0%| F|  |TAMS 0x000000070ee00000| PB 0x000000070ee00000| Untracked 
| 108|0x000000070f000000, 0x000000070f000000, 0x000000070f200000|  0%| F|  |TAMS 0x000000070f000000| PB 0x000000070f000000| Untracked 
| 109|0x000000070f200000, 0x000000070f200000, 0x000000070f400000|  0%| F|  |TAMS 0x000000070f200000| PB 0x000000070f200000| Untracked 
| 110|0x000000070f400000, 0x000000070f400000, 0x000000070f600000|  0%| F|  |TAMS 0x000000070f400000| PB 0x000000070f400000| Untracked 
| 111|0x000000070f600000, 0x000000070f600000, 0x000000070f800000|  0%| F|  |TAMS 0x000000070f600000| PB 0x000000070f600000| Untracked 
| 112|0x000000070f800000, 0x000000070f800000, 0x000000070fa00000|  0%| F|  |TAMS 0x000000070f800000| PB 0x000000070f800000| Untracked 
| 113|0x000000070fa00000, 0x000000070fa00000, 0x000000070fc00000|  0%| F|  |TAMS 0x000000070fa00000| PB 0x000000070fa00000| Untracked 
| 114|0x000000070fc00000, 0x000000070fc00000, 0x000000070fe00000|  0%| F|  |TAMS 0x000000070fc00000| PB 0x000000070fc00000| Untracked 
| 115|0x000000070fe00000, 0x000000070fe00000, 0x0000000710000000|  0%| F|  |TAMS 0x000000070fe00000| PB 0x000000070fe00000| Untracked 
| 116|0x0000000710000000, 0x0000000710000000, 0x0000000710200000|  0%| F|  |TAMS 0x0000000710000000| PB 0x0000000710000000| Untracked 
| 117|0x0000000710200000, 0x0000000710200000, 0x0000000710400000|  0%| F|  |TAMS 0x0000000710200000| PB 0x0000000710200000| Untracked 
| 118|0x0000000710400000, 0x0000000710400000, 0x0000000710600000|  0%| F|  |TAMS 0x0000000710400000| PB 0x0000000710400000| Untracked 
| 119|0x0000000710600000, 0x0000000710600000, 0x0000000710800000|  0%| F|  |TAMS 0x0000000710600000| PB 0x0000000710600000| Untracked 
| 120|0x0000000710800000, 0x0000000710800000, 0x0000000710a00000|  0%| F|  |TAMS 0x0000000710800000| PB 0x0000000710800000| Untracked 
| 121|0x0000000710a00000, 0x0000000710a00000, 0x0000000710c00000|  0%| F|  |TAMS 0x0000000710a00000| PB 0x0000000710a00000| Untracked 
| 122|0x0000000710c00000, 0x0000000710c00000, 0x0000000710e00000|  0%| F|  |TAMS 0x0000000710c00000| PB 0x0000000710c00000| Untracked 
| 123|0x0000000710e00000, 0x0000000710e00000, 0x0000000711000000|  0%| F|  |TAMS 0x0000000710e00000| PB 0x0000000710e00000| Untracked 
| 124|0x0000000711000000, 0x0000000711000000, 0x0000000711200000|  0%| F|  |TAMS 0x0000000711000000| PB 0x0000000711000000| Untracked 
| 125|0x0000000711200000, 0x0000000711200000, 0x0000000711400000|  0%| F|  |TAMS 0x0000000711200000| PB 0x0000000711200000| Untracked 
| 126|0x0000000711400000, 0x0000000711400000, 0x0000000711600000|  0%| F|  |TAMS 0x0000000711400000| PB 0x0000000711400000| Untracked 
| 127|0x0000000711600000, 0x0000000711600000, 0x0000000711800000|  0%| F|  |TAMS 0x0000000711600000| PB 0x0000000711600000| Untracked 
| 128|0x0000000711800000, 0x0000000711800000, 0x0000000711a00000|  0%| F|  |TAMS 0x0000000711800000| PB 0x0000000711800000| Untracked 
| 129|0x0000000711a00000, 0x0000000711a00000, 0x0000000711c00000|  0%| F|  |TAMS 0x0000000711a00000| PB 0x0000000711a00000| Untracked 
| 130|0x0000000711c00000, 0x0000000711c00000, 0x0000000711e00000|  0%| F|  |TAMS 0x0000000711c00000| PB 0x0000000711c00000| Untracked 
| 131|0x0000000711e00000, 0x0000000711e00000, 0x0000000712000000|  0%| F|  |TAMS 0x0000000711e00000| PB 0x0000000711e00000| Untracked 
| 132|0x0000000712000000, 0x0000000712000000, 0x0000000712200000|  0%| F|  |TAMS 0x0000000712000000| PB 0x0000000712000000| Untracked 
| 133|0x0000000712200000, 0x0000000712200000, 0x0000000712400000|  0%| F|  |TAMS 0x0000000712200000| PB 0x0000000712200000| Untracked 
| 134|0x0000000712400000, 0x0000000712400000, 0x0000000712600000|  0%| F|  |TAMS 0x0000000712400000| PB 0x0000000712400000| Untracked 
| 135|0x0000000712600000, 0x0000000712600000, 0x0000000712800000|  0%| F|  |TAMS 0x0000000712600000| PB 0x0000000712600000| Untracked 
| 136|0x0000000712800000, 0x0000000712800000, 0x0000000712a00000|  0%| F|  |TAMS 0x0000000712800000| PB 0x0000000712800000| Untracked 
| 137|0x0000000712a00000, 0x0000000712a00000, 0x0000000712c00000|  0%| F|  |TAMS 0x0000000712a00000| PB 0x0000000712a00000| Untracked 
| 138|0x0000000712c00000, 0x0000000712c00000, 0x0000000712e00000|  0%| F|  |TAMS 0x0000000712c00000| PB 0x0000000712c00000| Untracked 
| 139|0x0000000712e00000, 0x0000000712e00000, 0x0000000713000000|  0%| F|  |TAMS 0x0000000712e00000| PB 0x0000000712e00000| Untracked 
| 140|0x0000000713000000, 0x0000000713000000, 0x0000000713200000|  0%| F|  |TAMS 0x0000000713000000| PB 0x0000000713000000| Untracked 
| 141|0x0000000713200000, 0x0000000713200000, 0x0000000713400000|  0%| F|  |TAMS 0x0000000713200000| PB 0x0000000713200000| Untracked 
| 142|0x0000000713400000, 0x0000000713400000, 0x0000000713600000|  0%| F|  |TAMS 0x0000000713400000| PB 0x0000000713400000| Untracked 
| 143|0x0000000713600000, 0x0000000713600000, 0x0000000713800000|  0%| F|  |TAMS 0x0000000713600000| PB 0x0000000713600000| Untracked 
| 144|0x0000000713800000, 0x0000000713800000, 0x0000000713a00000|  0%| F|  |TAMS 0x0000000713800000| PB 0x0000000713800000| Untracked 
| 145|0x0000000713a00000, 0x0000000713a00000, 0x0000000713c00000|  0%| F|  |TAMS 0x0000000713a00000| PB 0x0000000713a00000| Untracked 
| 146|0x0000000713c00000, 0x0000000713c00000, 0x0000000713e00000|  0%| F|  |TAMS 0x0000000713c00000| PB 0x0000000713c00000| Untracked 
| 147|0x0000000713e00000, 0x0000000713e00000, 0x0000000714000000|  0%| F|  |TAMS 0x0000000713e00000| PB 0x0000000713e00000| Untracked 
| 148|0x0000000714000000, 0x0000000714000000, 0x0000000714200000|  0%| F|  |TAMS 0x0000000714000000| PB 0x0000000714000000| Untracked 
| 149|0x0000000714200000, 0x0000000714200000, 0x0000000714400000|  0%| F|  |TAMS 0x0000000714200000| PB 0x0000000714200000| Untracked 
| 150|0x0000000714400000, 0x0000000714400000, 0x0000000714600000|  0%| F|  |TAMS 0x0000000714400000| PB 0x0000000714400000| Untracked 
| 151|0x0000000714600000, 0x0000000714600000, 0x0000000714800000|  0%| F|  |TAMS 0x0000000714600000| PB 0x0000000714600000| Untracked 
| 152|0x0000000714800000, 0x0000000714800000, 0x0000000714a00000|  0%| F|  |TAMS 0x0000000714800000| PB 0x0000000714800000| Untracked 
| 153|0x0000000714a00000, 0x0000000714a00000, 0x0000000714c00000|  0%| F|  |TAMS 0x0000000714a00000| PB 0x0000000714a00000| Untracked 
| 154|0x0000000714c00000, 0x0000000714c00000, 0x0000000714e00000|  0%| F|  |TAMS 0x0000000714c00000| PB 0x0000000714c00000| Untracked 
| 155|0x0000000714e00000, 0x0000000714e00000, 0x0000000715000000|  0%| F|  |TAMS 0x0000000714e00000| PB 0x0000000714e00000| Untracked 
| 156|0x0000000715000000, 0x0000000715000000, 0x0000000715200000|  0%| F|  |TAMS 0x0000000715000000| PB 0x0000000715000000| Untracked 
| 157|0x0000000715200000, 0x0000000715200000, 0x0000000715400000|  0%| F|  |TAMS 0x0000000715200000| PB 0x0000000715200000| Untracked 
| 158|0x0000000715400000, 0x0000000715400000, 0x0000000715600000|  0%| F|  |TAMS 0x0000000715400000| PB 0x0000000715400000| Untracked 
| 159|0x0000000715600000, 0x0000000715600000, 0x0000000715800000|  0%| F|  |TAMS 0x0000000715600000| PB 0x0000000715600000| Untracked 
| 160|0x0000000715800000, 0x0000000715800000, 0x0000000715a00000|  0%| F|  |TAMS 0x0000000715800000| PB 0x0000000715800000| Untracked 
| 161|0x0000000715a00000, 0x0000000715a00000, 0x0000000715c00000|  0%| F|  |TAMS 0x0000000715a00000| PB 0x0000000715a00000| Untracked 
| 162|0x0000000715c00000, 0x0000000715c00000, 0x0000000715e00000|  0%| F|  |TAMS 0x0000000715c00000| PB 0x0000000715c00000| Untracked 
| 163|0x0000000715e00000, 0x0000000715e00000, 0x0000000716000000|  0%| F|  |TAMS 0x0000000715e00000| PB 0x0000000715e00000| Untracked 
| 164|0x0000000716000000, 0x0000000716000000, 0x0000000716200000|  0%| F|  |TAMS 0x0000000716000000| PB 0x0000000716000000| Untracked 
| 165|0x0000000716200000, 0x0000000716200000, 0x0000000716400000|  0%| F|  |TAMS 0x0000000716200000| PB 0x0000000716200000| Untracked 
| 166|0x0000000716400000, 0x0000000716400000, 0x0000000716600000|  0%| F|  |TAMS 0x0000000716400000| PB 0x0000000716400000| Untracked 
| 167|0x0000000716600000, 0x0000000716600000, 0x0000000716800000|  0%| F|  |TAMS 0x0000000716600000| PB 0x0000000716600000| Untracked 
| 168|0x0000000716800000, 0x0000000716800000, 0x0000000716a00000|  0%| F|  |TAMS 0x0000000716800000| PB 0x0000000716800000| Untracked 
| 169|0x0000000716a00000, 0x0000000716a00000, 0x0000000716c00000|  0%| F|  |TAMS 0x0000000716a00000| PB 0x0000000716a00000| Untracked 
| 170|0x0000000716c00000, 0x0000000716c00000, 0x0000000716e00000|  0%| F|  |TAMS 0x0000000716c00000| PB 0x0000000716c00000| Untracked 
| 171|0x0000000716e00000, 0x0000000716e00000, 0x0000000717000000|  0%| F|  |TAMS 0x0000000716e00000| PB 0x0000000716e00000| Untracked 
| 172|0x0000000717000000, 0x0000000717000000, 0x0000000717200000|  0%| F|  |TAMS 0x0000000717000000| PB 0x0000000717000000| Untracked 
| 173|0x0000000717200000, 0x0000000717200000, 0x0000000717400000|  0%| F|  |TAMS 0x0000000717200000| PB 0x0000000717200000| Untracked 
| 174|0x0000000717400000, 0x0000000717400000, 0x0000000717600000|  0%| F|  |TAMS 0x0000000717400000| PB 0x0000000717400000| Untracked 
| 175|0x0000000717600000, 0x0000000717600000, 0x0000000717800000|  0%| F|  |TAMS 0x0000000717600000| PB 0x0000000717600000| Untracked 
| 176|0x0000000717800000, 0x0000000717800000, 0x0000000717a00000|  0%| F|  |TAMS 0x0000000717800000| PB 0x0000000717800000| Untracked 
| 177|0x0000000717a00000, 0x0000000717a00000, 0x0000000717c00000|  0%| F|  |TAMS 0x0000000717a00000| PB 0x0000000717a00000| Untracked 
| 178|0x0000000717c00000, 0x0000000717c00000, 0x0000000717e00000|  0%| F|  |TAMS 0x0000000717c00000| PB 0x0000000717c00000| Untracked 
| 179|0x0000000717e00000, 0x0000000717e00000, 0x0000000718000000|  0%| F|  |TAMS 0x0000000717e00000| PB 0x0000000717e00000| Untracked 
| 180|0x0000000718000000, 0x0000000718000000, 0x0000000718200000|  0%| F|  |TAMS 0x0000000718000000| PB 0x0000000718000000| Untracked 
| 181|0x0000000718200000, 0x0000000718200000, 0x0000000718400000|  0%| F|  |TAMS 0x0000000718200000| PB 0x0000000718200000| Untracked 
| 182|0x0000000718400000, 0x0000000718400000, 0x0000000718600000|  0%| F|  |TAMS 0x0000000718400000| PB 0x0000000718400000| Untracked 
| 183|0x0000000718600000, 0x0000000718600000, 0x0000000718800000|  0%| F|  |TAMS 0x0000000718600000| PB 0x0000000718600000| Untracked 
| 184|0x0000000718800000, 0x0000000718800000, 0x0000000718a00000|  0%| F|  |TAMS 0x0000000718800000| PB 0x0000000718800000| Untracked 
| 185|0x0000000718a00000, 0x0000000718a00000, 0x0000000718c00000|  0%| F|  |TAMS 0x0000000718a00000| PB 0x0000000718a00000| Untracked 
| 186|0x0000000718c00000, 0x0000000718c00000, 0x0000000718e00000|  0%| F|  |TAMS 0x0000000718c00000| PB 0x0000000718c00000| Untracked 
| 187|0x0000000718e00000, 0x0000000718e00000, 0x0000000719000000|  0%| F|  |TAMS 0x0000000718e00000| PB 0x0000000718e00000| Untracked 
| 188|0x0000000719000000, 0x0000000719000000, 0x0000000719200000|  0%| F|  |TAMS 0x0000000719000000| PB 0x0000000719000000| Untracked 
| 189|0x0000000719200000, 0x0000000719200000, 0x0000000719400000|  0%| F|  |TAMS 0x0000000719200000| PB 0x0000000719200000| Untracked 
| 190|0x0000000719400000, 0x0000000719400000, 0x0000000719600000|  0%| F|  |TAMS 0x0000000719400000| PB 0x0000000719400000| Untracked 
| 191|0x0000000719600000, 0x0000000719600000, 0x0000000719800000|  0%| F|  |TAMS 0x0000000719600000| PB 0x0000000719600000| Untracked 
| 192|0x0000000719800000, 0x0000000719800000, 0x0000000719a00000|  0%| F|  |TAMS 0x0000000719800000| PB 0x0000000719800000| Untracked 
| 193|0x0000000719a00000, 0x0000000719a00000, 0x0000000719c00000|  0%| F|  |TAMS 0x0000000719a00000| PB 0x0000000719a00000| Untracked 
| 194|0x0000000719c00000, 0x0000000719c00000, 0x0000000719e00000|  0%| F|  |TAMS 0x0000000719c00000| PB 0x0000000719c00000| Untracked 
| 195|0x0000000719e00000, 0x0000000719e00000, 0x000000071a000000|  0%| F|  |TAMS 0x0000000719e00000| PB 0x0000000719e00000| Untracked 
| 196|0x000000071a000000, 0x000000071a000000, 0x000000071a200000|  0%| F|  |TAMS 0x000000071a000000| PB 0x000000071a000000| Untracked 
| 197|0x000000071a200000, 0x000000071a200000, 0x000000071a400000|  0%| F|  |TAMS 0x000000071a200000| PB 0x000000071a200000| Untracked 
| 198|0x000000071a400000, 0x000000071a400000, 0x000000071a600000|  0%| F|  |TAMS 0x000000071a400000| PB 0x000000071a400000| Untracked 
| 199|0x000000071a600000, 0x000000071a600000, 0x000000071a800000|  0%| F|  |TAMS 0x000000071a600000| PB 0x000000071a600000| Untracked 
| 200|0x000000071a800000, 0x000000071a800000, 0x000000071aa00000|  0%| F|  |TAMS 0x000000071a800000| PB 0x000000071a800000| Untracked 
| 201|0x000000071aa00000, 0x000000071aa00000, 0x000000071ac00000|  0%| F|  |TAMS 0x000000071aa00000| PB 0x000000071aa00000| Untracked 
| 202|0x000000071ac00000, 0x000000071ac00000, 0x000000071ae00000|  0%| F|  |TAMS 0x000000071ac00000| PB 0x000000071ac00000| Untracked 
| 203|0x000000071ae00000, 0x000000071ae00000, 0x000000071b000000|  0%| F|  |TAMS 0x000000071ae00000| PB 0x000000071ae00000| Untracked 
| 204|0x000000071b000000, 0x000000071b000000, 0x000000071b200000|  0%| F|  |TAMS 0x000000071b000000| PB 0x000000071b000000| Untracked 
| 205|0x000000071b200000, 0x000000071b200000, 0x000000071b400000|  0%| F|  |TAMS 0x000000071b200000| PB 0x000000071b200000| Untracked 
| 206|0x000000071b400000, 0x000000071b400000, 0x000000071b600000|  0%| F|  |TAMS 0x000000071b400000| PB 0x000000071b400000| Untracked 
| 207|0x000000071b600000, 0x000000071b600000, 0x000000071b800000|  0%| F|  |TAMS 0x000000071b600000| PB 0x000000071b600000| Untracked 
| 208|0x000000071b800000, 0x000000071b800000, 0x000000071ba00000|  0%| F|  |TAMS 0x000000071b800000| PB 0x000000071b800000| Untracked 
| 209|0x000000071ba00000, 0x000000071ba00000, 0x000000071bc00000|  0%| F|  |TAMS 0x000000071ba00000| PB 0x000000071ba00000| Untracked 
| 210|0x000000071bc00000, 0x000000071bc00000, 0x000000071be00000|  0%| F|  |TAMS 0x000000071bc00000| PB 0x000000071bc00000| Untracked 
| 211|0x000000071be00000, 0x000000071be00000, 0x000000071c000000|  0%| F|  |TAMS 0x000000071be00000| PB 0x000000071be00000| Untracked 
| 212|0x000000071c000000, 0x000000071c000000, 0x000000071c200000|  0%| F|  |TAMS 0x000000071c000000| PB 0x000000071c000000| Untracked 
| 213|0x000000071c200000, 0x000000071c200000, 0x000000071c400000|  0%| F|  |TAMS 0x000000071c200000| PB 0x000000071c200000| Untracked 
| 214|0x000000071c400000, 0x000000071c400000, 0x000000071c600000|  0%| F|  |TAMS 0x000000071c400000| PB 0x000000071c400000| Untracked 
| 215|0x000000071c600000, 0x000000071c76fbc0, 0x000000071c800000| 71%| S|CS|TAMS 0x000000071c600000| PB 0x000000071c600000| Complete 
| 216|0x000000071c800000, 0x000000071c800000, 0x000000071ca00000|  0%| F|  |TAMS 0x000000071c800000| PB 0x000000071c800000| Untracked 
| 217|0x000000071ca00000, 0x000000071cc00000, 0x000000071cc00000|100%| S|CS|TAMS 0x000000071ca00000| PB 0x000000071ca00000| Complete 
| 218|0x000000071cc00000, 0x000000071cc00000, 0x000000071ce00000|  0%| F|  |TAMS 0x000000071cc00000| PB 0x000000071cc00000| Untracked 
| 219|0x000000071ce00000, 0x000000071ce00000, 0x000000071d000000|  0%| F|  |TAMS 0x000000071ce00000| PB 0x000000071ce00000| Untracked 
| 220|0x000000071d000000, 0x000000071d000000, 0x000000071d200000|  0%| F|  |TAMS 0x000000071d000000| PB 0x000000071d000000| Untracked 
| 221|0x000000071d200000, 0x000000071d200000, 0x000000071d400000|  0%| F|  |TAMS 0x000000071d200000| PB 0x000000071d200000| Untracked 
| 222|0x000000071d400000, 0x000000071d400000, 0x000000071d600000|  0%| F|  |TAMS 0x000000071d400000| PB 0x000000071d400000| Untracked 
| 223|0x000000071d600000, 0x000000071d600000, 0x000000071d800000|  0%| F|  |TAMS 0x000000071d600000| PB 0x000000071d600000| Untracked 
| 224|0x000000071d800000, 0x000000071d800000, 0x000000071da00000|  0%| F|  |TAMS 0x000000071d800000| PB 0x000000071d800000| Untracked 
| 225|0x000000071da00000, 0x000000071da00000, 0x000000071dc00000|  0%| F|  |TAMS 0x000000071da00000| PB 0x000000071da00000| Untracked 
| 226|0x000000071dc00000, 0x000000071dc00000, 0x000000071de00000|  0%| F|  |TAMS 0x000000071dc00000| PB 0x000000071dc00000| Untracked 
| 227|0x000000071de00000, 0x000000071debd958, 0x000000071e000000| 37%| E|  |TAMS 0x000000071de00000| PB 0x000000071de00000| Complete 
| 228|0x000000071e000000, 0x000000071e200000, 0x000000071e200000|100%| E|CS|TAMS 0x000000071e000000| PB 0x000000071e000000| Complete 
| 229|0x000000071e200000, 0x000000071e400000, 0x000000071e400000|100%| E|CS|TAMS 0x000000071e200000| PB 0x000000071e200000| Complete 
| 230|0x000000071e400000, 0x000000071e600000, 0x000000071e600000|100%| E|CS|TAMS 0x000000071e400000| PB 0x000000071e400000| Complete 
| 231|0x000000071e600000, 0x000000071e800000, 0x000000071e800000|100%| E|CS|TAMS 0x000000071e600000| PB 0x000000071e600000| Complete 
| 232|0x000000071e800000, 0x000000071ea00000, 0x000000071ea00000|100%| E|CS|TAMS 0x000000071e800000| PB 0x000000071e800000| Complete 
| 233|0x000000071ea00000, 0x000000071ec00000, 0x000000071ec00000|100%| E|CS|TAMS 0x000000071ea00000| PB 0x000000071ea00000| Complete 
| 234|0x000000071ec00000, 0x000000071ee00000, 0x000000071ee00000|100%| E|CS|TAMS 0x000000071ec00000| PB 0x000000071ec00000| Complete 
| 235|0x000000071ee00000, 0x000000071f000000, 0x000000071f000000|100%| E|CS|TAMS 0x000000071ee00000| PB 0x000000071ee00000| Complete 
| 236|0x000000071f000000, 0x000000071f200000, 0x000000071f200000|100%| E|CS|TAMS 0x000000071f000000| PB 0x000000071f000000| Complete 
| 237|0x000000071f200000, 0x000000071f400000, 0x000000071f400000|100%| E|CS|TAMS 0x000000071f200000| PB 0x000000071f200000| Complete 
| 238|0x000000071f400000, 0x000000071f600000, 0x000000071f600000|100%| E|CS|TAMS 0x000000071f400000| PB 0x000000071f400000| Complete 
| 239|0x000000071f600000, 0x000000071f800000, 0x000000071f800000|100%| E|CS|TAMS 0x000000071f600000| PB 0x000000071f600000| Complete 
| 240|0x000000071f800000, 0x000000071fa00000, 0x000000071fa00000|100%| E|CS|TAMS 0x000000071f800000| PB 0x000000071f800000| Complete 
| 241|0x000000071fa00000, 0x000000071fc00000, 0x000000071fc00000|100%| E|CS|TAMS 0x000000071fa00000| PB 0x000000071fa00000| Complete 
| 242|0x000000071fc00000, 0x000000071fe00000, 0x000000071fe00000|100%| E|CS|TAMS 0x000000071fc00000| PB 0x000000071fc00000| Complete 
| 243|0x000000071fe00000, 0x0000000720000000, 0x0000000720000000|100%| E|CS|TAMS 0x000000071fe00000| PB 0x000000071fe00000| Complete 
| 244|0x0000000720000000, 0x0000000720200000, 0x0000000720200000|100%| E|CS|TAMS 0x0000000720000000| PB 0x0000000720000000| Complete 
| 245|0x0000000720200000, 0x0000000720400000, 0x0000000720400000|100%| E|CS|TAMS 0x0000000720200000| PB 0x0000000720200000| Complete 
| 246|0x0000000720400000, 0x0000000720600000, 0x0000000720600000|100%| E|CS|TAMS 0x0000000720400000| PB 0x0000000720400000| Complete 
| 247|0x0000000720600000, 0x0000000720800000, 0x0000000720800000|100%| E|CS|TAMS 0x0000000720600000| PB 0x0000000720600000| Complete 
| 248|0x0000000720800000, 0x0000000720a00000, 0x0000000720a00000|100%| E|CS|TAMS 0x0000000720800000| PB 0x0000000720800000| Complete 
| 249|0x0000000720a00000, 0x0000000720c00000, 0x0000000720c00000|100%| E|CS|TAMS 0x0000000720a00000| PB 0x0000000720a00000| Complete 
| 250|0x0000000720c00000, 0x0000000720e00000, 0x0000000720e00000|100%| E|CS|TAMS 0x0000000720c00000| PB 0x0000000720c00000| Complete 
| 251|0x0000000720e00000, 0x0000000721000000, 0x0000000721000000|100%| E|CS|TAMS 0x0000000720e00000| PB 0x0000000720e00000| Complete 
| 252|0x0000000721000000, 0x0000000721200000, 0x0000000721200000|100%| E|CS|TAMS 0x0000000721000000| PB 0x0000000721000000| Complete 
| 253|0x0000000721200000, 0x0000000721400000, 0x0000000721400000|100%| E|CS|TAMS 0x0000000721200000| PB 0x0000000721200000| Complete 
| 254|0x0000000721400000, 0x0000000721600000, 0x0000000721600000|100%| E|CS|TAMS 0x0000000721400000| PB 0x0000000721400000| Complete 
| 255|0x0000000721600000, 0x0000000721800000, 0x0000000721800000|100%| E|CS|TAMS 0x0000000721600000| PB 0x0000000721600000| Complete 

Card table byte_map: [0x0000022cfeca0000,0x0000022cff4a0000] _byte_map_base: 0x0000022cfb494000

Marking Bits: (CMBitMap*) 0x0000022cf3db7030
 Bits: [0x0000022c8f000000, 0x0000022c92fa0000)

Polling page: 0x0000022ced390000

Metaspace:

Usage:
  Non-class:     74.44 MB used.
      Class:     12.12 MB used.
       Both:     86.56 MB used.

Virtual space:
  Non-class space:      128.00 MB reserved,      74.75 MB ( 58%) committed,  2 nodes.
      Class space:        1.00 GB reserved,      12.44 MB (  1%) committed,  1 nodes.
             Both:        1.12 GB reserved,      87.19 MB (  8%) committed. 

Chunk freelists:
   Non-Class:  4.39 MB
       Class:  3.39 MB
        Both:  7.78 MB

MaxMetaspaceSize: unlimited
CompressedClassSpaceSize: 1.00 GB
Initial GC threshold: 21.00 MB
Current GC threshold: 142.94 MB
CDS: on
 - commit_granule_bytes: 65536.
 - commit_granule_words: 8192.
 - virtual_space_node_default_size: 8388608.
 - enlarge_chunks_in_place: 1.
 - use_allocation_guard: 0.


Internal statistics:

num_allocs_failed_limit: 12.
num_arena_births: 946.
num_arena_deaths: 0.
num_vsnodes_births: 3.
num_vsnodes_deaths: 0.
num_space_committed: 1388.
num_space_uncommitted: 0.
num_chunks_returned_to_freelist: 12.
num_chunks_taken_from_freelist: 3330.
num_chunk_merges: 12.
num_chunk_splits: 2428.
num_chunks_enlarged: 1770.
num_inconsistent_stats: 0.

CodeHeap 'non-profiled nmethods': size=119168Kb used=16897Kb max_used=16897Kb free=102270Kb
 bounds [0x0000022c87ba0000, 0x0000022c88c30000, 0x0000022c8f000000]
CodeHeap 'profiled nmethods': size=119104Kb used=37700Kb max_used=37700Kb free=81404Kb
 bounds [0x0000022c80000000, 0x0000022c824e0000, 0x0000022c87450000]
CodeHeap 'non-nmethods': size=7488Kb used=2240Kb max_used=3952Kb free=5247Kb
 bounds [0x0000022c87450000, 0x0000022c87850000, 0x0000022c87ba0000]
 total_blobs=16354 nmethods=15176 adapters=1075
 compilation: enabled
              stopped_count=0, restarted_count=0
 full_count=0

Compilation events (20 events):
Event: 637.349 Thread 0x0000022cf5b06510 nmethod 20924 0x0000022c824cae10 code [0x0000022c824cafe0, 0x0000022c824cb428]
Event: 637.384 Thread 0x0000022cf5b06510 20928       3       javax.swing.plaf.basic.BasicLabelUI::paint (187 bytes)
Event: 637.385 Thread 0x0000022cf5b06510 nmethod 20928 0x0000022c824cb590 code [0x0000022c824cb8e0, 0x0000022c824ccf50]
Event: 637.424 Thread 0x0000022cf5b04e50 nmethod 20923 0x0000022c88c0ab10 code [0x0000022c88c0b2e0, 0x0000022c88c115a8]
Event: 637.424 Thread 0x0000022cf5b04e50 20929       4       javax.swing.text.Utilities::drawTabbedText (423 bytes)
Event: 637.428 Thread 0x0000022d1225a6a0 20926   !   4       sun.awt.image.ImageRepresentation::setPixels (527 bytes)
Event: 637.430 Thread 0x0000022cf5b04e50 nmethod 20929 0x0000022c88c15910 code [0x0000022c88c15b00, 0x0000022c88c16250]
Event: 637.430 Thread 0x0000022cf5b04e50 20925       4       ui.data.common.H::equals (34 bytes)
Event: 637.431 Thread 0x0000022cf5b04e50 nmethod 20925 0x0000022c88c16890 code [0x0000022c88c16a20, 0x0000022c88c16b38]
Event: 637.431 Thread 0x0000022cf5b04e50 20927       4       com.jidesoft.swing.JideTabbedPane::isTabEditing (11 bytes)
Event: 637.432 Thread 0x0000022cf5b04e50 nmethod 20927 0x0000022c88c16c10 code [0x0000022c88c16da0, 0x0000022c88c16e70]
Event: 637.455 Thread 0x0000022d1225a6a0 nmethod 20926 0x0000022c88c16f90 code [0x0000022c88c17320, 0x0000022c88c199c0]
Event: 638.625 Thread 0x0000022cf5b04e50 20930 % !   4       ui.utils.lnf.a$a::run @ 96 (629 bytes)
Event: 638.659 Thread 0x0000022cf5b04e50 nmethod 20930% 0x0000022c88c1b190 code [0x0000022c88c1b520, 0x0000022c88c1d0b0]
Event: 638.670 Thread 0x0000022cf5b06510 20931       3       ui.views.p.g::handleEvent (629 bytes)
Event: 638.670 Thread 0x0000022cf5b04e50 20933       4       com.jidesoft.plaf.xerto.XertoDockableFrameUI::getMinimumSize (83 bytes)
Event: 638.673 Thread 0x0000022cf5b06510 nmethod 20931 0x0000022c824cd690 code [0x0000022c824cde40, 0x0000022c824d34f0]
Event: 638.673 Thread 0x0000022cf5b06510 20932       1       com.jidesoft.grid.JideTable::c (5 bytes)
Event: 638.673 Thread 0x0000022cf5b06510 nmethod 20932 0x0000022c88c1e190 code [0x0000022c88c1e320, 0x0000022c88c1e3f0]
Event: 638.689 Thread 0x0000022cf5b04e50 nmethod 20933 0x0000022c88c1e490 code [0x0000022c88c1e7c0, 0x0000022c88c1fb18]

GC Heap History (20 events):
Event: 596.854 GC heap before
{Heap before GC invocations=43 (full 5):
 garbage-first heap   total 524288K, used 174391K [0x0000000701800000, 0x0000000800000000)
  region size 2048K, 40 young (81920K), 2 survivors (4096K)
 Metaspace       used 87619K, committed 88256K, reserved 1179648K
  class space    used 12291K, committed 12608K, reserved 1048576K
}
Event: 596.860 GC heap after
{Heap after GC invocations=44 (full 5):
 garbage-first heap   total 524288K, used 96045K [0x0000000701800000, 0x0000000800000000)
  region size 2048K, 2 young (4096K), 2 survivors (4096K)
 Metaspace       used 87619K, committed 88256K, reserved 1179648K
  class space    used 12291K, committed 12608K, reserved 1048576K
}
Event: 598.888 GC heap before
{Heap before GC invocations=44 (full 5):
 garbage-first heap   total 524288K, used 173869K [0x0000000701800000, 0x0000000800000000)
  region size 2048K, 40 young (81920K), 2 survivors (4096K)
 Metaspace       used 87625K, committed 88256K, reserved 1179648K
  class space    used 12291K, committed 12608K, reserved 1048576K
}
Event: 598.895 GC heap after
{Heap after GC invocations=45 (full 5):
 garbage-first heap   total 524288K, used 97299K [0x0000000701800000, 0x0000000800000000)
  region size 2048K, 2 young (4096K), 2 survivors (4096K)
 Metaspace       used 87625K, committed 88256K, reserved 1179648K
  class space    used 12291K, committed 12608K, reserved 1048576K
}
Event: 602.907 GC heap before
{Heap before GC invocations=45 (full 5):
 garbage-first heap   total 524288K, used 175123K [0x0000000701800000, 0x0000000800000000)
  region size 2048K, 40 young (81920K), 2 survivors (4096K)
 Metaspace       used 87794K, committed 88448K, reserved 1179648K
  class space    used 12296K, committed 12608K, reserved 1048576K
}
Event: 602.911 GC heap after
{Heap after GC invocations=46 (full 5):
 garbage-first heap   total 524288K, used 97130K [0x0000000701800000, 0x0000000800000000)
  region size 2048K, 2 young (4096K), 2 survivors (4096K)
 Metaspace       used 87794K, committed 88448K, reserved 1179648K
  class space    used 12296K, committed 12608K, reserved 1048576K
}
Event: 605.726 GC heap before
{Heap before GC invocations=46 (full 5):
 garbage-first heap   total 524288K, used 174954K [0x0000000701800000, 0x0000000800000000)
  region size 2048K, 40 young (81920K), 2 survivors (4096K)
 Metaspace       used 87812K, committed 88448K, reserved 1179648K
  class space    used 12296K, committed 12608K, reserved 1048576K
}
Event: 605.734 GC heap after
{Heap after GC invocations=47 (full 5):
 garbage-first heap   total 524288K, used 96740K [0x0000000701800000, 0x0000000800000000)
  region size 2048K, 2 young (4096K), 2 survivors (4096K)
 Metaspace       used 87812K, committed 88448K, reserved 1179648K
  class space    used 12296K, committed 12608K, reserved 1048576K
}
Event: 621.025 GC heap before
{Heap before GC invocations=47 (full 5):
 garbage-first heap   total 524288K, used 174564K [0x0000000701800000, 0x0000000800000000)
  region size 2048K, 40 young (81920K), 2 survivors (4096K)
 Metaspace       used 87911K, committed 88576K, reserved 1179648K
  class space    used 12296K, committed 12608K, reserved 1048576K
}
Event: 621.030 GC heap after
{Heap after GC invocations=48 (full 5):
 garbage-first heap   total 524288K, used 97236K [0x0000000701800000, 0x0000000800000000)
  region size 2048K, 2 young (4096K), 2 survivors (4096K)
 Metaspace       used 87911K, committed 88576K, reserved 1179648K
  class space    used 12296K, committed 12608K, reserved 1048576K
}
Event: 622.885 GC heap before
{Heap before GC invocations=48 (full 5):
 garbage-first heap   total 524288K, used 175060K [0x0000000701800000, 0x0000000800000000)
  region size 2048K, 40 young (81920K), 2 survivors (4096K)
 Metaspace       used 87929K, committed 88640K, reserved 1179648K
  class space    used 12296K, committed 12608K, reserved 1048576K
}
Event: 622.890 GC heap after
{Heap after GC invocations=49 (full 5):
 garbage-first heap   total 524288K, used 96925K [0x0000000701800000, 0x0000000800000000)
  region size 2048K, 2 young (4096K), 2 survivors (4096K)
 Metaspace       used 87929K, committed 88640K, reserved 1179648K
  class space    used 12296K, committed 12608K, reserved 1048576K
}
Event: 626.881 GC heap before
{Heap before GC invocations=49 (full 5):
 garbage-first heap   total 524288K, used 174749K [0x0000000701800000, 0x0000000800000000)
  region size 2048K, 40 young (81920K), 2 survivors (4096K)
 Metaspace       used 88033K, committed 88704K, reserved 1179648K
  class space    used 12296K, committed 12608K, reserved 1048576K
}
Event: 626.886 GC heap after
{Heap after GC invocations=50 (full 5):
 garbage-first heap   total 524288K, used 97421K [0x0000000701800000, 0x0000000800000000)
  region size 2048K, 2 young (4096K), 2 survivors (4096K)
 Metaspace       used 88033K, committed 88704K, reserved 1179648K
  class space    used 12296K, committed 12608K, reserved 1048576K
}
Event: 628.858 GC heap before
{Heap before GC invocations=50 (full 5):
 garbage-first heap   total 524288K, used 175245K [0x0000000701800000, 0x0000000800000000)
  region size 2048K, 40 young (81920K), 2 survivors (4096K)
 Metaspace       used 88091K, committed 88768K, reserved 1179648K
  class space    used 12296K, committed 12608K, reserved 1048576K
}
Event: 628.867 GC heap after
{Heap after GC invocations=51 (full 5):
 garbage-first heap   total 524288K, used 97806K [0x0000000701800000, 0x0000000800000000)
  region size 2048K, 3 young (6144K), 3 survivors (6144K)
 Metaspace       used 88091K, committed 88768K, reserved 1179648K
  class space    used 12296K, committed 12608K, reserved 1048576K
}
Event: 630.895 GC heap before
{Heap before GC invocations=51 (full 5):
 garbage-first heap   total 524288K, used 173582K [0x0000000701800000, 0x0000000800000000)
  region size 2048K, 40 young (81920K), 3 survivors (6144K)
 Metaspace       used 88148K, committed 88832K, reserved 1179648K
  class space    used 12296K, committed 12608K, reserved 1048576K
}
Event: 630.901 GC heap after
{Heap after GC invocations=52 (full 5):
 garbage-first heap   total 524288K, used 98109K [0x0000000701800000, 0x0000000800000000)
  region size 2048K, 3 young (6144K), 3 survivors (6144K)
 Metaspace       used 88148K, committed 88832K, reserved 1179648K
  class space    used 12296K, committed 12608K, reserved 1048576K
}
Event: 632.954 GC heap before
{Heap before GC invocations=52 (full 5):
 garbage-first heap   total 524288K, used 173885K [0x0000000701800000, 0x0000000800000000)
  region size 2048K, 40 young (81920K), 3 survivors (6144K)
 Metaspace       used 88159K, committed 88832K, reserved 1179648K
  class space    used 12296K, committed 12608K, reserved 1048576K
}
Event: 632.958 GC heap after
{Heap after GC invocations=53 (full 5):
 garbage-first heap   total 524288K, used 96884K [0x0000000701800000, 0x0000000800000000)
  region size 2048K, 2 young (4096K), 2 survivors (4096K)
 Metaspace       used 88159K, committed 88832K, reserved 1179648K
  class space    used 12296K, committed 12608K, reserved 1048576K
}

Dll operation events (20 events):
Event: 15.775 Loaded shared library D:\Vivado\2024.2\lib\win64.o\xv_ipservicestasks.dll
Event: 15.790 Loaded shared library D:\Vivado\2024.2\lib\win64.o\xv_vivadotasks.dll
Event: 15.792 Loaded shared library D:\Vivado\2024.2\lib\win64.o\xv_board.dll
Event: 15.793 Loaded shared library D:\Vivado\2024.2\lib\win64.o\xv_boarddep.dll
Event: 15.794 Loaded shared library D:\Vivado\2024.2\lib\win64.o\xv_boardcommontasks.dll
Event: 15.796 Loaded shared library D:\Vivado\2024.2\lib\win64.o\xv_ptgen.dll
Event: 15.798 Loaded shared library D:\Vivado\2024.2\lib\win64.o\xv_ip.dll
Event: 15.841 Loaded shared library D:\Vivado\2024.2\lib\win64.o\xv_mig.dll
Event: 15.845 Loaded shared library D:\Vivado\2024.2\lib\win64.o\xv_implflow.dll
Event: 15.847 Loaded shared library D:\Vivado\2024.2\lib\win64.o\xv_xhubtasks.dll
Event: 16.366 Loaded shared library D:\Vivado\2024.2\lib\win64.o\xv_iptasks.dll
Event: 16.375 Loaded shared library D:\Vivado\2024.2\lib\win64.o\xv_synth.dll
Event: 22.795 Loaded shared library D:\Vivado\2024.2\tps\win64\jre21.0.1_12\bin\verify.dll
Event: 23.077 Loaded shared library D:\Vivado\2024.2\tps\win64\jre21.0.1_12\bin\freetype.dll
Event: 23.132 Loaded shared library D:\Vivado\2024.2\tps\win64\jre21.0.1_12\bin\fontmanager.dll
Event: 49.269 Loaded shared library D:\Vivado\2024.2\lib\win64.o\xv_xhub.dll
Event: 62.736 Loaded shared library D:\Vivado\2024.2\tps\win64\jre21.0.1_12\bin\management.dll
Event: 62.855 Loaded shared library D:\Vivado\2024.2\tps\win64\jre21.0.1_12\bin\management_ext.dll
Event: 96.193 Loaded shared library D:\Vivado\2024.2\tps\win64\jre21.0.1_12\bin\javajpeg.dll
Event: 201.167 Loaded shared library D:\Vivado\2024.2\lib\win64.o\nlview.dll

Deoptimization events (20 events):
Event: 637.007 Thread 0x0000022cdc3af120 Uncommon trap: trap_request=0xffffff45 fr.pc=0x0000022c87d53b84 relative=0x0000000000001484
Event: 637.007 Thread 0x0000022cdc3af120 Uncommon trap: reason=unstable_if action=reinterpret pc=0x0000022c87d53b84 method=sun.java2d.loops.RenderCache.get(Lsun/java2d/loops/SurfaceType;Lsun/java2d/loops/CompositeType;Lsun/java2d/loops/SurfaceType;)Ljava/lang/Object; @ 15 c2
Event: 637.007 Thread 0x0000022cdc3af120 DEOPT PACKING pc=0x0000022c87d53b84 sp=0x000000a4845fc320
Event: 637.007 Thread 0x0000022cdc3af120 DEOPT UNPACKING pc=0x0000022c874a46a2 sp=0x000000a4845fc1a0 mode 2
Event: 637.007 Thread 0x0000022cdc3af120 Uncommon trap: trap_request=0xffffffc6 fr.pc=0x0000022c88a65928 relative=0x0000000000006068
Event: 637.007 Thread 0x0000022cdc3af120 Uncommon trap: reason=bimorphic_or_optimized_type_check action=maybe_recompile pc=0x0000022c88a65928 method=com.jidesoft.plaf.basic.BasicStyledLabelUI.internalPaintStyledText(Lcom/jidesoft/swing/StyledLabel;Ljava/awt/Graphics;III)I @ 122 c2
Event: 637.007 Thread 0x0000022cdc3af120 DEOPT PACKING pc=0x0000022c88a65928 sp=0x000000a4845fc240
Event: 637.007 Thread 0x0000022cdc3af120 DEOPT UNPACKING pc=0x0000022c874a46a2 sp=0x000000a4845fc1a0 mode 2
Event: 637.007 Thread 0x0000022cdc3af120 Uncommon trap: trap_request=0xffffffc6 fr.pc=0x0000022c88a65928 relative=0x0000000000006068
Event: 637.007 Thread 0x0000022cdc3af120 Uncommon trap: reason=bimorphic_or_optimized_type_check action=maybe_recompile pc=0x0000022c88a65928 method=com.jidesoft.plaf.basic.BasicStyledLabelUI.internalPaintStyledText(Lcom/jidesoft/swing/StyledLabel;Ljava/awt/Graphics;III)I @ 122 c2
Event: 637.007 Thread 0x0000022cdc3af120 DEOPT PACKING pc=0x0000022c88a65928 sp=0x000000a4845fc240
Event: 637.007 Thread 0x0000022cdc3af120 DEOPT UNPACKING pc=0x0000022c874a46a2 sp=0x000000a4845fc1a0 mode 2
Event: 637.008 Thread 0x0000022cdc3af120 Uncommon trap: trap_request=0xffffffc6 fr.pc=0x0000022c88a65928 relative=0x0000000000006068
Event: 637.008 Thread 0x0000022cdc3af120 Uncommon trap: reason=bimorphic_or_optimized_type_check action=maybe_recompile pc=0x0000022c88a65928 method=com.jidesoft.plaf.basic.BasicStyledLabelUI.internalPaintStyledText(Lcom/jidesoft/swing/StyledLabel;Ljava/awt/Graphics;III)I @ 122 c2
Event: 637.008 Thread 0x0000022cdc3af120 DEOPT PACKING pc=0x0000022c88a65928 sp=0x000000a4845fc240
Event: 637.008 Thread 0x0000022cdc3af120 DEOPT UNPACKING pc=0x0000022c874a46a2 sp=0x000000a4845fc1a0 mode 2
Event: 638.609 Thread 0x0000022cdc3af120 Uncommon trap: trap_request=0xffffff45 fr.pc=0x0000022c88906df8 relative=0x0000000000000558
Event: 638.609 Thread 0x0000022cdc3af120 Uncommon trap: reason=unstable_if action=reinterpret pc=0x0000022c88906df8 method=java.awt.ModalEventFilter.acceptEvent(Ljava/awt/AWTEvent;)Ljava/awt/EventFilter$FilterAction; @ 58 c2
Event: 638.609 Thread 0x0000022cdc3af120 DEOPT PACKING pc=0x0000022c88906df8 sp=0x000000a4845fe660
Event: 638.609 Thread 0x0000022cdc3af120 DEOPT UNPACKING pc=0x0000022c874a46a2 sp=0x000000a4845fe518 mode 2

Classes loaded (20 events):
Event: 537.025 Loading class java/util/AbstractList$SubList done
Event: 537.025 Loading class java/util/AbstractList$RandomAccessSubList done
Event: 537.025 Loading class java/util/AbstractList$SubList$1
Event: 537.025 Loading class java/util/AbstractList$SubList$1 done
Event: 537.025 Loading class javax/swing/plaf/basic/BasicDirectoryModel$DoChangeContents
Event: 537.025 Loading class javax/swing/plaf/basic/BasicDirectoryModel$DoChangeContents done
Event: 537.180 Loading class javax/swing/JFileChooser$1
Event: 537.181 Loading class javax/swing/JFileChooser$1 done
Event: 538.736 Loading class sun/swing/FilePane$DelayedSelectionUpdater
Event: 538.775 Loading class sun/swing/FilePane$DelayedSelectionUpdater done
Event: 541.250 Loading class com/sun/java/swing/SwingUtilities3$UnscaledBorderPainter
Event: 541.250 Loading class com/sun/java/swing/SwingUtilities3$UnscaledBorderPainter done
Event: 547.633 Loading class sun/swing/FilePane$EditActionListener
Event: 547.633 Loading class sun/swing/FilePane$EditActionListener done
Event: 551.985 Loading class sun/awt/shell/Win32ShellFolder2$FolderDisposer$1
Event: 551.985 Loading class sun/awt/shell/Win32ShellFolder2$FolderDisposer$1 done
Event: 636.774 Loading class java/beans/VetoableChangeListenerProxy
Event: 636.774 Loading class java/beans/VetoableChangeListenerProxy done
Event: 636.786 Loading class javax/swing/tree/PathPlaceHolder
Event: 636.786 Loading class javax/swing/tree/PathPlaceHolder done

Classes unloaded (0 events):
No events

Classes redefined (0 events):
No events

Internal exceptions (20 events):
Event: 617.300 Thread 0x0000022cdc3af120 Exception <a 'java/io/FileNotFoundException'{0x000000071f7efcd0}> (0x000000071f7efcd0) 
thrown [s\src\hotspot\share\prims\jni.cpp, line 520]
Event: 617.555 Thread 0x0000022ce683ec00 Exception <a 'java/lang/InterruptedException'{0x000000071f207820}: sleep interrupted> (0x000000071f207820) 
thrown [s\src\hotspot\share\prims\jvm.cpp, line 3074]
Event: 620.983 Thread 0x0000022cdc3af120 Exception <a 'de/concept/nlview/NlviewException'{0x000000071d060620}> (0x000000071d060620) 
thrown [s\src\hotspot\share\prims\jni.cpp, line 520]
Event: 622.284 Thread 0x0000022cdc3af120 Exception <a 'java/io/FileNotFoundException'{0x000000071e22dde0}> (0x000000071e22dde0) 
thrown [s\src\hotspot\share\prims\jni.cpp, line 520]
Event: 622.301 Thread 0x0000022cdc3af120 Exception <a 'java/io/FileNotFoundException'{0x000000071e22e590}> (0x000000071e22e590) 
thrown [s\src\hotspot\share\prims\jni.cpp, line 520]
Event: 622.903 Thread 0x0000022d0fe7e220 Exception <a 'java/lang/InterruptedException'{0x00000007202003e0}: sleep interrupted> (0x00000007202003e0) 
thrown [s\src\hotspot\share\prims\jvm.cpp, line 3052]
Event: 625.648 Thread 0x0000022cdc3af120 Exception <a 'de/concept/nlview/NlviewException'{0x000000071e0cbd70}> (0x000000071e0cbd70) 
thrown [s\src\hotspot\share\prims\jni.cpp, line 520]
Event: 625.676 Thread 0x0000022cdc3af120 Exception <a 'de/concept/nlview/NlviewException'{0x000000071de92d50}> (0x000000071de92d50) 
thrown [s\src\hotspot\share\prims\jni.cpp, line 520]
Event: 627.285 Thread 0x0000022cdc3af120 Exception <a 'java/io/FileNotFoundException'{0x000000071efb59f8}> (0x000000071efb59f8) 
thrown [s\src\hotspot\share\prims\jni.cpp, line 520]
Event: 627.301 Thread 0x0000022cdc3af120 Exception <a 'java/io/FileNotFoundException'{0x000000071efb9d58}> (0x000000071efb9d58) 
thrown [s\src\hotspot\share\prims\jni.cpp, line 520]
Event: 628.920 Thread 0x0000022d0fe7e220 Exception <a 'java/lang/InterruptedException'{0x0000000721300f48}: sleep interrupted> (0x0000000721300f48) 
thrown [s\src\hotspot\share\prims\jvm.cpp, line 3052]
Event: 630.365 Thread 0x0000022cdc3af120 Exception <a 'de/concept/nlview/NlviewException'{0x000000071e630ba8}> (0x000000071e630ba8) 
thrown [s\src\hotspot\share\prims\jni.cpp, line 520]
Event: 630.402 Thread 0x0000022cdc3af120 Exception <a 'de/concept/nlview/NlviewException'{0x000000071e408b20}> (0x000000071e408b20) 
thrown [s\src\hotspot\share\prims\jni.cpp, line 520]
Event: 632.284 Thread 0x0000022cdc3af120 Exception <a 'java/io/FileNotFoundException'{0x000000071f0cb718}> (0x000000071f0cb718) 
thrown [s\src\hotspot\share\prims\jni.cpp, line 520]
Event: 632.302 Thread 0x0000022cdc3af120 Exception <a 'java/io/FileNotFoundException'{0x000000071f0cbec8}> (0x000000071f0cbec8) 
thrown [s\src\hotspot\share\prims\jni.cpp, line 520]
Event: 632.965 Thread 0x0000022d0fe7e220 Exception <a 'java/lang/InterruptedException'{0x0000000720c003f8}: sleep interrupted> (0x0000000720c003f8) 
thrown [s\src\hotspot\share\prims\jvm.cpp, line 3052]
Event: 636.784 Thread 0x0000022cdc3af120 Implicit null exception at 0x0000022c886992ff to 0x0000022c88699468
Event: 636.884 Thread 0x0000022cdc3af120 Implicit null exception at 0x0000022c8863415e to 0x0000022c886341f0
Event: 637.290 Thread 0x0000022cdc3af120 Exception <a 'java/io/FileNotFoundException'{0x000000071ea9e008}> (0x000000071ea9e008) 
thrown [s\src\hotspot\share\prims\jni.cpp, line 520]
Event: 637.303 Thread 0x0000022cdc3af120 Exception <a 'java/io/FileNotFoundException'{0x000000071ea9ea68}> (0x000000071ea9ea68) 
thrown [s\src\hotspot\share\prims\jni.cpp, line 520]

ZGC Phase Switch (0 events):
No events

VM Operations (20 events):
Event: 631.902 Executing VM operation: Cleanup
Event: 631.902 Executing VM operation: Cleanup done
Event: 632.903 Executing VM operation: Cleanup
Event: 632.903 Executing VM operation: Cleanup done
Event: 632.954 Executing VM operation: G1CollectForAllocation (G1 Evacuation Pause)
Event: 632.958 Executing VM operation: G1CollectForAllocation (G1 Evacuation Pause) done
Event: 636.740 Executing VM operation: HandshakeAllThreads (Deoptimize)
Event: 636.740 Executing VM operation: HandshakeAllThreads (Deoptimize) done
Event: 636.740 Executing VM operation: Cleanup
Event: 636.740 Executing VM operation: Cleanup done
Event: 636.801 Executing VM operation: HandshakeAllThreads (Deoptimize)
Event: 636.801 Executing VM operation: HandshakeAllThreads (Deoptimize) done
Event: 636.805 Executing VM operation: HandshakeAllThreads (Deoptimize)
Event: 636.805 Executing VM operation: HandshakeAllThreads (Deoptimize) done
Event: 636.807 Executing VM operation: HandshakeAllThreads (Deoptimize)
Event: 636.807 Executing VM operation: HandshakeAllThreads (Deoptimize) done
Event: 636.816 Executing VM operation: HandshakeAllThreads (Deoptimize)
Event: 636.816 Executing VM operation: HandshakeAllThreads (Deoptimize) done
Event: 637.816 Executing VM operation: Cleanup
Event: 637.816 Executing VM operation: Cleanup done

Events (20 events):
Event: 632.941 Thread 0x0000022d0fe7db90 Thread exited: 0x0000022d0fe7db90
Event: 633.899 Thread 0x0000022d0fe80980 Thread added: 0x0000022d0fe80980
Event: 633.905 Thread 0x0000022d0fe80980 Thread exited: 0x0000022d0fe80980
Event: 634.901 Thread 0x0000022d0fe81d30 Thread added: 0x0000022d0fe81d30
Event: 634.907 Thread 0x0000022d0fe81d30 Thread exited: 0x0000022d0fe81d30
Event: 635.903 Thread 0x0000022d0fe81d30 Thread added: 0x0000022d0fe81d30
Event: 635.909 Thread 0x0000022d0fe81d30 Thread exited: 0x0000022d0fe81d30
Event: 636.518 Thread 0x0000022d0fe7fc60 Thread added: 0x0000022d0fe7fc60
Event: 636.529 Thread 0x0000022d0fe7fc60 Thread exited: 0x0000022d0fe7fc60
Event: 636.841 Thread 0x0000022d1225b440 Thread added: 0x0000022d1225b440
Event: 637.010 Thread 0x0000022d0fe7f5d0 Thread added: 0x0000022d0fe7f5d0
Event: 637.014 Thread 0x0000022d0fe7f5d0 Thread exited: 0x0000022d0fe7f5d0
Event: 637.337 Thread 0x0000022d1225b440 Thread exited: 0x0000022d1225b440
Event: 637.424 Thread 0x0000022d1225a6a0 Thread added: 0x0000022d1225a6a0
Event: 637.757 Thread 0x0000022d0fe7ada0 Thread added: 0x0000022d0fe7ada0
Event: 637.762 Thread 0x0000022d0fe7ada0 Thread exited: 0x0000022d0fe7ada0
Event: 637.905 Thread 0x0000022d0fe81d30 Thread added: 0x0000022d0fe81d30
Event: 637.911 Thread 0x0000022d0fe81d30 Thread exited: 0x0000022d0fe81d30
Event: 637.966 Thread 0x0000022d0fe7e220 Thread exited: 0x0000022d0fe7e220
Event: 638.625 Thread 0x0000022d1225a6a0 Thread exited: 0x0000022d1225a6a0


Dynamic libraries:
0x00007ff7fdc30000 - 0x00007ff7fdc38000 	D:\Vivado\2024.2\bin\unwrapped\win64.o\vivado.exe
0x00007ff8f7390000 - 0x00007ff8f75a7000 	C:\WINDOWS\SYSTEM32\ntdll.dll
0x00007ff8f5fc0000 - 0x00007ff8f6084000 	C:\WINDOWS\System32\KERNEL32.DLL
0x00007ff8f4690000 - 0x00007ff8f4a63000 	C:\WINDOWS\System32\KERNELBASE.dll
0x00007ff8f4480000 - 0x00007ff8f4591000 	C:\WINDOWS\System32\ucrtbase.dll
0x00007ff8c10f0000 - 0x00007ff8c117d000 	C:\WINDOWS\SYSTEM32\MSVCP140.dll
0x00007ff8c4470000 - 0x00007ff8c448e000 	C:\WINDOWS\SYSTEM32\VCRUNTIME140.dll
0x00007ff8c1810000 - 0x00007ff8c181c000 	C:\WINDOWS\SYSTEM32\VCRUNTIME140_1.dll
0x00007ff8d3230000 - 0x00007ff8d3257000 	D:\Vivado\2024.2\lib\win64.o\xv_commonmain.dll
0x00007ff824010000 - 0x00007ff82567a000 	D:\Vivado\2024.2\lib\win64.o\xv_common.dll
0x00007ff8d8330000 - 0x00007ff8d833c000 	D:\Vivado\2024.2\lib\win64.o\xv_commonversion.dll
0x00007ff8f6d80000 - 0x00007ff8f6f31000 	C:\WINDOWS\System32\USER32.dll
0x00007ff8f45a0000 - 0x00007ff8f45c6000 	C:\WINDOWS\System32\win32u.dll
0x00007ff8f6d50000 - 0x00007ff8f6d79000 	C:\WINDOWS\System32\GDI32.dll
0x00007ff8f4a70000 - 0x00007ff8f4b92000 	C:\WINDOWS\System32\gdi32full.dll
0x00007ff8f4ed0000 - 0x00007ff8f4f6a000 	C:\WINDOWS\System32\msvcp_win.dll
0x00007ff8f6800000 - 0x00007ff8f68b1000 	C:\WINDOWS\System32\ADVAPI32.dll
0x00007ff8f51d0000 - 0x00007ff8f5277000 	C:\WINDOWS\System32\msvcrt.dll
0x00007ff8f5cf0000 - 0x00007ff8f5d97000 	C:\WINDOWS\System32\sechost.dll
0x00007ff8f4ff0000 - 0x00007ff8f5018000 	C:\WINDOWS\System32\bcrypt.dll
0x00007ff8f5ba0000 - 0x00007ff8f5cb4000 	C:\WINDOWS\System32\RPCRT4.dll
0x00007ff8f5300000 - 0x00007ff8f5b9d000 	C:\WINDOWS\System32\SHELL32.dll
0x00007ff8f4d90000 - 0x00007ff8f4ecf000 	C:\WINDOWS\System32\wintypes.dll
0x00007ff8f69b0000 - 0x00007ff8f6d43000 	C:\WINDOWS\System32\combase.dll
0x00007ff8f4f70000 - 0x00007ff8f4fec000 	C:\WINDOWS\System32\WINTRUST.dll
0x00007ff8f7100000 - 0x00007ff8f7171000 	C:\WINDOWS\System32\WS2_32.dll
0x00007ff8b6100000 - 0x00007ff8b634d000 	D:\Vivado\2024.2\lib\win64.o\xv_commonxillic.dll
0x00007ff8b55a0000 - 0x00007ff8b59d0000 	D:\Vivado\2024.2\lib\win64.o\python38.dll
0x00007ff8b53f0000 - 0x00007ff8b5591000 	D:\Vivado\2024.2\lib\win64.o\tcl86t.dll
0x00007ff8f5da0000 - 0x00007ff8f5e06000 	C:\WINDOWS\System32\SHLWAPI.dll
0x00007ff8c2520000 - 0x00007ff8c2529000 	C:\WINDOWS\SYSTEM32\WSOCK32.dll
0x00007ff8da5c0000 - 0x00007ff8da5d9000 	C:\WINDOWS\SYSTEM32\NETAPI32.dll
0x00007ff8cfbb0000 - 0x00007ff8d00ae000 	C:\WINDOWS\SYSTEM32\WININET.dll
0x00007ff8efb80000 - 0x00007ff8efcac000 	C:\WINDOWS\SYSTEM32\WINHTTP.dll
0x00007ff8ca8a0000 - 0x00007ff8caa94000 	C:\WINDOWS\SYSTEM32\urlmon.dll
0x00007ff8ccf50000 - 0x00007ff8ccf7a000 	D:\Vivado\2024.2\lib\win64.o\boost_filesystem.dll
0x00007ff8d5610000 - 0x00007ff8d5629000 	D:\Vivado\2024.2\lib\win64.o\boost_date_time.dll
0x00007ff8cc670000 - 0x00007ff8cc697000 	D:\Vivado\2024.2\lib\win64.o\boost_thread.dll
0x00007ff834670000 - 0x00007ff835867000 	D:\Vivado\2024.2\lib\win64.o\xv_isl_iostreams.dll
0x00007ff8d7f40000 - 0x00007ff8d7f50000 	D:\Vivado\2024.2\lib\win64.o\xv_boost_xilinx.dll
0x00007ff8cba20000 - 0x00007ff8cba44000 	D:\Vivado\2024.2\lib\win64.o\xv_isl_sysinfo.dll
0x00007ff8ab780000 - 0x00007ff8ab8c4000 	D:\Vivado\2024.2\lib\win64.o\boost_regex.dll
0x00007ff8ab6e0000 - 0x00007ff8ab774000 	D:\Vivado\2024.2\lib\win64.o\boost_program_options.dll
0x00007ff8d5050000 - 0x00007ff8d506c000 	D:\Vivado\2024.2\lib\win64.o\librdiconfig.dll
0x00007ff89b850000 - 0x00007ff89b8f5000 	D:\Vivado\2024.2\lib\win64.o\libhdxml.dll
0x00007ff836af0000 - 0x00007ff836f90000 	D:\Vivado\2024.2\lib\win64.o\xv_COIN-all.dll
0x00007ff8cba00000 - 0x00007ff8cba1a000 	D:\Vivado\2024.2\lib\win64.o\pthreadVC2.dll
0x00007ff89a240000 - 0x00007ff89a2f7000 	D:\Vivado\2024.2\lib\win64.o\libzstd.dll
0x00007ff89b3b0000 - 0x00007ff89b427000 	D:\Vivado\2024.2\lib\win64.o\xv_lmx.dll
0x00007ff897df0000 - 0x00007ff897e72000 	D:\Vivado\2024.2\lib\win64.o\libhdlpsolve.dll
0x00007ff8d5280000 - 0x00007ff8d5299000 	D:\Vivado\2024.2\lib\win64.o\librdizlib.dll
0x00007ff8d5250000 - 0x00007ff8d5280000 	C:\WINDOWS\SYSTEM32\VCOMP140.DLL
0x00007ff83a870000 - 0x00007ff83ab31000 	D:\Vivado\2024.2\lib\win64.o\xerces-c_3_2.dll
0x00007ff8e1ee0000 - 0x00007ff8e1eea000 	C:\WINDOWS\SYSTEM32\VERSION.dll
0x00007ff8d0ca0000 - 0x00007ff8d0f5f000 	C:\WINDOWS\SYSTEM32\iertutil.dll
0x00007ff8da590000 - 0x00007ff8da5b8000 	C:\WINDOWS\SYSTEM32\srvcli.dll
0x00007ff8f3090000 - 0x00007ff8f309c000 	C:\WINDOWS\SYSTEM32\netutils.dll
0x00007ff8f2380000 - 0x00007ff8f2c9d000 	C:\WINDOWS\SYSTEM32\windows.storage.dll
0x00007ff8f3ab0000 - 0x00007ff8f3ad8000 	C:\WINDOWS\SYSTEM32\USERENV.dll
0x00007ff8220f0000 - 0x00007ff824007000 	D:\Vivado\2024.2\lib\win64.o\gurobi90.dll
0x00007ff8cadf0000 - 0x00007ff8cae1a000 	D:\Vivado\2024.2\lib\win64.o\zlib1.dll
0x00007ff8c9f40000 - 0x00007ff8c9f5c000 	D:\Vivado\2024.2\lib\win64.o\xv_isl_iosutils.dll
0x00007ff821dd0000 - 0x00007ff8220e6000 	D:\Vivado\2024.2\lib\win64.o\libXil_lmgr11.dll
0x00007ff8c43b0000 - 0x00007ff8c43d1000 	D:\Vivado\2024.2\lib\win64.o\boost_iostreams.dll
0x00007ff8f4c20000 - 0x00007ff8f4d87000 	C:\WINDOWS\System32\CRYPT32.dll
0x00007ff8f68c0000 - 0x00007ff8f6921000 	C:\WINDOWS\System32\WLDAP32.dll
0x00007ff8f5cc0000 - 0x00007ff8f5cc8000 	C:\WINDOWS\System32\Normaliz.dll
0x00007ff8f6180000 - 0x00007ff8f6285000 	C:\WINDOWS\System32\COMDLG32.dll
0x00007ff8f5e20000 - 0x00007ff8f5f2b000 	C:\WINDOWS\System32\shcore.dll
0x00007ff8f6090000 - 0x00007ff8f6167000 	C:\WINDOWS\System32\OLEAUT32.dll
0x00007ff8f5020000 - 0x00007ff8f51c1000 	C:\WINDOWS\System32\ole32.dll
0x00007ff8f39f0000 - 0x00007ff8f3a5a000 	C:\WINDOWS\SYSTEM32\MSWSOCK.DLL
0x00007ff8da540000 - 0x00007ff8da584000 	C:\WINDOWS\SYSTEM32\LOGONCLI.DLL
0x00007ff8d5070000 - 0x00007ff8d5123000 	C:\WINDOWS\WinSxS\amd64_microsoft.windows.common-controls_6595b64144ccf1df_5.82.22621.3527_none_b43b7f4b638cc64f\COMCTL32.dll
0x00007ff8ee960000 - 0x00007ff8ee97f000 	C:\WINDOWS\SYSTEM32\dhcpcsvc.DLL
0x00007ff8f0ba0000 - 0x00007ff8f0bb9000 	C:\WINDOWS\SYSTEM32\SAMCLI.DLL
0x00007ff8f6290000 - 0x00007ff8f62c1000 	C:\WINDOWS\System32\IMM32.DLL
0x00007ff8f3cb0000 - 0x00007ff8f3cc2000 	C:\WINDOWS\SYSTEM32\MSASN1.dll
0x00007ff8f3c20000 - 0x00007ff8f3c3b000 	C:\WINDOWS\SYSTEM32\CRYPTSP.dll
0x00007ff8f34d0000 - 0x00007ff8f3507000 	C:\WINDOWS\system32\rsaenh.dll
0x00007ff8f3c10000 - 0x00007ff8f3c1c000 	C:\WINDOWS\SYSTEM32\CRYPTBASE.dll
0x00007ff8f4ba0000 - 0x00007ff8f4c1b000 	C:\WINDOWS\System32\bcryptPrimitives.dll
0x00007ff8f5280000 - 0x00007ff8f529f000 	C:\WINDOWS\System32\imagehlp.dll
0x00007ff8f3570000 - 0x00007ff8f3588000 	C:\WINDOWS\SYSTEM32\kernel.appcore.dll
0x00007ff8f3a80000 - 0x00007ff8f3aa6000 	C:\WINDOWS\SYSTEM32\gpapi.dll
0x00007ff8dd260000 - 0x00007ff8dd292000 	C:\Windows\System32\cryptnet.dll
0x00007ff8f43b0000 - 0x00007ff8f43db000 	C:\WINDOWS\SYSTEM32\profapi.dll
0x00007ff8f2ef0000 - 0x00007ff8f2f1d000 	C:\WINDOWS\SYSTEM32\IPHLPAPI.DLL
0x00007ff8f17a0000 - 0x00007ff8f17ad000 	C:\WINDOWS\SYSTEM32\WINNSI.DLL
0x00007ff8f5e10000 - 0x00007ff8f5e19000 	C:\WINDOWS\System32\NSI.dll
0x00007ff821700000 - 0x00007ff821dcc000 	D:\Vivado\2024.2\lib\win64.o\xv_commontasks.dll
0x00007ff8211f0000 - 0x00007ff8216f0400 	D:\Vivado\2024.2\lib\win64.o\xv_sio.dll
0x00007ff820460000 - 0x00007ff8211e1000 	D:\Vivado\2024.2\tps\win64\jre21.0.1_12\bin\server\jvm.dll
0x00007ff8f32d0000 - 0x00007ff8f331d000 	C:\WINDOWS\SYSTEM32\POWRPROF.dll
0x00007ff8f13b0000 - 0x00007ff8f13e4000 	C:\WINDOWS\SYSTEM32\WINMM.dll
0x00007ff8f32b0000 - 0x00007ff8f32c3000 	C:\WINDOWS\SYSTEM32\UMPDC.dll
0x00007ff8f37e0000 - 0x00007ff8f3823000 	C:\WINDOWS\SYSTEM32\SspiCli.dll
0x00007ff8c2e30000 - 0x00007ff8c2e47000 	C:\WINDOWS\system32\napinsp.dll
0x00007ff8bf960000 - 0x00007ff8bf97b000 	C:\WINDOWS\system32\pnrpnsp.dll
0x00007ff8f2f20000 - 0x00007ff8f3018000 	C:\WINDOWS\SYSTEM32\DNSAPI.dll
0x00007ff8bb9a0000 - 0x00007ff8bb9b1000 	C:\WINDOWS\System32\winrnr.dll
0x00007ff8ee5e0000 - 0x00007ff8ee5ff000 	C:\WINDOWS\system32\wshbth.dll
0x00007ff8bb970000 - 0x00007ff8bb991000 	C:\WINDOWS\system32\nlansp_c.dll
0x00007ff8ee1b0000 - 0x00007ff8ee1ca000 	C:\WINDOWS\SYSTEM32\wkscli.dll
0x00007ff8c1870000 - 0x00007ff8c1882000 	C:\WINDOWS\SYSTEM32\cscapi.dll
0x00007ff8187f0000 - 0x00007ff81c6c3000 	D:\Vivado\2024.2\lib\win64.o\xv_tcltasks.dll
0x00007ff895110000 - 0x00007ff8951e9000 	D:\Vivado\2024.2\lib\win64.o\xv_xhubtasks.dll
0x00007ff81f860000 - 0x00007ff82045b000 	D:\Vivado\2024.2\lib\win64.o\xv_project.dll
0x00007ff81db70000 - 0x00007ff81f858000 	D:\Vivado\2024.2\lib\win64.o\xv_implflow.dll
0x00007ff812de0000 - 0x00007ff8187ef000 	D:\Vivado\2024.2\lib\win64.o\xv_route.dll
0x00007ff81cf10000 - 0x00007ff81db64000 	D:\Vivado\2024.2\lib\win64.o\xv_lopt.dll
0x00007ff80ceb0000 - 0x00007ff812815000 	D:\Vivado\2024.2\lib\win64.o\xv_place.dll
0x00007ff80c0d0000 - 0x00007ff80ceaf000 	D:\Vivado\2024.2\lib\win64.o\xv_power.dll
0x00007ff839040000 - 0x00007ff8391a6000 	D:\Vivado\2024.2\lib\win64.o\xv_chipscope.dll
0x00007ff80b900000 - 0x00007ff80c0c1000 	D:\Vivado\2024.2\lib\win64.o\xv_runs.dll
0x00007ff80ad00000 - 0x00007ff80b8fe000 	D:\Vivado\2024.2\lib\win64.o\xv_rsb.dll
0x00007ff80a050000 - 0x00007ff80acfd000 	D:\Vivado\2024.2\lib\win64.o\xv_drc.dll
0x00007ff83dcc0000 - 0x00007ff83ddcc000 	D:\Vivado\2024.2\lib\win64.o\xv_dsp.dll
0x00007ff836860000 - 0x00007ff836ae5000 	D:\Vivado\2024.2\lib\win64.o\xv_chipscopeimpl.dll
0x00007ff8046d0000 - 0x00007ff807463000 	D:\Vivado\2024.2\lib\win64.o\xv_coregen.dll
0x00007ff807470000 - 0x00007ff80a048000 	D:\Vivado\2024.2\lib\win64.o\xv_mig.dll
0x00007ff802dd0000 - 0x00007ff8046c9000 	D:\Vivado\2024.2\lib\win64.o\xv_timing.dll
0x00007ff812940000 - 0x00007ff812dd7000 	D:\Vivado\2024.2\lib\win64.o\xv_dlyest.dll
0x00007ff802710000 - 0x00007ff802dcf000 	D:\Vivado\2024.2\lib\win64.o\xv_memdata.dll
0x00007ff8d6f20000 - 0x00007ff8d6f99000 	D:\Vivado\2024.2\lib\win64.o\xv_pfi.dll
0x00007ffffd470000 - 0x00007ffffffec000 	D:\Vivado\2024.2\lib\win64.o\xv_designutils.dll
0x00007ff802140000 - 0x00007ff802706000 	D:\Vivado\2024.2\lib\win64.o\xv_bitstream.dll
0x00007ff801be0000 - 0x00007ff802133000 	D:\Vivado\2024.2\lib\win64.o\xv_platform.dll

dbghelp: loaded successfully - version: 4.0.5 - missing functions: none
symbol engine: initialized successfully - sym options: 0x614 - pdb path: .;D:\Vivado\2024.2\bin\unwrapped\win64.o;C:\WINDOWS\SYSTEM32;D:\Vivado\2024.2\lib\win64.o;C:\WINDOWS\WinSxS\amd64_microsoft.windows.common-controls_6595b64144ccf1df_5.82.22621.3527_none_b43b7f4b638cc64f;D:\Vivado\2024.2\tps\win64\jre21.0.1_12\bin\server;D:\Vivado\2024.2\tps\win64\jre21.0.1_12\bin;C:\WINDOWS\WinSxS\amd64_microsoft.windows.common-controls_6595b64144ccf1df_6.0.22621.5262_none_2712bde373830908;C:\WINDOWS\WinSxS\amd64_microsoft.windows.gdiplus_6595b64144ccf1df_1.1.22621.5331_none_57fac68ece181d81

VM Arguments:
jvm_args: -Dsun.java2d.pmoffscreen=false -Dhttps.protocols=TLSv1,TLSv1.1,TLSv1.2 -Dsun.java2d.xrender=false -Dsun.java2d.d3d=false -Dsun.awt.nopixfmt=true -Dsun.java2d.dpiaware=true -Dsun.java2d.uiScale.enabled=false -Dswing.aatext=true -XX:-UsePerfData -Djdk.map.althashing.threshold=512 -XX:StringTableSize=4072 -XX:+UseStringDeduplication -XX:MaxGCPauseMillis=200 -XX:ParallelGCThreads=4 -XX:+ParallelRefProcEnabled --add-opens=java.desktop/javax.swing.plaf.synth=ALL-UNNAMED --add-opens=java.base/java.nio=ALL-UNNAMED --add-opens=java.desktop/sun.swing=ALL-UNNAMED --add-opens=java.desktop/javax.swing=ALL-UNNAMED --add-opens=java.desktop/javax.swing.tree=ALL-UNNAMED --add-opens=java.desktop/javax.swing.plaf.basic=ALL-UNNAMED --add-opens=java.desktop/javax.swing.plaf.synth=ALL-UNNAMED --add-opens=java.desktop/javax.swing.plaf.basic=ALL-UNNAMED --add-opens=java.desktop/javax.swing=ALL-UNNAMED --add-opens=java.desktop/javax.swing.tree=ALL-UNNAMED --add-opens=java.desktop/java.awt.event=ALL-UNNAMED --add-exports=java.desktop/javax.swing.plaf.synth=ALL-UNNAMED --add-exports=java.base/java.nio=ALL-UNNAMED --add-exports=java.desktop/sun.swing=ALL-UNNAMED --add-exports=java.desktop/javax.swing=ALL-UNNAMED --add-exports=java.desktop/javax.swing.tree=ALL-UNNAMED --add-exports=java.desktop/javax.swing.plaf.basic=ALL-UNNAMED --add-exports=java.desktop/sun.swing=ALL-UNNAMED --add-exports=java.desktop/sun.swing.table=ALL-UNNAMED --add-exports=java.desktop/sun.swing.plaf.synth=ALL-UNNAMED --add-exports=java.desktop/sun.awt.shell=ALL-UNNAMED --add-exports=java.base/sun.security.action=ALL-UNNAMED --add-exports=java.desktop/sun.font=ALL-UNNAMED -XX:NewSize=80m -XX:MaxNewSize=80m -Xms512m -Xmx4072m -Xss10m 
java_command: <unknown>
java_class_path (initial): D:/Vivado/2024.2\lib\classes\apiguardian-api-1.1.0.jar;D:/Vivado/2024.2\lib\classes\asm-9.6-11.0.11-90.jar;D:/Vivado/2024.2\lib\classes\asm-analysis-9.6-11.0.11-90.jar;D:/Vivado/2024.2\lib\classes\asm-commons-9.6-11.0.11-90.jar;D:/Vivado/2024.2\lib\classes\asm-tree-9.6-11.0.11-90.jar;D:/Vivado/2024.2\lib\classes\autoesl-models-1.0.0-90.jar;D:/Vivado/2024.2\lib\classes\batik-anim-1.0.0-90.jar;D:/Vivado/2024.2\lib\classes\batik-awt-util-1.0.0-90.jar;D:/Vivado/2024.2\lib\classes\batik-bridge-1.0.0-90.jar;D:/Vivado/2024.2\lib\classes\batik-codec-1.0.0-90.jar;D:/Vivado/2024.2\lib\classes\batik-constants-1.0.0-90.jar;D:/Vivado/2024.2\lib\classes\batik-css-1.0.0-90.jar;D:/Vivado/2024.2\lib\classes\batik-dom-1.0.0-90.jar;D:/Vivado/2024.2\lib\classes\batik-ext-1.0.0-90.jar;D:/Vivado/2024.2\lib\classes\batik-gui-util-1.0.0-90.jar;D:/Vivado/2024.2\lib\classes\batik-gvt-1.0.0-90.jar;D:/Vivado/2024.2\lib\classes\batik-i18n-1.0.0-90.jar;D:/Vivado/2024.2\lib\classes\batik-parser-1.0.0-90.jar;D:/Vivado/2024.2\lib\classes\batik-script-1.0.0-90.jar;D:/Vivado/2024.2\lib\classes\batik-svg-dom-1.0.0-90.jar;D:/Vivado/2024.2\lib\classes\batik-svggen-1.0.0-90.jar;D:/Vivado/2024.2\lib\classes\batik-swing-1.0.0-90.jar;D:/Vivado/2024.2\lib\classes\batik-transcoder-1.0.0-90.jar;D:/Vivado/2024.2\lib\classes\batik-util-1.0.0-90.jar;D:/Vivado/2024.2\lib\classes\batik-xml-1.0.0-90.jar;D:/Vivado/2024.2\lib\classes\checker-qual-3.12.0.jar;D:/Vivado/2024.2\lib\classes\com.fasterxml.jackson.core.jackson-annotations_2.12.1.v20210128-1726-1.0.0-90.jar;D:/Vivado/2024.2\lib\classes\com.fasterxml.jackson.core.jackson-annotations_2.12.1.v20210128-1726-1.5.0-90.jar;D:/Vivado/2024.2\lib\classes\com.fasterxml.jackson.core.jackson-core_2.12.1.v20210128-1726-1.0.0-90.jar;D:/Vivado/2024.2\lib\classes\com.fasterxml.jackson.core.jackson-core_2.12.1.v20210128-1726-1.5.0-90.jar;D:/Vivado/2024.2\lib\classes\com.fasterxml.jackson.core.jackson-databind_2.12.1.v20210128-1726-1.0.0-90.jar;D:/Vivado/2024.2\lib\classes\com.fasterxml.jackson.core.jackson-databind_2.12.1.v20210128-1726-1.5.0-90.jar;D:/Vivado/2024.2\lib\classes\com.google.gson_2.8.9.v20220111-1409-1.5.0-90.jar;D:/Vivado/2024.2\lib\classes\com.google.guava_30.1.0.v20210127-2300-1.5.0-90.jar;D:/Vivado/2024.2\lib\classes\com.sigasi.hdt.connection_4.17.2.202304211001-1.5.0-90.jar;D:/Vivado/2024.2\lib\classes\com.sigasi.hdt.epl_4.17.2.202304211001-1.5.0-90.jar;D:/Vivado/2024.2\lib\classes\com.sigasi.hdt.project_4.17.2.202304211001-1.5.0-90.jar;D:/Vivado/2024.2\lib\classes\com.sigasi.hdt.readonlyfilesystem_4.17.2.202304211001-1.5.0-90.jar;D:/Vivado/2024.2\lib\classes\com.sigasi.hdt.shared_4.17.2.202304211001-1.5.0-90.jar;D:/Vivado/2024.2\lib\classes\com.sigasi.lcm_4.17.2.202304211001-1.5.0-90.jar;D:/Vivado/2024.2\lib\classes\com.sigasi.lsp.server.extensions_4.17.2.202304211001-1.5.0-90.jar;D:/Vivado/2024.2\lib\classes\com.sigasi.sdk.client_1.5.0.202304211001-1.5.0-90.jar;D:/Vivado/2024.2\lib\classes\commons-collections4-4.1-3.7.8-90.jar;D:/Vivado/2024.2\lib\classes\commons-compress-1.21-3.7.8-90.jar;D:/Vivado/2024.2\lib\classes\commons-io-2.15.0-11.0.11-90.jar;D:/Vivado/2024.2\lib\classes\commons-io-2.6.jar;D:/Vivado/2024.2\lib\classes\commons-lang3-3.14.0-11.0.11-90.jar;D:/Vivado/2024.2\lib\classes\commons-math-2.2-3.7.8-90.jar;D:/Vivado/2024.2\lib\classes\DispatchProtocol-1.24.0-595.jar;D:/Vivado/2024.2\lib\classes\dom4j-1.6.1-3.7.8-90.jar;D:/Vivado/2024.2\lib\classes\error_prone_annotations-2.11.0.jar;D:/Vivado/2024.2\lib\classes\failureaccess-1.0.1.jar;D:/Vivado/2024.2\lib\classes\frank_frameworks-1.0.0-595.jar;D:/Vivado/2024.2\lib\classes\gson-2.8.9.jar;D:/Vivado/2024.2\lib\classes\guava-31.1-android.jar;D:/Vivado/2024.2\lib\classes\help-1.24.0-412.jar;D:/Vivado/2024.2\lib\classes\hsqldb-3.7.8-90.jar;D:/Vivado/2024.2\lib\classes\j2objc-annotations-1.3.jar;D:/Vivado/2024.2\lib\classes\jakarta.annotation-api-2.1.0-11.0.11-90.jar;D:/Vivado/2024.2\lib\classes\jakarta.json-2.0.0-RC2-1.5.0-90.jar;D:/Vivado/2024.2\lib\classes\jakarta.json-api-2.0.0-RC2-1.5.0-90.jar;D:/Vivado/2024.2\lib\classes\jakarta.transaction-api-2.0.0-11.0.11-90.jar;D:/Vivado/2024.2\lib\classes\jaxb-api-2.3.0.jar;D:/Vivado/2024.2\lib\classes\jericho-html-3.4-1.0.0-90.jar;D:/Vivado/2024.2\lib\classes\jetty-jakarta-servlet-api-5.0.2-11.0.11-90.jar;D:/Vivado/2024.2\lib\classes\jh-2.0.05-90.jar;D:/Vivado/2024.2\lib\classes\jide-action-3.7.8-90.jar;D:/Vivado/2024.2\lib\classes\jide-charts-3.7.8-90.jar;D:/Vivado/2024.2\lib\classes\jide-common-3.7.8-90.jar;D:/Vivado/2024.2\lib\classes\jide-components-3.7.8-90.jar;D:/Vivado/2024.2\lib\classes\jide-dashboard-3.7.8-90.jar;D:/Vivado/2024.2\lib\classes\jide-data-3.7.8-90.jar;D:/Vivado/2024.2\lib\classes\jide-dialogs-3.7.8-90.jar;D:/Vivado/2024.2\lib\classes\jide-diff-3.7.8-90.jar;D:/Vivado/2024.2\lib\classes\jide-dock-3.7.8-90.jar;D:/Vivado/2024.2\lib\classes\jide-editor-3.7.8-90.jar;D:/Vivado/2024.2\lib\classes\jide-gantt-3.7.8-90.jar;D:/Vivado/2024.2\lib\classes\jide-grids-3.7.8-90.jar;D:/Vivado/2024.2\lib\classes\jide-pivot-3.7.8-90.jar;D:/Vivado/2024.2\lib\classes\jide-plaf-jdk7-3.7.8-90.jar;D:/Vivado/2024.2\lib\classes\jide-properties-3.7.8-90.jar;D:/Vivado/2024.2\lib\classes\jide-shortcut-3.7.8-90.jar;D:/Vivado/2024.2\lib\classes\jide-treemap-3.7.8-90.jar;D:/Vivado/2024.2\lib\classes\JRCClient-1.24.0-595.jar;D:/Vivado/2024.2\lib\classes\jsr305-3.0.2.jar;D:/Vivado/2024.2\lib\classes\junit-jupiter-api-5.6.2.jar;D:/Vivado/2024.2\lib\classes\junit-platform-commons-1.6.2.jar;D:/Vivado/2024.2\lib\classes\justify-3.0.0-RC2-1.5.0-90.jar;D:/Vivado/2024.2\lib\classes\jydocking-3.3.1-90.jar;D:/Vivado/2024.2\lib\classes\jytable-3.3.1-90.jar;D:/Vivado/2024.2\lib\classes\jywidgets-3.3.1-90.jar;D:/Vivado/2024.2\lib\classes\listenablefuture-9999.0-empty-to-avoid-conflict-with-guava.jar;D:/Vivado/2024.2\lib\classes\log4j-1.2-api-2.17.1-1.5.0-90.jar;D:/Vivado/2024.2\lib\classes\log4j-api-2.17.1-1.5.0-90.jar;D:/Vivado/2024.2\lib\classes\log4j-core-2.17.1-1.5.0-90.jar;D:/Vivado/2024.2\lib\classes\lucene-analyzers-common-4.10.2-3.7.8-90.jar;D:/Vivado/2024.2\lib\classes\lucene-core-4.10.2-3.7.8-90.jar;D:/Vivado/2024.2\lib\classes\lucene-queryparser-4.10.2-3.7.8-90.jar;D:/Vivado/2024.2\lib\classes\matlab_jmi-1.0.0-90.jar;D:/Vivado/2024.2\lib\classes\miglayout-3.7.3.1.jar;D:/Vivado/2024.2\lib\classes\nlview_java-1.0.0-90.jar;D:/Vivado/2024.2\lib\classes\opentest4j-1.2.0.jar;D:/Vivado/2024.2\lib\classes\org.apache.commons.lang_2.6.0.v201404270220-1.0.0-90.jar;D:/Vivado/2024.2\lib\classes\org.eclipse.core.commands-3.6.0-1.0.0-90.jar;D:/Vivado/2024.2\lib\classes\org.eclipse.core.filesystem_1.7.400.v20190518-1151-1.0.0-90.jar;D:/Vivado/2024.2\lib\classes\org.eclipse.core.jobs_3.10.400.v20190506-1457-1.0.0-90.jar;D:/Vivado/2024.2\lib\classes\org.eclipse.core.resources_3.13.400.v20190505-1655-1.0.0-90.jar;D:/Vivado/2024.2\lib\classes\org.eclipse.emf.common_2.18.0.v20191225-1014-1.0.0-90.jar;D:/Vivado/2024.2\lib\classes\org.eclipse.emf.common_2.24.0.v20220123-0838-1.5.0-90.jar;D:/Vivado/2024.2\lib\classes\org.eclipse.emf.ecore.xmi_2.16.0.v20190528-0725-1.0.0-90.jar;D:/Vivado/2024.2\lib\classes\org.eclipse.emf.ecore_2.21.0.v20200127-1342-1.0.0-90.jar;D:/Vivado/2024.2\lib\classes\org.eclipse.equinox.common_3.11.0.v20200206-0817-1.0.0-90.jar;D:/Vivado/2024.2\lib\classes\org.eclipse.equinox.registry_3.8.400.v20190516-1504-1.0.0-90.jar;D:/Vivado/2024.2\lib\classes\org.eclipse.jetty.alpn.client_11.0.18-11.0.11-90.jar;D:/Vivado/2024.2\lib\classes\org.eclipse.jetty.annotations_11.0.18-11.0.11-90.jar;D:/Vivado/2024.2\lib\classes\org.eclipse.jetty.client_11.0.18-11.0.11-90.jar;D:/Vivado/2024.2\lib\classes\org.eclipse.jetty.http_11.0.18-11.0.11-90.jar;D:/Vivado/2024.2\lib\classes\org.eclipse.jetty.io_11.0.18-11.0.11-90.jar;D:/Vivado/2024.2\lib\classes\org.eclipse.jetty.jndi_11.0.18-11.0.11-90.jar;D:/Vivado/2024.2\lib\classes\org.eclipse.jetty.plus_11.0.18-11.0.11-90.jar;D:/Vivado/2024.2\lib\classes\org.eclipse.jetty.security_11.0.18-11.0.11-90.jar;D:/Vivado/2024.2\lib\classes\org.eclipse.jetty.server_11.0.18-11.0.11-90.jar;D:/Vivado/2024.2\lib\classes\org.eclipse.jetty.servlet_11.0.18-11.0.11-90.jar;D:/Vivado/2024.2\lib\classes\org.eclipse.jetty.util_11.0.18-11.0.11-90.jar;D:/Vivado/2024.2\lib\classes\org.eclipse.jetty.webapp_11.0.18-11.0.11-90.jar;D:/Vivado/2024.2\lib\classes\org.eclipse.jetty.websocket.api_11.0.18-11.0.11-90.jar;D:/Vivado/2024.2\lib\classes\org.eclipse.jetty.websocket.client_11.0.18-11.0.11-90.jar;D:/Vivado/2024.2\lib\classes\org.eclipse.jetty.websocket.common_11.0.18-11.0.11-90.jar;D:/Vivado/2024.2\lib\classes\org.eclipse.jetty.websocket.core.client_11.0.18-11.0.11-90.jar;D:/Vivado/2024.2\lib\classes\org.eclipse.jetty.websocket.core.common_11.0.18-11.0.11-90.jar;D:/Vivado/2024.2\lib\classes\org.eclipse.jetty.websocket.core.server_11.0.18-11.0.11-90.jar;D:/Vivado/2024.2\lib\classes\org.eclipse.jetty.websocket.server_11.0.18-11.0.11-90.jar;D:/Vivado/2024.2\lib\classes\org.eclipse.jetty.websocket.servlet_11.0.18-11.0.11-90.jar;D:/Vivado/2024.2\lib\classes\org.eclipse.jetty.xml_11.0.18-11.0.11-90.jar;D:/Vivado/2024.2\lib\classes\org.eclipse.lsp4j.jsonrpc_0.12.0.v20210402-1305-1.5.0-90.jar;D:/Vivado/2024.2\lib\classes\org.eclipse.lsp4j_0.12.0.v20210402-1305-1.5.0-90.jar;D:/Vivado/2024.2\lib\classes\org.eclipse.xtext.util_2.18.0.v20190603-1042-1.0.0-90.jar;D:/Vivado/2024.2\lib\classes\org.eclipse.xtext.util_2.26.0.v20220228-0751-1.5.0-90.jar;D:/Vivado/2024.2\lib\classes\org.eclipse.xtext.xbase.lib_2.26.0.v20220228-0748-1.5.0-90.jar;D:/Vivado/2024.2\lib\classes\picocli-4.1.2.jar;D:/Vivado/2024.2\lib\classes\planAhead.jar;D:/Vivado/2024.2\lib\classes\poi-4.1.1-3.7.8-90.jar;D:/Vivado/2024.2\lib\classes\poi-ooxml-4.1.1-3.7.8-90.jar;D:/Vivado/2024.2\lib\classes\poi-ooxml-schemas-4.1.1-3.7.8-90.jar;D:/Vivado/2024.2\lib\classes\protobuf-java-3.21.12.jar;D:/Vivado/2024.2\lib\classes\protobuf-java-util-3.21.12.jar;D:/Vivado/2024.2\lib\classes\RuleService-1.24.0-595.jar;D:/Vivado/2024.2\lib\classes\slf4j-api-2.0.9-11.0.11-90.jar;D:/Vivado/2024.2\lib\classes\swingx-core-1.6.2-90.jar;D:/Vivado/2024.2\lib\classes\synthetica-3.3.1-90.jar;D:/Vivado/2024.2\lib\classes\syntheticaAddons-3.3.1-90.jar;D:/Vivado/2024.2\lib\classes\syntheticaDark-3.3.1-90.jar;D:/Vivado/2024.2\lib\classes\syntheticaPlain-3.3.1-90.jar;D:/Vivado/2024.2\lib\classes\syntheticaPlainAddon-3.3.1-90.jar;D:/Vivado/2024.2\lib\classes\sysgen.jar;D:/Vivado/2024.2\lib\classes\va-shared-1.0.0-595.jar;D:/Vivado/2024.2\lib\classes\VlmGUI.jar;D:/Vivado/2024.2\lib\classes\xml-apis-ext-1.0.0-90.jar;D:/Vivado/2024.2\lib\classes\xmlbeans-3.1.0-3.7.8-90.jar;D:/Vivado/2024.2\lib\classes\xmlgraphics-commons-1.0.0-90.jar;D:/Vivado/2024.2\lib\classes\yfiles-for-java-swing-3.3.0-90.jar;D:/Vivado/2024.2\lib\classes\windows\gluegen-rt-95.0.4638.69-90.jar;D:/Vivado/2024.2\lib\classes\windows\gluegen-rt-natives-windows-amd64-95.0.4638.69-90.jar;D:/Vivado/2024.2\lib\classes\windows\javafx-swt-21.0.1-90.jar;D:/Vivado/2024.2\lib\classes\windows\javafx.base-21.0.1-90.jar;D:/Vivado/2024.2\lib\classes\windows\javafx.controls-21.0.1-90.jar;D:/Vivado/2024.2\lib\classes\windows\javafx.fxml-21.0.1-90.jar;D:/Vivado/2024.2\lib\classes\windows\javafx.graphics-21.0.1-90.jar;D:/Vivado/2024.2\lib\classes\windows\javafx.media-21.0.1-90.jar;D:/Vivado/2024.2\lib\classes\windows\javafx.swing-21.0.1-90.jar;D:/Vivado/2024.2\lib\classes\windows\javafx.web-21.0.1-90.jar;D:/Vivado/2024.2\lib\classes\windows\jcef-95.0.4638.69-90.jar;D:/Vivado/2024.2\lib\classes\windows\jcef-tests-95.0.4638.69-90.jar;D:/Vivado/2024.2\lib\classes\windows\jogl-all-95.0.4638.69-90.jar;D:/Vivado/2024.2\lib\classes\windows\jogl-all-natives-windows-amd64-95.0.4638.69-90.jar
Launcher Type: generic

[Global flags]
     intx CICompilerCount                          = 12                                        {product} {ergonomic}
     uint ConcGCThreads                            = 1                                         {product} {ergonomic}
     uint G1ConcRefinementThreads                  = 4                                         {product} {ergonomic}
   size_t G1HeapRegionSize                         = 2097152                                   {product} {ergonomic}
    uintx GCDrainStackTargetSize                   = 64                                        {product} {ergonomic}
   size_t InitialHeapSize                          = 536870912                                 {product} {command line}
   size_t MarkStackSize                            = 4194304                                   {product} {ergonomic}
    uintx MaxGCPauseMillis                         = 200                                       {product} {command line}
   size_t MaxHeapSize                              = 4269801472                                {product} {command line}
   size_t MaxNewSize                               = 83886080                                  {product} {command line}
   size_t MinHeapDeltaBytes                        = 2097152                                   {product} {ergonomic}
   size_t MinHeapSize                              = 536870912                                 {product} {command line}
   size_t NewSize                                  = 83886080                                  {product} {command line}
    uintx NonNMethodCodeHeapSize                   = 7602480                                {pd product} {ergonomic}
    uintx NonProfiledCodeHeapSize                  = 122027880                              {pd product} {ergonomic}
     uint ParallelGCThreads                        = 4                                         {product} {command line}
     bool ParallelRefProcEnabled                   = true                                      {product} {command line}
    uintx ProfiledCodeHeapSize                     = 122027880                              {pd product} {ergonomic}
    uintx ReservedCodeCacheSize                    = 251658240                              {pd product} {ergonomic}
     bool SegmentedCodeCache                       = true                                      {product} {ergonomic}
   size_t SoftMaxHeapSize                          = 4269801472                             {manageable} {ergonomic}
    uintx StringTableSize                          = 4072                                      {product} {command line}
     intx ThreadStackSize                          = 10240                                  {pd product} {command line}
     bool UseCompressedOops                        = true                           {product lp64_product} {ergonomic}
     bool UseG1GC                                  = true                                      {product} {ergonomic}
     bool UseLargePagesIndividualAllocation        = false                                  {pd product} {ergonomic}
     bool UsePerfData                              = false                                     {product} {command line}
     bool UseStringDeduplication                   = true                                      {product} {command line}

Logging:
Log output configuration:
 #0: stdout all=warning uptime,level,tags foldmultilines=false
 #1: stderr all=off uptime,level,tags foldmultilines=false

Environment Variables:
PATH=D:/Vivado/2024.2\gnuwin\bin;D:/Vivado/2024.2\gnu\microblaze\nt\bin;D:/Vivado/2024.2/bin;D:/Vivado/2024.2/tps/win64/java-cef-95.0.4638.69/bin/lib/win64;D:/Vivado/2024.2/tps/win64/javafx-sdk-21.0.1/lib;D:/Vivado/2024.2/tps/win64/javafx-sdk-21.0.1/bin;D:/Vivado/2024.2/lib/win64.o;D:/Vivado/2024.2/tps/win64/jre21.0.1_12/bin/server;D:/Vivado/2024.2/tps/win64/jre21.0.1_12/bin;D:/Vitis/2024.2/bin;D:/Vivado/2024.2/ids_lite/ISE/bin/nt64;D:/Vivado/2024.2/ids_lite/ISE/lib/nt64;D:/Vitis_HLS/2024.2/bin;C:\WINDOWS\system32;C:\WINDOWS;C:\WINDOWS\System32\Wbem;C:\WINDOWS\System32\WindowsPowerShell\v1.0\;C:\WINDOWS\System32\OpenSSH\;C:\Program Files\MATLAB\R2020a\runtime\win64;C:\Program Files\MATLAB\R2020a\bin;C;\Program Files\Docker\Docker\resources\bin;C:\Program Files\Git\cmd;C:\msys64\mingw64\bin;C:\Users\11057\AppData\Local\Programs\Python\Python38\Scripts\;C:\Users\11057\AppData\Local\Programs\Python\Python38\;C:\Users\11057\AppData\Local\Microsoft\WindowsApps;C:\w64devkit\bin;C:\æ£Í≈Ï‰\Microsoft VS Code\bin;C:\PyCharm 2024.1.1\bin;;C:\Program Files\JetBrains\PyCharm Community Edition 2024.1.1\bin;C:\Program Files\MySQL\MySQL Server 8.0\bin;D:/Vivado/2024.2\tps\mingw\6.2.0\win64.o\nt\bin;D:/Vivado/2024.2\tps\mingw\6.2.0\win64.o\nt\libexec\gcc\x86_64-w64-mingw32\6.2.0;D:/Vivado/2024.2\tps\win64\python-3.8.3;D:/Vivado/2024.2\tps\win64\python-3.8.3\bin;D:/Vivado/2024.2\tps\win64\python-3.8.3\lib;D:/Vivado/2024.2\tps\win64\python-3.8.3\lib\site-packages
USERNAME=11057
OS=Windows_NT
PROCESSOR_IDENTIFIER=Intel64 Family 6 Model 154 Stepping 3, GenuineIntel
TMP=C:\Users\11057\AppData\Local\Temp
TEMP=C:\Users\11057\AppData\Local\Temp




Periodic native trim disabled

---------------  S Y S T E M  ---------------

OS:
 Windows 11 , 64 bit Build 22621 (10.0.22621.5262)
OS uptime: 17 days 16:34 hours
Hyper-V role detected

CPU: total 16 (initial active 16) (8 cores per cpu, 2 threads per core) family 6 model 154 stepping 3 microcode 0x435, cx8, cmov, fxsr, ht, mmx, 3dnowpref, sse, sse2, sse3, ssse3, sse4.1, sse4.2, popcnt, lzcnt, tsc, tscinvbit, avx, avx2, aes, erms, clmul, bmi1, bmi2, adx, sha, fma, vzeroupper, clflush, clflushopt, clwb, hv, serialize, rdtscp, rdpid, fsrm, f16c, cet_ibt, cet_ss
Processor Information for processor 0
  Max Mhz: 1700, Current Mhz: 1700, Mhz Limit: 1700
Processor Information for processor 1
  Max Mhz: 1700, Current Mhz: 1700, Mhz Limit: 1700
Processor Information for processor 2
  Max Mhz: 1700, Current Mhz: 1700, Mhz Limit: 1700
Processor Information for processor 3
  Max Mhz: 1700, Current Mhz: 1700, Mhz Limit: 1700
Processor Information for processor 4
  Max Mhz: 1700, Current Mhz: 1700, Mhz Limit: 1700
Processor Information for processor 5
  Max Mhz: 1700, Current Mhz: 1700, Mhz Limit: 1700
Processor Information for processor 6
  Max Mhz: 1700, Current Mhz: 1700, Mhz Limit: 1700
Processor Information for processor 7
  Max Mhz: 1700, Current Mhz: 1700, Mhz Limit: 1700
Processor Information for processor 8
  Max Mhz: 1700, Current Mhz: 1700, Mhz Limit: 1700
Processor Information for processor 9
  Max Mhz: 1700, Current Mhz: 1558, Mhz Limit: 1700
Processor Information for processor 10
  Max Mhz: 1700, Current Mhz: 1558, Mhz Limit: 1700
Processor Information for processor 11
  Max Mhz: 1700, Current Mhz: 1700, Mhz Limit: 1700
Processor Information for processor 12
  Max Mhz: 1700, Current Mhz: 1558, Mhz Limit: 1700
Processor Information for processor 13
  Max Mhz: 1700, Current Mhz: 1558, Mhz Limit: 1700
Processor Information for processor 14
  Max Mhz: 1700, Current Mhz: 1558, Mhz Limit: 1700
Processor Information for processor 15
  Max Mhz: 1700, Current Mhz: 1558, Mhz Limit: 1700

Memory: 4k page, system-wide physical 16016M (7111M free)
TotalPageFile size 19344M (AvailPageFile size 7151M)
current process WorkingSet (physical memory assigned to process): 1183M, peak: 1184M
current process commit charge ("private bytes"): 1433M, peak: 1445M

vm_info: OpenJDK 64-Bit Server VM (21.0.1+12-LTS) for windows-amd64 JRE (21.0.1+12-LTS), built on 2023-10-17T00:00:00Z by "admin" with unknown MS VC++:1937

END.
