Vivado Simulator v2024.2.0
Copyright 1986-2022 Xilinx, Inc. All Rights Reserved.
Copyright 2022-2024 Advanced Micro Devices, Inc. All Rights Reserved.
Running: C:/Xilinx/Vivado/2024.2/bin/unwrapped/win64.o/xelab.exe --incr --debug typical --relax --mt 2 -L xil_defaultlib -L axi_lite_ipif_v3_0_4 -L lib_cdc_v1_0_3 -L interrupt_control_v3_1_5 -L axi_gpio_v2_0_35 -L lib_pkg_v1_0_4 -L lib_srl_fifo_v1_0_4 -L axi_uartlite_v2_0_37 -L axi_intc_v4_1_20 -L proc_sys_reset_v5_0_16 -L generic_baseblocks_v2_1_2 -L axi_infrastructure_v1_1_0 -L axi_register_slice_v2_1_33 -L fifo_generator_v13_2_11 -L axi_data_fifo_v2_1_32 -L axi_crossbar_v2_1_34 -L axi_protocol_converter_v2_1_33 -L xlconcat_v2_1_6 -L v_vid_in_axi4s_v5_0_5 -L xlslice_v1_0_4 -L xlconstant_v1_1_9 -L lib_fifo_v1_0_20 -L blk_mem_gen_v8_4_9 -L lib_bmg_v1_0_18 -L axi_datamover_v5_1_35 -L axi_vdma_v6_3_21 -L axi_vip_v1_1_19 -L processing_system7_vip_v1_0_21 -L uvm -L xilinx_vip -L unisims_ver -L unimacro_ver -L secureip -L xpm --snapshot tb_design_2_behav xil_defaultlib.tb_design_2 xil_defaultlib.glbl -log elaborate.log 
Using 2 slave threads.
Starting static elaboration
Pass Through NonSizing Optimizer
WARNING: [VRFC 10-1393] static function called recursively - might cause difference in behavior across tools [../../../../../design_2/ip/design_2_cg_fpga_0_0/src/cg_fpga_axi_vdma_0_0/hdl/axi_vdma_v6_3_21.vh:110]
WARNING: [VRFC 10-3091] actual bit length 1 differs from formal bit length 2 for port 's_axi_arready' [E:/cd2/course_design_2/course_design_2.ip_user_files/bd/design_2/ipshared/1d03/sim/cg_fpga.v:1585]
WARNING: [VRFC 10-3091] actual bit length 64 differs from formal bit length 128 for port 's_axi_rdata' [E:/cd2/course_design_2/course_design_2.ip_user_files/bd/design_2/ipshared/1d03/sim/cg_fpga.v:1602]
WARNING: [VRFC 10-3091] actual bit length 1 differs from formal bit length 2 for port 's_axi_rlast' [E:/cd2/course_design_2/course_design_2.ip_user_files/bd/design_2/ipshared/1d03/sim/cg_fpga.v:1603]
WARNING: [VRFC 10-3091] actual bit length 2 differs from formal bit length 4 for port 's_axi_rresp' [E:/cd2/course_design_2/course_design_2.ip_user_files/bd/design_2/ipshared/1d03/sim/cg_fpga.v:1605]
WARNING: [VRFC 10-3091] actual bit length 1 differs from formal bit length 2 for port 's_axi_rvalid' [E:/cd2/course_design_2/course_design_2.ip_user_files/bd/design_2/ipshared/1d03/sim/cg_fpga.v:1606]
WARNING: [VRFC 10-3091] actual bit length 1 differs from formal bit length 16 for port 'IRQ_F2P' [E:/cd2/course_design_2/course_design_2.ip_user_files/bd/design_2/ip/design_2_cg_fpga_0_0/src/cg_fpga_processing_system7_0_0/sim/cg_fpga_processing_system7_0_0.v:671]
WARNING: [VRFC 10-3091] actual bit length 128 differs from formal bit length 64 for port 'WR_DATA_STRB' [../../../../../design_2/ip/design_2_cg_fpga_0_0/src/cg_fpga_processing_system7_0_0/hdl/processing_system7_vip_v1_0_21_axi_gp.v:208]
WARNING: [VRFC 10-3091] actual bit length 12 differs from formal bit length 6 for port 'm_axi_bid' [E:/cd2/design_2/ip/design_2_cg_fpga_0_0/src/cg_fpga_processing_system7_0_0/hdl/processing_system7_vip_v1_0_vl_rfs.sv:5546]
WARNING: [VRFC 10-3091] actual bit length 12 differs from formal bit length 6 for port 'm_axi_rid' [E:/cd2/design_2/ip/design_2_cg_fpga_0_0/src/cg_fpga_processing_system7_0_0/hdl/processing_system7_vip_v1_0_vl_rfs.sv:5564]
WARNING: [VRFC 10-3091] actual bit length 128 differs from formal bit length 64 for port 'WR_DATA_STRB' [../../../../../design_2/ip/design_2_cg_fpga_0_0/src/cg_fpga_processing_system7_0_0/hdl/processing_system7_vip_v1_0_21_axi_gp.v:292]
WARNING: [VRFC 10-3091] actual bit length 8 differs from formal bit length 9 for port 'WR_BYTES' [../../../../../design_2/ip/design_2_cg_fpga_0_0/src/cg_fpga_processing_system7_0_0/hdl/processing_system7_vip_v1_0_21_axi_hp.v:80]
WARNING: [VRFC 10-3091] actual bit length 8 differs from formal bit length 9 for port 'RD_BYTES' [../../../../../design_2/ip/design_2_cg_fpga_0_0/src/cg_fpga_processing_system7_0_0/hdl/processing_system7_vip_v1_0_21_axi_hp.v:89]
WARNING: [VRFC 10-3091] actual bit length 12 differs from formal bit length 6 for port 'm_axi_bid' [E:/cd2/design_2/ip/design_2_cg_fpga_0_0/src/cg_fpga_processing_system7_0_0/hdl/processing_system7_vip_v1_0_vl_rfs.sv:10256]
WARNING: [VRFC 10-3091] actual bit length 12 differs from formal bit length 6 for port 'm_axi_rid' [E:/cd2/design_2/ip/design_2_cg_fpga_0_0/src/cg_fpga_processing_system7_0_0/hdl/processing_system7_vip_v1_0_vl_rfs.sv:10274]
WARNING: [VRFC 10-3091] actual bit length 32 differs from formal bit length 64 for port 'm_axi_rdata' [E:/cd2/design_2/ip/design_2_cg_fpga_0_0/src/cg_fpga_processing_system7_0_0/hdl/processing_system7_vip_v1_0_vl_rfs.sv:10275]
WARNING: [VRFC 10-3091] actual bit length 8 differs from formal bit length 9 for port 'WR_BYTES' [../../../../../design_2/ip/design_2_cg_fpga_0_0/src/cg_fpga_processing_system7_0_0/hdl/processing_system7_vip_v1_0_21_axi_hp.v:165]
WARNING: [VRFC 10-3091] actual bit length 8 differs from formal bit length 9 for port 'RD_BYTES' [../../../../../design_2/ip/design_2_cg_fpga_0_0/src/cg_fpga_processing_system7_0_0/hdl/processing_system7_vip_v1_0_21_axi_hp.v:174]
WARNING: [VRFC 10-3091] actual bit length 8 differs from formal bit length 9 for port 'WR_BYTES' [../../../../../design_2/ip/design_2_cg_fpga_0_0/src/cg_fpga_processing_system7_0_0/hdl/processing_system7_vip_v1_0_21_axi_hp.v:251]
WARNING: [VRFC 10-3091] actual bit length 8 differs from formal bit length 9 for port 'RD_BYTES' [../../../../../design_2/ip/design_2_cg_fpga_0_0/src/cg_fpga_processing_system7_0_0/hdl/processing_system7_vip_v1_0_21_axi_hp.v:260]
WARNING: [VRFC 10-3091] actual bit length 8 differs from formal bit length 9 for port 'WR_BYTES' [../../../../../design_2/ip/design_2_cg_fpga_0_0/src/cg_fpga_processing_system7_0_0/hdl/processing_system7_vip_v1_0_21_axi_hp.v:337]
WARNING: [VRFC 10-3091] actual bit length 8 differs from formal bit length 9 for port 'RD_BYTES' [../../../../../design_2/ip/design_2_cg_fpga_0_0/src/cg_fpga_processing_system7_0_0/hdl/processing_system7_vip_v1_0_21_axi_hp.v:346]
WARNING: [VRFC 10-3091] actual bit length 12 differs from formal bit length 3 for port 'm_axi_bid' [E:/cd2/design_2/ip/design_2_cg_fpga_0_0/src/cg_fpga_processing_system7_0_0/hdl/processing_system7_vip_v1_0_vl_rfs.sv:7157]
WARNING: [VRFC 10-3091] actual bit length 12 differs from formal bit length 3 for port 'm_axi_rid' [E:/cd2/design_2/ip/design_2_cg_fpga_0_0/src/cg_fpga_processing_system7_0_0/hdl/processing_system7_vip_v1_0_vl_rfs.sv:7175]
WARNING: [VRFC 10-3091] actual bit length 32 differs from formal bit length 64 for port 'm_axi_rdata' [E:/cd2/design_2/ip/design_2_cg_fpga_0_0/src/cg_fpga_processing_system7_0_0/hdl/processing_system7_vip_v1_0_vl_rfs.sv:7176]
WARNING: [VRFC 10-5021] port 'mm2s_frame_ptr_out' is not connected on this instance [E:/cd2/course_design_2/course_design_2.ip_user_files/bd/design_2/ipshared/1d03/sim/cg_fpga.v:528]
WARNING: [VRFC 10-5021] port 'gpio2_io_o' is not connected on this instance [E:/cd2/course_design_2/course_design_2.ip_user_files/bd/design_2/ipshared/1d03/sim/cg_fpga.v:657]
WARNING: [VRFC 10-5021] port 'mb_reset' is not connected on this instance [E:/cd2/course_design_2/course_design_2.ip_user_files/bd/design_2/ipshared/1d03/sim/cg_fpga.v:959]
WARNING: [VRFC 10-5021] port 'aclk2x' is not connected on this instance [E:/cd2/design_2/ip/design_2_cg_fpga_0_0/src/cg_fpga_xbar_1/hdl/axi_crossbar_v2_1_vl_rfs.v:3097]
WARNING: [VRFC 10-5021] port 'ENET0_GMII_RXD' is not connected on this instance [E:/cd2/course_design_2/course_design_2.ip_user_files/bd/design_2/ip/design_2_cg_fpga_0_0/src/cg_fpga_processing_system7_0_0/sim/cg_fpga_processing_system7_0_0.v:283]
WARNING: [VRFC 10-3129] assignment to input 'wr_dv_ocm_gp0' [E:/cd2/design_2/ip/design_2_cg_fpga_0_0/src/cg_fpga_processing_system7_0_0/hdl/processing_system7_vip_v1_0_vl_rfs.sv:4372]
WARNING: [VRFC 10-3129] assignment to input 'wr_dv_ddr_gp0' [E:/cd2/design_2/ip/design_2_cg_fpga_0_0/src/cg_fpga_processing_system7_0_0/hdl/processing_system7_vip_v1_0_vl_rfs.sv:4373]
WARNING: [VRFC 10-3129] assignment to input 'wr_dv_ocm_gp1' [E:/cd2/design_2/ip/design_2_cg_fpga_0_0/src/cg_fpga_processing_system7_0_0/hdl/processing_system7_vip_v1_0_vl_rfs.sv:4394]
WARNING: [VRFC 10-3129] assignment to input 'wr_dv_ddr_gp1' [E:/cd2/design_2/ip/design_2_cg_fpga_0_0/src/cg_fpga_processing_system7_0_0/hdl/processing_system7_vip_v1_0_vl_rfs.sv:4395]
WARNING: [VRFC 10-3129] assignment to input 'wr_dv_ddr_hp0' [E:/cd2/design_2/ip/design_2_cg_fpga_0_0/src/cg_fpga_processing_system7_0_0/hdl/processing_system7_vip_v1_0_vl_rfs.sv:4465]
WARNING: [VRFC 10-3129] assignment to input 'wr_dv_ddr_hp1' [E:/cd2/design_2/ip/design_2_cg_fpga_0_0/src/cg_fpga_processing_system7_0_0/hdl/processing_system7_vip_v1_0_vl_rfs.sv:4483]
WARNING: [VRFC 10-3129] assignment to input 'wr_dv_ddr_hp2' [E:/cd2/design_2/ip/design_2_cg_fpga_0_0/src/cg_fpga_processing_system7_0_0/hdl/processing_system7_vip_v1_0_vl_rfs.sv:4501]
WARNING: [VRFC 10-3129] assignment to input 'wr_dv_ddr_hp3' [E:/cd2/design_2/ip/design_2_cg_fpga_0_0/src/cg_fpga_processing_system7_0_0/hdl/processing_system7_vip_v1_0_vl_rfs.sv:4519]
WARNING: [VRFC 10-3129] assignment to input 'ddr_wr_qos' [E:/cd2/design_2/ip/design_2_cg_fpga_0_0/src/cg_fpga_processing_system7_0_0/hdl/processing_system7_vip_v1_0_vl_rfs.sv:1253]
WARNING: [VRFC 10-3129] assignment to input 'ddr_rd_qos' [E:/cd2/design_2/ip/design_2_cg_fpga_0_0/src/cg_fpga_processing_system7_0_0/hdl/processing_system7_vip_v1_0_vl_rfs.sv:1276]
WARNING: [VRFC 10-3129] assignment to input 'ddr_wr_qos' [E:/cd2/design_2/ip/design_2_cg_fpga_0_0/src/cg_fpga_processing_system7_0_0/hdl/processing_system7_vip_v1_0_vl_rfs.sv:1091]
WARNING: [VRFC 10-3129] assignment to input 'ddr_rd_qos' [E:/cd2/design_2/ip/design_2_cg_fpga_0_0/src/cg_fpga_processing_system7_0_0/hdl/processing_system7_vip_v1_0_vl_rfs.sv:1115]
WARNING: [VRFC 10-3027] 'ocm_wr_strb_port0' was previously declared with a different range [E:/cd2/design_2/ip/design_2_cg_fpga_0_0/src/cg_fpga_processing_system7_0_0/hdl/processing_system7_vip_v1_0_vl_rfs.sv:3809]
WARNING: [VRFC 10-5021] port 'aclk2x' is not connected on this instance [E:/cd2/design_2/ip/design_2_cg_fpga_0_0/src/cg_fpga_auto_pc_0/hdl/axi_protocol_converter_v2_1_vl_rfs.v:4855]
WARNING: [VRFC 10-5021] port 'aclk2x' is not connected on this instance [E:/cd2/design_2/ip/design_2_cg_fpga_0_0/src/cg_fpga_auto_pc_0/hdl/axi_protocol_converter_v2_1_vl_rfs.v:5110]
WARNING: [VRFC 10-3705] select index 2 into 'g7s_cc_rst_nsckt.arst_sync_wr' is out of bounds [E:/cd2/design_2/ip/design_2_cg_fpga_0_0/src/cg_fpga_xbar_1/simulation/fifo_generator_vlog_beh.v:4830]
WARNING: [VRFC 10-3705] select index 64 into 'wrp_strb' is out of bounds [E:/cd2/design_2/ip/design_2_cg_fpga_0_0/src/cg_fpga_processing_system7_0_0/hdl/processing_system7_vip_v1_0_vl_rfs.sv:6134]
WARNING: [VRFC 10-3705] select index 128 into 'wrp_strb' is out of bounds [E:/cd2/design_2/ip/design_2_cg_fpga_0_0/src/cg_fpga_processing_system7_0_0/hdl/processing_system7_vip_v1_0_vl_rfs.sv:10898]
WARNING: [VRFC 10-3705] select index 128 into 'wrp_strb' is out of bounds [E:/cd2/design_2/ip/design_2_cg_fpga_0_0/src/cg_fpga_processing_system7_0_0/hdl/processing_system7_vip_v1_0_vl_rfs.sv:7772]
WARNING: [VRFC 10-3705] select index 4 into 'wr_fifo_rd_ptr' is out of bounds [E:/cd2/design_2/ip/design_2_cg_fpga_0_0/src/cg_fpga_processing_system7_0_0/hdl/processing_system7_vip_v1_0_vl_rfs.sv:7985]
WARNING: [VRFC 10-3705] select index 4 into 'ar_cnt' is out of bounds [E:/cd2/design_2/ip/design_2_cg_fpga_0_0/src/cg_fpga_processing_system7_0_0/hdl/processing_system7_vip_v1_0_vl_rfs.sv:8124]
WARNING: [VRFC 10-3705] select index 4 into 'wr_rresp_cnt' is out of bounds [E:/cd2/design_2/ip/design_2_cg_fpga_0_0/src/cg_fpga_processing_system7_0_0/hdl/processing_system7_vip_v1_0_vl_rfs.sv:8221]
WARNING: [VRFC 10-3705] select index 4 into 'rd_fifo_wr_ptr' is out of bounds [E:/cd2/design_2/ip/design_2_cg_fpga_0_0/src/cg_fpga_processing_system7_0_0/hdl/processing_system7_vip_v1_0_vl_rfs.sv:8240]
WARNING: [VRFC 10-3705] select index 4 into 'rd_cnt' is out of bounds [E:/cd2/design_2/ip/design_2_cg_fpga_0_0/src/cg_fpga_processing_system7_0_0/hdl/processing_system7_vip_v1_0_vl_rfs.sv:8381]
WARNING: [VRFC 10-3705] select index 4 into 'rresp_time_cnt' is out of bounds [E:/cd2/design_2/ip/design_2_cg_fpga_0_0/src/cg_fpga_processing_system7_0_0/hdl/processing_system7_vip_v1_0_vl_rfs.sv:8386]
WARNING: [VRFC 10-3705] select index 4 into 'rd_fifo_rd_ptr' is out of bounds [E:/cd2/design_2/ip/design_2_cg_fpga_0_0/src/cg_fpga_processing_system7_0_0/hdl/processing_system7_vip_v1_0_vl_rfs.sv:8391]
Completed static elaboration
Starting simulation data flow analysis
WARNING: [XSIM 43-4099] "E:/cd2/exp2/aggregator_4bit.v" Line 1. Module aggregator_4bit doesn't have a timescale but at least one module in design has a timescale.
WARNING: [XSIM 43-4099] "E:/cd2/exp2/74181.v" Line 1. Module alu_74181 doesn't have a timescale but at least one module in design has a timescale.
WARNING: [XSIM 43-4099] "E:/cd2/exp2/74181.v" Line 1. Module alu_74181 doesn't have a timescale but at least one module in design has a timescale.
WARNING: [XSIM 43-4099] "E:/cd2/exp2/74182.v" Line 1. Module carry_lookahead_74182 doesn't have a timescale but at least one module in design has a timescale.
WARNING: [XSIM 43-4099] "E:/cd2/exp2/aggregator_4bit.v" Line 1. Module aggregator_4bit doesn't have a timescale but at least one module in design has a timescale.
WARNING: [XSIM 43-4099] "E:/cd2/exp2/74181.v" Line 1. Module alu_74181 doesn't have a timescale but at least one module in design has a timescale.
WARNING: [XSIM 43-4099] "E:/cd2/exp2/74181.v" Line 1. Module alu_74181 doesn't have a timescale but at least one module in design has a timescale.
WARNING: [XSIM 43-4099] "E:/cd2/exp2/74182.v" Line 1. Module carry_lookahead_74182 doesn't have a timescale but at least one module in design has a timescale.
WARNING: [XSIM 43-4099] "E:/cd2/exp2/adpt_in.v" Line 1. Module adpt_in doesn't have a timescale but at least one module in design has a timescale.
WARNING: [XSIM 43-4099] "E:/cd2/exp2/adpt_in.v" Line 1. Module adpt_in doesn't have a timescale but at least one module in design has a timescale.
WARNING: [XSIM 43-4099] "E:/cd2/exp2/adpt_out.v" Line 1. Module adpt_out_16bit doesn't have a timescale but at least one module in design has a timescale.
WARNING: [XSIM 43-4099] "E:/cd2/exp2/carry_output_splitter.v" Line 1. Module carry_output_splitter doesn't have a timescale but at least one module in design has a timescale.
WARNING: [XSIM 43-4099] "E:/cd2/exp2/carry_output_splitter.v" Line 1. Module carry_output_splitter doesn't have a timescale but at least one module in design has a timescale.
WARNING: [XSIM 43-4099] "E:/cd2/exp2/carry_output_splitter.v" Line 1. Module carry_output_splitter doesn't have a timescale but at least one module in design has a timescale.
WARNING: [XSIM 43-4099] "E:/cd2/exp2/carry_output_splitter.v" Line 1. Module carry_output_splitter doesn't have a timescale but at least one module in design has a timescale.
WARNING: [XSIM 43-4099] "E:/cd2/exp2/carry_output_splitter.v" Line 1. Module carry_output_splitter doesn't have a timescale but at least one module in design has a timescale.
WARNING: [XSIM 43-4099] "E:/cd2/exp2/carry_output_splitter.v" Line 1. Module carry_output_splitter doesn't have a timescale but at least one module in design has a timescale.
WARNING: [XSIM 43-4099] "E:/cd2/exp2/carry_output_splitter.v" Line 1. Module carry_output_splitter doesn't have a timescale but at least one module in design has a timescale.
WARNING: [XSIM 43-4099] "E:/cd2/exp2/carry_output_splitter.v" Line 1. Module carry_output_splitter doesn't have a timescale but at least one module in design has a timescale.
WARNING: [XSIM 43-4099] "E:/cd2/exp2/complement.v" Line 1. Module complement_16bit_controlled doesn't have a timescale but at least one module in design has a timescale.
WARNING: [XSIM 43-4099] "E:/cd2/exp2/xor.v" Line 1. Module xor_gate doesn't have a timescale but at least one module in design has a timescale.
WARNING: [XSIM 43-4099] "E:/cd2/exp2/xor_gate.v" Line 1. Module xor_gate_8bit doesn't have a timescale but at least one module in design has a timescale.
WARNING: [XSIM 43-4099] "E:/cd2/exp2/xor_gate.v" Line 1. Module xor_gate_8bit doesn't have a timescale but at least one module in design has a timescale.
WARNING: [XSIM 43-4099] "E:/cd2/exp2/aggregator_4bit.v" Line 1. Module aggregator_4bit doesn't have a timescale but at least one module in design has a timescale.
WARNING: [XSIM 43-4099] "E:/cd2/exp2/74181.v" Line 1. Module alu_74181 doesn't have a timescale but at least one module in design has a timescale.
WARNING: [XSIM 43-4099] "E:/cd2/exp2/74181.v" Line 1. Module alu_74181 doesn't have a timescale but at least one module in design has a timescale.
WARNING: [XSIM 43-4099] "E:/cd2/exp2/74181.v" Line 1. Module alu_74181 doesn't have a timescale but at least one module in design has a timescale.
WARNING: [XSIM 43-4099] "E:/cd2/exp2/74182.v" Line 1. Module carry_lookahead_74182 doesn't have a timescale but at least one module in design has a timescale.
WARNING: [XSIM 43-4099] "E:/cd2/exp2/aggregator_4bit.v" Line 1. Module aggregator_4bit doesn't have a timescale but at least one module in design has a timescale.
WARNING: [XSIM 43-4099] "E:/cd2/exp2/aggregator_4bit.v" Line 1. Module aggregator_4bit doesn't have a timescale but at least one module in design has a timescale.
WARNING: [XSIM 43-4099] "E:/cd2/exp2/aggregator_4bit.v" Line 1. Module aggregator_4bit doesn't have a timescale but at least one module in design has a timescale.
WARNING: [XSIM 43-4099] "E:/cd2/exp2/aggregator_4bit.v" Line 1. Module aggregator_4bit doesn't have a timescale but at least one module in design has a timescale.
WARNING: [XSIM 43-4099] "E:/cd2/exp2/74181.v" Line 1. Module alu_74181 doesn't have a timescale but at least one module in design has a timescale.
WARNING: [XSIM 43-4099] "E:/cd2/exp2/74181.v" Line 1. Module alu_74181 doesn't have a timescale but at least one module in design has a timescale.
WARNING: [XSIM 43-4099] "E:/cd2/exp2/aggregator_4bit.v" Line 1. Module aggregator_4bit doesn't have a timescale but at least one module in design has a timescale.
WARNING: [XSIM 43-4099] "E:/cd2/exp2/and_gate.v" Line 1. Module and_gate doesn't have a timescale but at least one module in design has a timescale.
WARNING: [XSIM 43-4099] "E:/cd2/exp2/full_add.v" Line 1. Module full_add doesn't have a timescale but at least one module in design has a timescale.
WARNING: [XSIM 43-4099] "E:/cd2/exp2/and_gate.v" Line 1. Module and_gate doesn't have a timescale but at least one module in design has a timescale.
WARNING: [XSIM 43-4099] "E:/cd2/exp2/full_add.v" Line 1. Module full_add doesn't have a timescale but at least one module in design has a timescale.
WARNING: [XSIM 43-4099] "E:/cd2/exp2/and_gate.v" Line 1. Module and_gate doesn't have a timescale but at least one module in design has a timescale.
WARNING: [XSIM 43-4099] "E:/cd2/exp2/full_add.v" Line 1. Module full_add doesn't have a timescale but at least one module in design has a timescale.
WARNING: [XSIM 43-4099] "E:/cd2/exp2/and_gate.v" Line 1. Module and_gate doesn't have a timescale but at least one module in design has a timescale.
WARNING: [XSIM 43-4099] "E:/cd2/exp2/full_add.v" Line 1. Module full_add doesn't have a timescale but at least one module in design has a timescale.
WARNING: [XSIM 43-4099] "E:/cd2/exp2/and_gate.v" Line 1. Module and_gate doesn't have a timescale but at least one module in design has a timescale.
WARNING: [XSIM 43-4099] "E:/cd2/exp2/full_add.v" Line 1. Module full_add doesn't have a timescale but at least one module in design has a timescale.
WARNING: [XSIM 43-4099] "E:/cd2/exp2/and_gate.v" Line 1. Module and_gate doesn't have a timescale but at least one module in design has a timescale.
WARNING: [XSIM 43-4099] "E:/cd2/exp2/full_add.v" Line 1. Module full_add doesn't have a timescale but at least one module in design has a timescale.
WARNING: [XSIM 43-4099] "E:/cd2/exp2/and_gate.v" Line 1. Module and_gate doesn't have a timescale but at least one module in design has a timescale.
WARNING: [XSIM 43-4099] "E:/cd2/exp2/full_add.v" Line 1. Module full_add doesn't have a timescale but at least one module in design has a timescale.
WARNING: [XSIM 43-4099] "E:/cd2/exp2/and_gate.v" Line 1. Module and_gate doesn't have a timescale but at least one module in design has a timescale.
WARNING: [XSIM 43-4099] "E:/cd2/exp2/full_add.v" Line 1. Module full_add doesn't have a timescale but at least one module in design has a timescale.
WARNING: [XSIM 43-4099] "E:/cd2/exp2/and_gate.v" Line 1. Module and_gate doesn't have a timescale but at least one module in design has a timescale.
WARNING: [XSIM 43-4099] "E:/cd2/exp2/full_add.v" Line 1. Module full_add doesn't have a timescale but at least one module in design has a timescale.
WARNING: [XSIM 43-4099] "E:/cd2/exp2/and_gate.v" Line 1. Module and_gate doesn't have a timescale but at least one module in design has a timescale.
WARNING: [XSIM 43-4099] "E:/cd2/exp2/full_add.v" Line 1. Module full_add doesn't have a timescale but at least one module in design has a timescale.
WARNING: [XSIM 43-4099] "E:/cd2/exp2/and_gate.v" Line 1. Module and_gate doesn't have a timescale but at least one module in design has a timescale.
WARNING: [XSIM 43-4099] "E:/cd2/exp2/full_add.v" Line 1. Module full_add doesn't have a timescale but at least one module in design has a timescale.
WARNING: [XSIM 43-4099] "E:/cd2/exp2/and_gate.v" Line 1. Module and_gate doesn't have a timescale but at least one module in design has a timescale.
WARNING: [XSIM 43-4099] "E:/cd2/exp2/full_add.v" Line 1. Module full_add doesn't have a timescale but at least one module in design has a timescale.
WARNING: [XSIM 43-4099] "E:/cd2/exp2/and_gate.v" Line 1. Module and_gate doesn't have a timescale but at least one module in design has a timescale.
WARNING: [XSIM 43-4099] "E:/cd2/exp2/full_add.v" Line 1. Module full_add doesn't have a timescale but at least one module in design has a timescale.
WARNING: [XSIM 43-4099] "E:/cd2/exp2/and_gate.v" Line 1. Module and_gate doesn't have a timescale but at least one module in design has a timescale.
WARNING: [XSIM 43-4099] "E:/cd2/exp2/full_add.v" Line 1. Module full_add doesn't have a timescale but at least one module in design has a timescale.
WARNING: [XSIM 43-4099] "E:/cd2/exp2/and_gate.v" Line 1. Module and_gate doesn't have a timescale but at least one module in design has a timescale.
WARNING: [XSIM 43-4099] "E:/cd2/exp2/full_add.v" Line 1. Module full_add doesn't have a timescale but at least one module in design has a timescale.
WARNING: [XSIM 43-4099] "E:/cd2/exp2/and_gate.v" Line 1. Module and_gate doesn't have a timescale but at least one module in design has a timescale.
WARNING: [XSIM 43-4099] "E:/cd2/exp2/full_add.v" Line 1. Module full_add doesn't have a timescale but at least one module in design has a timescale.
WARNING: [XSIM 43-4099] "E:/cd2/exp2/and_gate.v" Line 1. Module and_gate doesn't have a timescale but at least one module in design has a timescale.
WARNING: [XSIM 43-4099] "E:/cd2/exp2/full_add.v" Line 1. Module full_add doesn't have a timescale but at least one module in design has a timescale.
WARNING: [XSIM 43-4099] "E:/cd2/exp2/and_gate.v" Line 1. Module and_gate doesn't have a timescale but at least one module in design has a timescale.
WARNING: [XSIM 43-4099] "E:/cd2/exp2/full_add.v" Line 1. Module full_add doesn't have a timescale but at least one module in design has a timescale.
WARNING: [XSIM 43-4099] "E:/cd2/exp2/and_gate.v" Line 1. Module and_gate doesn't have a timescale but at least one module in design has a timescale.
WARNING: [XSIM 43-4099] "E:/cd2/exp2/full_add.v" Line 1. Module full_add doesn't have a timescale but at least one module in design has a timescale.
WARNING: [XSIM 43-4099] "E:/cd2/exp2/and_gate.v" Line 1. Module and_gate doesn't have a timescale but at least one module in design has a timescale.
WARNING: [XSIM 43-4099] "E:/cd2/exp2/full_add.v" Line 1. Module full_add doesn't have a timescale but at least one module in design has a timescale.
WARNING: [XSIM 43-4099] "E:/cd2/exp2/and_gate.v" Line 1. Module and_gate doesn't have a timescale but at least one module in design has a timescale.
WARNING: [XSIM 43-4099] "E:/cd2/exp2/full_add.v" Line 1. Module full_add doesn't have a timescale but at least one module in design has a timescale.
WARNING: [XSIM 43-4099] "E:/cd2/exp2/and_gate.v" Line 1. Module and_gate doesn't have a timescale but at least one module in design has a timescale.
WARNING: [XSIM 43-4099] "E:/cd2/exp2/full_add.v" Line 1. Module full_add doesn't have a timescale but at least one module in design has a timescale.
WARNING: [XSIM 43-4099] "E:/cd2/exp2/and_gate.v" Line 1. Module and_gate doesn't have a timescale but at least one module in design has a timescale.
WARNING: [XSIM 43-4099] "E:/cd2/exp2/full_add.v" Line 1. Module full_add doesn't have a timescale but at least one module in design has a timescale.
WARNING: [XSIM 43-4099] "E:/cd2/exp2/and_gate.v" Line 1. Module and_gate doesn't have a timescale but at least one module in design has a timescale.
WARNING: [XSIM 43-4099] "E:/cd2/exp2/full_add.v" Line 1. Module full_add doesn't have a timescale but at least one module in design has a timescale.
WARNING: [XSIM 43-4099] "E:/cd2/exp2/and_gate.v" Line 1. Module and_gate doesn't have a timescale but at least one module in design has a timescale.
WARNING: [XSIM 43-4099] "E:/cd2/exp2/full_add.v" Line 1. Module full_add doesn't have a timescale but at least one module in design has a timescale.
WARNING: [XSIM 43-4099] "E:/cd2/exp2/and_gate.v" Line 1. Module and_gate doesn't have a timescale but at least one module in design has a timescale.
WARNING: [XSIM 43-4099] "E:/cd2/exp2/full_add.v" Line 1. Module full_add doesn't have a timescale but at least one module in design has a timescale.
WARNING: [XSIM 43-4099] "E:/cd2/exp2/and_gate.v" Line 1. Module and_gate doesn't have a timescale but at least one module in design has a timescale.
WARNING: [XSIM 43-4099] "E:/cd2/exp2/full_add.v" Line 1. Module full_add doesn't have a timescale but at least one module in design has a timescale.
WARNING: [XSIM 43-4099] "E:/cd2/exp2/and_gate.v" Line 1. Module and_gate doesn't have a timescale but at least one module in design has a timescale.
WARNING: [XSIM 43-4099] "E:/cd2/exp2/full_add.v" Line 1. Module full_add doesn't have a timescale but at least one module in design has a timescale.
WARNING: [XSIM 43-4099] "E:/cd2/exp2/and_gate.v" Line 1. Module and_gate doesn't have a timescale but at least one module in design has a timescale.
WARNING: [XSIM 43-4099] "E:/cd2/exp2/full_add.v" Line 1. Module full_add doesn't have a timescale but at least one module in design has a timescale.
WARNING: [XSIM 43-4099] "E:/cd2/exp2/and_gate.v" Line 1. Module and_gate doesn't have a timescale but at least one module in design has a timescale.
WARNING: [XSIM 43-4099] "E:/cd2/exp2/full_add.v" Line 1. Module full_add doesn't have a timescale but at least one module in design has a timescale.
WARNING: [XSIM 43-4099] "E:/cd2/exp2/and_gate.v" Line 1. Module and_gate doesn't have a timescale but at least one module in design has a timescale.
WARNING: [XSIM 43-4099] "E:/cd2/exp2/full_add.v" Line 1. Module full_add doesn't have a timescale but at least one module in design has a timescale.
WARNING: [XSIM 43-4099] "E:/cd2/exp2/and_gate.v" Line 1. Module and_gate doesn't have a timescale but at least one module in design has a timescale.
WARNING: [XSIM 43-4099] "E:/cd2/exp2/full_add.v" Line 1. Module full_add doesn't have a timescale but at least one module in design has a timescale.
WARNING: [XSIM 43-4099] "E:/cd2/exp2/aggregator_4bit.v" Line 1. Module aggregator_4bit doesn't have a timescale but at least one module in design has a timescale.
WARNING: [XSIM 43-4099] "E:/cd2/exp2/aggregator_4bit.v" Line 1. Module aggregator_4bit doesn't have a timescale but at least one module in design has a timescale.
WARNING: [XSIM 43-4099] "E:/cd2/exp2/aggregator_4bit.v" Line 1. Module aggregator_4bit doesn't have a timescale but at least one module in design has a timescale.
WARNING: [XSIM 43-4099] "E:/cd2/exp2/aggregator_4bit.v" Line 1. Module aggregator_4bit doesn't have a timescale but at least one module in design has a timescale.
WARNING: [XSIM 43-4099] "E:/cd2/exp2/74181.v" Line 1. Module alu_74181 doesn't have a timescale but at least one module in design has a timescale.
WARNING: [XSIM 43-4099] "E:/cd2/exp2/74181.v" Line 1. Module alu_74181 doesn't have a timescale but at least one module in design has a timescale.
WARNING: [XSIM 43-4099] "E:/cd2/exp2/aggregator_4bit.v" Line 1. Module aggregator_4bit doesn't have a timescale but at least one module in design has a timescale.
WARNING: [XSIM 43-4099] "E:/cd2/exp2/and_gate.v" Line 1. Module and_gate doesn't have a timescale but at least one module in design has a timescale.
WARNING: [XSIM 43-4099] "E:/cd2/exp2/full_add.v" Line 1. Module full_add doesn't have a timescale but at least one module in design has a timescale.
WARNING: [XSIM 43-4099] "E:/cd2/exp2/and_gate.v" Line 1. Module and_gate doesn't have a timescale but at least one module in design has a timescale.
WARNING: [XSIM 43-4099] "E:/cd2/exp2/full_add.v" Line 1. Module full_add doesn't have a timescale but at least one module in design has a timescale.
WARNING: [XSIM 43-4099] "E:/cd2/exp2/and_gate.v" Line 1. Module and_gate doesn't have a timescale but at least one module in design has a timescale.
WARNING: [XSIM 43-4099] "E:/cd2/exp2/full_add.v" Line 1. Module full_add doesn't have a timescale but at least one module in design has a timescale.
WARNING: [XSIM 43-4099] "E:/cd2/exp2/and_gate.v" Line 1. Module and_gate doesn't have a timescale but at least one module in design has a timescale.
WARNING: [XSIM 43-4099] "E:/cd2/exp2/full_add.v" Line 1. Module full_add doesn't have a timescale but at least one module in design has a timescale.
WARNING: [XSIM 43-4099] "E:/cd2/exp2/and_gate.v" Line 1. Module and_gate doesn't have a timescale but at least one module in design has a timescale.
WARNING: [XSIM 43-4099] "E:/cd2/exp2/full_add.v" Line 1. Module full_add doesn't have a timescale but at least one module in design has a timescale.
WARNING: [XSIM 43-4099] "E:/cd2/exp2/and_gate.v" Line 1. Module and_gate doesn't have a timescale but at least one module in design has a timescale.
WARNING: [XSIM 43-4099] "E:/cd2/exp2/full_add.v" Line 1. Module full_add doesn't have a timescale but at least one module in design has a timescale.
WARNING: [XSIM 43-4099] "E:/cd2/exp2/and_gate.v" Line 1. Module and_gate doesn't have a timescale but at least one module in design has a timescale.
WARNING: [XSIM 43-4099] "E:/cd2/exp2/full_add.v" Line 1. Module full_add doesn't have a timescale but at least one module in design has a timescale.
WARNING: [XSIM 43-4099] "E:/cd2/exp2/and_gate.v" Line 1. Module and_gate doesn't have a timescale but at least one module in design has a timescale.
WARNING: [XSIM 43-4099] "E:/cd2/exp2/full_add.v" Line 1. Module full_add doesn't have a timescale but at least one module in design has a timescale.
WARNING: [XSIM 43-4099] "E:/cd2/exp2/and_gate.v" Line 1. Module and_gate doesn't have a timescale but at least one module in design has a timescale.
WARNING: [XSIM 43-4099] "E:/cd2/exp2/full_add.v" Line 1. Module full_add doesn't have a timescale but at least one module in design has a timescale.
WARNING: [XSIM 43-4099] "E:/cd2/exp2/and_gate.v" Line 1. Module and_gate doesn't have a timescale but at least one module in design has a timescale.
WARNING: [XSIM 43-4099] "E:/cd2/exp2/full_add.v" Line 1. Module full_add doesn't have a timescale but at least one module in design has a timescale.
WARNING: [XSIM 43-4099] "E:/cd2/exp2/and_gate.v" Line 1. Module and_gate doesn't have a timescale but at least one module in design has a timescale.
WARNING: [XSIM 43-4099] "E:/cd2/exp2/full_add.v" Line 1. Module full_add doesn't have a timescale but at least one module in design has a timescale.
WARNING: [XSIM 43-4099] "E:/cd2/exp2/and_gate.v" Line 1. Module and_gate doesn't have a timescale but at least one module in design has a timescale.
WARNING: [XSIM 43-4099] "E:/cd2/exp2/full_add.v" Line 1. Module full_add doesn't have a timescale but at least one module in design has a timescale.
WARNING: [XSIM 43-4099] "E:/cd2/exp2/and_gate.v" Line 1. Module and_gate doesn't have a timescale but at least one module in design has a timescale.
WARNING: [XSIM 43-4099] "E:/cd2/exp2/full_add.v" Line 1. Module full_add doesn't have a timescale but at least one module in design has a timescale.
WARNING: [XSIM 43-4099] "E:/cd2/exp2/and_gate.v" Line 1. Module and_gate doesn't have a timescale but at least one module in design has a timescale.
WARNING: [XSIM 43-4099] "E:/cd2/exp2/full_add.v" Line 1. Module full_add doesn't have a timescale but at least one module in design has a timescale.
WARNING: [XSIM 43-4099] "E:/cd2/exp2/and_gate.v" Line 1. Module and_gate doesn't have a timescale but at least one module in design has a timescale.
WARNING: [XSIM 43-4099] "E:/cd2/exp2/full_add.v" Line 1. Module full_add doesn't have a timescale but at least one module in design has a timescale.
WARNING: [XSIM 43-4099] "E:/cd2/exp2/and_gate.v" Line 1. Module and_gate doesn't have a timescale but at least one module in design has a timescale.
WARNING: [XSIM 43-4099] "E:/cd2/exp2/full_add.v" Line 1. Module full_add doesn't have a timescale but at least one module in design has a timescale.
WARNING: [XSIM 43-4099] "E:/cd2/exp2/and_gate.v" Line 1. Module and_gate doesn't have a timescale but at least one module in design has a timescale.
WARNING: [XSIM 43-4099] "E:/cd2/exp2/full_add.v" Line 1. Module full_add doesn't have a timescale but at least one module in design has a timescale.
WARNING: [XSIM 43-4099] "E:/cd2/exp2/and_gate.v" Line 1. Module and_gate doesn't have a timescale but at least one module in design has a timescale.
WARNING: [XSIM 43-4099] "E:/cd2/exp2/full_add.v" Line 1. Module full_add doesn't have a timescale but at least one module in design has a timescale.
WARNING: [XSIM 43-4099] "E:/cd2/exp2/and_gate.v" Line 1. Module and_gate doesn't have a timescale but at least one module in design has a timescale.
WARNING: [XSIM 43-4099] "E:/cd2/exp2/full_add.v" Line 1. Module full_add doesn't have a timescale but at least one module in design has a timescale.
WARNING: [XSIM 43-4099] "E:/cd2/exp2/and_gate.v" Line 1. Module and_gate doesn't have a timescale but at least one module in design has a timescale.
WARNING: [XSIM 43-4099] "E:/cd2/exp2/full_add.v" Line 1. Module full_add doesn't have a timescale but at least one module in design has a timescale.
WARNING: [XSIM 43-4099] "E:/cd2/exp2/and_gate.v" Line 1. Module and_gate doesn't have a timescale but at least one module in design has a timescale.
WARNING: [XSIM 43-4099] "E:/cd2/exp2/full_add.v" Line 1. Module full_add doesn't have a timescale but at least one module in design has a timescale.
WARNING: [XSIM 43-4099] "E:/cd2/exp2/and_gate.v" Line 1. Module and_gate doesn't have a timescale but at least one module in design has a timescale.
WARNING: [XSIM 43-4099] "E:/cd2/exp2/full_add.v" Line 1. Module full_add doesn't have a timescale but at least one module in design has a timescale.
WARNING: [XSIM 43-4099] "E:/cd2/exp2/and_gate.v" Line 1. Module and_gate doesn't have a timescale but at least one module in design has a timescale.
WARNING: [XSIM 43-4099] "E:/cd2/exp2/full_add.v" Line 1. Module full_add doesn't have a timescale but at least one module in design has a timescale.
WARNING: [XSIM 43-4099] "E:/cd2/exp2/and_gate.v" Line 1. Module and_gate doesn't have a timescale but at least one module in design has a timescale.
WARNING: [XSIM 43-4099] "E:/cd2/exp2/full_add.v" Line 1. Module full_add doesn't have a timescale but at least one module in design has a timescale.
WARNING: [XSIM 43-4099] "E:/cd2/exp2/and_gate.v" Line 1. Module and_gate doesn't have a timescale but at least one module in design has a timescale.
WARNING: [XSIM 43-4099] "E:/cd2/exp2/full_add.v" Line 1. Module full_add doesn't have a timescale but at least one module in design has a timescale.
WARNING: [XSIM 43-4099] "E:/cd2/exp2/and_gate.v" Line 1. Module and_gate doesn't have a timescale but at least one module in design has a timescale.
WARNING: [XSIM 43-4099] "E:/cd2/exp2/full_add.v" Line 1. Module full_add doesn't have a timescale but at least one module in design has a timescale.
WARNING: [XSIM 43-4099] "E:/cd2/exp2/and_gate.v" Line 1. Module and_gate doesn't have a timescale but at least one module in design has a timescale.
WARNING: [XSIM 43-4099] "E:/cd2/exp2/full_add.v" Line 1. Module full_add doesn't have a timescale but at least one module in design has a timescale.
WARNING: [XSIM 43-4099] "E:/cd2/exp2/and_gate.v" Line 1. Module and_gate doesn't have a timescale but at least one module in design has a timescale.
WARNING: [XSIM 43-4099] "E:/cd2/exp2/full_add.v" Line 1. Module full_add doesn't have a timescale but at least one module in design has a timescale.
WARNING: [XSIM 43-4099] "E:/cd2/exp2/and_gate.v" Line 1. Module and_gate doesn't have a timescale but at least one module in design has a timescale.
WARNING: [XSIM 43-4099] "E:/cd2/exp2/full_add.v" Line 1. Module full_add doesn't have a timescale but at least one module in design has a timescale.
WARNING: [XSIM 43-4099] "E:/cd2/exp2/and_gate.v" Line 1. Module and_gate doesn't have a timescale but at least one module in design has a timescale.
WARNING: [XSIM 43-4099] "E:/cd2/exp2/full_add.v" Line 1. Module full_add doesn't have a timescale but at least one module in design has a timescale.
WARNING: [XSIM 43-4099] "E:/cd2/exp2/and_gate.v" Line 1. Module and_gate doesn't have a timescale but at least one module in design has a timescale.
WARNING: [XSIM 43-4099] "E:/cd2/exp2/full_add.v" Line 1. Module full_add doesn't have a timescale but at least one module in design has a timescale.
WARNING: [XSIM 43-4099] "E:/cd2/exp2/and_gate.v" Line 1. Module and_gate doesn't have a timescale but at least one module in design has a timescale.
WARNING: [XSIM 43-4099] "E:/cd2/exp2/full_add.v" Line 1. Module full_add doesn't have a timescale but at least one module in design has a timescale.
WARNING: [XSIM 43-4099] "E:/cd2/exp2/aggregator_4bit.v" Line 1. Module aggregator_4bit doesn't have a timescale but at least one module in design has a timescale.
WARNING: [XSIM 43-4099] "E:/cd2/exp2/74181.v" Line 1. Module alu_74181 doesn't have a timescale but at least one module in design has a timescale.
WARNING: [XSIM 43-4099] "E:/cd2/exp2/74181.v" Line 1. Module alu_74181 doesn't have a timescale but at least one module in design has a timescale.
WARNING: [XSIM 43-4099] "E:/cd2/exp2/74182.v" Line 1. Module carry_lookahead_74182 doesn't have a timescale but at least one module in design has a timescale.
WARNING: [XSIM 43-4099] "E:/cd2/exp2/aggregator_4bit.v" Line 1. Module aggregator_4bit doesn't have a timescale but at least one module in design has a timescale.
WARNING: [XSIM 43-4099] "E:/cd2/exp2/74181.v" Line 1. Module alu_74181 doesn't have a timescale but at least one module in design has a timescale.
WARNING: [XSIM 43-4099] "E:/cd2/exp2/74181.v" Line 1. Module alu_74181 doesn't have a timescale but at least one module in design has a timescale.
WARNING: [XSIM 43-4099] "E:/cd2/exp2/74182.v" Line 1. Module carry_lookahead_74182 doesn't have a timescale but at least one module in design has a timescale.
WARNING: [XSIM 43-4099] "E:/cd2/exp2/adpt_in.v" Line 1. Module adpt_in doesn't have a timescale but at least one module in design has a timescale.
WARNING: [XSIM 43-4099] "E:/cd2/exp2/adpt_in.v" Line 1. Module adpt_in doesn't have a timescale but at least one module in design has a timescale.
WARNING: [XSIM 43-4099] "E:/cd2/exp2/adpt_out.v" Line 1. Module adpt_out_16bit doesn't have a timescale but at least one module in design has a timescale.
WARNING: [XSIM 43-4099] "E:/cd2/exp2/carry_output_splitter.v" Line 1. Module carry_output_splitter doesn't have a timescale but at least one module in design has a timescale.
WARNING: [XSIM 43-4099] "E:/cd2/exp2/carry_output_splitter.v" Line 1. Module carry_output_splitter doesn't have a timescale but at least one module in design has a timescale.
WARNING: [XSIM 43-4099] "E:/cd2/exp2/carry_output_splitter.v" Line 1. Module carry_output_splitter doesn't have a timescale but at least one module in design has a timescale.
WARNING: [XSIM 43-4099] "E:/cd2/exp2/carry_output_splitter.v" Line 1. Module carry_output_splitter doesn't have a timescale but at least one module in design has a timescale.
WARNING: [XSIM 43-4099] "E:/cd2/exp2/carry_output_splitter.v" Line 1. Module carry_output_splitter doesn't have a timescale but at least one module in design has a timescale.
WARNING: [XSIM 43-4099] "E:/cd2/exp2/carry_output_splitter.v" Line 1. Module carry_output_splitter doesn't have a timescale but at least one module in design has a timescale.
WARNING: [XSIM 43-4099] "E:/cd2/exp2/carry_output_splitter.v" Line 1. Module carry_output_splitter doesn't have a timescale but at least one module in design has a timescale.
WARNING: [XSIM 43-4099] "E:/cd2/exp2/carry_output_splitter.v" Line 1. Module carry_output_splitter doesn't have a timescale but at least one module in design has a timescale.
WARNING: [XSIM 43-4099] "E:/cd2/exp2/complement.v" Line 1. Module complement_16bit_controlled doesn't have a timescale but at least one module in design has a timescale.
WARNING: [XSIM 43-4099] "E:/cd2/exp2/xor.v" Line 1. Module xor_gate doesn't have a timescale but at least one module in design has a timescale.
WARNING: [XSIM 43-4099] "E:/cd2/exp2/xor_gate.v" Line 1. Module xor_gate_8bit doesn't have a timescale but at least one module in design has a timescale.
WARNING: [XSIM 43-4099] "E:/cd2/exp2/xor_gate.v" Line 1. Module xor_gate_8bit doesn't have a timescale but at least one module in design has a timescale.
WARNING: [XSIM 43-4099] "E:/cd2/exp2/aggregator_4bit.v" Line 1. Module aggregator_4bit doesn't have a timescale but at least one module in design has a timescale.
WARNING: [XSIM 43-4099] "E:/cd2/exp2/74181.v" Line 1. Module alu_74181 doesn't have a timescale but at least one module in design has a timescale.
WARNING: [XSIM 43-4099] "E:/cd2/exp2/74181.v" Line 1. Module alu_74181 doesn't have a timescale but at least one module in design has a timescale.
WARNING: [XSIM 43-4099] "E:/cd2/exp2/74181.v" Line 1. Module alu_74181 doesn't have a timescale but at least one module in design has a timescale.
WARNING: [XSIM 43-4099] "E:/cd2/exp2/74182.v" Line 1. Module carry_lookahead_74182 doesn't have a timescale but at least one module in design has a timescale.
WARNING: [XSIM 43-4099] "E:/cd2/exp2/aggregator_4bit.v" Line 1. Module aggregator_4bit doesn't have a timescale but at least one module in design has a timescale.
WARNING: [XSIM 43-4099] "E:/cd2/exp2/aggregator_4bit.v" Line 1. Module aggregator_4bit doesn't have a timescale but at least one module in design has a timescale.
WARNING: [XSIM 43-4099] "E:/cd2/exp2/aggregator_4bit.v" Line 1. Module aggregator_4bit doesn't have a timescale but at least one module in design has a timescale.
WARNING: [XSIM 43-4099] "E:/cd2/exp2/aggregator_4bit.v" Line 1. Module aggregator_4bit doesn't have a timescale but at least one module in design has a timescale.
WARNING: [XSIM 43-4099] "E:/cd2/exp2/74181.v" Line 1. Module alu_74181 doesn't have a timescale but at least one module in design has a timescale.
WARNING: [XSIM 43-4099] "E:/cd2/exp2/74181.v" Line 1. Module alu_74181 doesn't have a timescale but at least one module in design has a timescale.
WARNING: [XSIM 43-4099] "E:/cd2/exp2/aggregator_4bit.v" Line 1. Module aggregator_4bit doesn't have a timescale but at least one module in design has a timescale.
WARNING: [XSIM 43-4099] "E:/cd2/exp2/and_gate.v" Line 1. Module and_gate doesn't have a timescale but at least one module in design has a timescale.
WARNING: [XSIM 43-4099] "E:/cd2/exp2/full_add.v" Line 1. Module full_add doesn't have a timescale but at least one module in design has a timescale.
WARNING: [XSIM 43-4099] "E:/cd2/exp2/and_gate.v" Line 1. Module and_gate doesn't have a timescale but at least one module in design has a timescale.
WARNING: [XSIM 43-4099] "E:/cd2/exp2/full_add.v" Line 1. Module full_add doesn't have a timescale but at least one module in design has a timescale.
WARNING: [XSIM 43-4099] "E:/cd2/exp2/and_gate.v" Line 1. Module and_gate doesn't have a timescale but at least one module in design has a timescale.
WARNING: [XSIM 43-4099] "E:/cd2/exp2/full_add.v" Line 1. Module full_add doesn't have a timescale but at least one module in design has a timescale.
WARNING: [XSIM 43-4099] "E:/cd2/exp2/and_gate.v" Line 1. Module and_gate doesn't have a timescale but at least one module in design has a timescale.
WARNING: [XSIM 43-4099] "E:/cd2/exp2/full_add.v" Line 1. Module full_add doesn't have a timescale but at least one module in design has a timescale.
WARNING: [XSIM 43-4099] "E:/cd2/exp2/and_gate.v" Line 1. Module and_gate doesn't have a timescale but at least one module in design has a timescale.
WARNING: [XSIM 43-4099] "E:/cd2/exp2/full_add.v" Line 1. Module full_add doesn't have a timescale but at least one module in design has a timescale.
WARNING: [XSIM 43-4099] "E:/cd2/exp2/and_gate.v" Line 1. Module and_gate doesn't have a timescale but at least one module in design has a timescale.
WARNING: [XSIM 43-4099] "E:/cd2/exp2/full_add.v" Line 1. Module full_add doesn't have a timescale but at least one module in design has a timescale.
WARNING: [XSIM 43-4099] "E:/cd2/exp2/and_gate.v" Line 1. Module and_gate doesn't have a timescale but at least one module in design has a timescale.
WARNING: [XSIM 43-4099] "E:/cd2/exp2/full_add.v" Line 1. Module full_add doesn't have a timescale but at least one module in design has a timescale.
WARNING: [XSIM 43-4099] "E:/cd2/exp2/and_gate.v" Line 1. Module and_gate doesn't have a timescale but at least one module in design has a timescale.
WARNING: [XSIM 43-4099] "E:/cd2/exp2/full_add.v" Line 1. Module full_add doesn't have a timescale but at least one module in design has a timescale.
WARNING: [XSIM 43-4099] "E:/cd2/exp2/and_gate.v" Line 1. Module and_gate doesn't have a timescale but at least one module in design has a timescale.
WARNING: [XSIM 43-4099] "E:/cd2/exp2/full_add.v" Line 1. Module full_add doesn't have a timescale but at least one module in design has a timescale.
WARNING: [XSIM 43-4099] "E:/cd2/exp2/and_gate.v" Line 1. Module and_gate doesn't have a timescale but at least one module in design has a timescale.
WARNING: [XSIM 43-4099] "E:/cd2/exp2/full_add.v" Line 1. Module full_add doesn't have a timescale but at least one module in design has a timescale.
WARNING: [XSIM 43-4099] "E:/cd2/exp2/and_gate.v" Line 1. Module and_gate doesn't have a timescale but at least one module in design has a timescale.
WARNING: [XSIM 43-4099] "E:/cd2/exp2/full_add.v" Line 1. Module full_add doesn't have a timescale but at least one module in design has a timescale.
WARNING: [XSIM 43-4099] "E:/cd2/exp2/and_gate.v" Line 1. Module and_gate doesn't have a timescale but at least one module in design has a timescale.
WARNING: [XSIM 43-4099] "E:/cd2/exp2/full_add.v" Line 1. Module full_add doesn't have a timescale but at least one module in design has a timescale.
WARNING: [XSIM 43-4099] "E:/cd2/exp2/and_gate.v" Line 1. Module and_gate doesn't have a timescale but at least one module in design has a timescale.
WARNING: [XSIM 43-4099] "E:/cd2/exp2/full_add.v" Line 1. Module full_add doesn't have a timescale but at least one module in design has a timescale.
WARNING: [XSIM 43-4099] "E:/cd2/exp2/and_gate.v" Line 1. Module and_gate doesn't have a timescale but at least one module in design has a timescale.
WARNING: [XSIM 43-4099] "E:/cd2/exp2/full_add.v" Line 1. Module full_add doesn't have a timescale but at least one module in design has a timescale.
WARNING: [XSIM 43-4099] "E:/cd2/exp2/and_gate.v" Line 1. Module and_gate doesn't have a timescale but at least one module in design has a timescale.
WARNING: [XSIM 43-4099] "E:/cd2/exp2/full_add.v" Line 1. Module full_add doesn't have a timescale but at least one module in design has a timescale.
WARNING: [XSIM 43-4099] "E:/cd2/exp2/and_gate.v" Line 1. Module and_gate doesn't have a timescale but at least one module in design has a timescale.
WARNING: [XSIM 43-4099] "E:/cd2/exp2/full_add.v" Line 1. Module full_add doesn't have a timescale but at least one module in design has a timescale.
WARNING: [XSIM 43-4099] "E:/cd2/exp2/and_gate.v" Line 1. Module and_gate doesn't have a timescale but at least one module in design has a timescale.
WARNING: [XSIM 43-4099] "E:/cd2/exp2/full_add.v" Line 1. Module full_add doesn't have a timescale but at least one module in design has a timescale.
WARNING: [XSIM 43-4099] "E:/cd2/exp2/and_gate.v" Line 1. Module and_gate doesn't have a timescale but at least one module in design has a timescale.
WARNING: [XSIM 43-4099] "E:/cd2/exp2/full_add.v" Line 1. Module full_add doesn't have a timescale but at least one module in design has a timescale.
WARNING: [XSIM 43-4099] "E:/cd2/exp2/and_gate.v" Line 1. Module and_gate doesn't have a timescale but at least one module in design has a timescale.
WARNING: [XSIM 43-4099] "E:/cd2/exp2/full_add.v" Line 1. Module full_add doesn't have a timescale but at least one module in design has a timescale.
WARNING: [XSIM 43-4099] "E:/cd2/exp2/and_gate.v" Line 1. Module and_gate doesn't have a timescale but at least one module in design has a timescale.
WARNING: [XSIM 43-4099] "E:/cd2/exp2/full_add.v" Line 1. Module full_add doesn't have a timescale but at least one module in design has a timescale.
WARNING: [XSIM 43-4099] "E:/cd2/exp2/and_gate.v" Line 1. Module and_gate doesn't have a timescale but at least one module in design has a timescale.
WARNING: [XSIM 43-4099] "E:/cd2/exp2/full_add.v" Line 1. Module full_add doesn't have a timescale but at least one module in design has a timescale.
WARNING: [XSIM 43-4099] "E:/cd2/exp2/and_gate.v" Line 1. Module and_gate doesn't have a timescale but at least one module in design has a timescale.
WARNING: [XSIM 43-4099] "E:/cd2/exp2/full_add.v" Line 1. Module full_add doesn't have a timescale but at least one module in design has a timescale.
WARNING: [XSIM 43-4099] "E:/cd2/exp2/and_gate.v" Line 1. Module and_gate doesn't have a timescale but at least one module in design has a timescale.
WARNING: [XSIM 43-4099] "E:/cd2/exp2/full_add.v" Line 1. Module full_add doesn't have a timescale but at least one module in design has a timescale.
WARNING: [XSIM 43-4099] "E:/cd2/exp2/and_gate.v" Line 1. Module and_gate doesn't have a timescale but at least one module in design has a timescale.
WARNING: [XSIM 43-4099] "E:/cd2/exp2/full_add.v" Line 1. Module full_add doesn't have a timescale but at least one module in design has a timescale.
WARNING: [XSIM 43-4099] "E:/cd2/exp2/and_gate.v" Line 1. Module and_gate doesn't have a timescale but at least one module in design has a timescale.
WARNING: [XSIM 43-4099] "E:/cd2/exp2/full_add.v" Line 1. Module full_add doesn't have a timescale but at least one module in design has a timescale.
WARNING: [XSIM 43-4099] "E:/cd2/exp2/and_gate.v" Line 1. Module and_gate doesn't have a timescale but at least one module in design has a timescale.
WARNING: [XSIM 43-4099] "E:/cd2/exp2/full_add.v" Line 1. Module full_add doesn't have a timescale but at least one module in design has a timescale.
WARNING: [XSIM 43-4099] "E:/cd2/exp2/and_gate.v" Line 1. Module and_gate doesn't have a timescale but at least one module in design has a timescale.
WARNING: [XSIM 43-4099] "E:/cd2/exp2/full_add.v" Line 1. Module full_add doesn't have a timescale but at least one module in design has a timescale.
WARNING: [XSIM 43-4099] "E:/cd2/exp2/and_gate.v" Line 1. Module and_gate doesn't have a timescale but at least one module in design has a timescale.
WARNING: [XSIM 43-4099] "E:/cd2/exp2/full_add.v" Line 1. Module full_add doesn't have a timescale but at least one module in design has a timescale.
WARNING: [XSIM 43-4099] "E:/cd2/exp2/and_gate.v" Line 1. Module and_gate doesn't have a timescale but at least one module in design has a timescale.
WARNING: [XSIM 43-4099] "E:/cd2/exp2/full_add.v" Line 1. Module full_add doesn't have a timescale but at least one module in design has a timescale.
WARNING: [XSIM 43-4099] "E:/cd2/exp2/and_gate.v" Line 1. Module and_gate doesn't have a timescale but at least one module in design has a timescale.
WARNING: [XSIM 43-4099] "E:/cd2/exp2/full_add.v" Line 1. Module full_add doesn't have a timescale but at least one module in design has a timescale.
WARNING: [XSIM 43-4099] "E:/cd2/exp2/and_gate.v" Line 1. Module and_gate doesn't have a timescale but at least one module in design has a timescale.
WARNING: [XSIM 43-4099] "E:/cd2/exp2/full_add.v" Line 1. Module full_add doesn't have a timescale but at least one module in design has a timescale.
WARNING: [XSIM 43-4099] "E:/cd2/exp2/and_gate.v" Line 1. Module and_gate doesn't have a timescale but at least one module in design has a timescale.
WARNING: [XSIM 43-4099] "E:/cd2/exp2/full_add.v" Line 1. Module full_add doesn't have a timescale but at least one module in design has a timescale.
WARNING: [XSIM 43-4099] "E:/cd2/exp2/aggregator_4bit.v" Line 1. Module aggregator_4bit doesn't have a timescale but at least one module in design has a timescale.
WARNING: [XSIM 43-4099] "E:/cd2/exp2/aggregator_4bit.v" Line 1. Module aggregator_4bit doesn't have a timescale but at least one module in design has a timescale.
WARNING: [XSIM 43-4099] "E:/cd2/exp2/aggregator_4bit.v" Line 1. Module aggregator_4bit doesn't have a timescale but at least one module in design has a timescale.
WARNING: [XSIM 43-4099] "E:/cd2/exp2/aggregator_4bit.v" Line 1. Module aggregator_4bit doesn't have a timescale but at least one module in design has a timescale.
WARNING: [XSIM 43-4099] "E:/cd2/exp2/74181.v" Line 1. Module alu_74181 doesn't have a timescale but at least one module in design has a timescale.
WARNING: [XSIM 43-4099] "E:/cd2/exp2/74181.v" Line 1. Module alu_74181 doesn't have a timescale but at least one module in design has a timescale.
WARNING: [XSIM 43-4099] "E:/cd2/exp2/aggregator_4bit.v" Line 1. Module aggregator_4bit doesn't have a timescale but at least one module in design has a timescale.
WARNING: [XSIM 43-4099] "E:/cd2/exp2/and_gate.v" Line 1. Module and_gate doesn't have a timescale but at least one module in design has a timescale.
WARNING: [XSIM 43-4099] "E:/cd2/exp2/full_add.v" Line 1. Module full_add doesn't have a timescale but at least one module in design has a timescale.
WARNING: [XSIM 43-4099] "E:/cd2/exp2/and_gate.v" Line 1. Module and_gate doesn't have a timescale but at least one module in design has a timescale.
WARNING: [XSIM 43-4099] "E:/cd2/exp2/full_add.v" Line 1. Module full_add doesn't have a timescale but at least one module in design has a timescale.
WARNING: [XSIM 43-4099] "E:/cd2/exp2/and_gate.v" Line 1. Module and_gate doesn't have a timescale but at least one module in design has a timescale.
WARNING: [XSIM 43-4099] "E:/cd2/exp2/full_add.v" Line 1. Module full_add doesn't have a timescale but at least one module in design has a timescale.
WARNING: [XSIM 43-4099] "E:/cd2/exp2/and_gate.v" Line 1. Module and_gate doesn't have a timescale but at least one module in design has a timescale.
WARNING: [XSIM 43-4099] "E:/cd2/exp2/full_add.v" Line 1. Module full_add doesn't have a timescale but at least one module in design has a timescale.
WARNING: [XSIM 43-4099] "E:/cd2/exp2/and_gate.v" Line 1. Module and_gate doesn't have a timescale but at least one module in design has a timescale.
WARNING: [XSIM 43-4099] "E:/cd2/exp2/full_add.v" Line 1. Module full_add doesn't have a timescale but at least one module in design has a timescale.
WARNING: [XSIM 43-4099] "E:/cd2/exp2/and_gate.v" Line 1. Module and_gate doesn't have a timescale but at least one module in design has a timescale.
WARNING: [XSIM 43-4099] "E:/cd2/exp2/full_add.v" Line 1. Module full_add doesn't have a timescale but at least one module in design has a timescale.
WARNING: [XSIM 43-4099] "E:/cd2/exp2/and_gate.v" Line 1. Module and_gate doesn't have a timescale but at least one module in design has a timescale.
WARNING: [XSIM 43-4099] "E:/cd2/exp2/full_add.v" Line 1. Module full_add doesn't have a timescale but at least one module in design has a timescale.
WARNING: [XSIM 43-4099] "E:/cd2/exp2/and_gate.v" Line 1. Module and_gate doesn't have a timescale but at least one module in design has a timescale.
WARNING: [XSIM 43-4099] "E:/cd2/exp2/full_add.v" Line 1. Module full_add doesn't have a timescale but at least one module in design has a timescale.
WARNING: [XSIM 43-4099] "E:/cd2/exp2/and_gate.v" Line 1. Module and_gate doesn't have a timescale but at least one module in design has a timescale.
WARNING: [XSIM 43-4099] "E:/cd2/exp2/full_add.v" Line 1. Module full_add doesn't have a timescale but at least one module in design has a timescale.
WARNING: [XSIM 43-4099] "E:/cd2/exp2/and_gate.v" Line 1. Module and_gate doesn't have a timescale but at least one module in design has a timescale.
WARNING: [XSIM 43-4099] "E:/cd2/exp2/full_add.v" Line 1. Module full_add doesn't have a timescale but at least one module in design has a timescale.
WARNING: [XSIM 43-4099] "E:/cd2/exp2/and_gate.v" Line 1. Module and_gate doesn't have a timescale but at least one module in design has a timescale.
WARNING: [XSIM 43-4099] "E:/cd2/exp2/full_add.v" Line 1. Module full_add doesn't have a timescale but at least one module in design has a timescale.
WARNING: [XSIM 43-4099] "E:/cd2/exp2/and_gate.v" Line 1. Module and_gate doesn't have a timescale but at least one module in design has a timescale.
WARNING: [XSIM 43-4099] "E:/cd2/exp2/full_add.v" Line 1. Module full_add doesn't have a timescale but at least one module in design has a timescale.
WARNING: [XSIM 43-4099] "E:/cd2/exp2/and_gate.v" Line 1. Module and_gate doesn't have a timescale but at least one module in design has a timescale.
WARNING: [XSIM 43-4099] "E:/cd2/exp2/full_add.v" Line 1. Module full_add doesn't have a timescale but at least one module in design has a timescale.
WARNING: [XSIM 43-4099] "E:/cd2/exp2/and_gate.v" Line 1. Module and_gate doesn't have a timescale but at least one module in design has a timescale.
WARNING: [XSIM 43-4099] "E:/cd2/exp2/full_add.v" Line 1. Module full_add doesn't have a timescale but at least one module in design has a timescale.
WARNING: [XSIM 43-4099] "E:/cd2/exp2/and_gate.v" Line 1. Module and_gate doesn't have a timescale but at least one module in design has a timescale.
WARNING: [XSIM 43-4099] "E:/cd2/exp2/full_add.v" Line 1. Module full_add doesn't have a timescale but at least one module in design has a timescale.
WARNING: [XSIM 43-4099] "E:/cd2/exp2/and_gate.v" Line 1. Module and_gate doesn't have a timescale but at least one module in design has a timescale.
WARNING: [XSIM 43-4099] "E:/cd2/exp2/full_add.v" Line 1. Module full_add doesn't have a timescale but at least one module in design has a timescale.
WARNING: [XSIM 43-4099] "E:/cd2/exp2/and_gate.v" Line 1. Module and_gate doesn't have a timescale but at least one module in design has a timescale.
WARNING: [XSIM 43-4099] "E:/cd2/exp2/full_add.v" Line 1. Module full_add doesn't have a timescale but at least one module in design has a timescale.
WARNING: [XSIM 43-4099] "E:/cd2/exp2/and_gate.v" Line 1. Module and_gate doesn't have a timescale but at least one module in design has a timescale.
WARNING: [XSIM 43-4099] "E:/cd2/exp2/full_add.v" Line 1. Module full_add doesn't have a timescale but at least one module in design has a timescale.
WARNING: [XSIM 43-4099] "E:/cd2/exp2/and_gate.v" Line 1. Module and_gate doesn't have a timescale but at least one module in design has a timescale.
WARNING: [XSIM 43-4099] "E:/cd2/exp2/full_add.v" Line 1. Module full_add doesn't have a timescale but at least one module in design has a timescale.
WARNING: [XSIM 43-4099] "E:/cd2/exp2/and_gate.v" Line 1. Module and_gate doesn't have a timescale but at least one module in design has a timescale.
WARNING: [XSIM 43-4099] "E:/cd2/exp2/full_add.v" Line 1. Module full_add doesn't have a timescale but at least one module in design has a timescale.
WARNING: [XSIM 43-4099] "E:/cd2/exp2/and_gate.v" Line 1. Module and_gate doesn't have a timescale but at least one module in design has a timescale.
WARNING: [XSIM 43-4099] "E:/cd2/exp2/full_add.v" Line 1. Module full_add doesn't have a timescale but at least one module in design has a timescale.
WARNING: [XSIM 43-4099] "E:/cd2/exp2/and_gate.v" Line 1. Module and_gate doesn't have a timescale but at least one module in design has a timescale.
WARNING: [XSIM 43-4099] "E:/cd2/exp2/full_add.v" Line 1. Module full_add doesn't have a timescale but at least one module in design has a timescale.
WARNING: [XSIM 43-4099] "E:/cd2/exp2/and_gate.v" Line 1. Module and_gate doesn't have a timescale but at least one module in design has a timescale.
WARNING: [XSIM 43-4099] "E:/cd2/exp2/full_add.v" Line 1. Module full_add doesn't have a timescale but at least one module in design has a timescale.
WARNING: [XSIM 43-4099] "E:/cd2/exp2/and_gate.v" Line 1. Module and_gate doesn't have a timescale but at least one module in design has a timescale.
WARNING: [XSIM 43-4099] "E:/cd2/exp2/full_add.v" Line 1. Module full_add doesn't have a timescale but at least one module in design has a timescale.
WARNING: [XSIM 43-4099] "E:/cd2/exp2/and_gate.v" Line 1. Module and_gate doesn't have a timescale but at least one module in design has a timescale.
WARNING: [XSIM 43-4099] "E:/cd2/exp2/full_add.v" Line 1. Module full_add doesn't have a timescale but at least one module in design has a timescale.
WARNING: [XSIM 43-4099] "E:/cd2/exp2/and_gate.v" Line 1. Module and_gate doesn't have a timescale but at least one module in design has a timescale.
WARNING: [XSIM 43-4099] "E:/cd2/exp2/full_add.v" Line 1. Module full_add doesn't have a timescale but at least one module in design has a timescale.
WARNING: [XSIM 43-4099] "E:/cd2/exp2/and_gate.v" Line 1. Module and_gate doesn't have a timescale but at least one module in design has a timescale.
WARNING: [XSIM 43-4099] "E:/cd2/exp2/full_add.v" Line 1. Module full_add doesn't have a timescale but at least one module in design has a timescale.
WARNING: [XSIM 43-4099] "E:/cd2/exp2/and_gate.v" Line 1. Module and_gate doesn't have a timescale but at least one module in design has a timescale.
WARNING: [XSIM 43-4099] "E:/cd2/exp2/full_add.v" Line 1. Module full_add doesn't have a timescale but at least one module in design has a timescale.
WARNING: [XSIM 43-4099] "E:/cd2/exp2/and_gate.v" Line 1. Module and_gate doesn't have a timescale but at least one module in design has a timescale.
WARNING: [XSIM 43-4099] "E:/cd2/exp2/full_add.v" Line 1. Module full_add doesn't have a timescale but at least one module in design has a timescale.
WARNING: [XSIM 43-4099] "E:/cd2/exp2/and_gate.v" Line 1. Module and_gate doesn't have a timescale but at least one module in design has a timescale.
WARNING: [XSIM 43-4099] "E:/cd2/exp2/full_add.v" Line 1. Module full_add doesn't have a timescale but at least one module in design has a timescale.
WARNING: [XSIM 43-4099] "E:/cd2/exp2/and_gate.v" Line 1. Module and_gate doesn't have a timescale but at least one module in design has a timescale.
WARNING: [XSIM 43-4099] "E:/cd2/exp2/full_add.v" Line 1. Module full_add doesn't have a timescale but at least one module in design has a timescale.
WARNING: [XSIM 43-4099] "E:/cd2/exp2/and_gate.v" Line 1. Module and_gate doesn't have a timescale but at least one module in design has a timescale.
WARNING: [XSIM 43-4099] "E:/cd2/exp2/full_add.v" Line 1. Module full_add doesn't have a timescale but at least one module in design has a timescale.
WARNING: [XSIM 43-4328] File: E:/cd2/exp2/tb_test_project.v Line: 121 : Sensitivity on input argument "sw1_val" of task "test_inputs" may never get triggered.
WARNING: [XSIM 43-4328] File: E:/cd2/exp2/tb_test_project.v Line: 122 : Sensitivity on input argument "sw2_val" of task "test_inputs" may never get triggered.
Completed simulation data flow analysis
Time Resolution for simulation is 1ps
Compiling package std.standard
Compiling package std.textio
Compiling package ieee.std_logic_1164
Compiling package ieee.numeric_std
Compiling package ieee.std_logic_arith
Compiling package ieee.std_logic_unsigned
Compiling package axi_lite_ipif_v3_0_4.ipif_pkg
Compiling package ieee.math_real
Compiling package synopsys.attributes
Compiling package ieee.std_logic_misc
Compiling package unisim.vcomponents
Compiling package ieee.vital_timing
Compiling package ieee.vital_primitives
Compiling package unisim.vpkg
Compiling package lib_pkg_v1_0_4.lib_pkg
Compiling package axi_vdma_v6_3_21.axi_vdma_pkg
Compiling package xpm.vcomponents
Compiling package xilinx_vip.axi_vip_pkg
Compiling package xilinx_vip.xil_common_vip_pkg
Compiling package std.std
Compiling module xil_defaultlib.aggregator_4bit
Compiling module xil_defaultlib.design_2_aggregator_4bit_0_6
Compiling module xil_defaultlib.alu_74181
Compiling module xil_defaultlib.design_2_alu_74181_0_3
Compiling module xil_defaultlib.design_2_alu_74181_1_3
Compiling module xil_defaultlib.carry_lookahead_74182
Compiling module xil_defaultlib.design_2_carry_lookahead_74182_0...
Compiling module xlconstant_v1_1_9.xlconstant_v1_1_9_xlconstant
Compiling module xil_defaultlib.design_2_xlconstant_0_8
Compiling module xil_defaultlib.design_2_xlconstant_1_1
Compiling module xil_defaultlib.SUM_imp_1G8X8K
Compiling module xil_defaultlib.design_2_aggregator_4bit_0_7
Compiling module xil_defaultlib.design_2_alu_74181_0_4
Compiling module xil_defaultlib.design_2_alu_74181_1_4
Compiling module xil_defaultlib.design_2_carry_lookahead_74182_0...
Compiling module xil_defaultlib.design_2_xlconstant_0_9
Compiling module xil_defaultlib.design_2_xlconstant_1_2
Compiling module xil_defaultlib.SUM1_imp_41GGAQ
Compiling module xil_defaultlib.adpt_in
Compiling module xil_defaultlib.design_2_adpt_in_0_2
Compiling module xil_defaultlib.design_2_adpt_in_1_0
Compiling module xil_defaultlib.adpt_out_16bit
Compiling module xil_defaultlib.design_2_adpt_out_16bit_0_0
Compiling module xil_defaultlib.carry_output_splitter
Compiling module xil_defaultlib.design_2_carry_output_splitter_0...
Compiling module xil_defaultlib.design_2_carry_output_splitter_1...
Compiling module xil_defaultlib.design_2_carry_output_splitter_2...
Compiling module xil_defaultlib.design_2_carry_output_splitter_3...
Compiling module xil_defaultlib.design_2_carry_output_splitter_4...
Compiling module xil_defaultlib.design_2_carry_output_splitter_5...
Compiling module xil_defaultlib.design_2_carry_output_splitter_6...
Compiling module xil_defaultlib.design_2_carry_output_splitter_7...
Compiling module fifo_generator_v13_2_11.fifo_generator_v13_2_11_bhv_ver_...
Compiling module fifo_generator_v13_2_11.fifo_generator_v13_2_11_bhv_ver_...
WARNING: [VRFC 10-3705] select index 2 into 'g7s_cc_rst_nsckt.arst_sync_wr' is out of bounds [E:/cd2/design_2/ip/design_2_cg_fpga_0_0/src/cg_fpga_xbar_1/simulation/fifo_generator_vlog_beh.v:4830]
Compiling module fifo_generator_v13_2_11.fifo_generator_v13_2_11_CONV_VER...
Compiling module fifo_generator_v13_2_11.fifo_generator_vlog_beh(C_COMMON...
Compiling module axi_data_fifo_v2_1_32.axi_data_fifo_v2_1_32_fifo_gen(C...
Compiling module axi_data_fifo_v2_1_32.axi_data_fifo_v2_1_32_axic_fifo(...
Compiling module axi_protocol_converter_v2_1_33.axi_protocol_converter_v2_1_33_a...
Compiling module axi_protocol_converter_v2_1_33.axi_protocol_converter_v2_1_33_w...
Compiling module axi_protocol_converter_v2_1_33.axi_protocol_converter_v2_1_33_b...
Compiling module fifo_generator_v13_2_11.fifo_generator_v13_2_11_bhv_ver_...
Compiling module fifo_generator_v13_2_11.fifo_generator_v13_2_11_bhv_ver_...
Compiling module fifo_generator_v13_2_11.fifo_generator_v13_2_11_CONV_VER...
Compiling module fifo_generator_v13_2_11.fifo_generator_vlog_beh(C_COMMON...
Compiling module axi_data_fifo_v2_1_32.axi_data_fifo_v2_1_32_fifo_gen(C...
Compiling module axi_data_fifo_v2_1_32.axi_data_fifo_v2_1_32_axic_fifo(...
Compiling module axi_protocol_converter_v2_1_33.axi_protocol_converter_v2_1_33_a...
Compiling module axi_protocol_converter_v2_1_33.axi_protocol_converter_v2_1_33_r...
Compiling module axi_protocol_converter_v2_1_33.axi_protocol_converter_v2_1_33_a...
Compiling module axi_protocol_converter_v2_1_33.axi_protocol_converter_v2_1_33_a...
Compiling module xil_defaultlib.cg_fpga_auto_pc_0
Compiling module xil_defaultlib.m00_couplers_imp_V73XI6
Compiling module xil_defaultlib.s00_couplers_imp_1WMAV9E
Compiling module xil_defaultlib.s01_couplers_imp_VBV3B5
Compiling module generic_baseblocks_v2_1_2.generic_baseblocks_v2_1_2_carry_...
Compiling module generic_baseblocks_v2_1_2.generic_baseblocks_v2_1_2_compar...
Compiling module axi_crossbar_v2_1_34.axi_crossbar_v2_1_34_addr_decode...
Compiling module generic_baseblocks_v2_1_2.generic_baseblocks_v2_1_2_mux_en...
Compiling module unisims_ver.SRLC32E_default
Compiling module axi_data_fifo_v2_1_32.axi_data_fifo_v2_1_32_ndeep_srl(...
Compiling module axi_data_fifo_v2_1_32.axi_data_fifo_v2_1_32_axic_srl_f...
Compiling module axi_crossbar_v2_1_34.axi_crossbar_v2_1_34_si_transact...
Compiling module generic_baseblocks_v2_1_2.generic_baseblocks_v2_1_2_mux_en...
Compiling module axi_crossbar_v2_1_34.axi_crossbar_v2_1_34_si_transact...
Compiling module axi_crossbar_v2_1_34.axi_crossbar_v2_1_34_splitter
Compiling module axi_data_fifo_v2_1_32.axi_data_fifo_v2_1_32_axic_reg_s...
Compiling module axi_crossbar_v2_1_34.axi_crossbar_v2_1_34_wdata_route...
Compiling module axi_crossbar_v2_1_34.axi_crossbar_v2_1_34_addr_decode...
Compiling module axi_crossbar_v2_1_34.axi_crossbar_v2_1_34_addr_decode...
Compiling module axi_data_fifo_v2_1_32.axi_data_fifo_v2_1_32_ndeep_srl(...
Compiling module axi_data_fifo_v2_1_32.axi_data_fifo_v2_1_32_axic_reg_s...
Compiling module generic_baseblocks_v2_1_2.generic_baseblocks_v2_1_2_mux_en...
Compiling module axi_crossbar_v2_1_34.axi_crossbar_v2_1_34_wdata_mux(C...
Compiling module axi_data_fifo_v2_1_32.axi_data_fifo_v2_1_32_axic_srl_f...
Compiling module axi_infrastructure_v1_1_0.axi_infrastructure_v1_1_0_axi2ve...
Compiling module axi_infrastructure_v1_1_0.axi_infrastructure_v1_1_0_vector...
Compiling module axi_register_slice_v2_1_33.axi_register_slice_v2_1_33_axic_...
Compiling module axi_register_slice_v2_1_33.axi_register_slice_v2_1_33_axic_...
Compiling module axi_register_slice_v2_1_33.axi_register_slice_v2_1_33_axic_...
Compiling module axi_register_slice_v2_1_33.axi_register_slice_v2_1_33_axic_...
Compiling module axi_register_slice_v2_1_33.axi_register_slice_v2_1_33_axi_r...
Compiling module axi_crossbar_v2_1_34.axi_crossbar_v2_1_34_addr_decode...
Compiling module axi_data_fifo_v2_1_32.axi_data_fifo_v2_1_32_axic_reg_s...
Compiling module axi_crossbar_v2_1_34.axi_crossbar_v2_1_34_wdata_mux(C...
Compiling module axi_data_fifo_v2_1_32.axi_data_fifo_v2_1_32_axic_srl_f...
Compiling module generic_baseblocks_v2_1_2.generic_baseblocks_v2_1_2_mux_en...
Compiling module generic_baseblocks_v2_1_2.generic_baseblocks_v2_1_2_mux_en...
Compiling module axi_crossbar_v2_1_34.axi_crossbar_v2_1_34_addr_arbite...
Compiling module axi_crossbar_v2_1_34.axi_crossbar_v2_1_34_decerr_slav...
Compiling module axi_crossbar_v2_1_34.axi_crossbar_v2_1_34_crossbar(C_...
Compiling module axi_crossbar_v2_1_34.axi_crossbar_v2_1_34_axi_crossba...
Compiling module xil_defaultlib.cg_fpga_xbar_1
Compiling module xil_defaultlib.cg_fpga_axi_mem_intercon_0
Compiling architecture imp of entity axi_intc_v4_1_20.intc_core [\intc_core(c_family="zynq",c_num...]
Compiling architecture imp of entity axi_lite_ipif_v3_0_4.pselect_f [\pselect_f(c_ab=3,c_aw=9,c_bar="...]
Compiling architecture imp of entity axi_lite_ipif_v3_0_4.pselect_f [\pselect_f(c_ab=4,c_aw=4,c_bar="...]
Compiling architecture imp of entity axi_lite_ipif_v3_0_4.pselect_f [\pselect_f(c_ab=4,c_aw=4,c_bar="...]
Compiling architecture imp of entity axi_lite_ipif_v3_0_4.pselect_f [\pselect_f(c_ab=4,c_aw=4,c_bar="...]
Compiling architecture imp of entity axi_lite_ipif_v3_0_4.pselect_f [\pselect_f(c_ab=4,c_aw=4,c_bar="...]
Compiling architecture imp of entity axi_lite_ipif_v3_0_4.pselect_f [\pselect_f(c_ab=4,c_aw=4,c_bar="...]
Compiling architecture imp of entity axi_lite_ipif_v3_0_4.pselect_f [\pselect_f(c_ab=4,c_aw=4,c_bar="...]
Compiling architecture imp of entity axi_lite_ipif_v3_0_4.pselect_f [\pselect_f(c_ab=4,c_aw=4,c_bar="...]
Compiling architecture imp of entity axi_lite_ipif_v3_0_4.pselect_f [\pselect_f(c_ab=4,c_aw=4,c_bar="...]
Compiling architecture imp of entity axi_lite_ipif_v3_0_4.pselect_f [\pselect_f(c_ab=4,c_aw=4,c_bar="...]
Compiling architecture imp of entity axi_lite_ipif_v3_0_4.pselect_f [\pselect_f(c_ab=4,c_aw=4,c_bar="...]
Compiling architecture imp of entity axi_lite_ipif_v3_0_4.pselect_f [\pselect_f(c_ab=4,c_aw=4,c_bar="...]
Compiling architecture imp of entity axi_lite_ipif_v3_0_4.pselect_f [\pselect_f(c_ab=4,c_aw=4,c_bar="...]
Compiling architecture imp of entity axi_lite_ipif_v3_0_4.pselect_f [\pselect_f(c_ab=4,c_aw=4,c_bar="...]
Compiling architecture imp of entity axi_lite_ipif_v3_0_4.pselect_f [\pselect_f(c_ab=4,c_aw=4,c_bar="...]
Compiling architecture imp of entity axi_lite_ipif_v3_0_4.pselect_f [\pselect_f(c_ab=4,c_aw=4,c_bar="...]
Compiling architecture imp of entity axi_lite_ipif_v3_0_4.pselect_f [\pselect_f(c_ab=4,c_aw=4,c_bar="...]
Compiling architecture imp of entity axi_lite_ipif_v3_0_4.pselect_f [\pselect_f(c_ab=2,c_aw=9,c_bar="...]
Compiling architecture imp of entity axi_lite_ipif_v3_0_4.pselect_f [\pselect_f(c_ab=1,c_aw=9,c_bar="...]
Compiling architecture imp of entity axi_lite_ipif_v3_0_4.pselect_f [\pselect_f(c_ab=1,c_aw=1,c_bar="...]
Compiling architecture imp of entity axi_lite_ipif_v3_0_4.pselect_f [\pselect_f(c_ab=1,c_aw=1,c_bar="...]
Compiling architecture imp of entity axi_lite_ipif_v3_0_4.address_decoder [\address_decoder(c_bus_awidth=9,...]
Compiling architecture imp of entity axi_lite_ipif_v3_0_4.slave_attachment [\slave_attachment(c_ard_addr_ran...]
Compiling architecture imp of entity axi_lite_ipif_v3_0_4.axi_lite_ipif [\axi_lite_ipif(c_s_axi_addr_widt...]
Compiling architecture imp of entity axi_intc_v4_1_20.axi_intc [\axi_intc(c_family="zynq",c_inst...]
Compiling architecture cg_fpga_axi_intc_0_0_arch of entity xil_defaultlib.cg_fpga_axi_intc_0_0 [cg_fpga_axi_intc_0_0_default]
Compiling architecture rtl of entity axi_uartlite_v2_0_37.baudrate [\baudrate(c_ratio=651)\]
Compiling architecture fdre_v of entity unisim.FDRE [fdre_default]
Compiling architecture fdr_v of entity unisim.FDR [fdr_default]
Compiling architecture implementation of entity lib_cdc_v1_0_3.cdc_sync [\cdc_sync(c_mtbf_stages=4)\]
Compiling architecture imp of entity lib_srl_fifo_v1_0_4.cntr_incr_decr_addn_f [\cntr_incr_decr_addn_f(c_size=5,...]
Compiling architecture behavioral of entity lib_srl_fifo_v1_0_4.dynshreg_f [\dynshreg_f(c_depth=16,c_dwidth=...]
Compiling architecture imp of entity lib_srl_fifo_v1_0_4.srl_fifo_rbu_f [\srl_fifo_rbu_f(c_dwidth=8,c_fam...]
Compiling architecture imp of entity lib_srl_fifo_v1_0_4.srl_fifo_f [\srl_fifo_f(c_dwidth=8,c_family=...]
Compiling architecture rtl of entity axi_uartlite_v2_0_37.uartlite_rx [\uartlite_rx(c_family="zynq")(1,...]
Compiling architecture rtl of entity axi_uartlite_v2_0_37.uartlite_tx [\uartlite_tx(c_family="zynq")(1,...]
Compiling architecture rtl of entity axi_uartlite_v2_0_37.uartlite_core [\uartlite_core(c_family="zynq")(...]
Compiling architecture imp of entity axi_lite_ipif_v3_0_4.pselect_f [\pselect_f(c_ab=2,c_aw=2,c_bar="...]
Compiling architecture imp of entity axi_lite_ipif_v3_0_4.pselect_f [\pselect_f(c_ab=2,c_aw=2,c_bar="...]
Compiling architecture imp of entity axi_lite_ipif_v3_0_4.pselect_f [\pselect_f(c_ab=2,c_aw=2,c_bar="...]
Compiling architecture imp of entity axi_lite_ipif_v3_0_4.pselect_f [\pselect_f(c_ab=2,c_aw=2,c_bar="...]
Compiling architecture imp of entity axi_lite_ipif_v3_0_4.address_decoder [\address_decoder(c_bus_awidth=4,...]
Compiling architecture imp of entity axi_lite_ipif_v3_0_4.slave_attachment [\slave_attachment(c_ard_addr_ran...]
Compiling architecture imp of entity axi_lite_ipif_v3_0_4.axi_lite_ipif [\axi_lite_ipif(c_s_axi_addr_widt...]
Compiling architecture rtl of entity axi_uartlite_v2_0_37.axi_uartlite [\axi_uartlite(c_family="zynq")(1...]
Compiling architecture cg_fpga_axi_uartlite_0_0_arch of entity xil_defaultlib.cg_fpga_axi_uartlite_0_0 [cg_fpga_axi_uartlite_0_0_default]
Compiling architecture implementation of entity axi_vdma_v6_3_21.axi_vdma_sm [\axi_vdma_sm(c_include_sf=1,c_pr...]
Compiling architecture implementation of entity axi_vdma_v6_3_21.axi_vdma_cmdsts_if [\axi_vdma_cmdsts_if(c_include_s2...]
Compiling architecture implementation of entity axi_vdma_v6_3_21.axi_vdma_sts_mngr [axi_vdma_sts_mngr_default]
Compiling architecture implementation of entity axi_vdma_v6_3_21.axi_vdma_vregister [\axi_vdma_vregister(c_num_fstore...]
Compiling architecture implementation of entity axi_vdma_v6_3_21.axi_vdma_vaddrreg_mux [\axi_vdma_vaddrreg_mux(c_num_fst...]
Compiling architecture implementation of entity axi_vdma_v6_3_21.axi_vdma_vidreg_module [\axi_vdma_vidreg_module(c_includ...]
Compiling architecture implementation of entity axi_vdma_v6_3_21.axi_vdma_greycoder [\axi_vdma_greycoder(c_dwidth=5)\]
Compiling architecture implementation of entity axi_vdma_v6_3_21.axi_vdma_genlock_mux [\axi_vdma_genlock_mux(c_internal...]
Compiling architecture implementation of entity axi_vdma_v6_3_21.axi_vdma_greycoder [\axi_vdma_greycoder(c_dwidth=2)\]
Compiling architecture implementation of entity axi_vdma_v6_3_21.axi_vdma_genlock_mngr [\axi_vdma_genlock_mngr(c_genlock...]
Compiling architecture implementation of entity axi_vdma_v6_3_21.axi_vdma_mngr [\axi_vdma_mngr(c_prmy_cmdfifo_de...]
Compiling architecture implementation of entity axi_vdma_v6_3_21.axi_vdma_regdirect [\axi_vdma_regdirect(c_num_regist...]
Compiling architecture implementation of entity axi_vdma_v6_3_21.axi_vdma_register [\axi_vdma_register(c_linebuffer_...]
Compiling architecture implementation of entity axi_vdma_v6_3_21.axi_vdma_reg_mux [\axi_vdma_reg_mux(c_total_num_re...]
Compiling architecture implementation of entity axi_vdma_v6_3_21.axi_vdma_reg_module [\axi_vdma_reg_module(c_total_num...]
Compiling architecture implementation of entity axi_vdma_v6_3_21.axi_vdma_fsync_gen [\axi_vdma_fsync_gen(c_include_mm...]
Compiling architecture implementation of entity axi_vdma_v6_3_21.axi_vdma_vid_cdc [\axi_vdma_vid_cdc(c_genlock_mstr...]
Compiling architecture implementation of entity axi_vdma_v6_3_21.axi_vdma_sof_gen [axi_vdma_sof_gen_default]
Compiling module xpm.xpm_fifo_rst_default
Compiling module xpm.xpm_fifo_reg_bit
Compiling module xpm.xpm_counter_updn(COUNTER_WIDTH=1...
Compiling module xpm.xpm_counter_updn(COUNTER_WIDTH=9...
Compiling module xpm.xpm_memory_base(MEMORY_TYPE=1,ME...
Compiling module xpm.xpm_counter_updn(COUNTER_WIDTH=2...
Compiling module xpm.xpm_fifo_base(FIFO_WRITE_DEPTH=5...
Compiling module xpm.xpm_fifo_sync(FIFO_MEMORY_TYPE="...
Compiling architecture amd of entity axi_vdma_v6_3_21.axi_vdma_sfifo [\axi_vdma_sfifo(c_family="zynq",...]
Compiling architecture implementation of entity axi_vdma_v6_3_21.axi_vdma_skid_buf [axi_vdma_skid_buf_default]
Compiling architecture implementation of entity axi_vdma_v6_3_21.axi_vdma_mm2s_linebuf [\axi_vdma_mm2s_linebuf(c_mm2s_so...]
Compiling architecture implementation of entity axi_vdma_v6_3_21.axi_vdma_skid_buf [\axi_vdma_skid_buf(c_wdata_width...]
Compiling module axi_vdma_v6_3_21.axi_vdma_v6_3_21_axis_infrastruc...
Compiling module axi_vdma_v6_3_21.axi_vdma_v6_3_21_axis_register_s...
Compiling module axi_vdma_v6_3_21.axi_vdma_v6_3_21_axis_infrastruc...
Compiling module axi_vdma_v6_3_21.axi_vdma_v6_3_21_axis_register_s...
Compiling module axi_vdma_v6_3_21.axi_vdma_v6_3_21_axis_dwidth_con...
Compiling module axi_vdma_v6_3_21.axi_vdma_v6_3_21_axis_dwidth_con...
Compiling module axi_vdma_v6_3_21.axi_vdma_v6_3_21_axis_infrastruc...
Compiling module axi_vdma_v6_3_21.axi_vdma_v6_3_21_axis_register_s...
Compiling module axi_vdma_v6_3_21.axi_vdma_v6_3_21_axis_infrastruc...
Compiling module axi_vdma_v6_3_21.axi_vdma_v6_3_21_axis_register_s...
Compiling module axi_vdma_v6_3_21.axi_vdma_v6_3_21_axis_dwidth_con...
Compiling architecture implementation of entity axi_vdma_v6_3_21.axi_vdma_s2mm_axis_dwidth_converter [\axi_vdma_s2mm_axis_dwidth_conve...]
Compiling architecture implementation of entity axi_vdma_v6_3_21.axi_vdma_sm [\axi_vdma_sm(c_include_sf=1,c_us...]
Compiling architecture implementation of entity axi_vdma_v6_3_21.axi_vdma_cmdsts_if [\axi_vdma_cmdsts_if(c_dm_status_...]
Compiling architecture implementation of entity axi_vdma_v6_3_21.axi_vdma_genlock_mngr [\axi_vdma_genlock_mngr(c_genlock...]
Compiling architecture implementation of entity axi_vdma_v6_3_21.axi_vdma_mngr [\axi_vdma_mngr(c_prmy_cmdfifo_de...]
Compiling architecture implementation of entity axi_vdma_v6_3_21.axi_vdma_regdirect [\axi_vdma_regdirect(c_num_regist...]
Compiling architecture implementation of entity axi_vdma_v6_3_21.axi_vdma_register [\axi_vdma_register(c_channel_is_...]
Compiling architecture implementation of entity axi_vdma_v6_3_21.axi_vdma_reg_mux [\axi_vdma_reg_mux(c_total_num_re...]
Compiling architecture implementation of entity axi_vdma_v6_3_21.axi_vdma_reg_module [\axi_vdma_reg_module(c_total_num...]
Compiling architecture implementation of entity axi_vdma_v6_3_21.axi_vdma_fsync_gen [\axi_vdma_fsync_gen(c_use_fsync=...]
Compiling module xpm.xpm_fifo_rst_default_1
Compiling module xpm.xpm_memory_base(MEMORY_TYPE=1,ME...
Compiling module xpm.xpm_fifo_base(FIFO_WRITE_DEPTH=5...
Compiling module xpm.xpm_fifo_sync(FIFO_MEMORY_TYPE="...
Compiling architecture amd of entity axi_vdma_v6_3_21.axi_vdma_sfifo [\axi_vdma_sfifo(c_family="zynq",...]
Compiling architecture implementation of entity axi_vdma_v6_3_21.axi_vdma_s2mm_linebuf [\axi_vdma_s2mm_linebuf(c_include...]
Compiling architecture implementation of entity lib_cdc_v1_0_3.cdc_sync [\cdc_sync(c_cdc_type=0,c_flop_in...]
Compiling architecture implementation of entity lib_cdc_v1_0_3.cdc_sync [\cdc_sync(c_flop_input=1,c_mtbf_...]
Compiling architecture implementation of entity axi_vdma_v6_3_21.axi_vdma_reset [\axi_vdma_reset(c_prmry_is_aclk_...]
Compiling architecture implementation of entity axi_vdma_v6_3_21.axi_vdma_rst_module [\axi_vdma_rst_module(c_include_s...]
Compiling architecture implementation of entity lib_cdc_v1_0_3.cdc_sync [\cdc_sync(c_cdc_type=0,c_reset_s...]
Compiling architecture implementation of entity axi_vdma_v6_3_21.axi_vdma_lite_if [\axi_vdma_lite_if(c_num_ce=62)\]
Compiling architecture implementation of entity lib_cdc_v1_0_3.cdc_sync [\cdc_sync(c_reset_state=1,c_flop...]
Compiling architecture implementation of entity axi_vdma_v6_3_21.axi_vdma_reg_if [\axi_vdma_reg_if(c_enable_debug_...]
Compiling architecture implementation of entity axi_vdma_v6_3_21.axi_vdma_intrpt [\axi_vdma_intrpt(c_enable_debug_...]
Compiling module xpm.xpm_fifo_rst_default_2
Compiling module xpm.xpm_counter_updn(COUNTER_WIDTH=8...
Compiling module xpm.xpm_counter_updn(COUNTER_WIDTH=7...
Compiling module xpm.xpm_memory_base(MEMORY_TYPE=1,ME...
Compiling module xpm.xpm_fifo_base(FIFO_MEMORY_TYPE=2...
Compiling module xpm.xpm_fifo_sync(FIFO_MEMORY_TYPE="...
Compiling architecture implementation of entity lib_fifo_v1_0_20.sync_fifo_fg [\sync_fifo_fg(c_family="zynq",c_...]
Compiling architecture imp of entity axi_datamover_v5_1_35.axi_datamover_sfifo_autord [\axi_datamover_sfifo_autord(c_dw...]
Compiling architecture implementation of entity axi_datamover_v5_1_35.axi_datamover_rd_sf [\axi_datamover_rd_sf(c_sf_fifo_d...]
Compiling architecture implementation of entity axi_datamover_v5_1_35.axi_datamover_reset [axi_datamover_reset_default]
Compiling architecture behavioral of entity lib_srl_fifo_v1_0_4.dynshreg_f [\dynshreg_f(c_depth=4,c_dwidth=8...]
Compiling architecture imp of entity lib_srl_fifo_v1_0_4.srl_fifo_rbu_f [\srl_fifo_rbu_f(c_dwidth=8,c_dep...]
Compiling architecture imp of entity lib_srl_fifo_v1_0_4.srl_fifo_f [\srl_fifo_f(c_dwidth=8,c_depth=4...]
Compiling architecture imp of entity axi_datamover_v5_1_35.axi_datamover_fifo [\axi_datamover_fifo(c_dwidth=8,c...]
Compiling architecture imp of entity lib_srl_fifo_v1_0_4.cntr_incr_decr_addn_f [\cntr_incr_decr_addn_f(c_size=3,...]
Compiling architecture behavioral of entity lib_srl_fifo_v1_0_4.dynshreg_f [\dynshreg_f(c_depth=4,c_dwidth=6...]
Compiling architecture imp of entity lib_srl_fifo_v1_0_4.srl_fifo_rbu_f [\srl_fifo_rbu_f(c_dwidth=68,c_de...]
Compiling architecture imp of entity lib_srl_fifo_v1_0_4.srl_fifo_f [\srl_fifo_f(c_dwidth=68,c_depth=...]
Compiling architecture imp of entity axi_datamover_v5_1_35.axi_datamover_fifo [\axi_datamover_fifo(c_dwidth=68,...]
Compiling architecture implementation of entity axi_datamover_v5_1_35.axi_datamover_cmd_status [\axi_datamover_cmd_status(c_fami...]
Compiling architecture implementation of entity axi_datamover_v5_1_35.axi_datamover_rd_status_cntl [axi_datamover_rd_status_cntl_def...]
Compiling architecture implementation of entity axi_datamover_v5_1_35.axi_datamover_strb_gen2 [axi_datamover_strb_gen2_default]
Compiling architecture implementation of entity axi_datamover_v5_1_35.axi_datamover_strb_gen2 [\axi_datamover_strb_gen2(c_op_mo...]
Compiling architecture implementation of entity axi_datamover_v5_1_35.axi_datamover_pcc [\axi_datamover_pcc(c_is_mm2s=1,c...]
Compiling architecture behavioral of entity lib_srl_fifo_v1_0_4.dynshreg_f [\dynshreg_f(c_depth=4,c_dwidth=5...]
Compiling architecture imp of entity lib_srl_fifo_v1_0_4.srl_fifo_rbu_f [\srl_fifo_rbu_f(c_dwidth=59,c_de...]
Compiling architecture imp of entity lib_srl_fifo_v1_0_4.srl_fifo_f [\srl_fifo_f(c_dwidth=59,c_depth=...]
Compiling architecture imp of entity axi_datamover_v5_1_35.axi_datamover_fifo [\axi_datamover_fifo(c_dwidth=59,...]
Compiling architecture implementation of entity axi_datamover_v5_1_35.axi_datamover_addr_cntl [\axi_datamover_addr_cntl(c_famil...]
Compiling architecture behavioral of entity lib_srl_fifo_v1_0_4.dynshreg_f [\dynshreg_f(c_depth=4,c_dwidth=3...]
Compiling architecture imp of entity lib_srl_fifo_v1_0_4.srl_fifo_rbu_f [\srl_fifo_rbu_f(c_dwidth=38,c_de...]
Compiling architecture imp of entity lib_srl_fifo_v1_0_4.srl_fifo_f [\srl_fifo_f(c_dwidth=38,c_depth=...]
Compiling architecture imp of entity axi_datamover_v5_1_35.axi_datamover_fifo [\axi_datamover_fifo(c_dwidth=38,...]
Compiling architecture implementation of entity axi_datamover_v5_1_35.axi_datamover_rdmux [\axi_datamover_rdmux(c_sel_addr_...]
Compiling architecture implementation of entity axi_datamover_v5_1_35.axi_datamover_rddata_cntl [\axi_datamover_rddata_cntl(c_ali...]
Compiling architecture implementation of entity axi_datamover_v5_1_35.axi_datamover_mm2s_full_wrap [\axi_datamover_mm2s_full_wrap(c_...]
Compiling architecture implementation of entity axi_datamover_v5_1_35.axi_datamover_ibttcc [\axi_datamover_ibttcc(c_sf_xfer_...]
Compiling architecture implementation of entity axi_datamover_v5_1_35.axi_datamover_ms_strb_set [\axi_datamover_ms_strb_set(c_str...]
Compiling architecture implementation of entity axi_datamover_v5_1_35.axi_datamover_mssai_skid_buf [axi_datamover_mssai_skid_buf_def...]
Compiling architecture implementation of entity axi_datamover_v5_1_35.axi_datamover_strb_gen2 [\axi_datamover_strb_gen2(c_strb_...]
Compiling architecture working of entity axi_datamover_v5_1_35.axi_datamover_slice [\axi_datamover_slice(c_data_widt...]
Compiling architecture behavioral of entity lib_srl_fifo_v1_0_4.dynshreg_f [\dynshreg_f(c_depth=16,c_dwidth=...]
Compiling architecture imp of entity lib_srl_fifo_v1_0_4.srl_fifo_rbu_f [\srl_fifo_rbu_f(c_dwidth=9,c_fam...]
Compiling architecture imp of entity lib_srl_fifo_v1_0_4.srl_fifo_f [\srl_fifo_f(c_dwidth=9,c_family=...]
Compiling architecture imp of entity axi_datamover_v5_1_35.axi_datamover_fifo [\axi_datamover_fifo(c_dwidth=9,c...]
Compiling architecture implementation of entity axi_datamover_v5_1_35.axi_datamover_s2mm_scatter [\axi_datamover_s2mm_scatter(c_en...]
Compiling architecture behavioral of entity lib_srl_fifo_v1_0_4.dynshreg_f [\dynshreg_f(c_depth=4,c_dwidth=2...]
Compiling architecture imp of entity lib_srl_fifo_v1_0_4.srl_fifo_rbu_f [\srl_fifo_rbu_f(c_dwidth=27,c_de...]
Compiling architecture imp of entity lib_srl_fifo_v1_0_4.srl_fifo_f [\srl_fifo_f(c_dwidth=27,c_depth=...]
Compiling architecture imp of entity axi_datamover_v5_1_35.axi_datamover_fifo [\axi_datamover_fifo(c_dwidth=27,...]
Compiling architecture implementation of entity axi_datamover_v5_1_35.axi_datamover_s2mm_realign [\axi_datamover_s2mm_realign(c_en...]
Compiling architecture implementation of entity axi_datamover_v5_1_35.axi_datamover_stbs_set [\axi_datamover_stbs_set(c_strobe...]
Compiling architecture implementation of entity axi_datamover_v5_1_35.axi_datamover_stbs_set [axi_datamover_stbs_set_default]
Compiling architecture implementation of entity axi_datamover_v5_1_35.axi_datamover_skid_buf [\axi_datamover_skid_buf(c_wdata_...]
Compiling module xpm.xpm_fifo_rst_default_3
Compiling module xpm.xpm_counter_updn(COUNTER_WIDTH=5...
Compiling module xpm.xpm_counter_updn
Compiling module xpm.xpm_memory_base(MEMORY_TYPE=1,ME...
Compiling module xpm.xpm_fifo_base(FIFO_WRITE_DEPTH=1...
Compiling module xpm.xpm_fifo_sync(FIFO_MEMORY_TYPE="...
Compiling architecture implementation of entity lib_fifo_v1_0_20.sync_fifo_fg [\sync_fifo_fg(c_family="zynq",c_...]
Compiling architecture imp of entity axi_datamover_v5_1_35.axi_datamover_sfifo_autord [\axi_datamover_sfifo_autord(c_dw...]
Compiling module xpm.xpm_fifo_rst_default_4
Compiling module xpm.xpm_memory_base(MEMORY_TYPE=1,ME...
Compiling module xpm.xpm_fifo_base(FIFO_MEMORY_TYPE=2...
Compiling module xpm.xpm_fifo_sync(FIFO_MEMORY_TYPE="...
Compiling architecture implementation of entity lib_fifo_v1_0_20.sync_fifo_fg [\sync_fifo_fg(c_family="zynq",c_...]
Compiling architecture imp of entity axi_datamover_v5_1_35.axi_datamover_sfifo_autord [\axi_datamover_sfifo_autord(c_dw...]
Compiling architecture implementation of entity axi_datamover_v5_1_35.axi_datamover_indet_btt [\axi_datamover_indet_btt(c_ibtt_...]
Compiling architecture behavioral of entity lib_srl_fifo_v1_0_4.dynshreg_f [\dynshreg_f(c_depth=4,c_dwidth=3...]
Compiling architecture imp of entity lib_srl_fifo_v1_0_4.srl_fifo_rbu_f [\srl_fifo_rbu_f(c_dwidth=32,c_de...]
Compiling architecture imp of entity lib_srl_fifo_v1_0_4.srl_fifo_f [\srl_fifo_f(c_dwidth=32,c_depth=...]
Compiling architecture imp of entity axi_datamover_v5_1_35.axi_datamover_fifo [\axi_datamover_fifo(c_family="zy...]
Compiling architecture implementation of entity axi_datamover_v5_1_35.axi_datamover_cmd_status [\axi_datamover_cmd_status(c_sts_...]
Compiling architecture behavioral of entity lib_srl_fifo_v1_0_4.dynshreg_f [\dynshreg_f(c_depth=6,c_dwidth=2...]
Compiling architecture imp of entity lib_srl_fifo_v1_0_4.srl_fifo_rbu_f [\srl_fifo_rbu_f(c_dwidth=23,c_de...]
Compiling architecture imp of entity lib_srl_fifo_v1_0_4.srl_fifo_f [\srl_fifo_f(c_dwidth=23,c_depth=...]
Compiling architecture imp of entity axi_datamover_v5_1_35.axi_datamover_fifo [\axi_datamover_fifo(c_dwidth=23,...]
Compiling architecture imp of entity lib_srl_fifo_v1_0_4.cntr_incr_decr_addn_f [\cntr_incr_decr_addn_f(c_size=4,...]
Compiling architecture behavioral of entity lib_srl_fifo_v1_0_4.dynshreg_f [\dynshreg_f(c_depth=6,c_dwidth=2...]
Compiling architecture imp of entity lib_srl_fifo_v1_0_4.srl_fifo_rbu_f [\srl_fifo_rbu_f(c_dwidth=2,c_dep...]
Compiling architecture imp of entity lib_srl_fifo_v1_0_4.srl_fifo_f [\srl_fifo_f(c_dwidth=2,c_depth=6...]
Compiling architecture imp of entity axi_datamover_v5_1_35.axi_datamover_fifo [\axi_datamover_fifo(c_dwidth=2,c...]
Compiling architecture implementation of entity axi_datamover_v5_1_35.axi_datamover_wr_status_cntl [\axi_datamover_wr_status_cntl(c_...]
Compiling architecture implementation of entity axi_datamover_v5_1_35.axi_datamover_addr_cntl [\axi_datamover_addr_cntl(c_addr_...]
Compiling architecture behavioral of entity lib_srl_fifo_v1_0_4.dynshreg_f [\dynshreg_f(c_depth=4,c_dwidth=3...]
Compiling architecture imp of entity lib_srl_fifo_v1_0_4.srl_fifo_rbu_f [\srl_fifo_rbu_f(c_dwidth=36,c_de...]
Compiling architecture imp of entity lib_srl_fifo_v1_0_4.srl_fifo_f [\srl_fifo_f(c_dwidth=36,c_depth=...]
Compiling architecture imp of entity axi_datamover_v5_1_35.axi_datamover_fifo [\axi_datamover_fifo(c_dwidth=36,...]
Compiling architecture implementation of entity axi_datamover_v5_1_35.axi_datamover_wrdata_cntl [\axi_datamover_wrdata_cntl(c_rea...]
Compiling architecture implementation of entity axi_datamover_v5_1_35.axi_datamover_wr_demux [\axi_datamover_wr_demux(c_sel_ad...]
Compiling architecture implementation of entity axi_datamover_v5_1_35.axi_datamover_skid2mm_buf [\axi_datamover_skid2mm_buf(c_mda...]
Compiling architecture implementation of entity axi_datamover_v5_1_35.axi_datamover_s2mm_full_wrap [\axi_datamover_s2mm_full_wrap(c_...]
Compiling architecture implementation of entity axi_datamover_v5_1_35.axi_datamover [\axi_datamover(c_include_mm2s=1,...]
Compiling architecture implementation of entity axi_vdma_v6_3_21.axi_vdma [\axi_vdma(c_prmry_is_aclk_async=...]
Compiling architecture cg_fpga_axi_vdma_0_0_arch of entity xil_defaultlib.cg_fpga_axi_vdma_0_0 [cg_fpga_axi_vdma_0_0_default]
Compiling architecture implementation of entity interrupt_control_v3_1_5.interrupt_control [\interrupt_control(c_num_ce=16,c...]
Compiling architecture imp of entity axi_lite_ipif_v3_0_4.pselect_f [\pselect_f(c_ab=5,c_aw=9,c_bar="...]
Compiling architecture imp of entity axi_lite_ipif_v3_0_4.pselect_f [\pselect_f(c_ab=1,c_aw=9,c_bar="...]
Compiling architecture imp of entity axi_lite_ipif_v3_0_4.address_decoder [\address_decoder(c_bus_awidth=9,...]
Compiling architecture imp of entity axi_lite_ipif_v3_0_4.slave_attachment [\slave_attachment(c_ard_addr_ran...]
Compiling architecture imp of entity axi_lite_ipif_v3_0_4.axi_lite_ipif [\axi_lite_ipif(c_s_axi_addr_widt...]
Compiling architecture implementation of entity lib_cdc_v1_0_3.cdc_sync [\cdc_sync(c_single_bit=0,c_mtbf_...]
Compiling architecture imp of entity axi_gpio_v2_0_35.GPIO_Core [\GPIO_Core(c_aw=9,c_interrupt_pr...]
Compiling architecture imp of entity axi_gpio_v2_0_35.axi_gpio [\axi_gpio(c_family="zynq",c_all_...]
Compiling architecture cg_fpga_cg_fpga_axi_gpio_o1_1_arch of entity xil_defaultlib.cg_fpga_cg_fpga_axi_gpio_o1_1 [cg_fpga_cg_fpga_axi_gpio_o1_1_de...]
Compiling architecture cg_fpga_cg_fpga_axi_gpio_i1_0_arch of entity xil_defaultlib.cg_fpga_cg_fpga_axi_gpio_i1_0 [cg_fpga_cg_fpga_axi_gpio_i1_0_de...]
Compiling architecture imp of entity axi_lite_ipif_v3_0_4.address_decoder [\address_decoder(c_bus_awidth=9,...]
Compiling architecture imp of entity axi_lite_ipif_v3_0_4.slave_attachment [\slave_attachment(c_ard_addr_ran...]
Compiling architecture imp of entity axi_lite_ipif_v3_0_4.axi_lite_ipif [\axi_lite_ipif(c_s_axi_addr_widt...]
Compiling architecture imp of entity axi_gpio_v2_0_35.GPIO_Core [\GPIO_Core(c_aw=9,c_is_dual=1,c_...]
Compiling architecture imp of entity axi_gpio_v2_0_35.axi_gpio [\axi_gpio(c_family="zynq",c_all_...]
Compiling architecture cg_fpga_axi_gpio_0_0_arch of entity xil_defaultlib.cg_fpga_axi_gpio_0_0 [cg_fpga_axi_gpio_0_0_default]
Compiling architecture cg_fpga_cg_fpga_axi_gpio_o1_0_arch of entity xil_defaultlib.cg_fpga_cg_fpga_axi_gpio_o1_0 [cg_fpga_cg_fpga_axi_gpio_o1_0_de...]
Compiling module processing_system7_vip_v1_0_21.processing_system7_vip_v1_0_21_g...
Compiling module processing_system7_vip_v1_0_21.processing_system7_vip_v1_0_21_g...
Compiling module processing_system7_vip_v1_0_21.processing_system7_vip_v1_0_21_a...
Compiling module processing_system7_vip_v1_0_21.processing_system7_vip_v1_0_21_a...
Compiling module processing_system7_vip_v1_0_21.processing_system7_vip_v1_0_21_f...
Compiling module processing_system7_vip_v1_0_21.processing_system7_vip_v1_0_21_a...
Compiling module processing_system7_vip_v1_0_21.processing_system7_vip_v1_0_21_a...
Compiling module processing_system7_vip_v1_0_21.processing_system7_vip_v1_0_21_a...
Compiling module processing_system7_vip_v1_0_21.processing_system7_vip_v1_0_21_a...
Compiling module processing_system7_vip_v1_0_21.processing_system7_vip_v1_0_21_s...
Compiling module processing_system7_vip_v1_0_21.processing_system7_vip_v1_0_21_i...
Compiling module processing_system7_vip_v1_0_21.processing_system7_vip_v1_0_21_s...
Compiling module processing_system7_vip_v1_0_21.processing_system7_vip_v1_0_21_d...
Compiling module processing_system7_vip_v1_0_21.processing_system7_vip_v1_0_21_o...
Compiling module processing_system7_vip_v1_0_21.processing_system7_vip_v1_0_21_o...
Compiling module processing_system7_vip_v1_0_21.processing_system7_vip_v1_0_21_r...
Compiling module processing_system7_vip_v1_0_21.processing_system7_vip_v1_0_21_r...
Compiling module xilinx_vip.axi_vip_axi4pc(WDATA_WIDTH=32,RD...
Compiling module xilinx_vip.cb
Compiling module xilinx_vip.axi_vip_if(C_AXI_PROTOCOL=1,C_AX...
Compiling module axi_vip_v1_1_19.axi_vip_v1_1_19_top(C_AXI_PROTOC...
Compiling module processing_system7_vip_v1_0_21.processing_system7_vip_v1_0_21_a...
Compiling module processing_system7_vip_v1_0_21.processing_system7_vip_v1_0_21_a...
Compiling module xilinx_vip.axi_vip_axi4pc(WDATA_WIDTH=32,RD...
Compiling module xilinx_vip.cb
Compiling module xilinx_vip.axi_vip_if(C_AXI_PROTOCOL=1,C_AX...
Compiling module axi_vip_v1_1_19.axi_vip_v1_1_19_top(C_AXI_PROTOC...
WARNING: [VRFC 10-3705] select index 64 into 'wrp_strb' is out of bounds [E:/cd2/design_2/ip/design_2_cg_fpga_0_0/src/cg_fpga_processing_system7_0_0/hdl/processing_system7_vip_v1_0_vl_rfs.sv:6134]
Compiling module processing_system7_vip_v1_0_21.processing_system7_vip_v1_0_21_a...
Compiling module processing_system7_vip_v1_0_21.processing_system7_vip_v1_0_21_a...
Compiling module xilinx_vip.axi_vip_axi4pc(PROTOCOL=1,RID_WI...
Compiling module xilinx_vip.cb
Compiling module xilinx_vip.axi_vip_if(C_AXI_PROTOCOL=1,C_AX...
Compiling module axi_vip_v1_1_19.axi_vip_v1_1_19_top(C_AXI_PROTOC...
Compiling module processing_system7_vip_v1_0_21.processing_system7_vip_v1_0_21_i...
WARNING: [VRFC 10-3705] select index 128 into 'wrp_strb' is out of bounds [E:/cd2/design_2/ip/design_2_cg_fpga_0_0/src/cg_fpga_processing_system7_0_0/hdl/processing_system7_vip_v1_0_vl_rfs.sv:10898]
Compiling module processing_system7_vip_v1_0_21.processing_system7_vip_v1_0_21_a...
Compiling module processing_system7_vip_v1_0_21.processing_system7_vip_v1_0_21_a...
Compiling module processing_system7_vip_v1_0_21.processing_system7_vip_v1_0_21_a...
Compiling module processing_system7_vip_v1_0_21.processing_system7_vip_v1_0_21_a...
Compiling module xilinx_vip.axi_vip_axi4pc(PROTOCOL=1,RID_WI...
Compiling module xilinx_vip.cb
Compiling module xilinx_vip.axi_vip_if(C_AXI_PROTOCOL=1,C_AX...
Compiling module axi_vip_v1_1_19.axi_vip_v1_1_19_top(C_AXI_PROTOC...
WARNING: [VRFC 10-3705] select index 128 into 'wrp_strb' is out of bounds [E:/cd2/design_2/ip/design_2_cg_fpga_0_0/src/cg_fpga_processing_system7_0_0/hdl/processing_system7_vip_v1_0_vl_rfs.sv:7772]
WARNING: [VRFC 10-3705] select index 4 into 'wr_fifo_rd_ptr' is out of bounds [E:/cd2/design_2/ip/design_2_cg_fpga_0_0/src/cg_fpga_processing_system7_0_0/hdl/processing_system7_vip_v1_0_vl_rfs.sv:7985]
WARNING: [VRFC 10-3705] select index 4 into 'ar_cnt' is out of bounds [E:/cd2/design_2/ip/design_2_cg_fpga_0_0/src/cg_fpga_processing_system7_0_0/hdl/processing_system7_vip_v1_0_vl_rfs.sv:8124]
WARNING: [VRFC 10-3705] select index 4 into 'wr_rresp_cnt' is out of bounds [E:/cd2/design_2/ip/design_2_cg_fpga_0_0/src/cg_fpga_processing_system7_0_0/hdl/processing_system7_vip_v1_0_vl_rfs.sv:8221]
WARNING: [VRFC 10-3705] select index 4 into 'rd_fifo_wr_ptr' is out of bounds [E:/cd2/design_2/ip/design_2_cg_fpga_0_0/src/cg_fpga_processing_system7_0_0/hdl/processing_system7_vip_v1_0_vl_rfs.sv:8240]
WARNING: [VRFC 10-3705] select index 4 into 'rd_cnt' is out of bounds [E:/cd2/design_2/ip/design_2_cg_fpga_0_0/src/cg_fpga_processing_system7_0_0/hdl/processing_system7_vip_v1_0_vl_rfs.sv:8381]
WARNING: [VRFC 10-3705] select index 4 into 'rresp_time_cnt' is out of bounds [E:/cd2/design_2/ip/design_2_cg_fpga_0_0/src/cg_fpga_processing_system7_0_0/hdl/processing_system7_vip_v1_0_vl_rfs.sv:8386]
WARNING: [VRFC 10-3705] select index 4 into 'rd_fifo_rd_ptr' is out of bounds [E:/cd2/design_2/ip/design_2_cg_fpga_0_0/src/cg_fpga_processing_system7_0_0/hdl/processing_system7_vip_v1_0_vl_rfs.sv:8391]
Compiling module processing_system7_vip_v1_0_21.processing_system7_vip_v1_0_21_a...
Compiling module processing_system7_vip_v1_0_21.processing_system7_vip_v1_0_21(C...
Compiling module xil_defaultlib.cg_fpga_processing_system7_0_0
Compiling module xil_defaultlib.m00_couplers_imp_ZA0D5O
Compiling module xil_defaultlib.m01_couplers_imp_1WYA6ZJ
Compiling module xil_defaultlib.m02_couplers_imp_1BH0UOR
Compiling module xil_defaultlib.m03_couplers_imp_CEXWYG
Compiling module xil_defaultlib.m04_couplers_imp_3DM5OZ
Compiling module xil_defaultlib.m05_couplers_imp_12PTIJ4
Compiling module xil_defaultlib.m06_couplers_imp_1NY77H0
Compiling module axi_infrastructure_v1_1_0.axi_infrastructure_v1_1_0_axi2ve...
Compiling module axi_infrastructure_v1_1_0.axi_infrastructure_v1_1_0_vector...
Compiling module axi_register_slice_v2_1_33.axi_register_slice_v2_1_33_axic_...
Compiling module axi_register_slice_v2_1_33.axi_register_slice_v2_1_33_axic_...
Compiling module axi_register_slice_v2_1_33.axi_register_slice_v2_1_33_axic_...
Compiling module axi_register_slice_v2_1_33.axi_register_slice_v2_1_33_axic_...
Compiling module axi_register_slice_v2_1_33.axi_register_slice_v2_1_33_axi_r...
Compiling module axi_protocol_converter_v2_1_33.axi_protocol_converter_v2_1_33_b...
Compiling module axi_protocol_converter_v2_1_33.axi_protocol_converter_v2_1_33_b...
Compiling module axi_protocol_converter_v2_1_33.axi_protocol_converter_v2_1_33_b...
Compiling module axi_protocol_converter_v2_1_33.axi_protocol_converter_v2_1_33_b...
Compiling module axi_protocol_converter_v2_1_33.axi_protocol_converter_v2_1_33_b...
Compiling module axi_protocol_converter_v2_1_33.axi_protocol_converter_v2_1_33_b...
Compiling module axi_protocol_converter_v2_1_33.axi_protocol_converter_v2_1_33_b...
Compiling module axi_protocol_converter_v2_1_33.axi_protocol_converter_v2_1_33_b...
Compiling module axi_protocol_converter_v2_1_33.axi_protocol_converter_v2_1_33_b...
Compiling module axi_protocol_converter_v2_1_33.axi_protocol_converter_v2_1_33_b...
Compiling module axi_protocol_converter_v2_1_33.axi_protocol_converter_v2_1_33_b...
Compiling module axi_protocol_converter_v2_1_33.axi_protocol_converter_v2_1_33_b...
Compiling module axi_protocol_converter_v2_1_33.axi_protocol_converter_v2_1_33_b...
Compiling module axi_infrastructure_v1_1_0.axi_infrastructure_v1_1_0_axi2ve...
Compiling module axi_infrastructure_v1_1_0.axi_infrastructure_v1_1_0_vector...
Compiling module axi_register_slice_v2_1_33.axi_register_slice_v2_1_33_axic_...
Compiling module axi_register_slice_v2_1_33.axi_register_slice_v2_1_33_axic_...
Compiling module axi_register_slice_v2_1_33.axi_register_slice_v2_1_33_axic_...
Compiling module axi_register_slice_v2_1_33.axi_register_slice_v2_1_33_axic_...
Compiling module axi_register_slice_v2_1_33.axi_register_slice_v2_1_33_axi_r...
Compiling module axi_protocol_converter_v2_1_33.axi_protocol_converter_v2_1_33_b...
Compiling module axi_protocol_converter_v2_1_33.axi_protocol_converter_v2_1_33_a...
Compiling module xil_defaultlib.cg_fpga_auto_pc_1
Compiling module xil_defaultlib.s00_couplers_imp_1WUAEBK
Compiling module axi_crossbar_v2_1_34.axi_crossbar_v2_1_34_addr_arbite...
Compiling module generic_baseblocks_v2_1_2.generic_baseblocks_v2_1_2_compar...
Compiling module generic_baseblocks_v2_1_2.generic_baseblocks_v2_1_2_compar...
Compiling module generic_baseblocks_v2_1_2.generic_baseblocks_v2_1_2_compar...
Compiling module generic_baseblocks_v2_1_2.generic_baseblocks_v2_1_2_compar...
Compiling module generic_baseblocks_v2_1_2.generic_baseblocks_v2_1_2_compar...
Compiling module generic_baseblocks_v2_1_2.generic_baseblocks_v2_1_2_compar...
Compiling module generic_baseblocks_v2_1_2.generic_baseblocks_v2_1_2_compar...
Compiling module axi_crossbar_v2_1_34.axi_crossbar_v2_1_34_addr_decode...
Compiling module axi_crossbar_v2_1_34.axi_crossbar_v2_1_34_splitter(C_...
Compiling module generic_baseblocks_v2_1_2.generic_baseblocks_v2_1_2_mux_en...
Compiling module generic_baseblocks_v2_1_2.generic_baseblocks_v2_1_2_mux_en...
Compiling module generic_baseblocks_v2_1_2.generic_baseblocks_v2_1_2_mux_en...
Compiling module axi_register_slice_v2_1_33.axi_register_slice_v2_1_33_axic_...
Compiling module generic_baseblocks_v2_1_2.generic_baseblocks_v2_1_2_mux_en...
Compiling module axi_crossbar_v2_1_34.axi_crossbar_v2_1_34_decerr_slav...
Compiling module axi_crossbar_v2_1_34.axi_crossbar_v2_1_34_crossbar_sa...
Compiling module axi_crossbar_v2_1_34.axi_crossbar_v2_1_34_axi_crossba...
Compiling module xil_defaultlib.cg_fpga_xbar_0
Compiling module xil_defaultlib.cg_fpga_ps7_0_axi_periph_0
Compiling architecture fdre_v of entity unisim.FDRE [\FDRE(init='1')\]
Compiling architecture implementation of entity lib_cdc_v1_0_3.cdc_sync [\cdc_sync(c_vector_width=2,c_mtb...]
Compiling architecture srl16e_v of entity unisim.SRL16E [\SRL16E(init="1111111111111111")...]
Compiling architecture srl16_v of entity unisim.SRL16 [\SRL16(init="1111111111111111")(...]
Compiling architecture imp of entity proc_sys_reset_v5_0_16.lpf [\lpf(c_ext_rst_width=4,c_aux_rst...]
Compiling architecture imp of entity proc_sys_reset_v5_0_16.upcnt_n [\upcnt_n(c_size=6)\]
Compiling architecture imp of entity proc_sys_reset_v5_0_16.sequence_psr [sequence_psr_default]
Compiling architecture imp of entity proc_sys_reset_v5_0_16.proc_sys_reset [\proc_sys_reset(c_family="zynq",...]
Compiling architecture cg_fpga_rst_ps7_0_50m_0_arch of entity xil_defaultlib.cg_fpga_rst_ps7_0_50M_0 [cg_fpga_rst_ps7_0_50m_0_default]
Compiling module xpm.xpm_cdc_single(SRC_INPUT_REG=0)
Compiling module v_vid_in_axi4s_v5_0_5.v_vid_in_axi4s_v5_0_5_cdc_single
Compiling module v_vid_in_axi4s_v5_0_5.v_vid_in_axi4s_v5_0_5_formatter_...
Compiling module xpm.xpm_cdc_sync_rst(INIT=0,INIT_SYN...
Compiling module xpm.xpm_fifo_rst(COMMON_CLOCK=0,CDC_...
Compiling module xpm.xpm_counter_updn(COUNTER_WIDTH=1...
Compiling module xpm.xpm_memory_base(MEMORY_TYPE=1,ME...
Compiling module xpm.xpm_cdc_gray(INIT_SYNC_FF=1,WIDT...
Compiling module xpm.xpm_fifo_reg_vec(REG_WIDTH=10)
Compiling module xpm.xpm_cdc_gray(DEST_SYNC_FF=6,INIT...
Compiling module xpm.xpm_fifo_reg_vec(REG_WIDTH=11)
Compiling module xpm.xpm_cdc_gray(INIT_SYNC_FF=1,WIDT...
Compiling module xpm.xpm_fifo_base(COMMON_CLOCK=0,FIF...
Compiling module xpm.xpm_fifo_async(FIFO_WRITE_DEPTH=...
Compiling module v_vid_in_axi4s_v5_0_5.v_vid_in_axi4s_v5_0_5_fifo_async...
Compiling module v_vid_in_axi4s_v5_0_5.v_vid_in_axi4s_v5_0_5_coupler(C_...
Compiling module v_vid_in_axi4s_v5_0_5.v_vid_in_axi4s_v5_0_5(C_FAMILY="...
Compiling module xil_defaultlib.cg_fpga_v_vid_in_axi4s_0_0
Compiling module xlconcat_v2_1_6.xlconcat_v2_1_6_xlconcat(dout_wi...
Compiling module xil_defaultlib.cg_fpga_xlconcat_0_0
Compiling module xlconcat_v2_1_6.xlconcat_v2_1_6_xlconcat(dout_wi...
Compiling module xil_defaultlib.cg_fpga_xlconcat_1_0
Compiling module xlconcat_v2_1_6.xlconcat_v2_1_6_xlconcat(IN0_WID...
Compiling module xil_defaultlib.cg_fpga_xlconcat_2_0
Compiling module xlconcat_v2_1_6.xlconcat_v2_1_6_xlconcat(IN0_WID...
Compiling module xil_defaultlib.cg_fpga_xlconcat_3_0
Compiling module xlconstant_v1_1_9.xlconstant_v1_1_9_xlconstant(CON...
Compiling module xil_defaultlib.cg_fpga_xlconstant_0_0
Compiling module xil_defaultlib.cg_fpga_xlconstant_1_1
Compiling module xil_defaultlib.cg_fpga_xlconstant_1_0
Compiling module xlslice_v1_0_4.xlslice_v1_0_4_xlslice(DIN_FROM=...
Compiling module xil_defaultlib.cg_fpga_xlslice_0_2
Compiling module xlslice_v1_0_4.xlslice_v1_0_4_xlslice(DIN_FROM=...
Compiling module xil_defaultlib.cg_fpga_xlslice_0_3
Compiling module xlslice_v1_0_4.xlslice_v1_0_4_xlslice(DIN_FROM=...
Compiling module xil_defaultlib.cg_fpga_xlslice_1_0
Compiling module xil_defaultlib.cg_fpga
Compiling module xil_defaultlib.design_2_cg_fpga_0_0
Compiling module xil_defaultlib.complement_16bit_controlled
Compiling module xil_defaultlib.design_2_complement_16bit_con_0_...
Compiling module xil_defaultlib.xor_gate
Compiling module xil_defaultlib.design_2_xor_gate_0_0
Compiling module xil_defaultlib.xor_gate_8bit
Compiling module xil_defaultlib.design_2_xor_gate_8bit_0_0
Compiling module xil_defaultlib.design_2_xor_gate_8bit_0_1
Compiling module xil_defaultlib.design_2_aggregator_4bit_0_5
Compiling module xil_defaultlib.design_2_alu_74181_0_2
Compiling module xil_defaultlib.design_2_alu_74181_1_2
Compiling module xil_defaultlib.design_2_alu_74181_2_0
Compiling module xil_defaultlib.design_2_carry_lookahead_74182_0...
Compiling module xil_defaultlib.design_2_xlconstant_0_6
Compiling module xil_defaultlib.design_2_xlconstant_0_7
Compiling module xil_defaultlib.SUM_imp_1HDWQYE
Compiling module xil_defaultlib.design_2_aggregator_4bit_0_0
Compiling module xil_defaultlib.design_2_aggregator_4bit_0_1
Compiling module xil_defaultlib.design_2_aggregator_4bit_2_0
Compiling module xil_defaultlib.design_2_aggregator_4bit_3_0
Compiling module xil_defaultlib.design_2_alu_74181_0_0
Compiling module xil_defaultlib.design_2_alu_74181_1_0
Compiling module xil_defaultlib.design_2_xlconstant_0_0
Compiling module xil_defaultlib.design_2_xlconstant_0_1
Compiling module xil_defaultlib.design_2_xlconstant_0_2
Compiling module xil_defaultlib.design_2_xlconstant_0_3
Compiling module xil_defaultlib.design_2_xlconstant_0_4
Compiling module xil_defaultlib.ADD_imp_W2PF0F
Compiling module xil_defaultlib.design_2_aggregator_4bit_0_2
Compiling module xil_defaultlib.and_gate
Compiling module xil_defaultlib.design_2_and_gate_0_0
Compiling module xil_defaultlib.full_add
Compiling module xil_defaultlib.design_2_full_add_0_0
Compiling module xil_defaultlib.addcell0_imp_1RJLGGH
Compiling module xil_defaultlib.design_2_and_gate_0_1
Compiling module xil_defaultlib.design_2_full_add_0_16
Compiling module xil_defaultlib.addcell1_imp_1VA8UDU
Compiling module xil_defaultlib.design_2_and_gate_0_10
Compiling module xil_defaultlib.design_2_full_add_0_25
Compiling module xil_defaultlib.addcell10_imp_4CMKF
Compiling module xil_defaultlib.design_2_and_gate_0_11
Compiling module xil_defaultlib.design_2_full_add_0_26
Compiling module xil_defaultlib.addcell11_imp_6EJKOS
Compiling module xil_defaultlib.design_2_and_gate_0_12
Compiling module xil_defaultlib.design_2_full_add_0_27
Compiling module xil_defaultlib.addcell12_imp_CXH60P
Compiling module xil_defaultlib.design_2_and_gate_0_13
Compiling module xil_defaultlib.design_2_full_add_0_28
Compiling module xil_defaultlib.addcell13_imp_G27COQ
Compiling module xil_defaultlib.design_2_and_gate_0_14
Compiling module xil_defaultlib.design_2_full_add_0_29
Compiling module xil_defaultlib.addcell14_imp_PY3E43
Compiling module xil_defaultlib.design_2_and_gate_0_15
Compiling module xil_defaultlib.design_2_full_add_0_30
Compiling module xil_defaultlib.addcell15_imp_KSVDYO
Compiling module xil_defaultlib.design_2_and_gate_0_2
Compiling module xil_defaultlib.design_2_full_add_0_17
Compiling module xil_defaultlib.addcell2_imp_1KL6JH3
Compiling module xil_defaultlib.design_2_and_gate_0_3
Compiling module xil_defaultlib.design_2_full_add_0_18
Compiling module xil_defaultlib.addcell3_imp_1P6W1G4
Compiling module xil_defaultlib.design_2_and_gate_0_4
Compiling module xil_defaultlib.design_2_full_add_0_19
Compiling module xil_defaultlib.addcell4_imp_1FB090D
Compiling module xil_defaultlib.design_2_and_gate_0_5
Compiling module xil_defaultlib.design_2_full_add_0_20
Compiling module xil_defaultlib.addcell5_imp_1CPSKPQ
Compiling module xil_defaultlib.design_2_and_gate_0_6
Compiling module xil_defaultlib.design_2_full_add_0_21
Compiling module xil_defaultlib.addcell6_imp_15NIJ2Z
Compiling module xil_defaultlib.design_2_and_gate_0_7
Compiling module xil_defaultlib.design_2_full_add_0_22
Compiling module xil_defaultlib.addcell7_imp_ZWIUS8
Compiling module xil_defaultlib.design_2_and_gate_0_8
Compiling module xil_defaultlib.design_2_full_add_0_23
Compiling module xil_defaultlib.addcell8_imp_QBJ5VT
Compiling module xil_defaultlib.design_2_and_gate_0_9
Compiling module xil_defaultlib.design_2_full_add_0_24
Compiling module xil_defaultlib.addcell9_imp_KFP4UI
Compiling module xil_defaultlib.zlcfq_imp_1RONBRO
Compiling module xil_defaultlib.zlcfq_inst_0_and_gate_0_0
Compiling module xil_defaultlib.zlcfq_inst_0_full_add_0_0
Compiling module xil_defaultlib.addcell0_imp_X8MS95
Compiling module xil_defaultlib.zlcfq_inst_0_and_gate_0_1
Compiling module xil_defaultlib.zlcfq_inst_0_full_add_0_1
Compiling module xil_defaultlib.addcell1_imp_1B9MFIK
Compiling module xil_defaultlib.zlcfq_inst_0_and_gate_0_2
Compiling module xil_defaultlib.zlcfq_inst_0_full_add_0_2
Compiling module xil_defaultlib.addcell10_imp_1L3SY8B
Compiling module xil_defaultlib.zlcfq_inst_0_and_gate_0_3
Compiling module xil_defaultlib.zlcfq_inst_0_full_add_0_3
Compiling module xil_defaultlib.addcell11_imp_4IL13I
Compiling module xil_defaultlib.zlcfq_inst_0_and_gate_0_4
Compiling module xil_defaultlib.zlcfq_inst_0_full_add_0_4
Compiling module xil_defaultlib.addcell12_imp_1C5JEO0
Compiling module xil_defaultlib.zlcfq_inst_0_and_gate_0_5
Compiling module xil_defaultlib.zlcfq_inst_0_full_add_0_5
Compiling module xil_defaultlib.addcell13_imp_V3RNNP
Compiling module xil_defaultlib.zlcfq_inst_0_and_gate_0_6
Compiling module xil_defaultlib.zlcfq_inst_0_full_add_0_6
Compiling module xil_defaultlib.addcell14_imp_3PYSIL
Compiling module xil_defaultlib.zlcfq_inst_0_and_gate_0_7
Compiling module xil_defaultlib.zlcfq_inst_0_full_add_0_7
Compiling module xil_defaultlib.addcell15_imp_1LZMP94
Compiling module xil_defaultlib.zlcfq_inst_0_and_gate_0_8
Compiling module xil_defaultlib.zlcfq_inst_0_full_add_0_8
Compiling module xil_defaultlib.addcell2_imp_6JE30I
Compiling module xil_defaultlib.zlcfq_inst_0_and_gate_0_9
Compiling module xil_defaultlib.zlcfq_inst_0_full_add_0_9
Compiling module xil_defaultlib.addcell3_imp_1K1YGCN
Compiling module xil_defaultlib.zlcfq_inst_0_and_gate_0_10
Compiling module xil_defaultlib.zlcfq_inst_0_full_add_0_10
Compiling module xil_defaultlib.addcell4_imp_1EWI49R
Compiling module xil_defaultlib.zlcfq_inst_0_and_gate_0_11
Compiling module xil_defaultlib.zlcfq_inst_0_full_add_0_11
Compiling module xil_defaultlib.addcell5_imp_TNP02I
Compiling module xil_defaultlib.zlcfq_inst_0_and_gate_0_12
Compiling module xil_defaultlib.zlcfq_inst_0_full_add_0_12
Compiling module xil_defaultlib.addcell6_imp_1NP7BKK
Compiling module xil_defaultlib.zlcfq_inst_0_and_gate_0_13
Compiling module xil_defaultlib.zlcfq_inst_0_full_add_0_13
Compiling module xil_defaultlib.addcell7_imp_2ZCRTD
Compiling module xil_defaultlib.zlcfq_inst_0_and_gate_0_14
Compiling module xil_defaultlib.zlcfq_inst_0_full_add_0_14
Compiling module xil_defaultlib.addcell8_imp_CPLI3O
Compiling module xil_defaultlib.zlcfq_inst_0_and_gate_0_15
Compiling module xil_defaultlib.zlcfq_inst_0_full_add_0_15
Compiling module xil_defaultlib.addcell9_imp_1UOS675
Compiling module xil_defaultlib.zlcfq_inst_0
Compiling module xil_defaultlib.half_mul_imp_MYNHT9
Compiling module xil_defaultlib.design_2_aggregator_4bit_0_3
Compiling module xil_defaultlib.design_2_aggregator_4bit_1_0
Compiling module xil_defaultlib.design_2_aggregator_4bit_2_1
Compiling module xil_defaultlib.design_2_aggregator_4bit_3_1
Compiling module xil_defaultlib.design_2_alu_74181_0_1
Compiling module xil_defaultlib.design_2_alu_74181_1_1
Compiling module xil_defaultlib.design_2_xlconstant_0_5
Compiling module xil_defaultlib.design_2_xlconstant_1_0
Compiling module xil_defaultlib.design_2_xlconstant_2_0
Compiling module xil_defaultlib.design_2_xlconstant_3_0
Compiling module xil_defaultlib.design_2_xlconstant_4_0
Compiling module xil_defaultlib.ADD_imp_13CIO1Y
Compiling module xil_defaultlib.design_2_aggregator_4bit_0_4
Compiling module xil_defaultlib.design_2_and_gate_0_30
Compiling module xil_defaultlib.design_2_full_add_0_45
Compiling module xil_defaultlib.addcell0_imp_1674IVR
Compiling module xil_defaultlib.design_2_and_gate_0_17
Compiling module xil_defaultlib.design_2_full_add_0_32
Compiling module xil_defaultlib.addcell1_imp_13SP9EC
Compiling module xil_defaultlib.design_2_and_gate_0_27
Compiling module xil_defaultlib.design_2_full_add_0_42
Compiling module xil_defaultlib.addcell10_imp_1SRSEU0
Compiling module xil_defaultlib.design_2_and_gate_0_28
Compiling module xil_defaultlib.design_2_full_add_0_43
Compiling module xil_defaultlib.addcell11_imp_1YHJ3H7
Compiling module xil_defaultlib.design_2_and_gate_0_29
Compiling module xil_defaultlib.design_2_full_add_0_44
Compiling module xil_defaultlib.addcell12_imp_1JD0ZOE
Compiling module xil_defaultlib.design_2_and_gate_0_16
Compiling module xil_defaultlib.design_2_full_add_0_31
Compiling module xil_defaultlib.addcell13_imp_1LZHKNX
Compiling module xil_defaultlib.design_2_and_gate_0_19
Compiling module xil_defaultlib.design_2_full_add_0_34
Compiling module xil_defaultlib.addcell14_imp_1E43ZTG
Compiling module xil_defaultlib.design_2_and_gate_0_31
Compiling module xil_defaultlib.design_2_full_add_0_46
Compiling module xil_defaultlib.addcell15_imp_19H5I6V
Compiling module xil_defaultlib.design_2_and_gate_0_18
Compiling module xil_defaultlib.design_2_full_add_0_33
Compiling module xil_defaultlib.addcell2_imp_1EQTX5D
Compiling module xil_defaultlib.design_2_and_gate_0_20
Compiling module xil_defaultlib.design_2_full_add_0_35
Compiling module xil_defaultlib.addcell3_imp_18U55XU
Compiling module xil_defaultlib.design_2_and_gate_0_21
Compiling module xil_defaultlib.design_2_full_add_0_36
Compiling module xil_defaultlib.addcell4_imp_1IXIY6Z
Compiling module xil_defaultlib.design_2_and_gate_0_22
Compiling module xil_defaultlib.design_2_full_add_0_37
Compiling module xil_defaultlib.addcell5_imp_1MEQEOO
Compiling module xil_defaultlib.design_2_and_gate_0_23
Compiling module xil_defaultlib.design_2_full_add_0_38
Compiling module xil_defaultlib.addcell6_imp_1T7Z1NH
Compiling module xil_defaultlib.design_2_and_gate_0_24
Compiling module xil_defaultlib.design_2_full_add_0_39
Compiling module xil_defaultlib.addcell7_imp_1Y1PWM6
Compiling module xil_defaultlib.design_2_and_gate_0_25
Compiling module xil_defaultlib.design_2_full_add_0_40
Compiling module xil_defaultlib.addcell8_imp_9XLY8F
Compiling module xil_defaultlib.design_2_and_gate_0_26
Compiling module xil_defaultlib.design_2_full_add_0_41
Compiling module xil_defaultlib.addcell9_imp_EMIT3G
Compiling module xil_defaultlib.zlcfq_imp_6018Y7
Compiling module xil_defaultlib.zlcfq_inst_1_and_gate_0_0
Compiling module xil_defaultlib.zlcfq_inst_1_full_add_0_0
Compiling module xil_defaultlib.addcell0_imp_7XLWF
Compiling module xil_defaultlib.zlcfq_inst_1_and_gate_0_1
Compiling module xil_defaultlib.zlcfq_inst_1_full_add_0_1
Compiling module xil_defaultlib.addcell1_imp_1PF5OD6
Compiling module xil_defaultlib.zlcfq_inst_1_and_gate_0_2
Compiling module xil_defaultlib.zlcfq_inst_1_full_add_0_2
Compiling module xil_defaultlib.addcell10_imp_1FUARJ1
Compiling module xil_defaultlib.zlcfq_inst_1_and_gate_0_3
Compiling module xil_defaultlib.zlcfq_inst_1_full_add_0_3
Compiling module xil_defaultlib.addcell11_imp_SNERMG
Compiling module xil_defaultlib.zlcfq_inst_1_and_gate_0_4
Compiling module xil_defaultlib.zlcfq_inst_1_full_add_0_4
Compiling module xil_defaultlib.addcell12_imp_1OMZGYE
Compiling module xil_defaultlib.zlcfq_inst_1_and_gate_0_5
Compiling module xil_defaultlib.zlcfq_inst_1_full_add_0_5
Compiling module xil_defaultlib.addcell13_imp_1Z2EXF
Compiling module xil_defaultlib.zlcfq_inst_1_and_gate_0_6
Compiling module xil_defaultlib.zlcfq_inst_1_full_add_0_6
Compiling module xil_defaultlib.addcell14_imp_XYXGSR
Compiling module xil_defaultlib.zlcfq_inst_1_and_gate_0_7
Compiling module xil_defaultlib.zlcfq_inst_1_full_add_0_7
Compiling module xil_defaultlib.addcell15_imp_1ALT972
Compiling module xil_defaultlib.zlcfq_inst_1_and_gate_0_8
Compiling module xil_defaultlib.zlcfq_inst_1_full_add_0_8
Compiling module xil_defaultlib.addcell2_imp_QSUD04
Compiling module xil_defaultlib.zlcfq_inst_1_and_gate_0_9
Compiling module xil_defaultlib.zlcfq_inst_1_full_add_0_9
Compiling module xil_defaultlib.addcell3_imp_1GFWZ4H
Compiling module xil_defaultlib.zlcfq_inst_1_and_gate_0_10
Compiling module xil_defaultlib.zlcfq_inst_1_full_add_0_10
Compiling module xil_defaultlib.addcell4_imp_1HEAIKP
Compiling module xil_defaultlib.zlcfq_inst_1_and_gate_0_11
Compiling module xil_defaultlib.zlcfq_inst_1_full_add_0_11
Compiling module xil_defaultlib.addcell5_imp_8ALR7W
Compiling module xil_defaultlib.zlcfq_inst_1_and_gate_0_12
Compiling module xil_defaultlib.zlcfq_inst_1_full_add_0_12
Compiling module xil_defaultlib.addcell6_imp_18G0EYQ
Compiling module xil_defaultlib.zlcfq_inst_1_and_gate_0_13
Compiling module xil_defaultlib.zlcfq_inst_1_full_add_0_13
Compiling module xil_defaultlib.addcell7_imp_YVS5L3
Compiling module xil_defaultlib.zlcfq_inst_1_and_gate_0_14
Compiling module xil_defaultlib.zlcfq_inst_1_full_add_0_14
Compiling module xil_defaultlib.addcell8_imp_P6T4S2
Compiling module xil_defaultlib.zlcfq_inst_1_and_gate_0_15
Compiling module xil_defaultlib.zlcfq_inst_1_full_add_0_15
Compiling module xil_defaultlib.addcell9_imp_11K5QT3
Compiling module xil_defaultlib.zlcfq_inst_1
Compiling module xil_defaultlib.half_mul1_imp_18WDN1V
Compiling module xil_defaultlib.zlcfq_sixteen_imp_167OC20
Compiling module xil_defaultlib.design_2
Compiling module xil_defaultlib.tb_design_2
Compiling module xil_defaultlib.glbl
Built simulation snapshot tb_design_2_behav
