#-----------------------------------------------------------
# Vivado v2024.2 (64-bit)
# SW Build 5239630 on Fri Nov 08 22:35:27 MST 2024
# IP Build 5239520 on Sun Nov 10 16:12:51 MST 2024
# SharedData Build 5239561 on Fri Nov 08 14:39:27 MST 2024
# Start of session at: Wed Nov 26 18:41:45 2025
# Process ID         : 5528
# Current directory  : D:/cd4/project_4
# Command line       : vivado.exe -gui_launcher_event rodinguilauncherevent28156 D:\cd4\project_4\project_4.xpr
# Log file           : D:/cd4/project_4/vivado.log
# Journal file       : D:/cd4/project_4\vivado.jou
# Running On         : jyx
# Platform           : Windows Server 2016 or Windows 10
# Operating System   : 22631
# Processor Detail   : 12th Gen Intel(R) Core(TM) i5-1240P
# CPU Frequency      : 2112 MHz
# CPU Physical cores : 12
# CPU Logical cores  : 16
# Host memory        : 16794 MB
# Swap memory        : 4831 MB
# Total Virtual      : 21626 MB
# Available Virtual  : 8087 MB
#-----------------------------------------------------------
start_gui
open_project D:/cd4/project_4/project_4.xpr
Scanning sources...
Finished scanning sources
INFO: [IP_Flow 19-234] Refreshing IP repositories
INFO: [IP_Flow 19-1700] Loaded user IP repository 'd:/ip_repo'.
INFO: [IP_Flow 19-2313] Loaded Vivado IP repository 'D:/Vivado/2024.2/data/ip'.
INFO: [Project 1-5579] Found utility IPs instantiated in one or more block designs which have equivalent inline hdl with improved performance and reduced diskspace. It is recommended to migrate these utility IPs to inline hdl using the command upgrade_project -migrate_to_inline_hdl. The utility IPs may be deprecated in future releases. More information on inline hdl is available in UG994.
open_project: Time (s): cpu = 00:00:05 ; elapsed = 00:00:24 . Memory (MB): peak = 1277.051 ; gain = 181.539
update_compile_order -fileset sources_1
open_bd_design {D:/cd3/design_3/design_3.bd}
Reading block design file <D:/cd3/design_3/design_3.bd>...
Adding component instance block -- xilinx.com:module_ref:adpt_in:1.0 - adpt_in_0
Adding component instance block -- xilinx.com:ip:xlconstant:1.1 - xlconstant_0
Adding component instance block -- xilinx.com:ip:xlconstant:1.1 - xlconstant_1
Adding component instance block -- xilinx.com:module_ref:ic_74161:1.0 - ic_74161_0
Adding component instance block -- xilinx.com:module_ref:ic_74161:1.0 - ic_74161_1
Adding component instance block -- xilinx.com:module_ref:ic_74161:1.0 - ic_74161_2
Adding component instance block -- xilinx.com:ip:xlconcat:2.1 - xlconcat_0
Adding component instance block -- xilinx.com:module_ref:the_12bit_to_3x4bit:1.0 - the_12bit_to_3x4bit_0
Adding component instance block -- xilinx.com:module_ref:ram:1.0 - ram_0
Adding component instance block -- xilinx.com:module_ref:register_16bit:1.0 - R0
Adding component instance block -- xilinx.com:module_ref:register_16bit:1.0 - R1
Adding component instance block -- xilinx.com:module_ref:register_16bit:1.0 - R2
Adding component instance block -- xilinx.com:module_ref:register_16bit:1.0 - X
Adding component instance block -- xilinx.com:module_ref:register_16bit:1.0 - Z
Adding component instance block -- xilinx.com:module_ref:register_12bit:1.0 - MAR
Adding component instance block -- xilinx.com:module_ref:register_16bit:1.0 - MDR
Adding component instance block -- xilinx.com:module_ref:register_16bit:1.0 - MDRE
Adding component instance block -- xilinx.com:module_ref:register_16bit:1.0 - IR
Adding component instance block -- xilinx.com:module_ref:mux_5to1_16bit:1.0 - mux_5to1_16bit_0
Adding component instance block -- xilinx.com:module_ref:aggregator_4bit:1.0 - aggregator_4bit_0
Adding component instance block -- xilinx.com:module_ref:carry_lookahead_74182:1.0 - carry_lookahead_74182_0
Adding component instance block -- xilinx.com:module_ref:aggregator_4bit:1.0 - aggregator_4bit_1
Adding component instance block -- xilinx.com:module_ref:alu_74181:1.0 - alu_74181_0
Adding component instance block -- xilinx.com:module_ref:alu_74181:1.0 - alu_74181_1
Adding component instance block -- xilinx.com:module_ref:alu_74181:1.0 - alu_74181_2
Adding component instance block -- xilinx.com:module_ref:aggregate_4x4_to_16bit:1.0 - aggregate_4x4_to_16b_0
Adding component instance block -- xilinx.com:module_ref:the_16bit_to_4x4bit:1.0 - the_16bit_to_4x4bit_1
Adding component instance block -- xilinx.com:module_ref:the_16bit_to_4x4bit:1.0 - the_16bit_to_4x4bit_0
Adding component instance block -- xilinx.com:module_ref:alu_74181:1.0 - alu_74181_3
Adding component instance block -- xilinx.com:module_ref:carry_output_splitter:1.0 - carry_output_splitter_0
Adding component instance block -- xilinx.com:module_ref:not_gate:1.0 - not_gate_1
Adding component instance block -- xilinx.com:module_ref:bus_slicer_16to12:1.0 - bus_slicer_16to12_0
Adding component instance block -- xilinx.com:module_ref:multiplier_8x8:1.0 - multiplier_8x8_0
Adding component instance block -- xilinx.com:module_ref:split_16to8:1.0 - split_16to8_0
Adding component instance block -- xilinx.com:module_ref:register_16bit:1.0 - MUL
Adding component instance block -- xilinx.com:module_ref:mod5_timing_generator:1.0 - mod5_timing_generator_0
Adding component instance block -- xilinx.com:module_ref:splitter_16bit_to_16outputs:1.0 - splitter_16bit_to_16_0
Adding component instance block -- xilinx.com:module_ref:not_gate:1.0 - not_gate_0
Adding component instance block -- xilinx.com:module_ref:RTI:1.0 - RTI_0
Adding component instance block -- xilinx.com:module_ref:control:1.0 - control_0
Adding component instance block -- xilinx.com:module_ref:not_gate:1.0 - not_gate_1
Adding component instance block -- xilinx.com:module_ref:and_gate:1.0 - and_gate_0
Adding component instance block -- xilinx.com:module_ref:and2:1.0 - and2_0
Adding component instance block -- xilinx.com:module_ref:aggregator_4bit:1.0 - aggregator_4bit_0
Successfully read diagram <design_3> from block design file <D:/cd3/design_3/design_3.bd>
open_bd_design: Time (s): cpu = 00:00:03 ; elapsed = 00:00:13 . Memory (MB): peak = 1455.953 ; gain = 142.141
delete_bd_objs [get_bd_cells xlconstant_0]
delete_bd_objs [get_bd_ports CK1]
delete_bd_objs [get_bd_ports CK2]
delete_bd_objs [get_bd_ports CK3]
delete_bd_objs [get_bd_ports CK4]
create_bd_port -dir O T0
create_bd_port -dir I T1
create_bd_port -dir I T2
create_bd_port -dir I T3
create_bd_port -dir I T4
create_bd_port -dir I M1
create_bd_port -dir I M2
delete_bd_objs [get_bd_ports M1] [get_bd_ports T4] [get_bd_ports T3] [get_bd_ports T2] [get_bd_ports T1] [get_bd_ports M2]
create_bd_port -dir O T1
create_bd_port -dir I T2
delete_bd_objs [get_bd_ports T2]
create_bd_port -dir O T2
create_bd_port -dir O T3
create_bd_port -dir O T4
create_bd_port -dir O M1
create_bd_port -dir O M2
startgroup
connect_bd_net [get_bd_ports T0] [get_bd_pins mod5_timing_generator_0/T0]
connect_bd_net [get_bd_ports M2] [get_bd_pins mod5_timing_generator_0/T0]
endgroup
connect_bd_net [get_bd_ports T1] [get_bd_pins mod5_timing_generator_0/T1]
connect_bd_net [get_bd_ports T2] [get_bd_pins mod5_timing_generator_0/T2]
startgroup
connect_bd_net [get_bd_ports T3] [get_bd_pins mod5_timing_generator_0/T3]
endgroup
startgroup
connect_bd_net [get_bd_ports T4] [get_bd_pins mod5_timing_generator_0/T4]
endgroup
startgroup
connect_bd_net [get_bd_ports M1] [get_bd_pins mod5_timing_generator_0/W1]
endgroup
disconnect_bd_net /mod5_timing_generator_0_T0 [get_bd_pins mod5_timing_generator_0/T0]
disconnect_bd_net /mod5_timing_generator_0_T0 [get_bd_ports M2]
connect_bd_net [get_bd_pins mod5_timing_generator_0/T0] [get_bd_pins control_0/T0]
connect_bd_net [get_bd_ports M2] [get_bd_pins mod5_timing_generator_0/W2]
set_property name W1 [get_bd_ports M1]
set_property name W2 [get_bd_ports M2]
save_bd_design
Wrote  : <D:\cd3\design_3\design_3.bd> 
Wrote  : <D:/cd3/design_3/ui/bd_205a0ed2.ui> 
generate_target Simulation [get_files D:/cd3/design_3/design_3.bd]
CRITICAL WARNING: [BD 41-1367] The port name 'out' of cell '/mux_5to1_16bit_0' is a reserved keyword in a Hardware Description Language. Please consider renaming the port.
CRITICAL WARNING: [BD 41-1367] The port name 'AND' of cell '/RTI_0' is a reserved keyword in a Hardware Description Language. Please consider renaming the port.
CRITICAL WARNING: [BD 41-1367] The port name 'OR' of cell '/RTI_0' is a reserved keyword in a Hardware Description Language. Please consider renaming the port.
CRITICAL WARNING: [BD 41-1367] The port name 'AND' of cell '/control_0' is a reserved keyword in a Hardware Description Language. Please consider renaming the port.
CRITICAL WARNING: [BD 41-1367] The port name 'OR' of cell '/control_0' is a reserved keyword in a Hardware Description Language. Please consider renaming the port.
CRITICAL WARNING: [BD 41-759] The input pins (listed below) are either not connected or do not have a source port, and they don't have a tie-off specified. These pins are tied-off to all 0's to avoid error in Implementation flow.
Please check your design and connect them as needed: 
/PC/LD
/mux_5to1_16bit_0/selIR
/mux_5to1_16bit_0/selMUL
/MUL/read_en

Wrote  : <D:\cd3\design_3\design_3.bd> 
Wrote  : <D:/cd3/design_3/ui/bd_205a0ed2.ui> 
CRITICAL WARNING: [BD 41-2383] Width mismatch when connecting input pin '/mux_5to1_16bit_0/PC'(16) to pin '/PC/dout'(12) - Only lower order bits will be connected, and other input bits of this pin will be left unconnected.
Verilog Output written to : D:/cd3/design_3/synth/design_3.v
CRITICAL WARNING: [BD 41-2383] Width mismatch when connecting input pin '/mux_5to1_16bit_0/PC'(16) to pin '/PC/dout'(12) - Only lower order bits will be connected, and other input bits of this pin will be left unconnected.
Verilog Output written to : D:/cd3/design_3/sim/design_3.v
Verilog Output written to : D:/cd3/design_3/hdl/design_3_wrapper.v
INFO: [BD 41-1029] Generation completed for the IP Integrator block mod5_timing_generator_0 .
INFO: [BD 41-1029] Generation completed for the IP Integrator block splitter_16bit_to_16_0 .
INFO: [BD 41-1029] Generation completed for the IP Integrator block not_gate_0 .
INFO: [BD 41-1029] Generation completed for the IP Integrator block RTI_0 .
INFO: [BD 41-1029] Generation completed for the IP Integrator block control_0 .
INFO: [BD 41-1029] Generation completed for the IP Integrator block not_gate_1 .
INFO: [BD 41-1029] Generation completed for the IP Integrator block and_gate_0 .
INFO: [BD 41-1029] Generation completed for the IP Integrator block and2_0 .
INFO: [BD 41-1029] Generation completed for the IP Integrator block aggregator_4bit_0 .
Exporting to file D:/cd3/design_3/hw_handoff/design_3.hwh
Generated Hardware Definition File D:/cd3/design_3/synth/design_3.hwdef
generate_target: Time (s): cpu = 00:00:00 ; elapsed = 00:00:08 . Memory (MB): peak = 1536.590 ; gain = 38.590
export_ip_user_files -of_objects [get_files D:/cd3/design_3/design_3.bd] -no_script -sync -force -quiet
export_simulation -of_objects [get_files D:/cd3/design_3/design_3.bd] -directory D:/cd4/project_4/project_4.ip_user_files/sim_scripts -ip_user_files_dir D:/cd4/project_4/project_4.ip_user_files -ipstatic_source_dir D:/cd4/project_4/project_4.ip_user_files/ipstatic -lib_map_path [list {modelsim=D:/cd4/project_4/project_4.cache/compile_simlib/modelsim} {questa=D:/cd4/project_4/project_4.cache/compile_simlib/questa} {riviera=D:/cd4/project_4/project_4.cache/compile_simlib/riviera} {activehdl=D:/cd4/project_4/project_4.cache/compile_simlib/activehdl}] -use_ip_compiled_libs -force -quiet
launch_simulation -simset [get_filesets sim_2 ]
Command: launch_simulation  -simset sim_2
INFO: [Vivado 12-12493] Simulation top is 'complete_monitor_test'
WARNING: [Vivado 12-13340] Unable to auto find GCC executables from simulator install path! (path not set)
INFO: [Vivado 12-5698] Checking validity of IPs in the design for the 'XSim' simulator...
INFO: [Vivado 12-5682] Launching behavioral simulation in 'D:/cd4/project_4/project_4.sim/sim_2/behav/xsim'
INFO: [Vivado 12-13660] Precompiled IP simulation library mode is enabled (default). The design IP libraries will be referenced from the compiled library path. Please note that if the precompiled version of the library is not found from the path or the IP is in locked state, then the library source files for these IPs will be compiled locally as part of the compile order.
INFO: [Vivado 12-4795] Using compiled simulation libraries for IPs
INFO: [SIM-utils-51] Simulation object is 'sim_2'
INFO: [SIM-utils-72] Using boost library from 'D:/Vivado/2024.2/tps/boost_1_72_0'
INFO: [USF-XSim-7] Finding pre-compiled libraries...
INFO: [USF-XSim-11] File 'D:/Vivado/2024.2/data/xsim/xsim.ini' copied to run dir:'D:/cd4/project_4/project_4.sim/sim_2/behav/xsim'
INFO: [SIM-utils-54] Inspecting design source files for 'complete_monitor_test' in fileset 'sim_2'...
INFO: [USF-XSim-97] Finding global include files...
INFO: [USF-XSim-98] Fetching design files from 'sim_2'...
INFO: [USF-XSim-2] XSim::Compile design
INFO: [USF-XSim-61] Executing 'COMPILE and ANALYZE' step in 'D:/cd4/project_4/project_4.sim/sim_2/behav/xsim'
"xvlog --incr --relax -prj complete_monitor_test_vlog.prj"
INFO: [VRFC 10-2263] Analyzing Verilog file "D:/cd3/exp3/exp14_source.v" into library xil_defaultlib
INFO: [VRFC 10-311] analyzing module adpt_in
INFO: [VRFC 10-311] analyzing module adpt_out
INFO: [VRFC 10-311] analyzing module adpt_out8
INFO: [VRFC 10-311] analyzing module adpt_out12
INFO: [VRFC 10-311] analyzing module adpt_out16
INFO: [VRFC 10-311] analyzing module adpt_out23
INFO: [VRFC 10-311] analyzing module and2
INFO: [VRFC 10-311] analyzing module not1
INFO: [VRFC 10-311] analyzing module addr_adpt
INFO: [VRFC 10-311] analyzing module UIR
INFO: [VRFC 10-311] analyzing module m74LS161
INFO: [VRFC 10-311] analyzing module rom1_256x24
INFO: [VRFC 10-311] analyzing module rom2_4Kx16
INFO: [VRFC 10-311] analyzing module adder4
INFO: [VRFC 10-311] analyzing module dff4
WARNING: [VRFC 10-9336] redeclaration of ANSI port 'Q3' is not allowed [D:/cd3/exp3/exp14_source.v:265]
INFO: [VRFC 10-311] analyzing module shifter
INFO: [VRFC 10-311] analyzing module carry_output_splitter
INFO: [VRFC 10-311] analyzing module the_12bit_to_3x4bit
INFO: [VRFC 10-311] analyzing module four_bit_checker
INFO: [VRFC 10-311] analyzing module or3_gate
INFO: [VRFC 10-311] analyzing module aggregator_12inputs_to_12bit_sync
INFO: [VRFC 10-311] analyzing module splitter_16bit_to_16outputs
INFO: [VRFC 10-311] analyzing module splitter_12bit_to_12outputs
INFO: [VRFC 10-311] analyzing module bus_slicer_16to12
INFO: [VRFC 10-311] analyzing module register_temp
INFO: [VRFC 10-311] analyzing module multiplier_8x8
INFO: [VRFC 10-311] analyzing module split_16to8
INFO: [VRFC 10-2263] Analyzing Verilog file "D:/cd3/exp3/74161.v" into library xil_defaultlib
INFO: [VRFC 10-311] analyzing module ic_74161
INFO: [VRFC 10-2263] Analyzing Verilog file "D:/cd3/exp3/ram.v" into library xil_defaultlib
INFO: [VRFC 10-311] analyzing module ram
INFO: [VRFC 10-2263] Analyzing Verilog file "D:/cd3/exp3/16bit_reg.v" into library xil_defaultlib
INFO: [VRFC 10-311] analyzing module register_16bit
INFO: [VRFC 10-2263] Analyzing Verilog file "D:/cd3/exp3/12bit_reg.v" into library xil_defaultlib
INFO: [VRFC 10-311] analyzing module register_12bit
INFO: [VRFC 10-2263] Analyzing Verilog file "D:/cd3/exp3/mix5to1.v" into library xil_defaultlib
INFO: [VRFC 10-311] analyzing module mux_5to1_16bit
INFO: [VRFC 10-2263] Analyzing Verilog file "D:/cd3/exp3/aggregator_4bit.v" into library xil_defaultlib
INFO: [VRFC 10-311] analyzing module aggregator_4bit
INFO: [VRFC 10-2263] Analyzing Verilog file "D:/cd3/exp3/74182.v" into library xil_defaultlib
INFO: [VRFC 10-311] analyzing module carry_lookahead_74182
INFO: [VRFC 10-2263] Analyzing Verilog file "D:/cd3/exp3/74181.v" into library xil_defaultlib
INFO: [VRFC 10-311] analyzing module alu_74181
INFO: [VRFC 10-2263] Analyzing Verilog file "D:/cd3/exp3/aggregate_4x4_to_16bit.v" into library xil_defaultlib
INFO: [VRFC 10-311] analyzing module aggregate_4x4_to_16bit
INFO: [VRFC 10-311] analyzing module adpt_out_16bit
INFO: [VRFC 10-2263] Analyzing Verilog file "D:/cd3/exp3/the_16bit_to_4x4bit.v" into library xil_defaultlib
INFO: [VRFC 10-311] analyzing module the_16bit_to_4x4bit
INFO: [VRFC 10-2263] Analyzing Verilog file "D:/cd3/exp3/not_gate.v" into library xil_defaultlib
INFO: [VRFC 10-311] analyzing module not_gate
INFO: [VRFC 10-2263] Analyzing Verilog file "D:/cd4/exp/plusv.v" into library xil_defaultlib
INFO: [VRFC 10-311] analyzing module mod5_timing_generator
INFO: [VRFC 10-311] analyzing module RTI
INFO: [VRFC 10-311] analyzing module control
INFO: [VRFC 10-2263] Analyzing Verilog file "D:/cd3/exp3/and_gate.v" into library xil_defaultlib
INFO: [VRFC 10-311] analyzing module and_gate
INFO: [VRFC 10-2263] Analyzing Verilog file "D:/cd4/project_4/project_4.ip_user_files/bd/design_3/ip/design_3_adpt_in_0_0/sim/design_3_adpt_in_0_0.v" into library xil_defaultlib
INFO: [VRFC 10-311] analyzing module design_3_adpt_in_0_0
INFO: [VRFC 10-2263] Analyzing Verilog file "D:/cd4/project_4/project_4.ip_user_files/bd/design_3/ip/design_3_xlconstant_0_1/sim/design_3_xlconstant_0_1.v" into library xil_defaultlib
INFO: [VRFC 10-311] analyzing module design_3_xlconstant_0_1
INFO: [VRFC 10-2263] Analyzing Verilog file "D:/cd4/project_4/project_4.ip_user_files/bd/design_3/ip/design_3_ic_74161_0_0/sim/design_3_ic_74161_0_0.v" into library xil_defaultlib
INFO: [VRFC 10-311] analyzing module design_3_ic_74161_0_0
INFO: [VRFC 10-2263] Analyzing Verilog file "D:/cd4/project_4/project_4.ip_user_files/bd/design_3/ip/design_3_ic_74161_1_0/sim/design_3_ic_74161_1_0.v" into library xil_defaultlib
INFO: [VRFC 10-311] analyzing module design_3_ic_74161_1_0
INFO: [VRFC 10-2263] Analyzing Verilog file "D:/cd4/project_4/project_4.ip_user_files/bd/design_3/ip/design_3_ic_74161_2_0/sim/design_3_ic_74161_2_0.v" into library xil_defaultlib
INFO: [VRFC 10-311] analyzing module design_3_ic_74161_2_0
INFO: [VRFC 10-2263] Analyzing Verilog file "D:/cd4/project_4/project_4.ip_user_files/bd/design_3/ip/design_3_xlconcat_0_0/sim/design_3_xlconcat_0_0.v" into library xil_defaultlib
INFO: [VRFC 10-311] analyzing module design_3_xlconcat_0_0
INFO: [VRFC 10-2263] Analyzing Verilog file "D:/cd4/project_4/project_4.ip_user_files/bd/design_3/ip/design_3_the_12bit_to_3x4bit_0_1/sim/design_3_the_12bit_to_3x4bit_0_1.v" into library xil_defaultlib
INFO: [VRFC 10-311] analyzing module design_3_the_12bit_to_3x4bit_0_1
INFO: [VRFC 10-2263] Analyzing Verilog file "D:/cd4/project_4/project_4.ip_user_files/bd/design_3/ip/design_3_ram_0_0/sim/design_3_ram_0_0.v" into library xil_defaultlib
INFO: [VRFC 10-311] analyzing module design_3_ram_0_0
INFO: [VRFC 10-2263] Analyzing Verilog file "D:/cd4/project_4/project_4.ip_user_files/bd/design_3/ip/design_3_register_16bit_0_0/sim/design_3_register_16bit_0_0.v" into library xil_defaultlib
INFO: [VRFC 10-311] analyzing module design_3_register_16bit_0_0
INFO: [VRFC 10-2263] Analyzing Verilog file "D:/cd4/project_4/project_4.ip_user_files/bd/design_3/ip/design_3_register_16bit_1_0/sim/design_3_register_16bit_1_0.v" into library xil_defaultlib
INFO: [VRFC 10-311] analyzing module design_3_register_16bit_1_0
INFO: [VRFC 10-2263] Analyzing Verilog file "D:/cd4/project_4/project_4.ip_user_files/bd/design_3/ip/design_3_register_16bit_2_0/sim/design_3_register_16bit_2_0.v" into library xil_defaultlib
INFO: [VRFC 10-311] analyzing module design_3_register_16bit_2_0
INFO: [VRFC 10-2263] Analyzing Verilog file "D:/cd4/project_4/project_4.ip_user_files/bd/design_3/ip/design_3_register_16bit_3_0/sim/design_3_register_16bit_3_0.v" into library xil_defaultlib
INFO: [VRFC 10-311] analyzing module design_3_register_16bit_3_0
INFO: [VRFC 10-2263] Analyzing Verilog file "D:/cd4/project_4/project_4.ip_user_files/bd/design_3/ip/design_3_register_16bit_4_0/sim/design_3_register_16bit_4_0.v" into library xil_defaultlib
INFO: [VRFC 10-311] analyzing module design_3_register_16bit_4_0
INFO: [VRFC 10-2263] Analyzing Verilog file "D:/cd4/project_4/project_4.ip_user_files/bd/design_3/ip/design_3_register_12bit_0_0/sim/design_3_register_12bit_0_0.v" into library xil_defaultlib
INFO: [VRFC 10-311] analyzing module design_3_register_12bit_0_0
INFO: [VRFC 10-2263] Analyzing Verilog file "D:/cd4/project_4/project_4.ip_user_files/bd/design_3/ip/design_3_register_16bit_3_1/sim/design_3_register_16bit_3_1.v" into library xil_defaultlib
INFO: [VRFC 10-311] analyzing module design_3_register_16bit_3_1
INFO: [VRFC 10-2263] Analyzing Verilog file "D:/cd4/project_4/project_4.ip_user_files/bd/design_3/ip/design_3_MDR_0/sim/design_3_MDR_0.v" into library xil_defaultlib
INFO: [VRFC 10-311] analyzing module design_3_MDR_0
INFO: [VRFC 10-2263] Analyzing Verilog file "D:/cd4/project_4/project_4.ip_user_files/bd/design_3/ip/design_3_register_16bit_0_1/sim/design_3_register_16bit_0_1.v" into library xil_defaultlib
INFO: [VRFC 10-311] analyzing module design_3_register_16bit_0_1
INFO: [VRFC 10-2263] Analyzing Verilog file "D:/cd4/project_4/project_4.ip_user_files/bd/design_3/ip/design_3_mux_5to1_16bit_0_0/sim/design_3_mux_5to1_16bit_0_0.v" into library xil_defaultlib
INFO: [VRFC 10-311] analyzing module design_3_mux_5to1_16bit_0_0
INFO: [VRFC 10-2263] Analyzing Verilog file "D:/cd4/project_4/project_4.ip_user_files/bd/design_3/ip/design_3_aggregator_4bit_0_1/sim/design_3_aggregator_4bit_0_1.v" into library xil_defaultlib
INFO: [VRFC 10-311] analyzing module design_3_aggregator_4bit_0_1
INFO: [VRFC 10-2263] Analyzing Verilog file "D:/cd4/project_4/project_4.ip_user_files/bd/design_3/ip/design_3_carry_lookahead_74182_0_0/sim/design_3_carry_lookahead_74182_0_0.v" into library xil_defaultlib
INFO: [VRFC 10-311] analyzing module design_3_carry_lookahead_74182_0_0
INFO: [VRFC 10-2263] Analyzing Verilog file "D:/cd4/project_4/project_4.ip_user_files/bd/design_3/ip/design_3_aggregator_4bit_1_0/sim/design_3_aggregator_4bit_1_0.v" into library xil_defaultlib
INFO: [VRFC 10-311] analyzing module design_3_aggregator_4bit_1_0
INFO: [VRFC 10-2263] Analyzing Verilog file "D:/cd4/project_4/project_4.ip_user_files/bd/design_3/ip/design_3_alu_74181_0_0/sim/design_3_alu_74181_0_0.v" into library xil_defaultlib
INFO: [VRFC 10-311] analyzing module design_3_alu_74181_0_0
INFO: [VRFC 10-2263] Analyzing Verilog file "D:/cd4/project_4/project_4.ip_user_files/bd/design_3/ip/design_3_alu_74181_1_0/sim/design_3_alu_74181_1_0.v" into library xil_defaultlib
INFO: [VRFC 10-311] analyzing module design_3_alu_74181_1_0
INFO: [VRFC 10-2263] Analyzing Verilog file "D:/cd4/project_4/project_4.ip_user_files/bd/design_3/ip/design_3_alu_74181_2_0/sim/design_3_alu_74181_2_0.v" into library xil_defaultlib
INFO: [VRFC 10-311] analyzing module design_3_alu_74181_2_0
INFO: [VRFC 10-2263] Analyzing Verilog file "D:/cd4/project_4/project_4.ip_user_files/bd/design_3/ip/design_3_aggregate_4x4_to_16b_0_0/sim/design_3_aggregate_4x4_to_16b_0_0.v" into library xil_defaultlib
INFO: [VRFC 10-311] analyzing module design_3_aggregate_4x4_to_16b_0_0
INFO: [VRFC 10-2263] Analyzing Verilog file "D:/cd4/project_4/project_4.ip_user_files/bd/design_3/ip/design_3_the_16bit_to_4x4bit_2_0/sim/design_3_the_16bit_to_4x4bit_2_0.v" into library xil_defaultlib
INFO: [VRFC 10-311] analyzing module design_3_the_16bit_to_4x4bit_2_0
INFO: [VRFC 10-2263] Analyzing Verilog file "D:/cd4/project_4/project_4.ip_user_files/bd/design_3/ip/design_3_the_16bit_to_4x4bit_0_1/sim/design_3_the_16bit_to_4x4bit_0_1.v" into library xil_defaultlib
INFO: [VRFC 10-311] analyzing module design_3_the_16bit_to_4x4bit_0_1
INFO: [VRFC 10-2263] Analyzing Verilog file "D:/cd4/project_4/project_4.ip_user_files/bd/design_3/ip/design_3_alu_74181_3_0/sim/design_3_alu_74181_3_0.v" into library xil_defaultlib
INFO: [VRFC 10-311] analyzing module design_3_alu_74181_3_0
INFO: [VRFC 10-2263] Analyzing Verilog file "D:/cd4/project_4/project_4.ip_user_files/bd/design_3/ip/design_3_carry_output_splitter_0_0/sim/design_3_carry_output_splitter_0_0.v" into library xil_defaultlib
INFO: [VRFC 10-311] analyzing module design_3_carry_output_splitter_0_0
INFO: [VRFC 10-2263] Analyzing Verilog file "D:/cd4/project_4/project_4.ip_user_files/bd/design_3/ip/design_3_not_gate_1_0/sim/design_3_not_gate_1_0.v" into library xil_defaultlib
INFO: [VRFC 10-311] analyzing module design_3_not_gate_1_0
INFO: [VRFC 10-2263] Analyzing Verilog file "D:/cd4/project_4/project_4.ip_user_files/bd/design_3/ip/design_3_bus_slicer_16to12_0_0/sim/design_3_bus_slicer_16to12_0_0.v" into library xil_defaultlib
INFO: [VRFC 10-311] analyzing module design_3_bus_slicer_16to12_0_0
INFO: [VRFC 10-2263] Analyzing Verilog file "D:/cd4/project_4/project_4.ip_user_files/bd/design_3/ip/design_3_multiplier_8x8_0_0/sim/design_3_multiplier_8x8_0_0.v" into library xil_defaultlib
INFO: [VRFC 10-311] analyzing module design_3_multiplier_8x8_0_0
INFO: [VRFC 10-2263] Analyzing Verilog file "D:/cd4/project_4/project_4.ip_user_files/bd/design_3/ip/design_3_split_16to8_0_0/sim/design_3_split_16to8_0_0.v" into library xil_defaultlib
INFO: [VRFC 10-311] analyzing module design_3_split_16to8_0_0
INFO: [VRFC 10-2263] Analyzing Verilog file "D:/cd4/project_4/project_4.ip_user_files/bd/design_3/ip/design_3_R0_0/sim/design_3_R0_0.v" into library xil_defaultlib
INFO: [VRFC 10-311] analyzing module design_3_R0_0
INFO: [VRFC 10-2263] Analyzing Verilog file "D:/cd4/project_4/project_4.ip_user_files/bd/design_3/ip/design_3_mod5_timing_generator_0_0/sim/design_3_mod5_timing_generator_0_0.v" into library xil_defaultlib
INFO: [VRFC 10-311] analyzing module design_3_mod5_timing_generator_0_0
INFO: [VRFC 10-2263] Analyzing Verilog file "D:/cd4/project_4/project_4.ip_user_files/bd/design_3/ip/design_3_splitter_16bit_to_16_0_0/sim/design_3_splitter_16bit_to_16_0_0.v" into library xil_defaultlib
INFO: [VRFC 10-311] analyzing module design_3_splitter_16bit_to_16_0_0
INFO: [VRFC 10-2263] Analyzing Verilog file "D:/cd4/project_4/project_4.ip_user_files/bd/design_3/ip/design_3_not_gate_0_0/sim/design_3_not_gate_0_0.v" into library xil_defaultlib
INFO: [VRFC 10-311] analyzing module design_3_not_gate_0_0
INFO: [VRFC 10-2263] Analyzing Verilog file "D:/cd4/project_4/project_4.ip_user_files/bd/design_3/ip/design_3_RTI_0_0/sim/design_3_RTI_0_0.v" into library xil_defaultlib
INFO: [VRFC 10-311] analyzing module design_3_RTI_0_0
INFO: [VRFC 10-2263] Analyzing Verilog file "D:/cd4/project_4/project_4.ip_user_files/bd/design_3/ip/design_3_control_0_0/sim/design_3_control_0_0.v" into library xil_defaultlib
INFO: [VRFC 10-311] analyzing module design_3_control_0_0
INFO: [VRFC 10-2263] Analyzing Verilog file "D:/cd4/project_4/project_4.ip_user_files/bd/design_3/ip/design_3_not_gate_1_1/sim/design_3_not_gate_1_1.v" into library xil_defaultlib
INFO: [VRFC 10-311] analyzing module design_3_not_gate_1_1
INFO: [VRFC 10-2263] Analyzing Verilog file "D:/cd4/project_4/project_4.ip_user_files/bd/design_3/ip/design_3_and_gate_0_0/sim/design_3_and_gate_0_0.v" into library xil_defaultlib
INFO: [VRFC 10-311] analyzing module design_3_and_gate_0_0
INFO: [VRFC 10-2263] Analyzing Verilog file "D:/cd4/project_4/project_4.ip_user_files/bd/design_3/ip/design_3_and2_0_0/sim/design_3_and2_0_0.v" into library xil_defaultlib
INFO: [VRFC 10-311] analyzing module design_3_and2_0_0
INFO: [VRFC 10-2263] Analyzing Verilog file "D:/cd4/project_4/project_4.ip_user_files/bd/design_3/ip/design_3_aggregator_4bit_0_2/sim/design_3_aggregator_4bit_0_2.v" into library xil_defaultlib
INFO: [VRFC 10-311] analyzing module design_3_aggregator_4bit_0_2
INFO: [VRFC 10-2263] Analyzing Verilog file "D:/cd4/project_4/project_4.ip_user_files/bd/design_3/sim/design_3.v" into library xil_defaultlib
INFO: [VRFC 10-311] analyzing module ALU_imp_JZDUAB
INFO: [VRFC 10-311] analyzing module PC_imp_1MALNP6
INFO: [VRFC 10-311] analyzing module design_3
INFO: [VRFC 10-2263] Analyzing Verilog file "D:/cd3/design_3/hdl/design_3_wrapper.v" into library xil_defaultlib
INFO: [VRFC 10-311] analyzing module design_3_wrapper
INFO: [VRFC 10-2263] Analyzing Verilog file "D:/cd3/exp3/simple_core_test.v" into library xil_defaultlib
INFO: [VRFC 10-311] analyzing module complete_monitor_test
INFO: [VRFC 10-2263] Analyzing Verilog file "D:/cd4/project_4/project_4.sim/sim_2/behav/xsim/glbl.v" into library xil_defaultlib
INFO: [VRFC 10-311] analyzing module glbl
run_program: Time (s): cpu = 00:00:00 ; elapsed = 00:00:17 . Memory (MB): peak = 1536.590 ; gain = 0.000
INFO: [USF-XSim-69] 'compile' step finished in '17' seconds
INFO: [USF-XSim-3] XSim::Elaborate design
INFO: [USF-XSim-61] Executing 'ELABORATE' step in 'D:/cd4/project_4/project_4.sim/sim_2/behav/xsim'
"xelab --incr --debug typical --relax --mt 2 -L xil_defaultlib -L xlconstant_v1_1_9 -L xlconcat_v2_1_6 -L unisims_ver -L unimacro_ver -L secureip -L xpm --snapshot complete_monitor_test_behav xil_defaultlib.complete_monitor_test xil_defaultlib.glbl -log elaborate.log"
Vivado Simulator v2024.2.0
Copyright 1986-2022 Xilinx, Inc. All Rights Reserved.
Copyright 2022-2024 Advanced Micro Devices, Inc. All Rights Reserved.
Running: D:/Vivado/2024.2/bin/unwrapped/win64.o/xelab.exe --incr --debug typical --relax --mt 2 -L xil_defaultlib -L xlconstant_v1_1_9 -L xlconcat_v2_1_6 -L unisims_ver -L unimacro_ver -L secureip -L xpm --snapshot complete_monitor_test_behav xil_defaultlib.complete_monitor_test xil_defaultlib.glbl -log elaborate.log 
Using 2 slave threads.
Starting static elaboration
Pass Through NonSizing Optimizer
Completed static elaboration
Starting simulation data flow analysis
WARNING: [XSIM 43-4099] "D:/cd3/exp3/aggregate_4x4_to_16bit.v" Line 1. Module aggregate_4x4_to_16bit doesn't have a timescale but at least one module in design has a timescale.
WARNING: [XSIM 43-4099] "D:/cd3/exp3/aggregator_4bit.v" Line 1. Module aggregator_4bit doesn't have a timescale but at least one module in design has a timescale.
WARNING: [XSIM 43-4099] "D:/cd3/exp3/aggregator_4bit.v" Line 1. Module aggregator_4bit doesn't have a timescale but at least one module in design has a timescale.
WARNING: [XSIM 43-4099] "D:/cd3/exp3/74181.v" Line 1. Module alu_74181 doesn't have a timescale but at least one module in design has a timescale.
WARNING: [XSIM 43-4099] "D:/cd3/exp3/74181.v" Line 1. Module alu_74181 doesn't have a timescale but at least one module in design has a timescale.
WARNING: [XSIM 43-4099] "D:/cd3/exp3/74181.v" Line 1. Module alu_74181 doesn't have a timescale but at least one module in design has a timescale.
WARNING: [XSIM 43-4099] "D:/cd3/exp3/74181.v" Line 1. Module alu_74181 doesn't have a timescale but at least one module in design has a timescale.
WARNING: [XSIM 43-4099] "D:/cd3/exp3/74182.v" Line 1. Module carry_lookahead_74182 doesn't have a timescale but at least one module in design has a timescale.
WARNING: [XSIM 43-4099] "D:/cd3/exp3/exp14_source.v" Line 309. Module carry_output_splitter doesn't have a timescale but at least one module in design has a timescale.
WARNING: [XSIM 43-4099] "D:/cd3/exp3/not_gate.v" Line 1. Module not_gate doesn't have a timescale but at least one module in design has a timescale.
WARNING: [XSIM 43-4099] "D:/cd3/exp3/the_16bit_to_4x4bit.v" Line 1. Module the_16bit_to_4x4bit doesn't have a timescale but at least one module in design has a timescale.
WARNING: [XSIM 43-4099] "D:/cd3/exp3/the_16bit_to_4x4bit.v" Line 1. Module the_16bit_to_4x4bit doesn't have a timescale but at least one module in design has a timescale.
WARNING: [XSIM 43-4099] "D:/cd3/exp3/16bit_reg.v" Line 1. Module register_16bit doesn't have a timescale but at least one module in design has a timescale.
WARNING: [XSIM 43-4099] "D:/cd3/exp3/12bit_reg.v" Line 1. Module register_12bit doesn't have a timescale but at least one module in design has a timescale.
WARNING: [XSIM 43-4099] "D:/cd3/exp3/16bit_reg.v" Line 1. Module register_16bit doesn't have a timescale but at least one module in design has a timescale.
WARNING: [XSIM 43-4099] "D:/cd3/exp3/16bit_reg.v" Line 1. Module register_16bit doesn't have a timescale but at least one module in design has a timescale.
WARNING: [XSIM 43-4099] "D:/cd3/exp3/16bit_reg.v" Line 1. Module register_16bit doesn't have a timescale but at least one module in design has a timescale.
WARNING: [XSIM 43-4099] "D:/cd3/exp3/74161.v" Line 1. Module ic_74161 doesn't have a timescale but at least one module in design has a timescale.
WARNING: [XSIM 43-4099] "D:/cd3/exp3/74161.v" Line 1. Module ic_74161 doesn't have a timescale but at least one module in design has a timescale.
WARNING: [XSIM 43-4099] "D:/cd3/exp3/74161.v" Line 1. Module ic_74161 doesn't have a timescale but at least one module in design has a timescale.
WARNING: [XSIM 43-4099] "D:/cd3/exp3/exp14_source.v" Line 326. Module the_12bit_to_3x4bit doesn't have a timescale but at least one module in design has a timescale.
WARNING: [XSIM 43-4099] "D:/cd3/exp3/16bit_reg.v" Line 1. Module register_16bit doesn't have a timescale but at least one module in design has a timescale.
WARNING: [XSIM 43-4099] "D:/cd3/exp3/16bit_reg.v" Line 1. Module register_16bit doesn't have a timescale but at least one module in design has a timescale.
WARNING: [XSIM 43-4099] "D:/cd3/exp3/16bit_reg.v" Line 1. Module register_16bit doesn't have a timescale but at least one module in design has a timescale.
WARNING: [XSIM 43-4099] "D:/cd4/exp/plusv.v" Line 54. Module RTI doesn't have a timescale but at least one module in design has a timescale.
WARNING: [XSIM 43-4099] "D:/cd3/exp3/16bit_reg.v" Line 1. Module register_16bit doesn't have a timescale but at least one module in design has a timescale.
WARNING: [XSIM 43-4099] "D:/cd3/exp3/16bit_reg.v" Line 1. Module register_16bit doesn't have a timescale but at least one module in design has a timescale.
WARNING: [XSIM 43-4099] "D:/cd3/exp3/exp14_source.v" Line 1. Module adpt_in doesn't have a timescale but at least one module in design has a timescale.
WARNING: [XSIM 43-4099] "D:/cd3/exp3/aggregator_4bit.v" Line 1. Module aggregator_4bit doesn't have a timescale but at least one module in design has a timescale.
WARNING: [XSIM 43-4099] "D:/cd3/exp3/exp14_source.v" Line 76. Module and2 doesn't have a timescale but at least one module in design has a timescale.
WARNING: [XSIM 43-4099] "D:/cd3/exp3/and_gate.v" Line 1. Module and_gate doesn't have a timescale but at least one module in design has a timescale.
WARNING: [XSIM 43-4099] "D:/cd3/exp3/exp14_source.v" Line 459. Module bus_slicer_16to12 doesn't have a timescale but at least one module in design has a timescale.
WARNING: [XSIM 43-4099] "D:/cd4/exp/plusv.v" Line 83. Module control doesn't have a timescale but at least one module in design has a timescale.
WARNING: [XSIM 43-4099] "D:/cd4/exp/plusv.v" Line 1. Module mod5_timing_generator doesn't have a timescale but at least one module in design has a timescale.
WARNING: [XSIM 43-4099] "D:/cd3/exp3/exp14_source.v" Line 479. Module multiplier_8x8 doesn't have a timescale but at least one module in design has a timescale.
WARNING: [XSIM 43-4099] "D:/cd3/exp3/mix5to1.v" Line 1. Module mux_5to1_16bit doesn't have a timescale but at least one module in design has a timescale.
WARNING: [XSIM 43-4099] "D:/cd3/exp3/not_gate.v" Line 1. Module not_gate doesn't have a timescale but at least one module in design has a timescale.
WARNING: [XSIM 43-4099] "D:/cd3/exp3/not_gate.v" Line 1. Module not_gate doesn't have a timescale but at least one module in design has a timescale.
WARNING: [XSIM 43-4099] "D:/cd3/exp3/ram.v" Line 1. Module ram doesn't have a timescale but at least one module in design has a timescale.
WARNING: [XSIM 43-4099] "D:/cd3/exp3/exp14_source.v" Line 490. Module split_16to8 doesn't have a timescale but at least one module in design has a timescale.
WARNING: [XSIM 43-4099] "D:/cd3/exp3/exp14_source.v" Line 400. Module splitter_16bit_to_16outputs doesn't have a timescale but at least one module in design has a timescale.
WARNING: [XSIM 43-4099] "D:/cd3/exp3/aggregate_4x4_to_16bit.v" Line 1. Module aggregate_4x4_to_16bit doesn't have a timescale but at least one module in design has a timescale.
WARNING: [XSIM 43-4099] "D:/cd3/exp3/aggregator_4bit.v" Line 1. Module aggregator_4bit doesn't have a timescale but at least one module in design has a timescale.
WARNING: [XSIM 43-4099] "D:/cd3/exp3/aggregator_4bit.v" Line 1. Module aggregator_4bit doesn't have a timescale but at least one module in design has a timescale.
WARNING: [XSIM 43-4099] "D:/cd3/exp3/74181.v" Line 1. Module alu_74181 doesn't have a timescale but at least one module in design has a timescale.
WARNING: [XSIM 43-4099] "D:/cd3/exp3/74181.v" Line 1. Module alu_74181 doesn't have a timescale but at least one module in design has a timescale.
WARNING: [XSIM 43-4099] "D:/cd3/exp3/74181.v" Line 1. Module alu_74181 doesn't have a timescale but at least one module in design has a timescale.
WARNING: [XSIM 43-4099] "D:/cd3/exp3/74181.v" Line 1. Module alu_74181 doesn't have a timescale but at least one module in design has a timescale.
WARNING: [XSIM 43-4099] "D:/cd3/exp3/74182.v" Line 1. Module carry_lookahead_74182 doesn't have a timescale but at least one module in design has a timescale.
WARNING: [XSIM 43-4099] "D:/cd3/exp3/exp14_source.v" Line 309. Module carry_output_splitter doesn't have a timescale but at least one module in design has a timescale.
WARNING: [XSIM 43-4099] "D:/cd3/exp3/not_gate.v" Line 1. Module not_gate doesn't have a timescale but at least one module in design has a timescale.
WARNING: [XSIM 43-4099] "D:/cd3/exp3/the_16bit_to_4x4bit.v" Line 1. Module the_16bit_to_4x4bit doesn't have a timescale but at least one module in design has a timescale.
WARNING: [XSIM 43-4099] "D:/cd3/exp3/the_16bit_to_4x4bit.v" Line 1. Module the_16bit_to_4x4bit doesn't have a timescale but at least one module in design has a timescale.
WARNING: [XSIM 43-4099] "D:/cd3/exp3/16bit_reg.v" Line 1. Module register_16bit doesn't have a timescale but at least one module in design has a timescale.
WARNING: [XSIM 43-4099] "D:/cd3/exp3/12bit_reg.v" Line 1. Module register_12bit doesn't have a timescale but at least one module in design has a timescale.
WARNING: [XSIM 43-4099] "D:/cd3/exp3/16bit_reg.v" Line 1. Module register_16bit doesn't have a timescale but at least one module in design has a timescale.
WARNING: [XSIM 43-4099] "D:/cd3/exp3/16bit_reg.v" Line 1. Module register_16bit doesn't have a timescale but at least one module in design has a timescale.
WARNING: [XSIM 43-4099] "D:/cd3/exp3/16bit_reg.v" Line 1. Module register_16bit doesn't have a timescale but at least one module in design has a timescale.
WARNING: [XSIM 43-4099] "D:/cd3/exp3/74161.v" Line 1. Module ic_74161 doesn't have a timescale but at least one module in design has a timescale.
WARNING: [XSIM 43-4099] "D:/cd3/exp3/74161.v" Line 1. Module ic_74161 doesn't have a timescale but at least one module in design has a timescale.
WARNING: [XSIM 43-4099] "D:/cd3/exp3/74161.v" Line 1. Module ic_74161 doesn't have a timescale but at least one module in design has a timescale.
WARNING: [XSIM 43-4099] "D:/cd3/exp3/exp14_source.v" Line 326. Module the_12bit_to_3x4bit doesn't have a timescale but at least one module in design has a timescale.
WARNING: [XSIM 43-4099] "D:/cd3/exp3/16bit_reg.v" Line 1. Module register_16bit doesn't have a timescale but at least one module in design has a timescale.
WARNING: [XSIM 43-4099] "D:/cd3/exp3/16bit_reg.v" Line 1. Module register_16bit doesn't have a timescale but at least one module in design has a timescale.
WARNING: [XSIM 43-4099] "D:/cd3/exp3/16bit_reg.v" Line 1. Module register_16bit doesn't have a timescale but at least one module in design has a timescale.
WARNING: [XSIM 43-4099] "D:/cd4/exp/plusv.v" Line 54. Module RTI doesn't have a timescale but at least one module in design has a timescale.
WARNING: [XSIM 43-4099] "D:/cd3/exp3/16bit_reg.v" Line 1. Module register_16bit doesn't have a timescale but at least one module in design has a timescale.
WARNING: [XSIM 43-4099] "D:/cd3/exp3/16bit_reg.v" Line 1. Module register_16bit doesn't have a timescale but at least one module in design has a timescale.
WARNING: [XSIM 43-4099] "D:/cd3/exp3/exp14_source.v" Line 1. Module adpt_in doesn't have a timescale but at least one module in design has a timescale.
WARNING: [XSIM 43-4099] "D:/cd3/exp3/aggregator_4bit.v" Line 1. Module aggregator_4bit doesn't have a timescale but at least one module in design has a timescale.
WARNING: [XSIM 43-4099] "D:/cd3/exp3/exp14_source.v" Line 76. Module and2 doesn't have a timescale but at least one module in design has a timescale.
WARNING: [XSIM 43-4099] "D:/cd3/exp3/and_gate.v" Line 1. Module and_gate doesn't have a timescale but at least one module in design has a timescale.
WARNING: [XSIM 43-4099] "D:/cd3/exp3/exp14_source.v" Line 459. Module bus_slicer_16to12 doesn't have a timescale but at least one module in design has a timescale.
WARNING: [XSIM 43-4099] "D:/cd4/exp/plusv.v" Line 83. Module control doesn't have a timescale but at least one module in design has a timescale.
WARNING: [XSIM 43-4099] "D:/cd4/exp/plusv.v" Line 1. Module mod5_timing_generator doesn't have a timescale but at least one module in design has a timescale.
WARNING: [XSIM 43-4099] "D:/cd3/exp3/exp14_source.v" Line 479. Module multiplier_8x8 doesn't have a timescale but at least one module in design has a timescale.
WARNING: [XSIM 43-4099] "D:/cd3/exp3/mix5to1.v" Line 1. Module mux_5to1_16bit doesn't have a timescale but at least one module in design has a timescale.
WARNING: [XSIM 43-4099] "D:/cd3/exp3/not_gate.v" Line 1. Module not_gate doesn't have a timescale but at least one module in design has a timescale.
WARNING: [XSIM 43-4099] "D:/cd3/exp3/not_gate.v" Line 1. Module not_gate doesn't have a timescale but at least one module in design has a timescale.
WARNING: [XSIM 43-4099] "D:/cd3/exp3/ram.v" Line 1. Module ram doesn't have a timescale but at least one module in design has a timescale.
WARNING: [XSIM 43-4099] "D:/cd3/exp3/exp14_source.v" Line 490. Module split_16to8 doesn't have a timescale but at least one module in design has a timescale.
WARNING: [XSIM 43-4099] "D:/cd3/exp3/exp14_source.v" Line 400. Module splitter_16bit_to_16outputs doesn't have a timescale but at least one module in design has a timescale.
Completed simulation data flow analysis
Time Resolution for simulation is 1ps
Compiling module xil_defaultlib.aggregate_4x4_to_16bit
Compiling module xil_defaultlib.design_3_aggregate_4x4_to_16b_0_...
Compiling module xil_defaultlib.aggregator_4bit
Compiling module xil_defaultlib.design_3_aggregator_4bit_0_1
Compiling module xil_defaultlib.design_3_aggregator_4bit_1_0
Compiling module xil_defaultlib.alu_74181
Compiling module xil_defaultlib.design_3_alu_74181_0_0
Compiling module xil_defaultlib.design_3_alu_74181_1_0
Compiling module xil_defaultlib.design_3_alu_74181_2_0
Compiling module xil_defaultlib.design_3_alu_74181_3_0
Compiling module xil_defaultlib.carry_lookahead_74182
Compiling module xil_defaultlib.design_3_carry_lookahead_74182_0...
Compiling module xil_defaultlib.carry_output_splitter
Compiling module xil_defaultlib.design_3_carry_output_splitter_0...
Compiling module xil_defaultlib.not_gate
Compiling module xil_defaultlib.design_3_not_gate_1_0
Compiling module xil_defaultlib.the_16bit_to_4x4bit
Compiling module xil_defaultlib.design_3_the_16bit_to_4x4bit_0_1
Compiling module xil_defaultlib.design_3_the_16bit_to_4x4bit_2_0
Compiling module xil_defaultlib.ALU_imp_JZDUAB
Compiling module xil_defaultlib.register_16bit
Compiling module xil_defaultlib.design_3_register_16bit_0_1
Compiling module xil_defaultlib.register_12bit
Compiling module xil_defaultlib.design_3_register_12bit_0_0
Compiling module xil_defaultlib.design_3_register_16bit_3_1
Compiling module xil_defaultlib.design_3_MDR_0
Compiling module xil_defaultlib.design_3_R0_0
Compiling module xil_defaultlib.ic_74161
Compiling module xil_defaultlib.design_3_ic_74161_0_0
Compiling module xil_defaultlib.design_3_ic_74161_1_0
Compiling module xil_defaultlib.design_3_ic_74161_2_0
Compiling module xil_defaultlib.the_12bit_to_3x4bit
Compiling module xil_defaultlib.design_3_the_12bit_to_3x4bit_0_1
Compiling module xlconcat_v2_1_6.xlconcat_v2_1_6_xlconcat(IN0_WID...
Compiling module xil_defaultlib.design_3_xlconcat_0_0
Compiling module xil_defaultlib.PC_imp_1MALNP6
Compiling module xil_defaultlib.design_3_register_16bit_0_0
Compiling module xil_defaultlib.design_3_register_16bit_1_0
Compiling module xil_defaultlib.design_3_register_16bit_2_0
Compiling module xil_defaultlib.RTI
Compiling module xil_defaultlib.design_3_RTI_0_0
Compiling module xil_defaultlib.design_3_register_16bit_3_0
Compiling module xil_defaultlib.design_3_register_16bit_4_0
Compiling module xil_defaultlib.adpt_in
Compiling module xil_defaultlib.design_3_adpt_in_0_0
Compiling module xil_defaultlib.design_3_aggregator_4bit_0_2
Compiling module xil_defaultlib.and2
Compiling module xil_defaultlib.design_3_and2_0_0
Compiling module xil_defaultlib.and_gate
Compiling module xil_defaultlib.design_3_and_gate_0_0
Compiling module xil_defaultlib.bus_slicer_16to12
Compiling module xil_defaultlib.design_3_bus_slicer_16to12_0_0
Compiling module xil_defaultlib.control
Compiling module xil_defaultlib.design_3_control_0_0
Compiling module xil_defaultlib.mod5_timing_generator
Compiling module xil_defaultlib.design_3_mod5_timing_generator_0...
Compiling module xil_defaultlib.multiplier_8x8
Compiling module xil_defaultlib.design_3_multiplier_8x8_0_0
Compiling module xil_defaultlib.mux_5to1_16bit
Compiling module xil_defaultlib.design_3_mux_5to1_16bit_0_0
Compiling module xil_defaultlib.design_3_not_gate_0_0
Compiling module xil_defaultlib.design_3_not_gate_1_1
Compiling module xil_defaultlib.ram
Compiling module xil_defaultlib.design_3_ram_0_0
Compiling module xil_defaultlib.split_16to8
Compiling module xil_defaultlib.design_3_split_16to8_0_0
Compiling module xil_defaultlib.splitter_16bit_to_16outputs
Compiling module xil_defaultlib.design_3_splitter_16bit_to_16_0_...
Compiling module xlconstant_v1_1_9.xlconstant_v1_1_9_xlconstant(CON...
Compiling module xil_defaultlib.design_3_xlconstant_0_1
Compiling module xil_defaultlib.design_3
Compiling module xil_defaultlib.design_3_wrapper
Compiling module xil_defaultlib.complete_monitor_test
Compiling module xil_defaultlib.glbl
Built simulation snapshot complete_monitor_test_behav
run_program: Time (s): cpu = 00:00:01 ; elapsed = 00:00:25 . Memory (MB): peak = 1536.590 ; gain = 0.000
INFO: [USF-XSim-69] 'elaborate' step finished in '25' seconds
INFO: [USF-XSim-4] XSim::Simulate design
INFO: [USF-XSim-61] Executing 'SIMULATE' step in 'D:/cd4/project_4/project_4.sim/sim_2/behav/xsim'
INFO: [USF-XSim-98] *** Running xsim
   with args "complete_monitor_test_behav -key {Behavioral:sim_2:Functional:complete_monitor_test} -tclbatch {complete_monitor_test.tcl} -protoinst "protoinst_files/design_3.protoinst" -log {simulate.log}"
INFO: [USF-XSim-8] Loading simulator feature
INFO: [Wavedata 42-565] Reading protoinst file protoinst_files/design_3.protoinst
Time resolution is 1 ps
source complete_monitor_test.tcl
# set curr_wave [current_wave_config]
# if { [string length $curr_wave] == 0 } {
#   if { [llength [get_objects]] > 0} {
#     add_wave /
#     set_property needs_save false [current_wave_config]
#   } else {
#      send_msg_id Add_Wave-1 WARNING "No top level signals found. Simulator will start without a wave window. If you want to open a wave window go to 'File->New Waveform Configuration' or type 'create_wave_config' in the TCL console."
#   }
# }
# run 1000ns
============== 完整监控测试 ==============
仿真时间: 20000 ns, 时钟周期: 10 ns
时间(ns)	复位	uPC		Crom		Bus		MAR
----------------------------------------------------------------
10000		0	0xzzz	0xzzzzzz	0x0000	0x000
100000		1	0xzzz	0xzzzzzz	0x0000	0x000 <- 复位释放
105000		1	0xzzz	0xzzzzzz	0x0000	0x000
205000		1	0xzzz	0xzzzzzz	0x0000	0x000
305000		1	0xzzz	0xzzzzzz	0x0000	0x000
405000		1	0xzzz	0xzzzzzz	0x0000	0x000
505000		1	0xzzz	0xzzzzzz	0x0000	0x000
605000		1	0xzzz	0xzzzzzz	0x0000	0x000
705000		1	0xzzz	0xzzzzzz	0x0000	0x000
805000		1	0xzzz	0xzzzzzz	0x0000	0x000
905000		1	0xzzz	0xzzzzzz	0x0000	0x000
xsim: Time (s): cpu = 00:00:00 ; elapsed = 00:00:06 . Memory (MB): peak = 1558.664 ; gain = 22.074
INFO: [USF-XSim-96] XSim completed. Design snapshot 'complete_monitor_test_behav' loaded.
INFO: [USF-XSim-97] XSim simulation ran for 1000ns
launch_simulation: Time (s): cpu = 00:00:01 ; elapsed = 00:00:50 . Memory (MB): peak = 1558.664 ; gain = 22.074
close_sim
INFO: [Simtcl 6-16] Simulation closed
connect_bd_net [get_bd_pins PC/LD] [get_bd_pins xlconstant_1/dout]
save_bd_design
Wrote  : <D:\cd3\design_3\design_3.bd> 
Wrote  : <D:/cd3/design_3/ui/bd_205a0ed2.ui> 
generate_target Simulation [get_files D:/cd3/design_3/design_3.bd]
CRITICAL WARNING: [BD 41-1367] The port name 'out' of cell '/mux_5to1_16bit_0' is a reserved keyword in a Hardware Description Language. Please consider renaming the port.
CRITICAL WARNING: [BD 41-1367] The port name 'AND' of cell '/RTI_0' is a reserved keyword in a Hardware Description Language. Please consider renaming the port.
CRITICAL WARNING: [BD 41-1367] The port name 'OR' of cell '/RTI_0' is a reserved keyword in a Hardware Description Language. Please consider renaming the port.
CRITICAL WARNING: [BD 41-1367] The port name 'AND' of cell '/control_0' is a reserved keyword in a Hardware Description Language. Please consider renaming the port.
CRITICAL WARNING: [BD 41-1367] The port name 'OR' of cell '/control_0' is a reserved keyword in a Hardware Description Language. Please consider renaming the port.
CRITICAL WARNING: [BD 41-759] The input pins (listed below) are either not connected or do not have a source port, and they don't have a tie-off specified. These pins are tied-off to all 0's to avoid error in Implementation flow.
Please check your design and connect them as needed: 
/mux_5to1_16bit_0/selIR
/mux_5to1_16bit_0/selMUL
/MUL/read_en

Wrote  : <D:\cd3\design_3\design_3.bd> 
CRITICAL WARNING: [BD 41-2383] Width mismatch when connecting input pin '/mux_5to1_16bit_0/PC'(16) to pin '/PC/dout'(12) - Only lower order bits will be connected, and other input bits of this pin will be left unconnected.
Verilog Output written to : D:/cd3/design_3/synth/design_3.v
CRITICAL WARNING: [BD 41-2383] Width mismatch when connecting input pin '/mux_5to1_16bit_0/PC'(16) to pin '/PC/dout'(12) - Only lower order bits will be connected, and other input bits of this pin will be left unconnected.
Verilog Output written to : D:/cd3/design_3/sim/design_3.v
Verilog Output written to : D:/cd3/design_3/hdl/design_3_wrapper.v
Exporting to file D:/cd3/design_3/hw_handoff/design_3.hwh
Generated Hardware Definition File D:/cd3/design_3/synth/design_3.hwdef
export_ip_user_files -of_objects [get_files D:/cd3/design_3/design_3.bd] -no_script -sync -force -quiet
export_simulation -of_objects [get_files D:/cd3/design_3/design_3.bd] -directory D:/cd4/project_4/project_4.ip_user_files/sim_scripts -ip_user_files_dir D:/cd4/project_4/project_4.ip_user_files -ipstatic_source_dir D:/cd4/project_4/project_4.ip_user_files/ipstatic -lib_map_path [list {modelsim=D:/cd4/project_4/project_4.cache/compile_simlib/modelsim} {questa=D:/cd4/project_4/project_4.cache/compile_simlib/questa} {riviera=D:/cd4/project_4/project_4.cache/compile_simlib/riviera} {activehdl=D:/cd4/project_4/project_4.cache/compile_simlib/activehdl}] -use_ip_compiled_libs -force -quiet
launch_simulation -simset [get_filesets sim_2 ]
Command: launch_simulation  -simset sim_2
INFO: [Vivado 12-12493] Simulation top is 'complete_monitor_test'
WARNING: [Vivado 12-13340] Unable to auto find GCC executables from simulator install path! (path not set)
INFO: [Vivado 12-5698] Checking validity of IPs in the design for the 'XSim' simulator...
INFO: [Vivado 12-5682] Launching behavioral simulation in 'D:/cd4/project_4/project_4.sim/sim_2/behav/xsim'
INFO: [Vivado 12-13660] Precompiled IP simulation library mode is enabled (default). The design IP libraries will be referenced from the compiled library path. Please note that if the precompiled version of the library is not found from the path or the IP is in locked state, then the library source files for these IPs will be compiled locally as part of the compile order.
INFO: [Vivado 12-4795] Using compiled simulation libraries for IPs
INFO: [SIM-utils-51] Simulation object is 'sim_2'
INFO: [SIM-utils-72] Using boost library from 'D:/Vivado/2024.2/tps/boost_1_72_0'
INFO: [USF-XSim-7] Finding pre-compiled libraries...
INFO: [USF-XSim-11] File 'D:/Vivado/2024.2/data/xsim/xsim.ini' copied to run dir:'D:/cd4/project_4/project_4.sim/sim_2/behav/xsim'
INFO: [SIM-utils-54] Inspecting design source files for 'complete_monitor_test' in fileset 'sim_2'...
INFO: [USF-XSim-97] Finding global include files...
INFO: [USF-XSim-98] Fetching design files from 'sim_2'...
INFO: [USF-XSim-2] XSim::Compile design
INFO: [USF-XSim-61] Executing 'COMPILE and ANALYZE' step in 'D:/cd4/project_4/project_4.sim/sim_2/behav/xsim'
"xvlog --incr --relax -prj complete_monitor_test_vlog.prj"
INFO: [VRFC 10-2263] Analyzing Verilog file "D:/cd3/exp3/exp14_source.v" into library xil_defaultlib
INFO: [VRFC 10-311] analyzing module adpt_in
INFO: [VRFC 10-311] analyzing module adpt_out
INFO: [VRFC 10-311] analyzing module adpt_out8
INFO: [VRFC 10-311] analyzing module adpt_out12
INFO: [VRFC 10-311] analyzing module adpt_out16
INFO: [VRFC 10-311] analyzing module adpt_out23
INFO: [VRFC 10-311] analyzing module and2
INFO: [VRFC 10-311] analyzing module not1
INFO: [VRFC 10-311] analyzing module addr_adpt
INFO: [VRFC 10-311] analyzing module UIR
INFO: [VRFC 10-311] analyzing module m74LS161
INFO: [VRFC 10-311] analyzing module rom1_256x24
INFO: [VRFC 10-311] analyzing module rom2_4Kx16
INFO: [VRFC 10-311] analyzing module adder4
INFO: [VRFC 10-311] analyzing module dff4
WARNING: [VRFC 10-9336] redeclaration of ANSI port 'Q3' is not allowed [D:/cd3/exp3/exp14_source.v:265]
INFO: [VRFC 10-311] analyzing module shifter
INFO: [VRFC 10-311] analyzing module carry_output_splitter
INFO: [VRFC 10-311] analyzing module the_12bit_to_3x4bit
INFO: [VRFC 10-311] analyzing module four_bit_checker
INFO: [VRFC 10-311] analyzing module or3_gate
INFO: [VRFC 10-311] analyzing module aggregator_12inputs_to_12bit_sync
INFO: [VRFC 10-311] analyzing module splitter_16bit_to_16outputs
INFO: [VRFC 10-311] analyzing module splitter_12bit_to_12outputs
INFO: [VRFC 10-311] analyzing module bus_slicer_16to12
INFO: [VRFC 10-311] analyzing module register_temp
INFO: [VRFC 10-311] analyzing module multiplier_8x8
INFO: [VRFC 10-311] analyzing module split_16to8
INFO: [VRFC 10-2263] Analyzing Verilog file "D:/cd3/exp3/74161.v" into library xil_defaultlib
INFO: [VRFC 10-311] analyzing module ic_74161
INFO: [VRFC 10-2263] Analyzing Verilog file "D:/cd3/exp3/ram.v" into library xil_defaultlib
INFO: [VRFC 10-311] analyzing module ram
INFO: [VRFC 10-2263] Analyzing Verilog file "D:/cd3/exp3/16bit_reg.v" into library xil_defaultlib
INFO: [VRFC 10-311] analyzing module register_16bit
INFO: [VRFC 10-2263] Analyzing Verilog file "D:/cd3/exp3/12bit_reg.v" into library xil_defaultlib
INFO: [VRFC 10-311] analyzing module register_12bit
INFO: [VRFC 10-2263] Analyzing Verilog file "D:/cd3/exp3/mix5to1.v" into library xil_defaultlib
INFO: [VRFC 10-311] analyzing module mux_5to1_16bit
INFO: [VRFC 10-2263] Analyzing Verilog file "D:/cd3/exp3/aggregator_4bit.v" into library xil_defaultlib
INFO: [VRFC 10-311] analyzing module aggregator_4bit
INFO: [VRFC 10-2263] Analyzing Verilog file "D:/cd3/exp3/74182.v" into library xil_defaultlib
INFO: [VRFC 10-311] analyzing module carry_lookahead_74182
INFO: [VRFC 10-2263] Analyzing Verilog file "D:/cd3/exp3/74181.v" into library xil_defaultlib
INFO: [VRFC 10-311] analyzing module alu_74181
INFO: [VRFC 10-2263] Analyzing Verilog file "D:/cd3/exp3/aggregate_4x4_to_16bit.v" into library xil_defaultlib
INFO: [VRFC 10-311] analyzing module aggregate_4x4_to_16bit
INFO: [VRFC 10-311] analyzing module adpt_out_16bit
INFO: [VRFC 10-2263] Analyzing Verilog file "D:/cd3/exp3/the_16bit_to_4x4bit.v" into library xil_defaultlib
INFO: [VRFC 10-311] analyzing module the_16bit_to_4x4bit
INFO: [VRFC 10-2263] Analyzing Verilog file "D:/cd3/exp3/not_gate.v" into library xil_defaultlib
INFO: [VRFC 10-311] analyzing module not_gate
INFO: [VRFC 10-2263] Analyzing Verilog file "D:/cd4/exp/plusv.v" into library xil_defaultlib
INFO: [VRFC 10-311] analyzing module mod5_timing_generator
INFO: [VRFC 10-311] analyzing module RTI
INFO: [VRFC 10-311] analyzing module control
INFO: [VRFC 10-2263] Analyzing Verilog file "D:/cd3/exp3/and_gate.v" into library xil_defaultlib
INFO: [VRFC 10-311] analyzing module and_gate
INFO: [VRFC 10-2263] Analyzing Verilog file "D:/cd4/project_4/project_4.ip_user_files/bd/design_3/ip/design_3_adpt_in_0_0/sim/design_3_adpt_in_0_0.v" into library xil_defaultlib
INFO: [VRFC 10-311] analyzing module design_3_adpt_in_0_0
INFO: [VRFC 10-2263] Analyzing Verilog file "D:/cd4/project_4/project_4.ip_user_files/bd/design_3/ip/design_3_xlconstant_0_1/sim/design_3_xlconstant_0_1.v" into library xil_defaultlib
INFO: [VRFC 10-311] analyzing module design_3_xlconstant_0_1
INFO: [VRFC 10-2263] Analyzing Verilog file "D:/cd4/project_4/project_4.ip_user_files/bd/design_3/ip/design_3_ic_74161_0_0/sim/design_3_ic_74161_0_0.v" into library xil_defaultlib
INFO: [VRFC 10-311] analyzing module design_3_ic_74161_0_0
INFO: [VRFC 10-2263] Analyzing Verilog file "D:/cd4/project_4/project_4.ip_user_files/bd/design_3/ip/design_3_ic_74161_1_0/sim/design_3_ic_74161_1_0.v" into library xil_defaultlib
INFO: [VRFC 10-311] analyzing module design_3_ic_74161_1_0
INFO: [VRFC 10-2263] Analyzing Verilog file "D:/cd4/project_4/project_4.ip_user_files/bd/design_3/ip/design_3_ic_74161_2_0/sim/design_3_ic_74161_2_0.v" into library xil_defaultlib
INFO: [VRFC 10-311] analyzing module design_3_ic_74161_2_0
INFO: [VRFC 10-2263] Analyzing Verilog file "D:/cd4/project_4/project_4.ip_user_files/bd/design_3/ip/design_3_xlconcat_0_0/sim/design_3_xlconcat_0_0.v" into library xil_defaultlib
INFO: [VRFC 10-311] analyzing module design_3_xlconcat_0_0
INFO: [VRFC 10-2263] Analyzing Verilog file "D:/cd4/project_4/project_4.ip_user_files/bd/design_3/ip/design_3_the_12bit_to_3x4bit_0_1/sim/design_3_the_12bit_to_3x4bit_0_1.v" into library xil_defaultlib
INFO: [VRFC 10-311] analyzing module design_3_the_12bit_to_3x4bit_0_1
INFO: [VRFC 10-2263] Analyzing Verilog file "D:/cd4/project_4/project_4.ip_user_files/bd/design_3/ip/design_3_ram_0_0/sim/design_3_ram_0_0.v" into library xil_defaultlib
INFO: [VRFC 10-311] analyzing module design_3_ram_0_0
INFO: [VRFC 10-2263] Analyzing Verilog file "D:/cd4/project_4/project_4.ip_user_files/bd/design_3/ip/design_3_register_16bit_0_0/sim/design_3_register_16bit_0_0.v" into library xil_defaultlib
INFO: [VRFC 10-311] analyzing module design_3_register_16bit_0_0
INFO: [VRFC 10-2263] Analyzing Verilog file "D:/cd4/project_4/project_4.ip_user_files/bd/design_3/ip/design_3_register_16bit_1_0/sim/design_3_register_16bit_1_0.v" into library xil_defaultlib
INFO: [VRFC 10-311] analyzing module design_3_register_16bit_1_0
INFO: [VRFC 10-2263] Analyzing Verilog file "D:/cd4/project_4/project_4.ip_user_files/bd/design_3/ip/design_3_register_16bit_2_0/sim/design_3_register_16bit_2_0.v" into library xil_defaultlib
INFO: [VRFC 10-311] analyzing module design_3_register_16bit_2_0
INFO: [VRFC 10-2263] Analyzing Verilog file "D:/cd4/project_4/project_4.ip_user_files/bd/design_3/ip/design_3_register_16bit_3_0/sim/design_3_register_16bit_3_0.v" into library xil_defaultlib
INFO: [VRFC 10-311] analyzing module design_3_register_16bit_3_0
INFO: [VRFC 10-2263] Analyzing Verilog file "D:/cd4/project_4/project_4.ip_user_files/bd/design_3/ip/design_3_register_16bit_4_0/sim/design_3_register_16bit_4_0.v" into library xil_defaultlib
INFO: [VRFC 10-311] analyzing module design_3_register_16bit_4_0
INFO: [VRFC 10-2263] Analyzing Verilog file "D:/cd4/project_4/project_4.ip_user_files/bd/design_3/ip/design_3_register_12bit_0_0/sim/design_3_register_12bit_0_0.v" into library xil_defaultlib
INFO: [VRFC 10-311] analyzing module design_3_register_12bit_0_0
INFO: [VRFC 10-2263] Analyzing Verilog file "D:/cd4/project_4/project_4.ip_user_files/bd/design_3/ip/design_3_register_16bit_3_1/sim/design_3_register_16bit_3_1.v" into library xil_defaultlib
INFO: [VRFC 10-311] analyzing module design_3_register_16bit_3_1
INFO: [VRFC 10-2263] Analyzing Verilog file "D:/cd4/project_4/project_4.ip_user_files/bd/design_3/ip/design_3_MDR_0/sim/design_3_MDR_0.v" into library xil_defaultlib
INFO: [VRFC 10-311] analyzing module design_3_MDR_0
INFO: [VRFC 10-2263] Analyzing Verilog file "D:/cd4/project_4/project_4.ip_user_files/bd/design_3/ip/design_3_register_16bit_0_1/sim/design_3_register_16bit_0_1.v" into library xil_defaultlib
INFO: [VRFC 10-311] analyzing module design_3_register_16bit_0_1
INFO: [VRFC 10-2263] Analyzing Verilog file "D:/cd4/project_4/project_4.ip_user_files/bd/design_3/ip/design_3_mux_5to1_16bit_0_0/sim/design_3_mux_5to1_16bit_0_0.v" into library xil_defaultlib
INFO: [VRFC 10-311] analyzing module design_3_mux_5to1_16bit_0_0
INFO: [VRFC 10-2263] Analyzing Verilog file "D:/cd4/project_4/project_4.ip_user_files/bd/design_3/ip/design_3_aggregator_4bit_0_1/sim/design_3_aggregator_4bit_0_1.v" into library xil_defaultlib
INFO: [VRFC 10-311] analyzing module design_3_aggregator_4bit_0_1
INFO: [VRFC 10-2263] Analyzing Verilog file "D:/cd4/project_4/project_4.ip_user_files/bd/design_3/ip/design_3_carry_lookahead_74182_0_0/sim/design_3_carry_lookahead_74182_0_0.v" into library xil_defaultlib
INFO: [VRFC 10-311] analyzing module design_3_carry_lookahead_74182_0_0
INFO: [VRFC 10-2263] Analyzing Verilog file "D:/cd4/project_4/project_4.ip_user_files/bd/design_3/ip/design_3_aggregator_4bit_1_0/sim/design_3_aggregator_4bit_1_0.v" into library xil_defaultlib
INFO: [VRFC 10-311] analyzing module design_3_aggregator_4bit_1_0
INFO: [VRFC 10-2263] Analyzing Verilog file "D:/cd4/project_4/project_4.ip_user_files/bd/design_3/ip/design_3_alu_74181_0_0/sim/design_3_alu_74181_0_0.v" into library xil_defaultlib
INFO: [VRFC 10-311] analyzing module design_3_alu_74181_0_0
INFO: [VRFC 10-2263] Analyzing Verilog file "D:/cd4/project_4/project_4.ip_user_files/bd/design_3/ip/design_3_alu_74181_1_0/sim/design_3_alu_74181_1_0.v" into library xil_defaultlib
INFO: [VRFC 10-311] analyzing module design_3_alu_74181_1_0
INFO: [VRFC 10-2263] Analyzing Verilog file "D:/cd4/project_4/project_4.ip_user_files/bd/design_3/ip/design_3_alu_74181_2_0/sim/design_3_alu_74181_2_0.v" into library xil_defaultlib
INFO: [VRFC 10-311] analyzing module design_3_alu_74181_2_0
INFO: [VRFC 10-2263] Analyzing Verilog file "D:/cd4/project_4/project_4.ip_user_files/bd/design_3/ip/design_3_aggregate_4x4_to_16b_0_0/sim/design_3_aggregate_4x4_to_16b_0_0.v" into library xil_defaultlib
INFO: [VRFC 10-311] analyzing module design_3_aggregate_4x4_to_16b_0_0
INFO: [VRFC 10-2263] Analyzing Verilog file "D:/cd4/project_4/project_4.ip_user_files/bd/design_3/ip/design_3_the_16bit_to_4x4bit_2_0/sim/design_3_the_16bit_to_4x4bit_2_0.v" into library xil_defaultlib
INFO: [VRFC 10-311] analyzing module design_3_the_16bit_to_4x4bit_2_0
INFO: [VRFC 10-2263] Analyzing Verilog file "D:/cd4/project_4/project_4.ip_user_files/bd/design_3/ip/design_3_the_16bit_to_4x4bit_0_1/sim/design_3_the_16bit_to_4x4bit_0_1.v" into library xil_defaultlib
INFO: [VRFC 10-311] analyzing module design_3_the_16bit_to_4x4bit_0_1
INFO: [VRFC 10-2263] Analyzing Verilog file "D:/cd4/project_4/project_4.ip_user_files/bd/design_3/ip/design_3_alu_74181_3_0/sim/design_3_alu_74181_3_0.v" into library xil_defaultlib
INFO: [VRFC 10-311] analyzing module design_3_alu_74181_3_0
INFO: [VRFC 10-2263] Analyzing Verilog file "D:/cd4/project_4/project_4.ip_user_files/bd/design_3/ip/design_3_carry_output_splitter_0_0/sim/design_3_carry_output_splitter_0_0.v" into library xil_defaultlib
INFO: [VRFC 10-311] analyzing module design_3_carry_output_splitter_0_0
INFO: [VRFC 10-2263] Analyzing Verilog file "D:/cd4/project_4/project_4.ip_user_files/bd/design_3/ip/design_3_not_gate_1_0/sim/design_3_not_gate_1_0.v" into library xil_defaultlib
INFO: [VRFC 10-311] analyzing module design_3_not_gate_1_0
INFO: [VRFC 10-2263] Analyzing Verilog file "D:/cd4/project_4/project_4.ip_user_files/bd/design_3/ip/design_3_bus_slicer_16to12_0_0/sim/design_3_bus_slicer_16to12_0_0.v" into library xil_defaultlib
INFO: [VRFC 10-311] analyzing module design_3_bus_slicer_16to12_0_0
INFO: [VRFC 10-2263] Analyzing Verilog file "D:/cd4/project_4/project_4.ip_user_files/bd/design_3/ip/design_3_multiplier_8x8_0_0/sim/design_3_multiplier_8x8_0_0.v" into library xil_defaultlib
INFO: [VRFC 10-311] analyzing module design_3_multiplier_8x8_0_0
INFO: [VRFC 10-2263] Analyzing Verilog file "D:/cd4/project_4/project_4.ip_user_files/bd/design_3/ip/design_3_split_16to8_0_0/sim/design_3_split_16to8_0_0.v" into library xil_defaultlib
INFO: [VRFC 10-311] analyzing module design_3_split_16to8_0_0
INFO: [VRFC 10-2263] Analyzing Verilog file "D:/cd4/project_4/project_4.ip_user_files/bd/design_3/ip/design_3_R0_0/sim/design_3_R0_0.v" into library xil_defaultlib
INFO: [VRFC 10-311] analyzing module design_3_R0_0
INFO: [VRFC 10-2263] Analyzing Verilog file "D:/cd4/project_4/project_4.ip_user_files/bd/design_3/ip/design_3_mod5_timing_generator_0_0/sim/design_3_mod5_timing_generator_0_0.v" into library xil_defaultlib
INFO: [VRFC 10-311] analyzing module design_3_mod5_timing_generator_0_0
INFO: [VRFC 10-2263] Analyzing Verilog file "D:/cd4/project_4/project_4.ip_user_files/bd/design_3/ip/design_3_splitter_16bit_to_16_0_0/sim/design_3_splitter_16bit_to_16_0_0.v" into library xil_defaultlib
INFO: [VRFC 10-311] analyzing module design_3_splitter_16bit_to_16_0_0
INFO: [VRFC 10-2263] Analyzing Verilog file "D:/cd4/project_4/project_4.ip_user_files/bd/design_3/ip/design_3_not_gate_0_0/sim/design_3_not_gate_0_0.v" into library xil_defaultlib
INFO: [VRFC 10-311] analyzing module design_3_not_gate_0_0
INFO: [VRFC 10-2263] Analyzing Verilog file "D:/cd4/project_4/project_4.ip_user_files/bd/design_3/ip/design_3_RTI_0_0/sim/design_3_RTI_0_0.v" into library xil_defaultlib
INFO: [VRFC 10-311] analyzing module design_3_RTI_0_0
INFO: [VRFC 10-2263] Analyzing Verilog file "D:/cd4/project_4/project_4.ip_user_files/bd/design_3/ip/design_3_control_0_0/sim/design_3_control_0_0.v" into library xil_defaultlib
INFO: [VRFC 10-311] analyzing module design_3_control_0_0
INFO: [VRFC 10-2263] Analyzing Verilog file "D:/cd4/project_4/project_4.ip_user_files/bd/design_3/ip/design_3_not_gate_1_1/sim/design_3_not_gate_1_1.v" into library xil_defaultlib
INFO: [VRFC 10-311] analyzing module design_3_not_gate_1_1
INFO: [VRFC 10-2263] Analyzing Verilog file "D:/cd4/project_4/project_4.ip_user_files/bd/design_3/ip/design_3_and_gate_0_0/sim/design_3_and_gate_0_0.v" into library xil_defaultlib
INFO: [VRFC 10-311] analyzing module design_3_and_gate_0_0
INFO: [VRFC 10-2263] Analyzing Verilog file "D:/cd4/project_4/project_4.ip_user_files/bd/design_3/ip/design_3_and2_0_0/sim/design_3_and2_0_0.v" into library xil_defaultlib
INFO: [VRFC 10-311] analyzing module design_3_and2_0_0
INFO: [VRFC 10-2263] Analyzing Verilog file "D:/cd4/project_4/project_4.ip_user_files/bd/design_3/ip/design_3_aggregator_4bit_0_2/sim/design_3_aggregator_4bit_0_2.v" into library xil_defaultlib
INFO: [VRFC 10-311] analyzing module design_3_aggregator_4bit_0_2
INFO: [VRFC 10-2263] Analyzing Verilog file "D:/cd4/project_4/project_4.ip_user_files/bd/design_3/sim/design_3.v" into library xil_defaultlib
INFO: [VRFC 10-311] analyzing module ALU_imp_JZDUAB
INFO: [VRFC 10-311] analyzing module PC_imp_1MALNP6
INFO: [VRFC 10-311] analyzing module design_3
INFO: [VRFC 10-2263] Analyzing Verilog file "D:/cd3/design_3/hdl/design_3_wrapper.v" into library xil_defaultlib
INFO: [VRFC 10-311] analyzing module design_3_wrapper
INFO: [VRFC 10-2263] Analyzing Verilog file "D:/cd3/exp3/simple_core_test.v" into library xil_defaultlib
INFO: [VRFC 10-311] analyzing module complete_monitor_test
run_program: Time (s): cpu = 00:00:00 ; elapsed = 00:00:14 . Memory (MB): peak = 2592.039 ; gain = 0.000
INFO: [USF-XSim-69] 'compile' step finished in '14' seconds
INFO: [USF-XSim-3] XSim::Elaborate design
INFO: [USF-XSim-61] Executing 'ELABORATE' step in 'D:/cd4/project_4/project_4.sim/sim_2/behav/xsim'
"xelab --incr --debug typical --relax --mt 2 -L xil_defaultlib -L xlconstant_v1_1_9 -L xlconcat_v2_1_6 -L unisims_ver -L unimacro_ver -L secureip -L xpm --snapshot complete_monitor_test_behav xil_defaultlib.complete_monitor_test xil_defaultlib.glbl -log elaborate.log"
Vivado Simulator v2024.2.0
Copyright 1986-2022 Xilinx, Inc. All Rights Reserved.
Copyright 2022-2024 Advanced Micro Devices, Inc. All Rights Reserved.
Running: D:/Vivado/2024.2/bin/unwrapped/win64.o/xelab.exe --incr --debug typical --relax --mt 2 -L xil_defaultlib -L xlconstant_v1_1_9 -L xlconcat_v2_1_6 -L unisims_ver -L unimacro_ver -L secureip -L xpm --snapshot complete_monitor_test_behav xil_defaultlib.complete_monitor_test xil_defaultlib.glbl -log elaborate.log 
Using 2 slave threads.
Starting static elaboration
Pass Through NonSizing Optimizer
Completed static elaboration
Starting simulation data flow analysis
WARNING: [XSIM 43-4099] "D:/cd3/exp3/aggregate_4x4_to_16bit.v" Line 1. Module aggregate_4x4_to_16bit doesn't have a timescale but at least one module in design has a timescale.
WARNING: [XSIM 43-4099] "D:/cd3/exp3/aggregator_4bit.v" Line 1. Module aggregator_4bit doesn't have a timescale but at least one module in design has a timescale.
WARNING: [XSIM 43-4099] "D:/cd3/exp3/aggregator_4bit.v" Line 1. Module aggregator_4bit doesn't have a timescale but at least one module in design has a timescale.
WARNING: [XSIM 43-4099] "D:/cd3/exp3/74181.v" Line 1. Module alu_74181 doesn't have a timescale but at least one module in design has a timescale.
WARNING: [XSIM 43-4099] "D:/cd3/exp3/74181.v" Line 1. Module alu_74181 doesn't have a timescale but at least one module in design has a timescale.
WARNING: [XSIM 43-4099] "D:/cd3/exp3/74181.v" Line 1. Module alu_74181 doesn't have a timescale but at least one module in design has a timescale.
WARNING: [XSIM 43-4099] "D:/cd3/exp3/74181.v" Line 1. Module alu_74181 doesn't have a timescale but at least one module in design has a timescale.
WARNING: [XSIM 43-4099] "D:/cd3/exp3/74182.v" Line 1. Module carry_lookahead_74182 doesn't have a timescale but at least one module in design has a timescale.
WARNING: [XSIM 43-4099] "D:/cd3/exp3/exp14_source.v" Line 309. Module carry_output_splitter doesn't have a timescale but at least one module in design has a timescale.
WARNING: [XSIM 43-4099] "D:/cd3/exp3/not_gate.v" Line 1. Module not_gate doesn't have a timescale but at least one module in design has a timescale.
WARNING: [XSIM 43-4099] "D:/cd3/exp3/the_16bit_to_4x4bit.v" Line 1. Module the_16bit_to_4x4bit doesn't have a timescale but at least one module in design has a timescale.
WARNING: [XSIM 43-4099] "D:/cd3/exp3/the_16bit_to_4x4bit.v" Line 1. Module the_16bit_to_4x4bit doesn't have a timescale but at least one module in design has a timescale.
WARNING: [XSIM 43-4099] "D:/cd3/exp3/16bit_reg.v" Line 1. Module register_16bit doesn't have a timescale but at least one module in design has a timescale.
WARNING: [XSIM 43-4099] "D:/cd3/exp3/12bit_reg.v" Line 1. Module register_12bit doesn't have a timescale but at least one module in design has a timescale.
WARNING: [XSIM 43-4099] "D:/cd3/exp3/16bit_reg.v" Line 1. Module register_16bit doesn't have a timescale but at least one module in design has a timescale.
WARNING: [XSIM 43-4099] "D:/cd3/exp3/16bit_reg.v" Line 1. Module register_16bit doesn't have a timescale but at least one module in design has a timescale.
WARNING: [XSIM 43-4099] "D:/cd3/exp3/16bit_reg.v" Line 1. Module register_16bit doesn't have a timescale but at least one module in design has a timescale.
WARNING: [XSIM 43-4099] "D:/cd3/exp3/74161.v" Line 1. Module ic_74161 doesn't have a timescale but at least one module in design has a timescale.
WARNING: [XSIM 43-4099] "D:/cd3/exp3/74161.v" Line 1. Module ic_74161 doesn't have a timescale but at least one module in design has a timescale.
WARNING: [XSIM 43-4099] "D:/cd3/exp3/74161.v" Line 1. Module ic_74161 doesn't have a timescale but at least one module in design has a timescale.
WARNING: [XSIM 43-4099] "D:/cd3/exp3/exp14_source.v" Line 326. Module the_12bit_to_3x4bit doesn't have a timescale but at least one module in design has a timescale.
WARNING: [XSIM 43-4099] "D:/cd3/exp3/16bit_reg.v" Line 1. Module register_16bit doesn't have a timescale but at least one module in design has a timescale.
WARNING: [XSIM 43-4099] "D:/cd3/exp3/16bit_reg.v" Line 1. Module register_16bit doesn't have a timescale but at least one module in design has a timescale.
WARNING: [XSIM 43-4099] "D:/cd3/exp3/16bit_reg.v" Line 1. Module register_16bit doesn't have a timescale but at least one module in design has a timescale.
WARNING: [XSIM 43-4099] "D:/cd4/exp/plusv.v" Line 54. Module RTI doesn't have a timescale but at least one module in design has a timescale.
WARNING: [XSIM 43-4099] "D:/cd3/exp3/16bit_reg.v" Line 1. Module register_16bit doesn't have a timescale but at least one module in design has a timescale.
WARNING: [XSIM 43-4099] "D:/cd3/exp3/16bit_reg.v" Line 1. Module register_16bit doesn't have a timescale but at least one module in design has a timescale.
WARNING: [XSIM 43-4099] "D:/cd3/exp3/exp14_source.v" Line 1. Module adpt_in doesn't have a timescale but at least one module in design has a timescale.
WARNING: [XSIM 43-4099] "D:/cd3/exp3/aggregator_4bit.v" Line 1. Module aggregator_4bit doesn't have a timescale but at least one module in design has a timescale.
WARNING: [XSIM 43-4099] "D:/cd3/exp3/exp14_source.v" Line 76. Module and2 doesn't have a timescale but at least one module in design has a timescale.
WARNING: [XSIM 43-4099] "D:/cd3/exp3/and_gate.v" Line 1. Module and_gate doesn't have a timescale but at least one module in design has a timescale.
WARNING: [XSIM 43-4099] "D:/cd3/exp3/exp14_source.v" Line 459. Module bus_slicer_16to12 doesn't have a timescale but at least one module in design has a timescale.
WARNING: [XSIM 43-4099] "D:/cd4/exp/plusv.v" Line 83. Module control doesn't have a timescale but at least one module in design has a timescale.
WARNING: [XSIM 43-4099] "D:/cd4/exp/plusv.v" Line 1. Module mod5_timing_generator doesn't have a timescale but at least one module in design has a timescale.
WARNING: [XSIM 43-4099] "D:/cd3/exp3/exp14_source.v" Line 479. Module multiplier_8x8 doesn't have a timescale but at least one module in design has a timescale.
WARNING: [XSIM 43-4099] "D:/cd3/exp3/mix5to1.v" Line 1. Module mux_5to1_16bit doesn't have a timescale but at least one module in design has a timescale.
WARNING: [XSIM 43-4099] "D:/cd3/exp3/not_gate.v" Line 1. Module not_gate doesn't have a timescale but at least one module in design has a timescale.
WARNING: [XSIM 43-4099] "D:/cd3/exp3/not_gate.v" Line 1. Module not_gate doesn't have a timescale but at least one module in design has a timescale.
WARNING: [XSIM 43-4099] "D:/cd3/exp3/ram.v" Line 1. Module ram doesn't have a timescale but at least one module in design has a timescale.
WARNING: [XSIM 43-4099] "D:/cd3/exp3/exp14_source.v" Line 490. Module split_16to8 doesn't have a timescale but at least one module in design has a timescale.
WARNING: [XSIM 43-4099] "D:/cd3/exp3/exp14_source.v" Line 400. Module splitter_16bit_to_16outputs doesn't have a timescale but at least one module in design has a timescale.
WARNING: [XSIM 43-4099] "D:/cd3/exp3/aggregate_4x4_to_16bit.v" Line 1. Module aggregate_4x4_to_16bit doesn't have a timescale but at least one module in design has a timescale.
WARNING: [XSIM 43-4099] "D:/cd3/exp3/aggregator_4bit.v" Line 1. Module aggregator_4bit doesn't have a timescale but at least one module in design has a timescale.
WARNING: [XSIM 43-4099] "D:/cd3/exp3/aggregator_4bit.v" Line 1. Module aggregator_4bit doesn't have a timescale but at least one module in design has a timescale.
WARNING: [XSIM 43-4099] "D:/cd3/exp3/74181.v" Line 1. Module alu_74181 doesn't have a timescale but at least one module in design has a timescale.
WARNING: [XSIM 43-4099] "D:/cd3/exp3/74181.v" Line 1. Module alu_74181 doesn't have a timescale but at least one module in design has a timescale.
WARNING: [XSIM 43-4099] "D:/cd3/exp3/74181.v" Line 1. Module alu_74181 doesn't have a timescale but at least one module in design has a timescale.
WARNING: [XSIM 43-4099] "D:/cd3/exp3/74181.v" Line 1. Module alu_74181 doesn't have a timescale but at least one module in design has a timescale.
WARNING: [XSIM 43-4099] "D:/cd3/exp3/74182.v" Line 1. Module carry_lookahead_74182 doesn't have a timescale but at least one module in design has a timescale.
WARNING: [XSIM 43-4099] "D:/cd3/exp3/exp14_source.v" Line 309. Module carry_output_splitter doesn't have a timescale but at least one module in design has a timescale.
WARNING: [XSIM 43-4099] "D:/cd3/exp3/not_gate.v" Line 1. Module not_gate doesn't have a timescale but at least one module in design has a timescale.
WARNING: [XSIM 43-4099] "D:/cd3/exp3/the_16bit_to_4x4bit.v" Line 1. Module the_16bit_to_4x4bit doesn't have a timescale but at least one module in design has a timescale.
WARNING: [XSIM 43-4099] "D:/cd3/exp3/the_16bit_to_4x4bit.v" Line 1. Module the_16bit_to_4x4bit doesn't have a timescale but at least one module in design has a timescale.
WARNING: [XSIM 43-4099] "D:/cd3/exp3/16bit_reg.v" Line 1. Module register_16bit doesn't have a timescale but at least one module in design has a timescale.
WARNING: [XSIM 43-4099] "D:/cd3/exp3/12bit_reg.v" Line 1. Module register_12bit doesn't have a timescale but at least one module in design has a timescale.
WARNING: [XSIM 43-4099] "D:/cd3/exp3/16bit_reg.v" Line 1. Module register_16bit doesn't have a timescale but at least one module in design has a timescale.
WARNING: [XSIM 43-4099] "D:/cd3/exp3/16bit_reg.v" Line 1. Module register_16bit doesn't have a timescale but at least one module in design has a timescale.
WARNING: [XSIM 43-4099] "D:/cd3/exp3/16bit_reg.v" Line 1. Module register_16bit doesn't have a timescale but at least one module in design has a timescale.
WARNING: [XSIM 43-4099] "D:/cd3/exp3/74161.v" Line 1. Module ic_74161 doesn't have a timescale but at least one module in design has a timescale.
WARNING: [XSIM 43-4099] "D:/cd3/exp3/74161.v" Line 1. Module ic_74161 doesn't have a timescale but at least one module in design has a timescale.
WARNING: [XSIM 43-4099] "D:/cd3/exp3/74161.v" Line 1. Module ic_74161 doesn't have a timescale but at least one module in design has a timescale.
WARNING: [XSIM 43-4099] "D:/cd3/exp3/exp14_source.v" Line 326. Module the_12bit_to_3x4bit doesn't have a timescale but at least one module in design has a timescale.
WARNING: [XSIM 43-4099] "D:/cd3/exp3/16bit_reg.v" Line 1. Module register_16bit doesn't have a timescale but at least one module in design has a timescale.
WARNING: [XSIM 43-4099] "D:/cd3/exp3/16bit_reg.v" Line 1. Module register_16bit doesn't have a timescale but at least one module in design has a timescale.
WARNING: [XSIM 43-4099] "D:/cd3/exp3/16bit_reg.v" Line 1. Module register_16bit doesn't have a timescale but at least one module in design has a timescale.
WARNING: [XSIM 43-4099] "D:/cd4/exp/plusv.v" Line 54. Module RTI doesn't have a timescale but at least one module in design has a timescale.
WARNING: [XSIM 43-4099] "D:/cd3/exp3/16bit_reg.v" Line 1. Module register_16bit doesn't have a timescale but at least one module in design has a timescale.
WARNING: [XSIM 43-4099] "D:/cd3/exp3/16bit_reg.v" Line 1. Module register_16bit doesn't have a timescale but at least one module in design has a timescale.
WARNING: [XSIM 43-4099] "D:/cd3/exp3/exp14_source.v" Line 1. Module adpt_in doesn't have a timescale but at least one module in design has a timescale.
WARNING: [XSIM 43-4099] "D:/cd3/exp3/aggregator_4bit.v" Line 1. Module aggregator_4bit doesn't have a timescale but at least one module in design has a timescale.
WARNING: [XSIM 43-4099] "D:/cd3/exp3/exp14_source.v" Line 76. Module and2 doesn't have a timescale but at least one module in design has a timescale.
WARNING: [XSIM 43-4099] "D:/cd3/exp3/and_gate.v" Line 1. Module and_gate doesn't have a timescale but at least one module in design has a timescale.
WARNING: [XSIM 43-4099] "D:/cd3/exp3/exp14_source.v" Line 459. Module bus_slicer_16to12 doesn't have a timescale but at least one module in design has a timescale.
WARNING: [XSIM 43-4099] "D:/cd4/exp/plusv.v" Line 83. Module control doesn't have a timescale but at least one module in design has a timescale.
WARNING: [XSIM 43-4099] "D:/cd4/exp/plusv.v" Line 1. Module mod5_timing_generator doesn't have a timescale but at least one module in design has a timescale.
WARNING: [XSIM 43-4099] "D:/cd3/exp3/exp14_source.v" Line 479. Module multiplier_8x8 doesn't have a timescale but at least one module in design has a timescale.
WARNING: [XSIM 43-4099] "D:/cd3/exp3/mix5to1.v" Line 1. Module mux_5to1_16bit doesn't have a timescale but at least one module in design has a timescale.
WARNING: [XSIM 43-4099] "D:/cd3/exp3/not_gate.v" Line 1. Module not_gate doesn't have a timescale but at least one module in design has a timescale.
WARNING: [XSIM 43-4099] "D:/cd3/exp3/not_gate.v" Line 1. Module not_gate doesn't have a timescale but at least one module in design has a timescale.
WARNING: [XSIM 43-4099] "D:/cd3/exp3/ram.v" Line 1. Module ram doesn't have a timescale but at least one module in design has a timescale.
WARNING: [XSIM 43-4099] "D:/cd3/exp3/exp14_source.v" Line 490. Module split_16to8 doesn't have a timescale but at least one module in design has a timescale.
WARNING: [XSIM 43-4099] "D:/cd3/exp3/exp14_source.v" Line 400. Module splitter_16bit_to_16outputs doesn't have a timescale but at least one module in design has a timescale.
Completed simulation data flow analysis
Time Resolution for simulation is 1ps
Compiling module xil_defaultlib.aggregate_4x4_to_16bit
Compiling module xil_defaultlib.design_3_aggregate_4x4_to_16b_0_...
Compiling module xil_defaultlib.aggregator_4bit
Compiling module xil_defaultlib.design_3_aggregator_4bit_0_1
Compiling module xil_defaultlib.design_3_aggregator_4bit_1_0
Compiling module xil_defaultlib.alu_74181
Compiling module xil_defaultlib.design_3_alu_74181_0_0
Compiling module xil_defaultlib.design_3_alu_74181_1_0
Compiling module xil_defaultlib.design_3_alu_74181_2_0
Compiling module xil_defaultlib.design_3_alu_74181_3_0
Compiling module xil_defaultlib.carry_lookahead_74182
Compiling module xil_defaultlib.design_3_carry_lookahead_74182_0...
Compiling module xil_defaultlib.carry_output_splitter
Compiling module xil_defaultlib.design_3_carry_output_splitter_0...
Compiling module xil_defaultlib.not_gate
Compiling module xil_defaultlib.design_3_not_gate_1_0
Compiling module xil_defaultlib.the_16bit_to_4x4bit
Compiling module xil_defaultlib.design_3_the_16bit_to_4x4bit_0_1
Compiling module xil_defaultlib.design_3_the_16bit_to_4x4bit_2_0
Compiling module xil_defaultlib.ALU_imp_JZDUAB
Compiling module xil_defaultlib.register_16bit
Compiling module xil_defaultlib.design_3_register_16bit_0_1
Compiling module xil_defaultlib.register_12bit
Compiling module xil_defaultlib.design_3_register_12bit_0_0
Compiling module xil_defaultlib.design_3_register_16bit_3_1
Compiling module xil_defaultlib.design_3_MDR_0
Compiling module xil_defaultlib.design_3_R0_0
Compiling module xil_defaultlib.ic_74161
Compiling module xil_defaultlib.design_3_ic_74161_0_0
Compiling module xil_defaultlib.design_3_ic_74161_1_0
Compiling module xil_defaultlib.design_3_ic_74161_2_0
Compiling module xil_defaultlib.the_12bit_to_3x4bit
Compiling module xil_defaultlib.design_3_the_12bit_to_3x4bit_0_1
Compiling module xlconcat_v2_1_6.xlconcat_v2_1_6_xlconcat(IN0_WID...
Compiling module xil_defaultlib.design_3_xlconcat_0_0
Compiling module xil_defaultlib.PC_imp_1MALNP6
Compiling module xil_defaultlib.design_3_register_16bit_0_0
Compiling module xil_defaultlib.design_3_register_16bit_1_0
Compiling module xil_defaultlib.design_3_register_16bit_2_0
Compiling module xil_defaultlib.RTI
Compiling module xil_defaultlib.design_3_RTI_0_0
Compiling module xil_defaultlib.design_3_register_16bit_3_0
Compiling module xil_defaultlib.design_3_register_16bit_4_0
Compiling module xil_defaultlib.adpt_in
Compiling module xil_defaultlib.design_3_adpt_in_0_0
Compiling module xil_defaultlib.design_3_aggregator_4bit_0_2
Compiling module xil_defaultlib.and2
Compiling module xil_defaultlib.design_3_and2_0_0
Compiling module xil_defaultlib.and_gate
Compiling module xil_defaultlib.design_3_and_gate_0_0
Compiling module xil_defaultlib.bus_slicer_16to12
Compiling module xil_defaultlib.design_3_bus_slicer_16to12_0_0
Compiling module xil_defaultlib.control
Compiling module xil_defaultlib.design_3_control_0_0
Compiling module xil_defaultlib.mod5_timing_generator
Compiling module xil_defaultlib.design_3_mod5_timing_generator_0...
Compiling module xil_defaultlib.multiplier_8x8
Compiling module xil_defaultlib.design_3_multiplier_8x8_0_0
Compiling module xil_defaultlib.mux_5to1_16bit
Compiling module xil_defaultlib.design_3_mux_5to1_16bit_0_0
Compiling module xil_defaultlib.design_3_not_gate_0_0
Compiling module xil_defaultlib.design_3_not_gate_1_1
Compiling module xil_defaultlib.ram
Compiling module xil_defaultlib.design_3_ram_0_0
Compiling module xil_defaultlib.split_16to8
Compiling module xil_defaultlib.design_3_split_16to8_0_0
Compiling module xil_defaultlib.splitter_16bit_to_16outputs
Compiling module xil_defaultlib.design_3_splitter_16bit_to_16_0_...
Compiling module xlconstant_v1_1_9.xlconstant_v1_1_9_xlconstant(CON...
Compiling module xil_defaultlib.design_3_xlconstant_0_1
Compiling module xil_defaultlib.design_3
Compiling module xil_defaultlib.design_3_wrapper
Compiling module xil_defaultlib.complete_monitor_test
Compiling module xil_defaultlib.glbl
Built simulation snapshot complete_monitor_test_behav
run_program: Time (s): cpu = 00:00:00 ; elapsed = 00:00:10 . Memory (MB): peak = 2592.039 ; gain = 0.000
INFO: [USF-XSim-69] 'elaborate' step finished in '11' seconds
INFO: [USF-XSim-4] XSim::Simulate design
INFO: [USF-XSim-61] Executing 'SIMULATE' step in 'D:/cd4/project_4/project_4.sim/sim_2/behav/xsim'
INFO: [USF-XSim-98] *** Running xsim
   with args "complete_monitor_test_behav -key {Behavioral:sim_2:Functional:complete_monitor_test} -tclbatch {complete_monitor_test.tcl} -protoinst "protoinst_files/design_3.protoinst" -log {simulate.log}"
INFO: [USF-XSim-8] Loading simulator feature
INFO: [Wavedata 42-565] Reading protoinst file protoinst_files/design_3.protoinst
Time resolution is 1 ps
source complete_monitor_test.tcl
# set curr_wave [current_wave_config]
# if { [string length $curr_wave] == 0 } {
#   if { [llength [get_objects]] > 0} {
#     add_wave /
#     set_property needs_save false [current_wave_config]
#   } else {
#      send_msg_id Add_Wave-1 WARNING "No top level signals found. Simulator will start without a wave window. If you want to open a wave window go to 'File->New Waveform Configuration' or type 'create_wave_config' in the TCL console."
#   }
# }
# run 1000ns
============== 完整监控测试 ==============
仿真时间: 20000 ns, 时钟周期: 10 ns
时间(ns)	复位	uPC		Crom		Bus		MAR
----------------------------------------------------------------
10000		0	0xzzz	0xzzzzzz	0x0000	0x000
100000		1	0xzzz	0xzzzzzz	0x0000	0x000 <- 复位释放
105000		1	0xzzz	0xzzzzzz	0x0000	0x000
205000		1	0xzzz	0xzzzzzz	0x0000	0x002
305000		1	0xzzz	0xzzzzzz	0x0000	0x004
405000		1	0xzzz	0xzzzzzz	0x0000	0x005
505000		1	0xzzz	0xzzzzzz	0x0000	0x007
605000		1	0xzzz	0xzzzzzz	0x0000	0x008
705000		1	0xzzz	0xzzzzzz	0x0000	0x009
805000		1	0xzzz	0xzzzzzz	0x0000	0x00a
905000		1	0xzzz	0xzzzzzz	0x0000	0x00b
INFO: [USF-XSim-96] XSim completed. Design snapshot 'complete_monitor_test_behav' loaded.
INFO: [USF-XSim-97] XSim simulation ran for 1000ns
launch_simulation: Time (s): cpu = 00:00:02 ; elapsed = 00:00:31 . Memory (MB): peak = 2592.039 ; gain = 0.000
WARNING: [filemgmt 56-199] Attempt to get parsing info during refresh. "On-the-fly" syntax checking information may be incorrect. [D:\cd3\exp3\simple_core_test.v:]
WARNING: [filemgmt 56-199] Attempt to get parsing info during refresh. "On-the-fly" syntax checking information may be incorrect. [D:\cd4\exp\plusv.v:]
WARNING: [filemgmt 56-199] Attempt to get parsing info during refresh. "On-the-fly" syntax checking information may be incorrect. [D:\cd4\exp\plusv.v:]
WARNING: [filemgmt 56-199] Attempt to get parsing info during refresh. "On-the-fly" syntax checking information may be incorrect. [D:\cd4\exp\plusv.v:]
ERROR: [Common 17-180] Spawn failed: No error
close_sim
INFO: [Simtcl 6-16] Simulation closed
WARNING: [filemgmt 56-199] Attempt to get parsing info during refresh. "On-the-fly" syntax checking information may be incorrect. [D:\cd3\exp3\simple_core_test.v:]
WARNING: [filemgmt 56-199] Attempt to get parsing info during refresh. "On-the-fly" syntax checking information may be incorrect. [D:\cd4\exp\plusv.v:]
WARNING: [filemgmt 56-199] Attempt to get parsing info during refresh. "On-the-fly" syntax checking information may be incorrect. [D:\cd4\exp\plusv.v:]
WARNING: [filemgmt 56-199] Attempt to get parsing info during refresh. "On-the-fly" syntax checking information may be incorrect. [D:\cd4\exp\plusv.v:]
report_ip_status -name ip_status 
ERROR: [Common 17-180] Spawn failed: No error
ERROR: [Common 17-39] 'report_ip_status' failed due to earlier errors.
update_module_reference [get_ips  {design_3_control_0_0 design_3_mod5_timing_generator_0_0 design_3_RTI_0_0}]
INFO: [IP_Flow 19-5107] Inferred bus interface 'rst_n' of definition 'xilinx.com:signal:reset:1.0' (from Xilinx Repository).
INFO: [IP_Flow 19-5107] Inferred bus interface 'clk' of definition 'xilinx.com:signal:clock:1.0' (from Xilinx Repository).
INFO: [IP_Flow 19-4728] Bus Interface 'rst_n': Added interface parameter 'POLARITY' with value 'ACTIVE_LOW'.
WARNING: [IP_Flow 19-5661] Bus Interface 'clk' does not have any bus interfaces associated with it.
WARNING: [IP_Flow 19-11770] Clock interface 'clk' has no FREQ_HZ parameter.
INFO: [IP_Flow 19-5107] Inferred bus interface 'rst_n' of definition 'xilinx.com:signal:reset:1.0' (from Xilinx Repository).
INFO: [IP_Flow 19-5107] Inferred bus interface 'clk' of definition 'xilinx.com:signal:clock:1.0' (from Xilinx Repository).
INFO: [IP_Flow 19-4728] Bus Interface 'rst_n': Added interface parameter 'POLARITY' with value 'ACTIVE_LOW'.
WARNING: [IP_Flow 19-5661] Bus Interface 'clk' does not have any bus interfaces associated with it.
WARNING: [IP_Flow 19-11770] Clock interface 'clk' has no FREQ_HZ parameter.
Upgrading 'D:/cd3/design_3/design_3.bd'
INFO: [IP_Flow 19-3420] Updated design_3_RTI_0_0 to use current project options
INFO: [IP_Flow 19-3420] Updated design_3_control_0_0 to use current project options
INFO: [IP_Flow 19-3420] Updated design_3_mod5_timing_generator_0_0 to use current project options
Wrote  : <D:\cd3\design_3\design_3.bd> 
Wrote  : <D:/cd3/design_3/ui/bd_205a0ed2.ui> 
update_module_reference: Time (s): cpu = 00:00:01 ; elapsed = 00:00:11 . Memory (MB): peak = 2623.848 ; gain = 0.000
generate_target Simulation [get_files D:/cd3/design_3/design_3.bd]
CRITICAL WARNING: [BD 41-1367] The port name 'out' of cell '/mux_5to1_16bit_0' is a reserved keyword in a Hardware Description Language. Please consider renaming the port.
CRITICAL WARNING: [BD 41-1367] The port name 'AND' of cell '/RTI_0' is a reserved keyword in a Hardware Description Language. Please consider renaming the port.
CRITICAL WARNING: [BD 41-1367] The port name 'OR' of cell '/RTI_0' is a reserved keyword in a Hardware Description Language. Please consider renaming the port.
CRITICAL WARNING: [BD 41-1367] The port name 'AND' of cell '/control_0' is a reserved keyword in a Hardware Description Language. Please consider renaming the port.
CRITICAL WARNING: [BD 41-1367] The port name 'OR' of cell '/control_0' is a reserved keyword in a Hardware Description Language. Please consider renaming the port.
CRITICAL WARNING: [BD 41-759] The input pins (listed below) are either not connected or do not have a source port, and they don't have a tie-off specified. These pins are tied-off to all 0's to avoid error in Implementation flow.
Please check your design and connect them as needed: 
/mux_5to1_16bit_0/selIR
/mux_5to1_16bit_0/selMUL
/MUL/read_en

Wrote  : <D:\cd3\design_3\design_3.bd> 
CRITICAL WARNING: [BD 41-2383] Width mismatch when connecting input pin '/mux_5to1_16bit_0/PC'(16) to pin '/PC/dout'(12) - Only lower order bits will be connected, and other input bits of this pin will be left unconnected.
Verilog Output written to : D:/cd3/design_3/synth/design_3.v
CRITICAL WARNING: [BD 41-2383] Width mismatch when connecting input pin '/mux_5to1_16bit_0/PC'(16) to pin '/PC/dout'(12) - Only lower order bits will be connected, and other input bits of this pin will be left unconnected.
Verilog Output written to : D:/cd3/design_3/sim/design_3.v
Verilog Output written to : D:/cd3/design_3/hdl/design_3_wrapper.v
INFO: [BD 41-1029] Generation completed for the IP Integrator block mod5_timing_generator_0 .
INFO: [BD 41-1029] Generation completed for the IP Integrator block RTI_0 .
INFO: [BD 41-1029] Generation completed for the IP Integrator block control_0 .
Exporting to file D:/cd3/design_3/hw_handoff/design_3.hwh
Generated Hardware Definition File D:/cd3/design_3/synth/design_3.hwdef
export_ip_user_files -of_objects [get_files D:/cd3/design_3/design_3.bd] -no_script -sync -force -quiet
export_simulation -of_objects [get_files D:/cd3/design_3/design_3.bd] -directory D:/cd4/project_4/project_4.ip_user_files/sim_scripts -ip_user_files_dir D:/cd4/project_4/project_4.ip_user_files -ipstatic_source_dir D:/cd4/project_4/project_4.ip_user_files/ipstatic -lib_map_path [list {modelsim=D:/cd4/project_4/project_4.cache/compile_simlib/modelsim} {questa=D:/cd4/project_4/project_4.cache/compile_simlib/questa} {riviera=D:/cd4/project_4/project_4.cache/compile_simlib/riviera} {activehdl=D:/cd4/project_4/project_4.cache/compile_simlib/activehdl}] -use_ip_compiled_libs -force -quiet
launch_simulation -simset [get_filesets sim_2 ]
Command: launch_simulation  -simset sim_2
INFO: [Vivado 12-12493] Simulation top is 'complete_monitor_test'
WARNING: [Vivado 12-13340] Unable to auto find GCC executables from simulator install path! (path not set)
INFO: [Vivado 12-5698] Checking validity of IPs in the design for the 'XSim' simulator...
INFO: [Vivado 12-5682] Launching behavioral simulation in 'D:/cd4/project_4/project_4.sim/sim_2/behav/xsim'
INFO: [Vivado 12-13660] Precompiled IP simulation library mode is enabled (default). The design IP libraries will be referenced from the compiled library path. Please note that if the precompiled version of the library is not found from the path or the IP is in locked state, then the library source files for these IPs will be compiled locally as part of the compile order.
INFO: [Vivado 12-4795] Using compiled simulation libraries for IPs
INFO: [SIM-utils-51] Simulation object is 'sim_2'
INFO: [SIM-utils-72] Using boost library from 'D:/Vivado/2024.2/tps/boost_1_72_0'
INFO: [USF-XSim-7] Finding pre-compiled libraries...
INFO: [USF-XSim-11] File 'D:/Vivado/2024.2/data/xsim/xsim.ini' copied to run dir:'D:/cd4/project_4/project_4.sim/sim_2/behav/xsim'
INFO: [SIM-utils-54] Inspecting design source files for 'complete_monitor_test' in fileset 'sim_2'...
INFO: [USF-XSim-97] Finding global include files...
INFO: [USF-XSim-98] Fetching design files from 'sim_2'...
INFO: [USF-XSim-2] XSim::Compile design
INFO: [USF-XSim-61] Executing 'COMPILE and ANALYZE' step in 'D:/cd4/project_4/project_4.sim/sim_2/behav/xsim'
"xvlog --incr --relax -prj complete_monitor_test_vlog.prj"
INFO: [VRFC 10-2263] Analyzing Verilog file "D:/cd3/exp3/exp14_source.v" into library xil_defaultlib
INFO: [VRFC 10-311] analyzing module adpt_in
INFO: [VRFC 10-311] analyzing module adpt_out
INFO: [VRFC 10-311] analyzing module adpt_out8
INFO: [VRFC 10-311] analyzing module adpt_out12
INFO: [VRFC 10-311] analyzing module adpt_out16
INFO: [VRFC 10-311] analyzing module adpt_out23
INFO: [VRFC 10-311] analyzing module and2
INFO: [VRFC 10-311] analyzing module not1
INFO: [VRFC 10-311] analyzing module addr_adpt
INFO: [VRFC 10-311] analyzing module UIR
INFO: [VRFC 10-311] analyzing module m74LS161
INFO: [VRFC 10-311] analyzing module rom1_256x24
INFO: [VRFC 10-311] analyzing module rom2_4Kx16
INFO: [VRFC 10-311] analyzing module adder4
INFO: [VRFC 10-311] analyzing module dff4
WARNING: [VRFC 10-9336] redeclaration of ANSI port 'Q3' is not allowed [D:/cd3/exp3/exp14_source.v:265]
INFO: [VRFC 10-311] analyzing module shifter
INFO: [VRFC 10-311] analyzing module carry_output_splitter
INFO: [VRFC 10-311] analyzing module the_12bit_to_3x4bit
INFO: [VRFC 10-311] analyzing module four_bit_checker
INFO: [VRFC 10-311] analyzing module or3_gate
INFO: [VRFC 10-311] analyzing module aggregator_12inputs_to_12bit_sync
INFO: [VRFC 10-311] analyzing module splitter_16bit_to_16outputs
INFO: [VRFC 10-311] analyzing module splitter_12bit_to_12outputs
INFO: [VRFC 10-311] analyzing module bus_slicer_16to12
INFO: [VRFC 10-311] analyzing module register_temp
INFO: [VRFC 10-311] analyzing module multiplier_8x8
INFO: [VRFC 10-311] analyzing module split_16to8
INFO: [VRFC 10-2263] Analyzing Verilog file "D:/cd3/exp3/74161.v" into library xil_defaultlib
INFO: [VRFC 10-311] analyzing module ic_74161
INFO: [VRFC 10-2263] Analyzing Verilog file "D:/cd3/exp3/ram.v" into library xil_defaultlib
INFO: [VRFC 10-311] analyzing module ram
INFO: [VRFC 10-2263] Analyzing Verilog file "D:/cd3/exp3/16bit_reg.v" into library xil_defaultlib
INFO: [VRFC 10-311] analyzing module register_16bit
INFO: [VRFC 10-2263] Analyzing Verilog file "D:/cd3/exp3/12bit_reg.v" into library xil_defaultlib
INFO: [VRFC 10-311] analyzing module register_12bit
INFO: [VRFC 10-2263] Analyzing Verilog file "D:/cd3/exp3/mix5to1.v" into library xil_defaultlib
INFO: [VRFC 10-311] analyzing module mux_5to1_16bit
INFO: [VRFC 10-2263] Analyzing Verilog file "D:/cd3/exp3/aggregator_4bit.v" into library xil_defaultlib
INFO: [VRFC 10-311] analyzing module aggregator_4bit
INFO: [VRFC 10-2263] Analyzing Verilog file "D:/cd3/exp3/74182.v" into library xil_defaultlib
INFO: [VRFC 10-311] analyzing module carry_lookahead_74182
INFO: [VRFC 10-2263] Analyzing Verilog file "D:/cd3/exp3/74181.v" into library xil_defaultlib
INFO: [VRFC 10-311] analyzing module alu_74181
INFO: [VRFC 10-2263] Analyzing Verilog file "D:/cd3/exp3/aggregate_4x4_to_16bit.v" into library xil_defaultlib
INFO: [VRFC 10-311] analyzing module aggregate_4x4_to_16bit
INFO: [VRFC 10-311] analyzing module adpt_out_16bit
INFO: [VRFC 10-2263] Analyzing Verilog file "D:/cd3/exp3/the_16bit_to_4x4bit.v" into library xil_defaultlib
INFO: [VRFC 10-311] analyzing module the_16bit_to_4x4bit
INFO: [VRFC 10-2263] Analyzing Verilog file "D:/cd3/exp3/not_gate.v" into library xil_defaultlib
INFO: [VRFC 10-311] analyzing module not_gate
INFO: [VRFC 10-2263] Analyzing Verilog file "D:/cd4/exp/plusv.v" into library xil_defaultlib
INFO: [VRFC 10-311] analyzing module mod5_timing_generator
INFO: [VRFC 10-311] analyzing module RTI
INFO: [VRFC 10-311] analyzing module control
INFO: [VRFC 10-2263] Analyzing Verilog file "D:/cd3/exp3/and_gate.v" into library xil_defaultlib
INFO: [VRFC 10-311] analyzing module and_gate
INFO: [VRFC 10-2263] Analyzing Verilog file "D:/cd4/project_4/project_4.ip_user_files/bd/design_3/ip/design_3_adpt_in_0_0/sim/design_3_adpt_in_0_0.v" into library xil_defaultlib
INFO: [VRFC 10-311] analyzing module design_3_adpt_in_0_0
INFO: [VRFC 10-2263] Analyzing Verilog file "D:/cd4/project_4/project_4.ip_user_files/bd/design_3/ip/design_3_xlconstant_0_1/sim/design_3_xlconstant_0_1.v" into library xil_defaultlib
INFO: [VRFC 10-311] analyzing module design_3_xlconstant_0_1
INFO: [VRFC 10-2263] Analyzing Verilog file "D:/cd4/project_4/project_4.ip_user_files/bd/design_3/ip/design_3_ic_74161_0_0/sim/design_3_ic_74161_0_0.v" into library xil_defaultlib
INFO: [VRFC 10-311] analyzing module design_3_ic_74161_0_0
INFO: [VRFC 10-2263] Analyzing Verilog file "D:/cd4/project_4/project_4.ip_user_files/bd/design_3/ip/design_3_ic_74161_1_0/sim/design_3_ic_74161_1_0.v" into library xil_defaultlib
INFO: [VRFC 10-311] analyzing module design_3_ic_74161_1_0
INFO: [VRFC 10-2263] Analyzing Verilog file "D:/cd4/project_4/project_4.ip_user_files/bd/design_3/ip/design_3_ic_74161_2_0/sim/design_3_ic_74161_2_0.v" into library xil_defaultlib
INFO: [VRFC 10-311] analyzing module design_3_ic_74161_2_0
INFO: [VRFC 10-2263] Analyzing Verilog file "D:/cd4/project_4/project_4.ip_user_files/bd/design_3/ip/design_3_xlconcat_0_0/sim/design_3_xlconcat_0_0.v" into library xil_defaultlib
INFO: [VRFC 10-311] analyzing module design_3_xlconcat_0_0
INFO: [VRFC 10-2263] Analyzing Verilog file "D:/cd4/project_4/project_4.ip_user_files/bd/design_3/ip/design_3_the_12bit_to_3x4bit_0_1/sim/design_3_the_12bit_to_3x4bit_0_1.v" into library xil_defaultlib
INFO: [VRFC 10-311] analyzing module design_3_the_12bit_to_3x4bit_0_1
INFO: [VRFC 10-2263] Analyzing Verilog file "D:/cd4/project_4/project_4.ip_user_files/bd/design_3/ip/design_3_ram_0_0/sim/design_3_ram_0_0.v" into library xil_defaultlib
INFO: [VRFC 10-311] analyzing module design_3_ram_0_0
INFO: [VRFC 10-2263] Analyzing Verilog file "D:/cd4/project_4/project_4.ip_user_files/bd/design_3/ip/design_3_register_16bit_0_0/sim/design_3_register_16bit_0_0.v" into library xil_defaultlib
INFO: [VRFC 10-311] analyzing module design_3_register_16bit_0_0
INFO: [VRFC 10-2263] Analyzing Verilog file "D:/cd4/project_4/project_4.ip_user_files/bd/design_3/ip/design_3_register_16bit_1_0/sim/design_3_register_16bit_1_0.v" into library xil_defaultlib
INFO: [VRFC 10-311] analyzing module design_3_register_16bit_1_0
INFO: [VRFC 10-2263] Analyzing Verilog file "D:/cd4/project_4/project_4.ip_user_files/bd/design_3/ip/design_3_register_16bit_2_0/sim/design_3_register_16bit_2_0.v" into library xil_defaultlib
INFO: [VRFC 10-311] analyzing module design_3_register_16bit_2_0
INFO: [VRFC 10-2263] Analyzing Verilog file "D:/cd4/project_4/project_4.ip_user_files/bd/design_3/ip/design_3_register_16bit_3_0/sim/design_3_register_16bit_3_0.v" into library xil_defaultlib
INFO: [VRFC 10-311] analyzing module design_3_register_16bit_3_0
INFO: [VRFC 10-2263] Analyzing Verilog file "D:/cd4/project_4/project_4.ip_user_files/bd/design_3/ip/design_3_register_16bit_4_0/sim/design_3_register_16bit_4_0.v" into library xil_defaultlib
INFO: [VRFC 10-311] analyzing module design_3_register_16bit_4_0
INFO: [VRFC 10-2263] Analyzing Verilog file "D:/cd4/project_4/project_4.ip_user_files/bd/design_3/ip/design_3_register_12bit_0_0/sim/design_3_register_12bit_0_0.v" into library xil_defaultlib
INFO: [VRFC 10-311] analyzing module design_3_register_12bit_0_0
INFO: [VRFC 10-2263] Analyzing Verilog file "D:/cd4/project_4/project_4.ip_user_files/bd/design_3/ip/design_3_register_16bit_3_1/sim/design_3_register_16bit_3_1.v" into library xil_defaultlib
INFO: [VRFC 10-311] analyzing module design_3_register_16bit_3_1
INFO: [VRFC 10-2263] Analyzing Verilog file "D:/cd4/project_4/project_4.ip_user_files/bd/design_3/ip/design_3_MDR_0/sim/design_3_MDR_0.v" into library xil_defaultlib
INFO: [VRFC 10-311] analyzing module design_3_MDR_0
INFO: [VRFC 10-2263] Analyzing Verilog file "D:/cd4/project_4/project_4.ip_user_files/bd/design_3/ip/design_3_register_16bit_0_1/sim/design_3_register_16bit_0_1.v" into library xil_defaultlib
INFO: [VRFC 10-311] analyzing module design_3_register_16bit_0_1
INFO: [VRFC 10-2263] Analyzing Verilog file "D:/cd4/project_4/project_4.ip_user_files/bd/design_3/ip/design_3_mux_5to1_16bit_0_0/sim/design_3_mux_5to1_16bit_0_0.v" into library xil_defaultlib
INFO: [VRFC 10-311] analyzing module design_3_mux_5to1_16bit_0_0
INFO: [VRFC 10-2263] Analyzing Verilog file "D:/cd4/project_4/project_4.ip_user_files/bd/design_3/ip/design_3_aggregator_4bit_0_1/sim/design_3_aggregator_4bit_0_1.v" into library xil_defaultlib
INFO: [VRFC 10-311] analyzing module design_3_aggregator_4bit_0_1
INFO: [VRFC 10-2263] Analyzing Verilog file "D:/cd4/project_4/project_4.ip_user_files/bd/design_3/ip/design_3_carry_lookahead_74182_0_0/sim/design_3_carry_lookahead_74182_0_0.v" into library xil_defaultlib
INFO: [VRFC 10-311] analyzing module design_3_carry_lookahead_74182_0_0
INFO: [VRFC 10-2263] Analyzing Verilog file "D:/cd4/project_4/project_4.ip_user_files/bd/design_3/ip/design_3_aggregator_4bit_1_0/sim/design_3_aggregator_4bit_1_0.v" into library xil_defaultlib
INFO: [VRFC 10-311] analyzing module design_3_aggregator_4bit_1_0
INFO: [VRFC 10-2263] Analyzing Verilog file "D:/cd4/project_4/project_4.ip_user_files/bd/design_3/ip/design_3_alu_74181_0_0/sim/design_3_alu_74181_0_0.v" into library xil_defaultlib
INFO: [VRFC 10-311] analyzing module design_3_alu_74181_0_0
INFO: [VRFC 10-2263] Analyzing Verilog file "D:/cd4/project_4/project_4.ip_user_files/bd/design_3/ip/design_3_alu_74181_1_0/sim/design_3_alu_74181_1_0.v" into library xil_defaultlib
INFO: [VRFC 10-311] analyzing module design_3_alu_74181_1_0
INFO: [VRFC 10-2263] Analyzing Verilog file "D:/cd4/project_4/project_4.ip_user_files/bd/design_3/ip/design_3_alu_74181_2_0/sim/design_3_alu_74181_2_0.v" into library xil_defaultlib
INFO: [VRFC 10-311] analyzing module design_3_alu_74181_2_0
INFO: [VRFC 10-2263] Analyzing Verilog file "D:/cd4/project_4/project_4.ip_user_files/bd/design_3/ip/design_3_aggregate_4x4_to_16b_0_0/sim/design_3_aggregate_4x4_to_16b_0_0.v" into library xil_defaultlib
INFO: [VRFC 10-311] analyzing module design_3_aggregate_4x4_to_16b_0_0
INFO: [VRFC 10-2263] Analyzing Verilog file "D:/cd4/project_4/project_4.ip_user_files/bd/design_3/ip/design_3_the_16bit_to_4x4bit_2_0/sim/design_3_the_16bit_to_4x4bit_2_0.v" into library xil_defaultlib
INFO: [VRFC 10-311] analyzing module design_3_the_16bit_to_4x4bit_2_0
INFO: [VRFC 10-2263] Analyzing Verilog file "D:/cd4/project_4/project_4.ip_user_files/bd/design_3/ip/design_3_the_16bit_to_4x4bit_0_1/sim/design_3_the_16bit_to_4x4bit_0_1.v" into library xil_defaultlib
INFO: [VRFC 10-311] analyzing module design_3_the_16bit_to_4x4bit_0_1
INFO: [VRFC 10-2263] Analyzing Verilog file "D:/cd4/project_4/project_4.ip_user_files/bd/design_3/ip/design_3_alu_74181_3_0/sim/design_3_alu_74181_3_0.v" into library xil_defaultlib
INFO: [VRFC 10-311] analyzing module design_3_alu_74181_3_0
INFO: [VRFC 10-2263] Analyzing Verilog file "D:/cd4/project_4/project_4.ip_user_files/bd/design_3/ip/design_3_carry_output_splitter_0_0/sim/design_3_carry_output_splitter_0_0.v" into library xil_defaultlib
INFO: [VRFC 10-311] analyzing module design_3_carry_output_splitter_0_0
INFO: [VRFC 10-2263] Analyzing Verilog file "D:/cd4/project_4/project_4.ip_user_files/bd/design_3/ip/design_3_not_gate_1_0/sim/design_3_not_gate_1_0.v" into library xil_defaultlib
INFO: [VRFC 10-311] analyzing module design_3_not_gate_1_0
INFO: [VRFC 10-2263] Analyzing Verilog file "D:/cd4/project_4/project_4.ip_user_files/bd/design_3/ip/design_3_bus_slicer_16to12_0_0/sim/design_3_bus_slicer_16to12_0_0.v" into library xil_defaultlib
INFO: [VRFC 10-311] analyzing module design_3_bus_slicer_16to12_0_0
INFO: [VRFC 10-2263] Analyzing Verilog file "D:/cd4/project_4/project_4.ip_user_files/bd/design_3/ip/design_3_multiplier_8x8_0_0/sim/design_3_multiplier_8x8_0_0.v" into library xil_defaultlib
INFO: [VRFC 10-311] analyzing module design_3_multiplier_8x8_0_0
INFO: [VRFC 10-2263] Analyzing Verilog file "D:/cd4/project_4/project_4.ip_user_files/bd/design_3/ip/design_3_split_16to8_0_0/sim/design_3_split_16to8_0_0.v" into library xil_defaultlib
INFO: [VRFC 10-311] analyzing module design_3_split_16to8_0_0
INFO: [VRFC 10-2263] Analyzing Verilog file "D:/cd4/project_4/project_4.ip_user_files/bd/design_3/ip/design_3_R0_0/sim/design_3_R0_0.v" into library xil_defaultlib
INFO: [VRFC 10-311] analyzing module design_3_R0_0
INFO: [VRFC 10-2263] Analyzing Verilog file "D:/cd4/project_4/project_4.ip_user_files/bd/design_3/ip/design_3_mod5_timing_generator_0_0/sim/design_3_mod5_timing_generator_0_0.v" into library xil_defaultlib
INFO: [VRFC 10-311] analyzing module design_3_mod5_timing_generator_0_0
INFO: [VRFC 10-2263] Analyzing Verilog file "D:/cd4/project_4/project_4.ip_user_files/bd/design_3/ip/design_3_splitter_16bit_to_16_0_0/sim/design_3_splitter_16bit_to_16_0_0.v" into library xil_defaultlib
INFO: [VRFC 10-311] analyzing module design_3_splitter_16bit_to_16_0_0
INFO: [VRFC 10-2263] Analyzing Verilog file "D:/cd4/project_4/project_4.ip_user_files/bd/design_3/ip/design_3_not_gate_0_0/sim/design_3_not_gate_0_0.v" into library xil_defaultlib
INFO: [VRFC 10-311] analyzing module design_3_not_gate_0_0
INFO: [VRFC 10-2263] Analyzing Verilog file "D:/cd4/project_4/project_4.ip_user_files/bd/design_3/ip/design_3_RTI_0_0/sim/design_3_RTI_0_0.v" into library xil_defaultlib
INFO: [VRFC 10-311] analyzing module design_3_RTI_0_0
INFO: [VRFC 10-2263] Analyzing Verilog file "D:/cd4/project_4/project_4.ip_user_files/bd/design_3/ip/design_3_control_0_0/sim/design_3_control_0_0.v" into library xil_defaultlib
INFO: [VRFC 10-311] analyzing module design_3_control_0_0
INFO: [VRFC 10-2263] Analyzing Verilog file "D:/cd4/project_4/project_4.ip_user_files/bd/design_3/ip/design_3_not_gate_1_1/sim/design_3_not_gate_1_1.v" into library xil_defaultlib
INFO: [VRFC 10-311] analyzing module design_3_not_gate_1_1
INFO: [VRFC 10-2263] Analyzing Verilog file "D:/cd4/project_4/project_4.ip_user_files/bd/design_3/ip/design_3_and_gate_0_0/sim/design_3_and_gate_0_0.v" into library xil_defaultlib
INFO: [VRFC 10-311] analyzing module design_3_and_gate_0_0
INFO: [VRFC 10-2263] Analyzing Verilog file "D:/cd4/project_4/project_4.ip_user_files/bd/design_3/ip/design_3_and2_0_0/sim/design_3_and2_0_0.v" into library xil_defaultlib
INFO: [VRFC 10-311] analyzing module design_3_and2_0_0
INFO: [VRFC 10-2263] Analyzing Verilog file "D:/cd4/project_4/project_4.ip_user_files/bd/design_3/ip/design_3_aggregator_4bit_0_2/sim/design_3_aggregator_4bit_0_2.v" into library xil_defaultlib
INFO: [VRFC 10-311] analyzing module design_3_aggregator_4bit_0_2
INFO: [VRFC 10-2263] Analyzing Verilog file "D:/cd4/project_4/project_4.ip_user_files/bd/design_3/sim/design_3.v" into library xil_defaultlib
INFO: [VRFC 10-311] analyzing module ALU_imp_JZDUAB
INFO: [VRFC 10-311] analyzing module PC_imp_1MALNP6
INFO: [VRFC 10-311] analyzing module design_3
INFO: [VRFC 10-2263] Analyzing Verilog file "D:/cd3/design_3/hdl/design_3_wrapper.v" into library xil_defaultlib
INFO: [VRFC 10-311] analyzing module design_3_wrapper
INFO: [VRFC 10-2263] Analyzing Verilog file "D:/cd3/exp3/simple_core_test.v" into library xil_defaultlib
INFO: [VRFC 10-311] analyzing module complete_monitor_test
run_program: Time (s): cpu = 00:00:00 ; elapsed = 00:00:16 . Memory (MB): peak = 2623.848 ; gain = 0.000
INFO: [USF-XSim-69] 'compile' step finished in '16' seconds
INFO: [USF-XSim-3] XSim::Elaborate design
INFO: [USF-XSim-61] Executing 'ELABORATE' step in 'D:/cd4/project_4/project_4.sim/sim_2/behav/xsim'
"xelab --incr --debug typical --relax --mt 2 -L xil_defaultlib -L xlconstant_v1_1_9 -L xlconcat_v2_1_6 -L unisims_ver -L unimacro_ver -L secureip -L xpm --snapshot complete_monitor_test_behav xil_defaultlib.complete_monitor_test xil_defaultlib.glbl -log elaborate.log"
Vivado Simulator v2024.2.0
Copyright 1986-2022 Xilinx, Inc. All Rights Reserved.
Copyright 2022-2024 Advanced Micro Devices, Inc. All Rights Reserved.
Running: D:/Vivado/2024.2/bin/unwrapped/win64.o/xelab.exe --incr --debug typical --relax --mt 2 -L xil_defaultlib -L xlconstant_v1_1_9 -L xlconcat_v2_1_6 -L unisims_ver -L unimacro_ver -L secureip -L xpm --snapshot complete_monitor_test_behav xil_defaultlib.complete_monitor_test xil_defaultlib.glbl -log elaborate.log 
Using 2 slave threads.
Starting static elaboration
Pass Through NonSizing Optimizer
Completed static elaboration
Starting simulation data flow analysis
WARNING: [XSIM 43-4099] "D:/cd3/exp3/aggregate_4x4_to_16bit.v" Line 1. Module aggregate_4x4_to_16bit doesn't have a timescale but at least one module in design has a timescale.
WARNING: [XSIM 43-4099] "D:/cd3/exp3/aggregator_4bit.v" Line 1. Module aggregator_4bit doesn't have a timescale but at least one module in design has a timescale.
WARNING: [XSIM 43-4099] "D:/cd3/exp3/aggregator_4bit.v" Line 1. Module aggregator_4bit doesn't have a timescale but at least one module in design has a timescale.
WARNING: [XSIM 43-4099] "D:/cd3/exp3/74181.v" Line 1. Module alu_74181 doesn't have a timescale but at least one module in design has a timescale.
WARNING: [XSIM 43-4099] "D:/cd3/exp3/74181.v" Line 1. Module alu_74181 doesn't have a timescale but at least one module in design has a timescale.
WARNING: [XSIM 43-4099] "D:/cd3/exp3/74181.v" Line 1. Module alu_74181 doesn't have a timescale but at least one module in design has a timescale.
WARNING: [XSIM 43-4099] "D:/cd3/exp3/74181.v" Line 1. Module alu_74181 doesn't have a timescale but at least one module in design has a timescale.
WARNING: [XSIM 43-4099] "D:/cd3/exp3/74182.v" Line 1. Module carry_lookahead_74182 doesn't have a timescale but at least one module in design has a timescale.
WARNING: [XSIM 43-4099] "D:/cd3/exp3/exp14_source.v" Line 309. Module carry_output_splitter doesn't have a timescale but at least one module in design has a timescale.
WARNING: [XSIM 43-4099] "D:/cd3/exp3/not_gate.v" Line 1. Module not_gate doesn't have a timescale but at least one module in design has a timescale.
WARNING: [XSIM 43-4099] "D:/cd3/exp3/the_16bit_to_4x4bit.v" Line 1. Module the_16bit_to_4x4bit doesn't have a timescale but at least one module in design has a timescale.
WARNING: [XSIM 43-4099] "D:/cd3/exp3/the_16bit_to_4x4bit.v" Line 1. Module the_16bit_to_4x4bit doesn't have a timescale but at least one module in design has a timescale.
WARNING: [XSIM 43-4099] "D:/cd3/exp3/16bit_reg.v" Line 1. Module register_16bit doesn't have a timescale but at least one module in design has a timescale.
WARNING: [XSIM 43-4099] "D:/cd3/exp3/12bit_reg.v" Line 1. Module register_12bit doesn't have a timescale but at least one module in design has a timescale.
WARNING: [XSIM 43-4099] "D:/cd3/exp3/16bit_reg.v" Line 1. Module register_16bit doesn't have a timescale but at least one module in design has a timescale.
WARNING: [XSIM 43-4099] "D:/cd3/exp3/16bit_reg.v" Line 1. Module register_16bit doesn't have a timescale but at least one module in design has a timescale.
WARNING: [XSIM 43-4099] "D:/cd3/exp3/16bit_reg.v" Line 1. Module register_16bit doesn't have a timescale but at least one module in design has a timescale.
WARNING: [XSIM 43-4099] "D:/cd3/exp3/74161.v" Line 1. Module ic_74161 doesn't have a timescale but at least one module in design has a timescale.
WARNING: [XSIM 43-4099] "D:/cd3/exp3/74161.v" Line 1. Module ic_74161 doesn't have a timescale but at least one module in design has a timescale.
WARNING: [XSIM 43-4099] "D:/cd3/exp3/74161.v" Line 1. Module ic_74161 doesn't have a timescale but at least one module in design has a timescale.
WARNING: [XSIM 43-4099] "D:/cd3/exp3/exp14_source.v" Line 326. Module the_12bit_to_3x4bit doesn't have a timescale but at least one module in design has a timescale.
WARNING: [XSIM 43-4099] "D:/cd3/exp3/16bit_reg.v" Line 1. Module register_16bit doesn't have a timescale but at least one module in design has a timescale.
WARNING: [XSIM 43-4099] "D:/cd3/exp3/16bit_reg.v" Line 1. Module register_16bit doesn't have a timescale but at least one module in design has a timescale.
WARNING: [XSIM 43-4099] "D:/cd3/exp3/16bit_reg.v" Line 1. Module register_16bit doesn't have a timescale but at least one module in design has a timescale.
WARNING: [XSIM 43-4099] "D:/cd4/exp/plusv.v" Line 54. Module RTI doesn't have a timescale but at least one module in design has a timescale.
WARNING: [XSIM 43-4099] "D:/cd3/exp3/16bit_reg.v" Line 1. Module register_16bit doesn't have a timescale but at least one module in design has a timescale.
WARNING: [XSIM 43-4099] "D:/cd3/exp3/16bit_reg.v" Line 1. Module register_16bit doesn't have a timescale but at least one module in design has a timescale.
WARNING: [XSIM 43-4099] "D:/cd3/exp3/exp14_source.v" Line 1. Module adpt_in doesn't have a timescale but at least one module in design has a timescale.
WARNING: [XSIM 43-4099] "D:/cd3/exp3/aggregator_4bit.v" Line 1. Module aggregator_4bit doesn't have a timescale but at least one module in design has a timescale.
WARNING: [XSIM 43-4099] "D:/cd3/exp3/exp14_source.v" Line 76. Module and2 doesn't have a timescale but at least one module in design has a timescale.
WARNING: [XSIM 43-4099] "D:/cd3/exp3/and_gate.v" Line 1. Module and_gate doesn't have a timescale but at least one module in design has a timescale.
WARNING: [XSIM 43-4099] "D:/cd3/exp3/exp14_source.v" Line 459. Module bus_slicer_16to12 doesn't have a timescale but at least one module in design has a timescale.
WARNING: [XSIM 43-4099] "D:/cd4/exp/plusv.v" Line 83. Module control doesn't have a timescale but at least one module in design has a timescale.
WARNING: [XSIM 43-4099] "D:/cd4/exp/plusv.v" Line 1. Module mod5_timing_generator doesn't have a timescale but at least one module in design has a timescale.
WARNING: [XSIM 43-4099] "D:/cd3/exp3/exp14_source.v" Line 479. Module multiplier_8x8 doesn't have a timescale but at least one module in design has a timescale.
WARNING: [XSIM 43-4099] "D:/cd3/exp3/mix5to1.v" Line 1. Module mux_5to1_16bit doesn't have a timescale but at least one module in design has a timescale.
WARNING: [XSIM 43-4099] "D:/cd3/exp3/not_gate.v" Line 1. Module not_gate doesn't have a timescale but at least one module in design has a timescale.
WARNING: [XSIM 43-4099] "D:/cd3/exp3/not_gate.v" Line 1. Module not_gate doesn't have a timescale but at least one module in design has a timescale.
WARNING: [XSIM 43-4099] "D:/cd3/exp3/ram.v" Line 1. Module ram doesn't have a timescale but at least one module in design has a timescale.
WARNING: [XSIM 43-4099] "D:/cd3/exp3/exp14_source.v" Line 490. Module split_16to8 doesn't have a timescale but at least one module in design has a timescale.
WARNING: [XSIM 43-4099] "D:/cd3/exp3/exp14_source.v" Line 400. Module splitter_16bit_to_16outputs doesn't have a timescale but at least one module in design has a timescale.
WARNING: [XSIM 43-4099] "D:/cd3/exp3/aggregate_4x4_to_16bit.v" Line 1. Module aggregate_4x4_to_16bit doesn't have a timescale but at least one module in design has a timescale.
WARNING: [XSIM 43-4099] "D:/cd3/exp3/aggregator_4bit.v" Line 1. Module aggregator_4bit doesn't have a timescale but at least one module in design has a timescale.
WARNING: [XSIM 43-4099] "D:/cd3/exp3/aggregator_4bit.v" Line 1. Module aggregator_4bit doesn't have a timescale but at least one module in design has a timescale.
WARNING: [XSIM 43-4099] "D:/cd3/exp3/74181.v" Line 1. Module alu_74181 doesn't have a timescale but at least one module in design has a timescale.
WARNING: [XSIM 43-4099] "D:/cd3/exp3/74181.v" Line 1. Module alu_74181 doesn't have a timescale but at least one module in design has a timescale.
WARNING: [XSIM 43-4099] "D:/cd3/exp3/74181.v" Line 1. Module alu_74181 doesn't have a timescale but at least one module in design has a timescale.
WARNING: [XSIM 43-4099] "D:/cd3/exp3/74181.v" Line 1. Module alu_74181 doesn't have a timescale but at least one module in design has a timescale.
WARNING: [XSIM 43-4099] "D:/cd3/exp3/74182.v" Line 1. Module carry_lookahead_74182 doesn't have a timescale but at least one module in design has a timescale.
WARNING: [XSIM 43-4099] "D:/cd3/exp3/exp14_source.v" Line 309. Module carry_output_splitter doesn't have a timescale but at least one module in design has a timescale.
WARNING: [XSIM 43-4099] "D:/cd3/exp3/not_gate.v" Line 1. Module not_gate doesn't have a timescale but at least one module in design has a timescale.
WARNING: [XSIM 43-4099] "D:/cd3/exp3/the_16bit_to_4x4bit.v" Line 1. Module the_16bit_to_4x4bit doesn't have a timescale but at least one module in design has a timescale.
WARNING: [XSIM 43-4099] "D:/cd3/exp3/the_16bit_to_4x4bit.v" Line 1. Module the_16bit_to_4x4bit doesn't have a timescale but at least one module in design has a timescale.
WARNING: [XSIM 43-4099] "D:/cd3/exp3/16bit_reg.v" Line 1. Module register_16bit doesn't have a timescale but at least one module in design has a timescale.
WARNING: [XSIM 43-4099] "D:/cd3/exp3/12bit_reg.v" Line 1. Module register_12bit doesn't have a timescale but at least one module in design has a timescale.
WARNING: [XSIM 43-4099] "D:/cd3/exp3/16bit_reg.v" Line 1. Module register_16bit doesn't have a timescale but at least one module in design has a timescale.
WARNING: [XSIM 43-4099] "D:/cd3/exp3/16bit_reg.v" Line 1. Module register_16bit doesn't have a timescale but at least one module in design has a timescale.
WARNING: [XSIM 43-4099] "D:/cd3/exp3/16bit_reg.v" Line 1. Module register_16bit doesn't have a timescale but at least one module in design has a timescale.
WARNING: [XSIM 43-4099] "D:/cd3/exp3/74161.v" Line 1. Module ic_74161 doesn't have a timescale but at least one module in design has a timescale.
WARNING: [XSIM 43-4099] "D:/cd3/exp3/74161.v" Line 1. Module ic_74161 doesn't have a timescale but at least one module in design has a timescale.
WARNING: [XSIM 43-4099] "D:/cd3/exp3/74161.v" Line 1. Module ic_74161 doesn't have a timescale but at least one module in design has a timescale.
WARNING: [XSIM 43-4099] "D:/cd3/exp3/exp14_source.v" Line 326. Module the_12bit_to_3x4bit doesn't have a timescale but at least one module in design has a timescale.
WARNING: [XSIM 43-4099] "D:/cd3/exp3/16bit_reg.v" Line 1. Module register_16bit doesn't have a timescale but at least one module in design has a timescale.
WARNING: [XSIM 43-4099] "D:/cd3/exp3/16bit_reg.v" Line 1. Module register_16bit doesn't have a timescale but at least one module in design has a timescale.
WARNING: [XSIM 43-4099] "D:/cd3/exp3/16bit_reg.v" Line 1. Module register_16bit doesn't have a timescale but at least one module in design has a timescale.
WARNING: [XSIM 43-4099] "D:/cd4/exp/plusv.v" Line 54. Module RTI doesn't have a timescale but at least one module in design has a timescale.
WARNING: [XSIM 43-4099] "D:/cd3/exp3/16bit_reg.v" Line 1. Module register_16bit doesn't have a timescale but at least one module in design has a timescale.
WARNING: [XSIM 43-4099] "D:/cd3/exp3/16bit_reg.v" Line 1. Module register_16bit doesn't have a timescale but at least one module in design has a timescale.
WARNING: [XSIM 43-4099] "D:/cd3/exp3/exp14_source.v" Line 1. Module adpt_in doesn't have a timescale but at least one module in design has a timescale.
WARNING: [XSIM 43-4099] "D:/cd3/exp3/aggregator_4bit.v" Line 1. Module aggregator_4bit doesn't have a timescale but at least one module in design has a timescale.
WARNING: [XSIM 43-4099] "D:/cd3/exp3/exp14_source.v" Line 76. Module and2 doesn't have a timescale but at least one module in design has a timescale.
WARNING: [XSIM 43-4099] "D:/cd3/exp3/and_gate.v" Line 1. Module and_gate doesn't have a timescale but at least one module in design has a timescale.
WARNING: [XSIM 43-4099] "D:/cd3/exp3/exp14_source.v" Line 459. Module bus_slicer_16to12 doesn't have a timescale but at least one module in design has a timescale.
WARNING: [XSIM 43-4099] "D:/cd4/exp/plusv.v" Line 83. Module control doesn't have a timescale but at least one module in design has a timescale.
WARNING: [XSIM 43-4099] "D:/cd4/exp/plusv.v" Line 1. Module mod5_timing_generator doesn't have a timescale but at least one module in design has a timescale.
WARNING: [XSIM 43-4099] "D:/cd3/exp3/exp14_source.v" Line 479. Module multiplier_8x8 doesn't have a timescale but at least one module in design has a timescale.
WARNING: [XSIM 43-4099] "D:/cd3/exp3/mix5to1.v" Line 1. Module mux_5to1_16bit doesn't have a timescale but at least one module in design has a timescale.
WARNING: [XSIM 43-4099] "D:/cd3/exp3/not_gate.v" Line 1. Module not_gate doesn't have a timescale but at least one module in design has a timescale.
WARNING: [XSIM 43-4099] "D:/cd3/exp3/not_gate.v" Line 1. Module not_gate doesn't have a timescale but at least one module in design has a timescale.
WARNING: [XSIM 43-4099] "D:/cd3/exp3/ram.v" Line 1. Module ram doesn't have a timescale but at least one module in design has a timescale.
WARNING: [XSIM 43-4099] "D:/cd3/exp3/exp14_source.v" Line 490. Module split_16to8 doesn't have a timescale but at least one module in design has a timescale.
WARNING: [XSIM 43-4099] "D:/cd3/exp3/exp14_source.v" Line 400. Module splitter_16bit_to_16outputs doesn't have a timescale but at least one module in design has a timescale.
Completed simulation data flow analysis
Time Resolution for simulation is 1ps
Compiling module xil_defaultlib.aggregate_4x4_to_16bit
Compiling module xil_defaultlib.design_3_aggregate_4x4_to_16b_0_...
Compiling module xil_defaultlib.aggregator_4bit
Compiling module xil_defaultlib.design_3_aggregator_4bit_0_1
Compiling module xil_defaultlib.design_3_aggregator_4bit_1_0
Compiling module xil_defaultlib.alu_74181
Compiling module xil_defaultlib.design_3_alu_74181_0_0
Compiling module xil_defaultlib.design_3_alu_74181_1_0
Compiling module xil_defaultlib.design_3_alu_74181_2_0
Compiling module xil_defaultlib.design_3_alu_74181_3_0
Compiling module xil_defaultlib.carry_lookahead_74182
Compiling module xil_defaultlib.design_3_carry_lookahead_74182_0...
Compiling module xil_defaultlib.carry_output_splitter
Compiling module xil_defaultlib.design_3_carry_output_splitter_0...
Compiling module xil_defaultlib.not_gate
Compiling module xil_defaultlib.design_3_not_gate_1_0
Compiling module xil_defaultlib.the_16bit_to_4x4bit
Compiling module xil_defaultlib.design_3_the_16bit_to_4x4bit_0_1
Compiling module xil_defaultlib.design_3_the_16bit_to_4x4bit_2_0
Compiling module xil_defaultlib.ALU_imp_JZDUAB
Compiling module xil_defaultlib.register_16bit
Compiling module xil_defaultlib.design_3_register_16bit_0_1
Compiling module xil_defaultlib.register_12bit
Compiling module xil_defaultlib.design_3_register_12bit_0_0
Compiling module xil_defaultlib.design_3_register_16bit_3_1
Compiling module xil_defaultlib.design_3_MDR_0
Compiling module xil_defaultlib.design_3_R0_0
Compiling module xil_defaultlib.ic_74161
Compiling module xil_defaultlib.design_3_ic_74161_0_0
Compiling module xil_defaultlib.design_3_ic_74161_1_0
Compiling module xil_defaultlib.design_3_ic_74161_2_0
Compiling module xil_defaultlib.the_12bit_to_3x4bit
Compiling module xil_defaultlib.design_3_the_12bit_to_3x4bit_0_1
Compiling module xlconcat_v2_1_6.xlconcat_v2_1_6_xlconcat(IN0_WID...
Compiling module xil_defaultlib.design_3_xlconcat_0_0
Compiling module xil_defaultlib.PC_imp_1MALNP6
Compiling module xil_defaultlib.design_3_register_16bit_0_0
Compiling module xil_defaultlib.design_3_register_16bit_1_0
Compiling module xil_defaultlib.design_3_register_16bit_2_0
Compiling module xil_defaultlib.RTI
Compiling module xil_defaultlib.design_3_RTI_0_0
Compiling module xil_defaultlib.design_3_register_16bit_3_0
Compiling module xil_defaultlib.design_3_register_16bit_4_0
Compiling module xil_defaultlib.adpt_in
Compiling module xil_defaultlib.design_3_adpt_in_0_0
Compiling module xil_defaultlib.design_3_aggregator_4bit_0_2
Compiling module xil_defaultlib.and2
Compiling module xil_defaultlib.design_3_and2_0_0
Compiling module xil_defaultlib.and_gate
Compiling module xil_defaultlib.design_3_and_gate_0_0
Compiling module xil_defaultlib.bus_slicer_16to12
Compiling module xil_defaultlib.design_3_bus_slicer_16to12_0_0
Compiling module xil_defaultlib.control
Compiling module xil_defaultlib.design_3_control_0_0
Compiling module xil_defaultlib.mod5_timing_generator
Compiling module xil_defaultlib.design_3_mod5_timing_generator_0...
Compiling module xil_defaultlib.multiplier_8x8
Compiling module xil_defaultlib.design_3_multiplier_8x8_0_0
Compiling module xil_defaultlib.mux_5to1_16bit
Compiling module xil_defaultlib.design_3_mux_5to1_16bit_0_0
Compiling module xil_defaultlib.design_3_not_gate_0_0
Compiling module xil_defaultlib.design_3_not_gate_1_1
Compiling module xil_defaultlib.ram
Compiling module xil_defaultlib.design_3_ram_0_0
Compiling module xil_defaultlib.split_16to8
Compiling module xil_defaultlib.design_3_split_16to8_0_0
Compiling module xil_defaultlib.splitter_16bit_to_16outputs
Compiling module xil_defaultlib.design_3_splitter_16bit_to_16_0_...
Compiling module xlconstant_v1_1_9.xlconstant_v1_1_9_xlconstant(CON...
Compiling module xil_defaultlib.design_3_xlconstant_0_1
Compiling module xil_defaultlib.design_3
Compiling module xil_defaultlib.design_3_wrapper
Compiling module xil_defaultlib.complete_monitor_test
Compiling module xil_defaultlib.glbl
Built simulation snapshot complete_monitor_test_behav
run_program: Time (s): cpu = 00:00:01 ; elapsed = 00:00:12 . Memory (MB): peak = 2623.848 ; gain = 0.000
INFO: [USF-XSim-69] 'elaborate' step finished in '12' seconds
INFO: [USF-XSim-4] XSim::Simulate design
INFO: [USF-XSim-61] Executing 'SIMULATE' step in 'D:/cd4/project_4/project_4.sim/sim_2/behav/xsim'
INFO: [USF-XSim-98] *** Running xsim
   with args "complete_monitor_test_behav -key {Behavioral:sim_2:Functional:complete_monitor_test} -tclbatch {complete_monitor_test.tcl} -protoinst "protoinst_files/design_3.protoinst" -log {simulate.log}"
INFO: [USF-XSim-8] Loading simulator feature
INFO: [Wavedata 42-565] Reading protoinst file protoinst_files/design_3.protoinst
Time resolution is 1 ps
source complete_monitor_test.tcl
# set curr_wave [current_wave_config]
# if { [string length $curr_wave] == 0 } {
#   if { [llength [get_objects]] > 0} {
#     add_wave /
#     set_property needs_save false [current_wave_config]
#   } else {
#      send_msg_id Add_Wave-1 WARNING "No top level signals found. Simulator will start without a wave window. If you want to open a wave window go to 'File->New Waveform Configuration' or type 'create_wave_config' in the TCL console."
#   }
# }
# run 1000ns
============== 完整监控测试 ==============
仿真时间: 20000 ns, 时钟周期: 10 ns
时间(ns)	复位	uPC		Crom		Bus		MAR
----------------------------------------------------------------
10000		0	0xzzz	0xzzzzzz	0x0000	0x000
100000		1	0xzzz	0xzzzzzz	0x0000	0x000 <- 复位释放
105000		1	0xzzz	0xzzzzzz	0x0000	0x000
205000		1	0xzzz	0xzzzzzz	0x0000	0x002
305000		1	0xzzz	0xzzzzzz	0x0000	0x004
405000		1	0xzzz	0xzzzzzz	0x0000	0x005
505000		1	0xzzz	0xzzzzzz	0x0000	0x007
605000		1	0xzzz	0xzzzzzz	0x0000	0x008
705000		1	0xzzz	0xzzzzzz	0x0000	0x009
805000		1	0xzzz	0xzzzzzz	0x0000	0x00a
905000		1	0xzzz	0xzzzzzz	0x0000	0x00b
INFO: [USF-XSim-96] XSim completed. Design snapshot 'complete_monitor_test_behav' loaded.
INFO: [USF-XSim-97] XSim simulation ran for 1000ns
launch_simulation: Time (s): cpu = 00:00:01 ; elapsed = 00:00:34 . Memory (MB): peak = 2623.848 ; gain = 0.000
WARNING: [filemgmt 56-199] Attempt to get parsing info during refresh. "On-the-fly" syntax checking information may be incorrect. [D:\cd3\exp3\simple_core_test.v:]
WARNING: [filemgmt 56-199] Attempt to get parsing info during refresh. "On-the-fly" syntax checking information may be incorrect. [D:\cd4\exp\plusv.v:]
WARNING: [filemgmt 56-199] Attempt to get parsing info during refresh. "On-the-fly" syntax checking information may be incorrect. [D:\cd4\exp\plusv.v:]
WARNING: [filemgmt 56-199] Attempt to get parsing info during refresh. "On-the-fly" syntax checking information may be incorrect. [D:\cd4\exp\plusv.v:]
ERROR: [Common 17-180] Spawn failed: No error
close_sim
INFO: [Simtcl 6-16] Simulation closed
WARNING: [filemgmt 56-199] Attempt to get parsing info during refresh. "On-the-fly" syntax checking information may be incorrect. [D:\cd3\exp3\simple_core_test.v:]
WARNING: [filemgmt 56-199] Attempt to get parsing info during refresh. "On-the-fly" syntax checking information may be incorrect. [D:\cd4\exp\plusv.v:]
WARNING: [filemgmt 56-199] Attempt to get parsing info during refresh. "On-the-fly" syntax checking information may be incorrect. [D:\cd4\exp\plusv.v:]
WARNING: [filemgmt 56-199] Attempt to get parsing info during refresh. "On-the-fly" syntax checking information may be incorrect. [D:\cd4\exp\plusv.v:]
ERROR: [Common 17-180] Spawn failed: No error
report_ip_status -name ip_status 
update_module_reference [get_ips  {design_3_control_0_0 design_3_mod5_timing_generator_0_0 design_3_RTI_0_0}]
INFO: [IP_Flow 19-5107] Inferred bus interface 'rst_n' of definition 'xilinx.com:signal:reset:1.0' (from Xilinx Repository).
INFO: [IP_Flow 19-5107] Inferred bus interface 'clk' of definition 'xilinx.com:signal:clock:1.0' (from Xilinx Repository).
INFO: [IP_Flow 19-4728] Bus Interface 'rst_n': Added interface parameter 'POLARITY' with value 'ACTIVE_LOW'.
WARNING: [IP_Flow 19-5661] Bus Interface 'clk' does not have any bus interfaces associated with it.
WARNING: [IP_Flow 19-11770] Clock interface 'clk' has no FREQ_HZ parameter.
INFO: [IP_Flow 19-5107] Inferred bus interface 'rst_n' of definition 'xilinx.com:signal:reset:1.0' (from Xilinx Repository).
INFO: [IP_Flow 19-5107] Inferred bus interface 'clk' of definition 'xilinx.com:signal:clock:1.0' (from Xilinx Repository).
INFO: [IP_Flow 19-4728] Bus Interface 'rst_n': Added interface parameter 'POLARITY' with value 'ACTIVE_LOW'.
WARNING: [IP_Flow 19-5661] Bus Interface 'clk' does not have any bus interfaces associated with it.
WARNING: [IP_Flow 19-11770] Clock interface 'clk' has no FREQ_HZ parameter.
Upgrading 'D:/cd3/design_3/design_3.bd'
INFO: [IP_Flow 19-3420] Updated design_3_RTI_0_0 to use current project options
INFO: [IP_Flow 19-3420] Updated design_3_control_0_0 to use current project options
INFO: [IP_Flow 19-3420] Updated design_3_mod5_timing_generator_0_0 to use current project options
Wrote  : <D:\cd3\design_3\design_3.bd> 
update_module_reference: Time (s): cpu = 00:00:01 ; elapsed = 00:00:08 . Memory (MB): peak = 2623.848 ; gain = 0.000
generate_target Simulation [get_files D:/cd3/design_3/design_3.bd]
CRITICAL WARNING: [BD 41-1367] The port name 'out' of cell '/mux_5to1_16bit_0' is a reserved keyword in a Hardware Description Language. Please consider renaming the port.
CRITICAL WARNING: [BD 41-1367] The port name 'AND' of cell '/RTI_0' is a reserved keyword in a Hardware Description Language. Please consider renaming the port.
CRITICAL WARNING: [BD 41-1367] The port name 'OR' of cell '/RTI_0' is a reserved keyword in a Hardware Description Language. Please consider renaming the port.
CRITICAL WARNING: [BD 41-1367] The port name 'AND' of cell '/control_0' is a reserved keyword in a Hardware Description Language. Please consider renaming the port.
CRITICAL WARNING: [BD 41-1367] The port name 'OR' of cell '/control_0' is a reserved keyword in a Hardware Description Language. Please consider renaming the port.
CRITICAL WARNING: [BD 41-759] The input pins (listed below) are either not connected or do not have a source port, and they don't have a tie-off specified. These pins are tied-off to all 0's to avoid error in Implementation flow.
Please check your design and connect them as needed: 
/mux_5to1_16bit_0/selIR
/mux_5to1_16bit_0/selMUL
/MUL/read_en

Wrote  : <D:\cd3\design_3\design_3.bd> 
CRITICAL WARNING: [BD 41-2383] Width mismatch when connecting input pin '/mux_5to1_16bit_0/PC'(16) to pin '/PC/dout'(12) - Only lower order bits will be connected, and other input bits of this pin will be left unconnected.
Verilog Output written to : D:/cd3/design_3/synth/design_3.v
CRITICAL WARNING: [BD 41-2383] Width mismatch when connecting input pin '/mux_5to1_16bit_0/PC'(16) to pin '/PC/dout'(12) - Only lower order bits will be connected, and other input bits of this pin will be left unconnected.
Verilog Output written to : D:/cd3/design_3/sim/design_3.v
Verilog Output written to : D:/cd3/design_3/hdl/design_3_wrapper.v
INFO: [BD 41-1029] Generation completed for the IP Integrator block mod5_timing_generator_0 .
INFO: [BD 41-1029] Generation completed for the IP Integrator block RTI_0 .
INFO: [BD 41-1029] Generation completed for the IP Integrator block control_0 .
Exporting to file D:/cd3/design_3/hw_handoff/design_3.hwh
Generated Hardware Definition File D:/cd3/design_3/synth/design_3.hwdef
export_ip_user_files -of_objects [get_files D:/cd3/design_3/design_3.bd] -no_script -sync -force -quiet
export_simulation -of_objects [get_files D:/cd3/design_3/design_3.bd] -directory D:/cd4/project_4/project_4.ip_user_files/sim_scripts -ip_user_files_dir D:/cd4/project_4/project_4.ip_user_files -ipstatic_source_dir D:/cd4/project_4/project_4.ip_user_files/ipstatic -lib_map_path [list {modelsim=D:/cd4/project_4/project_4.cache/compile_simlib/modelsim} {questa=D:/cd4/project_4/project_4.cache/compile_simlib/questa} {riviera=D:/cd4/project_4/project_4.cache/compile_simlib/riviera} {activehdl=D:/cd4/project_4/project_4.cache/compile_simlib/activehdl}] -use_ip_compiled_libs -force -quiet
launch_simulation -simset [get_filesets sim_2 ]
Command: launch_simulation  -simset sim_2
INFO: [Vivado 12-12493] Simulation top is 'complete_monitor_test'
WARNING: [Vivado 12-13340] Unable to auto find GCC executables from simulator install path! (path not set)
INFO: [Vivado 12-5698] Checking validity of IPs in the design for the 'XSim' simulator...
INFO: [Vivado 12-5682] Launching behavioral simulation in 'D:/cd4/project_4/project_4.sim/sim_2/behav/xsim'
INFO: [Vivado 12-13660] Precompiled IP simulation library mode is enabled (default). The design IP libraries will be referenced from the compiled library path. Please note that if the precompiled version of the library is not found from the path or the IP is in locked state, then the library source files for these IPs will be compiled locally as part of the compile order.
INFO: [Vivado 12-4795] Using compiled simulation libraries for IPs
INFO: [SIM-utils-51] Simulation object is 'sim_2'
INFO: [SIM-utils-72] Using boost library from 'D:/Vivado/2024.2/tps/boost_1_72_0'
INFO: [USF-XSim-7] Finding pre-compiled libraries...
INFO: [USF-XSim-11] File 'D:/Vivado/2024.2/data/xsim/xsim.ini' copied to run dir:'D:/cd4/project_4/project_4.sim/sim_2/behav/xsim'
INFO: [SIM-utils-54] Inspecting design source files for 'complete_monitor_test' in fileset 'sim_2'...
INFO: [USF-XSim-97] Finding global include files...
INFO: [USF-XSim-98] Fetching design files from 'sim_2'...
INFO: [USF-XSim-2] XSim::Compile design
INFO: [USF-XSim-61] Executing 'COMPILE and ANALYZE' step in 'D:/cd4/project_4/project_4.sim/sim_2/behav/xsim'
"xvlog --incr --relax -prj complete_monitor_test_vlog.prj"
INFO: [VRFC 10-2263] Analyzing Verilog file "D:/cd3/exp3/exp14_source.v" into library xil_defaultlib
INFO: [VRFC 10-311] analyzing module adpt_in
INFO: [VRFC 10-311] analyzing module adpt_out
INFO: [VRFC 10-311] analyzing module adpt_out8
INFO: [VRFC 10-311] analyzing module adpt_out12
INFO: [VRFC 10-311] analyzing module adpt_out16
INFO: [VRFC 10-311] analyzing module adpt_out23
INFO: [VRFC 10-311] analyzing module and2
INFO: [VRFC 10-311] analyzing module not1
INFO: [VRFC 10-311] analyzing module addr_adpt
INFO: [VRFC 10-311] analyzing module UIR
INFO: [VRFC 10-311] analyzing module m74LS161
INFO: [VRFC 10-311] analyzing module rom1_256x24
INFO: [VRFC 10-311] analyzing module rom2_4Kx16
INFO: [VRFC 10-311] analyzing module adder4
INFO: [VRFC 10-311] analyzing module dff4
WARNING: [VRFC 10-9336] redeclaration of ANSI port 'Q3' is not allowed [D:/cd3/exp3/exp14_source.v:265]
INFO: [VRFC 10-311] analyzing module shifter
INFO: [VRFC 10-311] analyzing module carry_output_splitter
INFO: [VRFC 10-311] analyzing module the_12bit_to_3x4bit
INFO: [VRFC 10-311] analyzing module four_bit_checker
INFO: [VRFC 10-311] analyzing module or3_gate
INFO: [VRFC 10-311] analyzing module aggregator_12inputs_to_12bit_sync
INFO: [VRFC 10-311] analyzing module splitter_16bit_to_16outputs
INFO: [VRFC 10-311] analyzing module splitter_12bit_to_12outputs
INFO: [VRFC 10-311] analyzing module bus_slicer_16to12
INFO: [VRFC 10-311] analyzing module register_temp
INFO: [VRFC 10-311] analyzing module multiplier_8x8
INFO: [VRFC 10-311] analyzing module split_16to8
INFO: [VRFC 10-2263] Analyzing Verilog file "D:/cd3/exp3/74161.v" into library xil_defaultlib
INFO: [VRFC 10-311] analyzing module ic_74161
INFO: [VRFC 10-2263] Analyzing Verilog file "D:/cd3/exp3/ram.v" into library xil_defaultlib
INFO: [VRFC 10-311] analyzing module ram
INFO: [VRFC 10-2263] Analyzing Verilog file "D:/cd3/exp3/16bit_reg.v" into library xil_defaultlib
INFO: [VRFC 10-311] analyzing module register_16bit
INFO: [VRFC 10-2263] Analyzing Verilog file "D:/cd3/exp3/12bit_reg.v" into library xil_defaultlib
INFO: [VRFC 10-311] analyzing module register_12bit
INFO: [VRFC 10-2263] Analyzing Verilog file "D:/cd3/exp3/mix5to1.v" into library xil_defaultlib
INFO: [VRFC 10-311] analyzing module mux_5to1_16bit
INFO: [VRFC 10-2263] Analyzing Verilog file "D:/cd3/exp3/aggregator_4bit.v" into library xil_defaultlib
INFO: [VRFC 10-311] analyzing module aggregator_4bit
INFO: [VRFC 10-2263] Analyzing Verilog file "D:/cd3/exp3/74182.v" into library xil_defaultlib
INFO: [VRFC 10-311] analyzing module carry_lookahead_74182
INFO: [VRFC 10-2263] Analyzing Verilog file "D:/cd3/exp3/74181.v" into library xil_defaultlib
INFO: [VRFC 10-311] analyzing module alu_74181
INFO: [VRFC 10-2263] Analyzing Verilog file "D:/cd3/exp3/aggregate_4x4_to_16bit.v" into library xil_defaultlib
INFO: [VRFC 10-311] analyzing module aggregate_4x4_to_16bit
INFO: [VRFC 10-311] analyzing module adpt_out_16bit
INFO: [VRFC 10-2263] Analyzing Verilog file "D:/cd3/exp3/the_16bit_to_4x4bit.v" into library xil_defaultlib
INFO: [VRFC 10-311] analyzing module the_16bit_to_4x4bit
INFO: [VRFC 10-2263] Analyzing Verilog file "D:/cd3/exp3/not_gate.v" into library xil_defaultlib
INFO: [VRFC 10-311] analyzing module not_gate
INFO: [VRFC 10-2263] Analyzing Verilog file "D:/cd4/exp/plusv.v" into library xil_defaultlib
INFO: [VRFC 10-311] analyzing module mod5_timing_generator
INFO: [VRFC 10-311] analyzing module RTI
INFO: [VRFC 10-311] analyzing module control
INFO: [VRFC 10-2263] Analyzing Verilog file "D:/cd3/exp3/and_gate.v" into library xil_defaultlib
INFO: [VRFC 10-311] analyzing module and_gate
INFO: [VRFC 10-2263] Analyzing Verilog file "D:/cd4/project_4/project_4.ip_user_files/bd/design_3/ip/design_3_adpt_in_0_0/sim/design_3_adpt_in_0_0.v" into library xil_defaultlib
INFO: [VRFC 10-311] analyzing module design_3_adpt_in_0_0
INFO: [VRFC 10-2263] Analyzing Verilog file "D:/cd4/project_4/project_4.ip_user_files/bd/design_3/ip/design_3_xlconstant_0_1/sim/design_3_xlconstant_0_1.v" into library xil_defaultlib
INFO: [VRFC 10-311] analyzing module design_3_xlconstant_0_1
INFO: [VRFC 10-2263] Analyzing Verilog file "D:/cd4/project_4/project_4.ip_user_files/bd/design_3/ip/design_3_ic_74161_0_0/sim/design_3_ic_74161_0_0.v" into library xil_defaultlib
INFO: [VRFC 10-311] analyzing module design_3_ic_74161_0_0
INFO: [VRFC 10-2263] Analyzing Verilog file "D:/cd4/project_4/project_4.ip_user_files/bd/design_3/ip/design_3_ic_74161_1_0/sim/design_3_ic_74161_1_0.v" into library xil_defaultlib
INFO: [VRFC 10-311] analyzing module design_3_ic_74161_1_0
INFO: [VRFC 10-2263] Analyzing Verilog file "D:/cd4/project_4/project_4.ip_user_files/bd/design_3/ip/design_3_ic_74161_2_0/sim/design_3_ic_74161_2_0.v" into library xil_defaultlib
INFO: [VRFC 10-311] analyzing module design_3_ic_74161_2_0
INFO: [VRFC 10-2263] Analyzing Verilog file "D:/cd4/project_4/project_4.ip_user_files/bd/design_3/ip/design_3_xlconcat_0_0/sim/design_3_xlconcat_0_0.v" into library xil_defaultlib
INFO: [VRFC 10-311] analyzing module design_3_xlconcat_0_0
INFO: [VRFC 10-2263] Analyzing Verilog file "D:/cd4/project_4/project_4.ip_user_files/bd/design_3/ip/design_3_the_12bit_to_3x4bit_0_1/sim/design_3_the_12bit_to_3x4bit_0_1.v" into library xil_defaultlib
INFO: [VRFC 10-311] analyzing module design_3_the_12bit_to_3x4bit_0_1
INFO: [VRFC 10-2263] Analyzing Verilog file "D:/cd4/project_4/project_4.ip_user_files/bd/design_3/ip/design_3_ram_0_0/sim/design_3_ram_0_0.v" into library xil_defaultlib
INFO: [VRFC 10-311] analyzing module design_3_ram_0_0
INFO: [VRFC 10-2263] Analyzing Verilog file "D:/cd4/project_4/project_4.ip_user_files/bd/design_3/ip/design_3_register_16bit_0_0/sim/design_3_register_16bit_0_0.v" into library xil_defaultlib
INFO: [VRFC 10-311] analyzing module design_3_register_16bit_0_0
INFO: [VRFC 10-2263] Analyzing Verilog file "D:/cd4/project_4/project_4.ip_user_files/bd/design_3/ip/design_3_register_16bit_1_0/sim/design_3_register_16bit_1_0.v" into library xil_defaultlib
INFO: [VRFC 10-311] analyzing module design_3_register_16bit_1_0
INFO: [VRFC 10-2263] Analyzing Verilog file "D:/cd4/project_4/project_4.ip_user_files/bd/design_3/ip/design_3_register_16bit_2_0/sim/design_3_register_16bit_2_0.v" into library xil_defaultlib
INFO: [VRFC 10-311] analyzing module design_3_register_16bit_2_0
INFO: [VRFC 10-2263] Analyzing Verilog file "D:/cd4/project_4/project_4.ip_user_files/bd/design_3/ip/design_3_register_16bit_3_0/sim/design_3_register_16bit_3_0.v" into library xil_defaultlib
INFO: [VRFC 10-311] analyzing module design_3_register_16bit_3_0
INFO: [VRFC 10-2263] Analyzing Verilog file "D:/cd4/project_4/project_4.ip_user_files/bd/design_3/ip/design_3_register_16bit_4_0/sim/design_3_register_16bit_4_0.v" into library xil_defaultlib
INFO: [VRFC 10-311] analyzing module design_3_register_16bit_4_0
INFO: [VRFC 10-2263] Analyzing Verilog file "D:/cd4/project_4/project_4.ip_user_files/bd/design_3/ip/design_3_register_12bit_0_0/sim/design_3_register_12bit_0_0.v" into library xil_defaultlib
INFO: [VRFC 10-311] analyzing module design_3_register_12bit_0_0
INFO: [VRFC 10-2263] Analyzing Verilog file "D:/cd4/project_4/project_4.ip_user_files/bd/design_3/ip/design_3_register_16bit_3_1/sim/design_3_register_16bit_3_1.v" into library xil_defaultlib
INFO: [VRFC 10-311] analyzing module design_3_register_16bit_3_1
INFO: [VRFC 10-2263] Analyzing Verilog file "D:/cd4/project_4/project_4.ip_user_files/bd/design_3/ip/design_3_MDR_0/sim/design_3_MDR_0.v" into library xil_defaultlib
INFO: [VRFC 10-311] analyzing module design_3_MDR_0
INFO: [VRFC 10-2263] Analyzing Verilog file "D:/cd4/project_4/project_4.ip_user_files/bd/design_3/ip/design_3_register_16bit_0_1/sim/design_3_register_16bit_0_1.v" into library xil_defaultlib
INFO: [VRFC 10-311] analyzing module design_3_register_16bit_0_1
INFO: [VRFC 10-2263] Analyzing Verilog file "D:/cd4/project_4/project_4.ip_user_files/bd/design_3/ip/design_3_mux_5to1_16bit_0_0/sim/design_3_mux_5to1_16bit_0_0.v" into library xil_defaultlib
INFO: [VRFC 10-311] analyzing module design_3_mux_5to1_16bit_0_0
INFO: [VRFC 10-2263] Analyzing Verilog file "D:/cd4/project_4/project_4.ip_user_files/bd/design_3/ip/design_3_aggregator_4bit_0_1/sim/design_3_aggregator_4bit_0_1.v" into library xil_defaultlib
INFO: [VRFC 10-311] analyzing module design_3_aggregator_4bit_0_1
INFO: [VRFC 10-2263] Analyzing Verilog file "D:/cd4/project_4/project_4.ip_user_files/bd/design_3/ip/design_3_carry_lookahead_74182_0_0/sim/design_3_carry_lookahead_74182_0_0.v" into library xil_defaultlib
INFO: [VRFC 10-311] analyzing module design_3_carry_lookahead_74182_0_0
INFO: [VRFC 10-2263] Analyzing Verilog file "D:/cd4/project_4/project_4.ip_user_files/bd/design_3/ip/design_3_aggregator_4bit_1_0/sim/design_3_aggregator_4bit_1_0.v" into library xil_defaultlib
INFO: [VRFC 10-311] analyzing module design_3_aggregator_4bit_1_0
INFO: [VRFC 10-2263] Analyzing Verilog file "D:/cd4/project_4/project_4.ip_user_files/bd/design_3/ip/design_3_alu_74181_0_0/sim/design_3_alu_74181_0_0.v" into library xil_defaultlib
INFO: [VRFC 10-311] analyzing module design_3_alu_74181_0_0
INFO: [VRFC 10-2263] Analyzing Verilog file "D:/cd4/project_4/project_4.ip_user_files/bd/design_3/ip/design_3_alu_74181_1_0/sim/design_3_alu_74181_1_0.v" into library xil_defaultlib
INFO: [VRFC 10-311] analyzing module design_3_alu_74181_1_0
INFO: [VRFC 10-2263] Analyzing Verilog file "D:/cd4/project_4/project_4.ip_user_files/bd/design_3/ip/design_3_alu_74181_2_0/sim/design_3_alu_74181_2_0.v" into library xil_defaultlib
INFO: [VRFC 10-311] analyzing module design_3_alu_74181_2_0
INFO: [VRFC 10-2263] Analyzing Verilog file "D:/cd4/project_4/project_4.ip_user_files/bd/design_3/ip/design_3_aggregate_4x4_to_16b_0_0/sim/design_3_aggregate_4x4_to_16b_0_0.v" into library xil_defaultlib
INFO: [VRFC 10-311] analyzing module design_3_aggregate_4x4_to_16b_0_0
INFO: [VRFC 10-2263] Analyzing Verilog file "D:/cd4/project_4/project_4.ip_user_files/bd/design_3/ip/design_3_the_16bit_to_4x4bit_2_0/sim/design_3_the_16bit_to_4x4bit_2_0.v" into library xil_defaultlib
INFO: [VRFC 10-311] analyzing module design_3_the_16bit_to_4x4bit_2_0
INFO: [VRFC 10-2263] Analyzing Verilog file "D:/cd4/project_4/project_4.ip_user_files/bd/design_3/ip/design_3_the_16bit_to_4x4bit_0_1/sim/design_3_the_16bit_to_4x4bit_0_1.v" into library xil_defaultlib
INFO: [VRFC 10-311] analyzing module design_3_the_16bit_to_4x4bit_0_1
INFO: [VRFC 10-2263] Analyzing Verilog file "D:/cd4/project_4/project_4.ip_user_files/bd/design_3/ip/design_3_alu_74181_3_0/sim/design_3_alu_74181_3_0.v" into library xil_defaultlib
INFO: [VRFC 10-311] analyzing module design_3_alu_74181_3_0
INFO: [VRFC 10-2263] Analyzing Verilog file "D:/cd4/project_4/project_4.ip_user_files/bd/design_3/ip/design_3_carry_output_splitter_0_0/sim/design_3_carry_output_splitter_0_0.v" into library xil_defaultlib
INFO: [VRFC 10-311] analyzing module design_3_carry_output_splitter_0_0
INFO: [VRFC 10-2263] Analyzing Verilog file "D:/cd4/project_4/project_4.ip_user_files/bd/design_3/ip/design_3_not_gate_1_0/sim/design_3_not_gate_1_0.v" into library xil_defaultlib
INFO: [VRFC 10-311] analyzing module design_3_not_gate_1_0
INFO: [VRFC 10-2263] Analyzing Verilog file "D:/cd4/project_4/project_4.ip_user_files/bd/design_3/ip/design_3_bus_slicer_16to12_0_0/sim/design_3_bus_slicer_16to12_0_0.v" into library xil_defaultlib
INFO: [VRFC 10-311] analyzing module design_3_bus_slicer_16to12_0_0
INFO: [VRFC 10-2263] Analyzing Verilog file "D:/cd4/project_4/project_4.ip_user_files/bd/design_3/ip/design_3_multiplier_8x8_0_0/sim/design_3_multiplier_8x8_0_0.v" into library xil_defaultlib
INFO: [VRFC 10-311] analyzing module design_3_multiplier_8x8_0_0
INFO: [VRFC 10-2263] Analyzing Verilog file "D:/cd4/project_4/project_4.ip_user_files/bd/design_3/ip/design_3_split_16to8_0_0/sim/design_3_split_16to8_0_0.v" into library xil_defaultlib
INFO: [VRFC 10-311] analyzing module design_3_split_16to8_0_0
INFO: [VRFC 10-2263] Analyzing Verilog file "D:/cd4/project_4/project_4.ip_user_files/bd/design_3/ip/design_3_R0_0/sim/design_3_R0_0.v" into library xil_defaultlib
INFO: [VRFC 10-311] analyzing module design_3_R0_0
INFO: [VRFC 10-2263] Analyzing Verilog file "D:/cd4/project_4/project_4.ip_user_files/bd/design_3/ip/design_3_mod5_timing_generator_0_0/sim/design_3_mod5_timing_generator_0_0.v" into library xil_defaultlib
INFO: [VRFC 10-311] analyzing module design_3_mod5_timing_generator_0_0
INFO: [VRFC 10-2263] Analyzing Verilog file "D:/cd4/project_4/project_4.ip_user_files/bd/design_3/ip/design_3_splitter_16bit_to_16_0_0/sim/design_3_splitter_16bit_to_16_0_0.v" into library xil_defaultlib
INFO: [VRFC 10-311] analyzing module design_3_splitter_16bit_to_16_0_0
INFO: [VRFC 10-2263] Analyzing Verilog file "D:/cd4/project_4/project_4.ip_user_files/bd/design_3/ip/design_3_not_gate_0_0/sim/design_3_not_gate_0_0.v" into library xil_defaultlib
INFO: [VRFC 10-311] analyzing module design_3_not_gate_0_0
INFO: [VRFC 10-2263] Analyzing Verilog file "D:/cd4/project_4/project_4.ip_user_files/bd/design_3/ip/design_3_RTI_0_0/sim/design_3_RTI_0_0.v" into library xil_defaultlib
INFO: [VRFC 10-311] analyzing module design_3_RTI_0_0
INFO: [VRFC 10-2263] Analyzing Verilog file "D:/cd4/project_4/project_4.ip_user_files/bd/design_3/ip/design_3_control_0_0/sim/design_3_control_0_0.v" into library xil_defaultlib
INFO: [VRFC 10-311] analyzing module design_3_control_0_0
INFO: [VRFC 10-2263] Analyzing Verilog file "D:/cd4/project_4/project_4.ip_user_files/bd/design_3/ip/design_3_not_gate_1_1/sim/design_3_not_gate_1_1.v" into library xil_defaultlib
INFO: [VRFC 10-311] analyzing module design_3_not_gate_1_1
INFO: [VRFC 10-2263] Analyzing Verilog file "D:/cd4/project_4/project_4.ip_user_files/bd/design_3/ip/design_3_and_gate_0_0/sim/design_3_and_gate_0_0.v" into library xil_defaultlib
INFO: [VRFC 10-311] analyzing module design_3_and_gate_0_0
INFO: [VRFC 10-2263] Analyzing Verilog file "D:/cd4/project_4/project_4.ip_user_files/bd/design_3/ip/design_3_and2_0_0/sim/design_3_and2_0_0.v" into library xil_defaultlib
INFO: [VRFC 10-311] analyzing module design_3_and2_0_0
INFO: [VRFC 10-2263] Analyzing Verilog file "D:/cd4/project_4/project_4.ip_user_files/bd/design_3/ip/design_3_aggregator_4bit_0_2/sim/design_3_aggregator_4bit_0_2.v" into library xil_defaultlib
INFO: [VRFC 10-311] analyzing module design_3_aggregator_4bit_0_2
INFO: [VRFC 10-2263] Analyzing Verilog file "D:/cd4/project_4/project_4.ip_user_files/bd/design_3/sim/design_3.v" into library xil_defaultlib
INFO: [VRFC 10-311] analyzing module ALU_imp_JZDUAB
INFO: [VRFC 10-311] analyzing module PC_imp_1MALNP6
INFO: [VRFC 10-311] analyzing module design_3
INFO: [VRFC 10-2263] Analyzing Verilog file "D:/cd3/design_3/hdl/design_3_wrapper.v" into library xil_defaultlib
INFO: [VRFC 10-311] analyzing module design_3_wrapper
INFO: [VRFC 10-2263] Analyzing Verilog file "D:/cd3/exp3/simple_core_test.v" into library xil_defaultlib
INFO: [VRFC 10-311] analyzing module complete_monitor_test
run_program: Time (s): cpu = 00:00:01 ; elapsed = 00:00:12 . Memory (MB): peak = 2623.848 ; gain = 0.000
INFO: [USF-XSim-69] 'compile' step finished in '13' seconds
INFO: [USF-XSim-3] XSim::Elaborate design
INFO: [USF-XSim-61] Executing 'ELABORATE' step in 'D:/cd4/project_4/project_4.sim/sim_2/behav/xsim'
"xelab --incr --debug typical --relax --mt 2 -L xil_defaultlib -L xlconstant_v1_1_9 -L xlconcat_v2_1_6 -L unisims_ver -L unimacro_ver -L secureip -L xpm --snapshot complete_monitor_test_behav xil_defaultlib.complete_monitor_test xil_defaultlib.glbl -log elaborate.log"
Vivado Simulator v2024.2.0
Copyright 1986-2022 Xilinx, Inc. All Rights Reserved.
Copyright 2022-2024 Advanced Micro Devices, Inc. All Rights Reserved.
Running: D:/Vivado/2024.2/bin/unwrapped/win64.o/xelab.exe --incr --debug typical --relax --mt 2 -L xil_defaultlib -L xlconstant_v1_1_9 -L xlconcat_v2_1_6 -L unisims_ver -L unimacro_ver -L secureip -L xpm --snapshot complete_monitor_test_behav xil_defaultlib.complete_monitor_test xil_defaultlib.glbl -log elaborate.log 
Using 2 slave threads.
Starting static elaboration
Pass Through NonSizing Optimizer
Completed static elaboration
Starting simulation data flow analysis
WARNING: [XSIM 43-4099] "D:/cd3/exp3/aggregate_4x4_to_16bit.v" Line 1. Module aggregate_4x4_to_16bit doesn't have a timescale but at least one module in design has a timescale.
WARNING: [XSIM 43-4099] "D:/cd3/exp3/aggregator_4bit.v" Line 1. Module aggregator_4bit doesn't have a timescale but at least one module in design has a timescale.
WARNING: [XSIM 43-4099] "D:/cd3/exp3/aggregator_4bit.v" Line 1. Module aggregator_4bit doesn't have a timescale but at least one module in design has a timescale.
WARNING: [XSIM 43-4099] "D:/cd3/exp3/74181.v" Line 1. Module alu_74181 doesn't have a timescale but at least one module in design has a timescale.
WARNING: [XSIM 43-4099] "D:/cd3/exp3/74181.v" Line 1. Module alu_74181 doesn't have a timescale but at least one module in design has a timescale.
WARNING: [XSIM 43-4099] "D:/cd3/exp3/74181.v" Line 1. Module alu_74181 doesn't have a timescale but at least one module in design has a timescale.
WARNING: [XSIM 43-4099] "D:/cd3/exp3/74181.v" Line 1. Module alu_74181 doesn't have a timescale but at least one module in design has a timescale.
WARNING: [XSIM 43-4099] "D:/cd3/exp3/74182.v" Line 1. Module carry_lookahead_74182 doesn't have a timescale but at least one module in design has a timescale.
WARNING: [XSIM 43-4099] "D:/cd3/exp3/exp14_source.v" Line 309. Module carry_output_splitter doesn't have a timescale but at least one module in design has a timescale.
WARNING: [XSIM 43-4099] "D:/cd3/exp3/not_gate.v" Line 1. Module not_gate doesn't have a timescale but at least one module in design has a timescale.
WARNING: [XSIM 43-4099] "D:/cd3/exp3/the_16bit_to_4x4bit.v" Line 1. Module the_16bit_to_4x4bit doesn't have a timescale but at least one module in design has a timescale.
WARNING: [XSIM 43-4099] "D:/cd3/exp3/the_16bit_to_4x4bit.v" Line 1. Module the_16bit_to_4x4bit doesn't have a timescale but at least one module in design has a timescale.
WARNING: [XSIM 43-4099] "D:/cd3/exp3/16bit_reg.v" Line 1. Module register_16bit doesn't have a timescale but at least one module in design has a timescale.
WARNING: [XSIM 43-4099] "D:/cd3/exp3/12bit_reg.v" Line 1. Module register_12bit doesn't have a timescale but at least one module in design has a timescale.
WARNING: [XSIM 43-4099] "D:/cd3/exp3/16bit_reg.v" Line 1. Module register_16bit doesn't have a timescale but at least one module in design has a timescale.
WARNING: [XSIM 43-4099] "D:/cd3/exp3/16bit_reg.v" Line 1. Module register_16bit doesn't have a timescale but at least one module in design has a timescale.
WARNING: [XSIM 43-4099] "D:/cd3/exp3/16bit_reg.v" Line 1. Module register_16bit doesn't have a timescale but at least one module in design has a timescale.
WARNING: [XSIM 43-4099] "D:/cd3/exp3/74161.v" Line 1. Module ic_74161 doesn't have a timescale but at least one module in design has a timescale.
WARNING: [XSIM 43-4099] "D:/cd3/exp3/74161.v" Line 1. Module ic_74161 doesn't have a timescale but at least one module in design has a timescale.
WARNING: [XSIM 43-4099] "D:/cd3/exp3/74161.v" Line 1. Module ic_74161 doesn't have a timescale but at least one module in design has a timescale.
WARNING: [XSIM 43-4099] "D:/cd3/exp3/exp14_source.v" Line 326. Module the_12bit_to_3x4bit doesn't have a timescale but at least one module in design has a timescale.
WARNING: [XSIM 43-4099] "D:/cd3/exp3/16bit_reg.v" Line 1. Module register_16bit doesn't have a timescale but at least one module in design has a timescale.
WARNING: [XSIM 43-4099] "D:/cd3/exp3/16bit_reg.v" Line 1. Module register_16bit doesn't have a timescale but at least one module in design has a timescale.
WARNING: [XSIM 43-4099] "D:/cd3/exp3/16bit_reg.v" Line 1. Module register_16bit doesn't have a timescale but at least one module in design has a timescale.
WARNING: [XSIM 43-4099] "D:/cd4/exp/plusv.v" Line 54. Module RTI doesn't have a timescale but at least one module in design has a timescale.
WARNING: [XSIM 43-4099] "D:/cd3/exp3/16bit_reg.v" Line 1. Module register_16bit doesn't have a timescale but at least one module in design has a timescale.
WARNING: [XSIM 43-4099] "D:/cd3/exp3/16bit_reg.v" Line 1. Module register_16bit doesn't have a timescale but at least one module in design has a timescale.
WARNING: [XSIM 43-4099] "D:/cd3/exp3/exp14_source.v" Line 1. Module adpt_in doesn't have a timescale but at least one module in design has a timescale.
WARNING: [XSIM 43-4099] "D:/cd3/exp3/aggregator_4bit.v" Line 1. Module aggregator_4bit doesn't have a timescale but at least one module in design has a timescale.
WARNING: [XSIM 43-4099] "D:/cd3/exp3/exp14_source.v" Line 76. Module and2 doesn't have a timescale but at least one module in design has a timescale.
WARNING: [XSIM 43-4099] "D:/cd3/exp3/and_gate.v" Line 1. Module and_gate doesn't have a timescale but at least one module in design has a timescale.
WARNING: [XSIM 43-4099] "D:/cd3/exp3/exp14_source.v" Line 459. Module bus_slicer_16to12 doesn't have a timescale but at least one module in design has a timescale.
WARNING: [XSIM 43-4099] "D:/cd4/exp/plusv.v" Line 83. Module control doesn't have a timescale but at least one module in design has a timescale.
WARNING: [XSIM 43-4099] "D:/cd4/exp/plusv.v" Line 1. Module mod5_timing_generator doesn't have a timescale but at least one module in design has a timescale.
WARNING: [XSIM 43-4099] "D:/cd3/exp3/exp14_source.v" Line 479. Module multiplier_8x8 doesn't have a timescale but at least one module in design has a timescale.
WARNING: [XSIM 43-4099] "D:/cd3/exp3/mix5to1.v" Line 1. Module mux_5to1_16bit doesn't have a timescale but at least one module in design has a timescale.
WARNING: [XSIM 43-4099] "D:/cd3/exp3/not_gate.v" Line 1. Module not_gate doesn't have a timescale but at least one module in design has a timescale.
WARNING: [XSIM 43-4099] "D:/cd3/exp3/not_gate.v" Line 1. Module not_gate doesn't have a timescale but at least one module in design has a timescale.
WARNING: [XSIM 43-4099] "D:/cd3/exp3/ram.v" Line 1. Module ram doesn't have a timescale but at least one module in design has a timescale.
WARNING: [XSIM 43-4099] "D:/cd3/exp3/exp14_source.v" Line 490. Module split_16to8 doesn't have a timescale but at least one module in design has a timescale.
WARNING: [XSIM 43-4099] "D:/cd3/exp3/exp14_source.v" Line 400. Module splitter_16bit_to_16outputs doesn't have a timescale but at least one module in design has a timescale.
WARNING: [XSIM 43-4099] "D:/cd3/exp3/aggregate_4x4_to_16bit.v" Line 1. Module aggregate_4x4_to_16bit doesn't have a timescale but at least one module in design has a timescale.
WARNING: [XSIM 43-4099] "D:/cd3/exp3/aggregator_4bit.v" Line 1. Module aggregator_4bit doesn't have a timescale but at least one module in design has a timescale.
WARNING: [XSIM 43-4099] "D:/cd3/exp3/aggregator_4bit.v" Line 1. Module aggregator_4bit doesn't have a timescale but at least one module in design has a timescale.
WARNING: [XSIM 43-4099] "D:/cd3/exp3/74181.v" Line 1. Module alu_74181 doesn't have a timescale but at least one module in design has a timescale.
WARNING: [XSIM 43-4099] "D:/cd3/exp3/74181.v" Line 1. Module alu_74181 doesn't have a timescale but at least one module in design has a timescale.
WARNING: [XSIM 43-4099] "D:/cd3/exp3/74181.v" Line 1. Module alu_74181 doesn't have a timescale but at least one module in design has a timescale.
WARNING: [XSIM 43-4099] "D:/cd3/exp3/74181.v" Line 1. Module alu_74181 doesn't have a timescale but at least one module in design has a timescale.
WARNING: [XSIM 43-4099] "D:/cd3/exp3/74182.v" Line 1. Module carry_lookahead_74182 doesn't have a timescale but at least one module in design has a timescale.
WARNING: [XSIM 43-4099] "D:/cd3/exp3/exp14_source.v" Line 309. Module carry_output_splitter doesn't have a timescale but at least one module in design has a timescale.
WARNING: [XSIM 43-4099] "D:/cd3/exp3/not_gate.v" Line 1. Module not_gate doesn't have a timescale but at least one module in design has a timescale.
WARNING: [XSIM 43-4099] "D:/cd3/exp3/the_16bit_to_4x4bit.v" Line 1. Module the_16bit_to_4x4bit doesn't have a timescale but at least one module in design has a timescale.
WARNING: [XSIM 43-4099] "D:/cd3/exp3/the_16bit_to_4x4bit.v" Line 1. Module the_16bit_to_4x4bit doesn't have a timescale but at least one module in design has a timescale.
WARNING: [XSIM 43-4099] "D:/cd3/exp3/16bit_reg.v" Line 1. Module register_16bit doesn't have a timescale but at least one module in design has a timescale.
WARNING: [XSIM 43-4099] "D:/cd3/exp3/12bit_reg.v" Line 1. Module register_12bit doesn't have a timescale but at least one module in design has a timescale.
WARNING: [XSIM 43-4099] "D:/cd3/exp3/16bit_reg.v" Line 1. Module register_16bit doesn't have a timescale but at least one module in design has a timescale.
WARNING: [XSIM 43-4099] "D:/cd3/exp3/16bit_reg.v" Line 1. Module register_16bit doesn't have a timescale but at least one module in design has a timescale.
WARNING: [XSIM 43-4099] "D:/cd3/exp3/16bit_reg.v" Line 1. Module register_16bit doesn't have a timescale but at least one module in design has a timescale.
WARNING: [XSIM 43-4099] "D:/cd3/exp3/74161.v" Line 1. Module ic_74161 doesn't have a timescale but at least one module in design has a timescale.
WARNING: [XSIM 43-4099] "D:/cd3/exp3/74161.v" Line 1. Module ic_74161 doesn't have a timescale but at least one module in design has a timescale.
WARNING: [XSIM 43-4099] "D:/cd3/exp3/74161.v" Line 1. Module ic_74161 doesn't have a timescale but at least one module in design has a timescale.
WARNING: [XSIM 43-4099] "D:/cd3/exp3/exp14_source.v" Line 326. Module the_12bit_to_3x4bit doesn't have a timescale but at least one module in design has a timescale.
WARNING: [XSIM 43-4099] "D:/cd3/exp3/16bit_reg.v" Line 1. Module register_16bit doesn't have a timescale but at least one module in design has a timescale.
WARNING: [XSIM 43-4099] "D:/cd3/exp3/16bit_reg.v" Line 1. Module register_16bit doesn't have a timescale but at least one module in design has a timescale.
WARNING: [XSIM 43-4099] "D:/cd3/exp3/16bit_reg.v" Line 1. Module register_16bit doesn't have a timescale but at least one module in design has a timescale.
WARNING: [XSIM 43-4099] "D:/cd4/exp/plusv.v" Line 54. Module RTI doesn't have a timescale but at least one module in design has a timescale.
WARNING: [XSIM 43-4099] "D:/cd3/exp3/16bit_reg.v" Line 1. Module register_16bit doesn't have a timescale but at least one module in design has a timescale.
WARNING: [XSIM 43-4099] "D:/cd3/exp3/16bit_reg.v" Line 1. Module register_16bit doesn't have a timescale but at least one module in design has a timescale.
WARNING: [XSIM 43-4099] "D:/cd3/exp3/exp14_source.v" Line 1. Module adpt_in doesn't have a timescale but at least one module in design has a timescale.
WARNING: [XSIM 43-4099] "D:/cd3/exp3/aggregator_4bit.v" Line 1. Module aggregator_4bit doesn't have a timescale but at least one module in design has a timescale.
WARNING: [XSIM 43-4099] "D:/cd3/exp3/exp14_source.v" Line 76. Module and2 doesn't have a timescale but at least one module in design has a timescale.
WARNING: [XSIM 43-4099] "D:/cd3/exp3/and_gate.v" Line 1. Module and_gate doesn't have a timescale but at least one module in design has a timescale.
WARNING: [XSIM 43-4099] "D:/cd3/exp3/exp14_source.v" Line 459. Module bus_slicer_16to12 doesn't have a timescale but at least one module in design has a timescale.
WARNING: [XSIM 43-4099] "D:/cd4/exp/plusv.v" Line 83. Module control doesn't have a timescale but at least one module in design has a timescale.
WARNING: [XSIM 43-4099] "D:/cd4/exp/plusv.v" Line 1. Module mod5_timing_generator doesn't have a timescale but at least one module in design has a timescale.
WARNING: [XSIM 43-4099] "D:/cd3/exp3/exp14_source.v" Line 479. Module multiplier_8x8 doesn't have a timescale but at least one module in design has a timescale.
WARNING: [XSIM 43-4099] "D:/cd3/exp3/mix5to1.v" Line 1. Module mux_5to1_16bit doesn't have a timescale but at least one module in design has a timescale.
WARNING: [XSIM 43-4099] "D:/cd3/exp3/not_gate.v" Line 1. Module not_gate doesn't have a timescale but at least one module in design has a timescale.
WARNING: [XSIM 43-4099] "D:/cd3/exp3/not_gate.v" Line 1. Module not_gate doesn't have a timescale but at least one module in design has a timescale.
WARNING: [XSIM 43-4099] "D:/cd3/exp3/ram.v" Line 1. Module ram doesn't have a timescale but at least one module in design has a timescale.
WARNING: [XSIM 43-4099] "D:/cd3/exp3/exp14_source.v" Line 490. Module split_16to8 doesn't have a timescale but at least one module in design has a timescale.
WARNING: [XSIM 43-4099] "D:/cd3/exp3/exp14_source.v" Line 400. Module splitter_16bit_to_16outputs doesn't have a timescale but at least one module in design has a timescale.
Completed simulation data flow analysis
Time Resolution for simulation is 1ps
Compiling module xil_defaultlib.aggregate_4x4_to_16bit
Compiling module xil_defaultlib.design_3_aggregate_4x4_to_16b_0_...
Compiling module xil_defaultlib.aggregator_4bit
Compiling module xil_defaultlib.design_3_aggregator_4bit_0_1
Compiling module xil_defaultlib.design_3_aggregator_4bit_1_0
Compiling module xil_defaultlib.alu_74181
Compiling module xil_defaultlib.design_3_alu_74181_0_0
Compiling module xil_defaultlib.design_3_alu_74181_1_0
Compiling module xil_defaultlib.design_3_alu_74181_2_0
Compiling module xil_defaultlib.design_3_alu_74181_3_0
Compiling module xil_defaultlib.carry_lookahead_74182
Compiling module xil_defaultlib.design_3_carry_lookahead_74182_0...
Compiling module xil_defaultlib.carry_output_splitter
Compiling module xil_defaultlib.design_3_carry_output_splitter_0...
Compiling module xil_defaultlib.not_gate
Compiling module xil_defaultlib.design_3_not_gate_1_0
Compiling module xil_defaultlib.the_16bit_to_4x4bit
Compiling module xil_defaultlib.design_3_the_16bit_to_4x4bit_0_1
Compiling module xil_defaultlib.design_3_the_16bit_to_4x4bit_2_0
Compiling module xil_defaultlib.ALU_imp_JZDUAB
Compiling module xil_defaultlib.register_16bit
Compiling module xil_defaultlib.design_3_register_16bit_0_1
Compiling module xil_defaultlib.register_12bit
Compiling module xil_defaultlib.design_3_register_12bit_0_0
Compiling module xil_defaultlib.design_3_register_16bit_3_1
Compiling module xil_defaultlib.design_3_MDR_0
Compiling module xil_defaultlib.design_3_R0_0
Compiling module xil_defaultlib.ic_74161
Compiling module xil_defaultlib.design_3_ic_74161_0_0
Compiling module xil_defaultlib.design_3_ic_74161_1_0
Compiling module xil_defaultlib.design_3_ic_74161_2_0
Compiling module xil_defaultlib.the_12bit_to_3x4bit
Compiling module xil_defaultlib.design_3_the_12bit_to_3x4bit_0_1
Compiling module xlconcat_v2_1_6.xlconcat_v2_1_6_xlconcat(IN0_WID...
Compiling module xil_defaultlib.design_3_xlconcat_0_0
Compiling module xil_defaultlib.PC_imp_1MALNP6
Compiling module xil_defaultlib.design_3_register_16bit_0_0
Compiling module xil_defaultlib.design_3_register_16bit_1_0
Compiling module xil_defaultlib.design_3_register_16bit_2_0
Compiling module xil_defaultlib.RTI
Compiling module xil_defaultlib.design_3_RTI_0_0
Compiling module xil_defaultlib.design_3_register_16bit_3_0
Compiling module xil_defaultlib.design_3_register_16bit_4_0
Compiling module xil_defaultlib.adpt_in
Compiling module xil_defaultlib.design_3_adpt_in_0_0
Compiling module xil_defaultlib.design_3_aggregator_4bit_0_2
Compiling module xil_defaultlib.and2
Compiling module xil_defaultlib.design_3_and2_0_0
Compiling module xil_defaultlib.and_gate
Compiling module xil_defaultlib.design_3_and_gate_0_0
Compiling module xil_defaultlib.bus_slicer_16to12
Compiling module xil_defaultlib.design_3_bus_slicer_16to12_0_0
Compiling module xil_defaultlib.control
Compiling module xil_defaultlib.design_3_control_0_0
Compiling module xil_defaultlib.mod5_timing_generator
Compiling module xil_defaultlib.design_3_mod5_timing_generator_0...
Compiling module xil_defaultlib.multiplier_8x8
Compiling module xil_defaultlib.design_3_multiplier_8x8_0_0
Compiling module xil_defaultlib.mux_5to1_16bit
Compiling module xil_defaultlib.design_3_mux_5to1_16bit_0_0
Compiling module xil_defaultlib.design_3_not_gate_0_0
Compiling module xil_defaultlib.design_3_not_gate_1_1
Compiling module xil_defaultlib.ram
Compiling module xil_defaultlib.design_3_ram_0_0
Compiling module xil_defaultlib.split_16to8
Compiling module xil_defaultlib.design_3_split_16to8_0_0
Compiling module xil_defaultlib.splitter_16bit_to_16outputs
Compiling module xil_defaultlib.design_3_splitter_16bit_to_16_0_...
Compiling module xlconstant_v1_1_9.xlconstant_v1_1_9_xlconstant(CON...
Compiling module xil_defaultlib.design_3_xlconstant_0_1
Compiling module xil_defaultlib.design_3
Compiling module xil_defaultlib.design_3_wrapper
Compiling module xil_defaultlib.complete_monitor_test
Compiling module xil_defaultlib.glbl
Built simulation snapshot complete_monitor_test_behav
run_program: Time (s): cpu = 00:00:00 ; elapsed = 00:00:18 . Memory (MB): peak = 2623.848 ; gain = 0.000
INFO: [USF-XSim-69] 'elaborate' step finished in '18' seconds
INFO: [USF-XSim-4] XSim::Simulate design
INFO: [USF-XSim-61] Executing 'SIMULATE' step in 'D:/cd4/project_4/project_4.sim/sim_2/behav/xsim'
INFO: [USF-XSim-98] *** Running xsim
   with args "complete_monitor_test_behav -key {Behavioral:sim_2:Functional:complete_monitor_test} -tclbatch {complete_monitor_test.tcl} -protoinst "protoinst_files/design_3.protoinst" -log {simulate.log}"
INFO: [USF-XSim-8] Loading simulator feature
INFO: [Wavedata 42-565] Reading protoinst file protoinst_files/design_3.protoinst
Time resolution is 1 ps
source complete_monitor_test.tcl
# set curr_wave [current_wave_config]
# if { [string length $curr_wave] == 0 } {
#   if { [llength [get_objects]] > 0} {
#     add_wave /
#     set_property needs_save false [current_wave_config]
#   } else {
#      send_msg_id Add_Wave-1 WARNING "No top level signals found. Simulator will start without a wave window. If you want to open a wave window go to 'File->New Waveform Configuration' or type 'create_wave_config' in the TCL console."
#   }
# }
# run 1000ns
============== 完整监控测试 ==============
仿真时间: 20000 ns, 时钟周期: 10 ns
时间(ns)	复位	uPC		Crom		Bus		MAR
----------------------------------------------------------------
10000		0	0xzzz	0xzzzzzz	0x0000	0x000
100000		1	0xzzz	0xzzzzzz	0x0000	0x000 <- 复位释放
105000		1	0xzzz	0xzzzzzz	0x0000	0x000
205000		1	0xzzz	0xzzzzzz	0x0000	0x002
305000		1	0xzzz	0xzzzzzz	0x0000	0x004
405000		1	0xzzz	0xzzzzzz	0x0000	0x005
505000		1	0xzzz	0xzzzzzz	0x0000	0x007
605000		1	0xzzz	0xzzzzzz	0x0000	0x008
705000		1	0xzzz	0xzzzzzz	0x0000	0x009
805000		1	0xzzz	0xzzzzzz	0x0000	0x00a
905000		1	0xzzz	0xzzzzzz	0x0000	0x00b
INFO: [USF-XSim-96] XSim completed. Design snapshot 'complete_monitor_test_behav' loaded.
INFO: [USF-XSim-97] XSim simulation ran for 1000ns
launch_simulation: Time (s): cpu = 00:00:02 ; elapsed = 00:00:36 . Memory (MB): peak = 2623.848 ; gain = 0.000
WARNING: [filemgmt 56-199] Attempt to get parsing info during refresh. "On-the-fly" syntax checking information may be incorrect. [D:\cd3\exp3\simple_core_test.v:]
WARNING: [filemgmt 56-199] Attempt to get parsing info during refresh. "On-the-fly" syntax checking information may be incorrect. [D:\cd4\exp\plusv.v:]
WARNING: [filemgmt 56-199] Attempt to get parsing info during refresh. "On-the-fly" syntax checking information may be incorrect. [D:\cd4\exp\plusv.v:]
WARNING: [filemgmt 56-199] Attempt to get parsing info during refresh. "On-the-fly" syntax checking information may be incorrect. [D:\cd4\exp\plusv.v:]
ERROR: [Common 17-180] Spawn failed: No error
close_sim
INFO: [Simtcl 6-16] Simulation closed
delete_bd_objs [get_bd_nets not_gate_0_y]
connect_bd_net [get_bd_pins splitter_16bit_to_16_0/clk_falling] [get_bd_pins and_gate_0/y]
save_bd_design
Wrote  : <D:\cd3\design_3\design_3.bd> 
Wrote  : <D:/cd3/design_3/ui/bd_205a0ed2.ui> 
generate_target Simulation [get_files D:/cd3/design_3/design_3.bd]
CRITICAL WARNING: [BD 41-1367] The port name 'out' of cell '/mux_5to1_16bit_0' is a reserved keyword in a Hardware Description Language. Please consider renaming the port.
CRITICAL WARNING: [BD 41-1367] The port name 'AND' of cell '/RTI_0' is a reserved keyword in a Hardware Description Language. Please consider renaming the port.
CRITICAL WARNING: [BD 41-1367] The port name 'OR' of cell '/RTI_0' is a reserved keyword in a Hardware Description Language. Please consider renaming the port.
CRITICAL WARNING: [BD 41-1367] The port name 'AND' of cell '/control_0' is a reserved keyword in a Hardware Description Language. Please consider renaming the port.
CRITICAL WARNING: [BD 41-1367] The port name 'OR' of cell '/control_0' is a reserved keyword in a Hardware Description Language. Please consider renaming the port.
CRITICAL WARNING: [BD 41-759] The input pins (listed below) are either not connected or do not have a source port, and they don't have a tie-off specified. These pins are tied-off to all 0's to avoid error in Implementation flow.
Please check your design and connect them as needed: 
/mux_5to1_16bit_0/selIR
/mux_5to1_16bit_0/selMUL
/MUL/read_en

Wrote  : <D:\cd3\design_3\design_3.bd> 
CRITICAL WARNING: [BD 41-2383] Width mismatch when connecting input pin '/mux_5to1_16bit_0/PC'(16) to pin '/PC/dout'(12) - Only lower order bits will be connected, and other input bits of this pin will be left unconnected.
Verilog Output written to : D:/cd3/design_3/synth/design_3.v
CRITICAL WARNING: [BD 41-2383] Width mismatch when connecting input pin '/mux_5to1_16bit_0/PC'(16) to pin '/PC/dout'(12) - Only lower order bits will be connected, and other input bits of this pin will be left unconnected.
Verilog Output written to : D:/cd3/design_3/sim/design_3.v
Verilog Output written to : D:/cd3/design_3/hdl/design_3_wrapper.v
Exporting to file D:/cd3/design_3/hw_handoff/design_3.hwh
Generated Hardware Definition File D:/cd3/design_3/synth/design_3.hwdef
export_ip_user_files -of_objects [get_files D:/cd3/design_3/design_3.bd] -no_script -sync -force -quiet
export_simulation -of_objects [get_files D:/cd3/design_3/design_3.bd] -directory D:/cd4/project_4/project_4.ip_user_files/sim_scripts -ip_user_files_dir D:/cd4/project_4/project_4.ip_user_files -ipstatic_source_dir D:/cd4/project_4/project_4.ip_user_files/ipstatic -lib_map_path [list {modelsim=D:/cd4/project_4/project_4.cache/compile_simlib/modelsim} {questa=D:/cd4/project_4/project_4.cache/compile_simlib/questa} {riviera=D:/cd4/project_4/project_4.cache/compile_simlib/riviera} {activehdl=D:/cd4/project_4/project_4.cache/compile_simlib/activehdl}] -use_ip_compiled_libs -force -quiet
launch_simulation -simset [get_filesets sim_2 ]
Command: launch_simulation  -simset sim_2
INFO: [Vivado 12-12493] Simulation top is 'complete_monitor_test'
WARNING: [Vivado 12-13340] Unable to auto find GCC executables from simulator install path! (path not set)
INFO: [Vivado 12-5698] Checking validity of IPs in the design for the 'XSim' simulator...
INFO: [Vivado 12-5682] Launching behavioral simulation in 'D:/cd4/project_4/project_4.sim/sim_2/behav/xsim'
INFO: [Vivado 12-13660] Precompiled IP simulation library mode is enabled (default). The design IP libraries will be referenced from the compiled library path. Please note that if the precompiled version of the library is not found from the path or the IP is in locked state, then the library source files for these IPs will be compiled locally as part of the compile order.
INFO: [Vivado 12-4795] Using compiled simulation libraries for IPs
INFO: [SIM-utils-51] Simulation object is 'sim_2'
INFO: [SIM-utils-72] Using boost library from 'D:/Vivado/2024.2/tps/boost_1_72_0'
INFO: [USF-XSim-7] Finding pre-compiled libraries...
INFO: [USF-XSim-11] File 'D:/Vivado/2024.2/data/xsim/xsim.ini' copied to run dir:'D:/cd4/project_4/project_4.sim/sim_2/behav/xsim'
INFO: [SIM-utils-54] Inspecting design source files for 'complete_monitor_test' in fileset 'sim_2'...
INFO: [USF-XSim-97] Finding global include files...
INFO: [USF-XSim-98] Fetching design files from 'sim_2'...
INFO: [USF-XSim-2] XSim::Compile design
INFO: [USF-XSim-61] Executing 'COMPILE and ANALYZE' step in 'D:/cd4/project_4/project_4.sim/sim_2/behav/xsim'
"xvlog --incr --relax -prj complete_monitor_test_vlog.prj"
INFO: [VRFC 10-2263] Analyzing Verilog file "D:/cd3/exp3/exp14_source.v" into library xil_defaultlib
INFO: [VRFC 10-311] analyzing module adpt_in
INFO: [VRFC 10-311] analyzing module adpt_out
INFO: [VRFC 10-311] analyzing module adpt_out8
INFO: [VRFC 10-311] analyzing module adpt_out12
INFO: [VRFC 10-311] analyzing module adpt_out16
INFO: [VRFC 10-311] analyzing module adpt_out23
INFO: [VRFC 10-311] analyzing module and2
INFO: [VRFC 10-311] analyzing module not1
INFO: [VRFC 10-311] analyzing module addr_adpt
INFO: [VRFC 10-311] analyzing module UIR
INFO: [VRFC 10-311] analyzing module m74LS161
INFO: [VRFC 10-311] analyzing module rom1_256x24
INFO: [VRFC 10-311] analyzing module rom2_4Kx16
INFO: [VRFC 10-311] analyzing module adder4
INFO: [VRFC 10-311] analyzing module dff4
WARNING: [VRFC 10-9336] redeclaration of ANSI port 'Q3' is not allowed [D:/cd3/exp3/exp14_source.v:265]
INFO: [VRFC 10-311] analyzing module shifter
INFO: [VRFC 10-311] analyzing module carry_output_splitter
INFO: [VRFC 10-311] analyzing module the_12bit_to_3x4bit
INFO: [VRFC 10-311] analyzing module four_bit_checker
INFO: [VRFC 10-311] analyzing module or3_gate
INFO: [VRFC 10-311] analyzing module aggregator_12inputs_to_12bit_sync
INFO: [VRFC 10-311] analyzing module splitter_16bit_to_16outputs
INFO: [VRFC 10-311] analyzing module splitter_12bit_to_12outputs
INFO: [VRFC 10-311] analyzing module bus_slicer_16to12
INFO: [VRFC 10-311] analyzing module register_temp
INFO: [VRFC 10-311] analyzing module multiplier_8x8
INFO: [VRFC 10-311] analyzing module split_16to8
INFO: [VRFC 10-2263] Analyzing Verilog file "D:/cd3/exp3/74161.v" into library xil_defaultlib
INFO: [VRFC 10-311] analyzing module ic_74161
INFO: [VRFC 10-2263] Analyzing Verilog file "D:/cd3/exp3/ram.v" into library xil_defaultlib
INFO: [VRFC 10-311] analyzing module ram
INFO: [VRFC 10-2263] Analyzing Verilog file "D:/cd3/exp3/16bit_reg.v" into library xil_defaultlib
INFO: [VRFC 10-311] analyzing module register_16bit
INFO: [VRFC 10-2263] Analyzing Verilog file "D:/cd3/exp3/12bit_reg.v" into library xil_defaultlib
INFO: [VRFC 10-311] analyzing module register_12bit
INFO: [VRFC 10-2263] Analyzing Verilog file "D:/cd3/exp3/mix5to1.v" into library xil_defaultlib
INFO: [VRFC 10-311] analyzing module mux_5to1_16bit
INFO: [VRFC 10-2263] Analyzing Verilog file "D:/cd3/exp3/aggregator_4bit.v" into library xil_defaultlib
INFO: [VRFC 10-311] analyzing module aggregator_4bit
INFO: [VRFC 10-2263] Analyzing Verilog file "D:/cd3/exp3/74182.v" into library xil_defaultlib
INFO: [VRFC 10-311] analyzing module carry_lookahead_74182
INFO: [VRFC 10-2263] Analyzing Verilog file "D:/cd3/exp3/74181.v" into library xil_defaultlib
INFO: [VRFC 10-311] analyzing module alu_74181
INFO: [VRFC 10-2263] Analyzing Verilog file "D:/cd3/exp3/aggregate_4x4_to_16bit.v" into library xil_defaultlib
INFO: [VRFC 10-311] analyzing module aggregate_4x4_to_16bit
INFO: [VRFC 10-311] analyzing module adpt_out_16bit
INFO: [VRFC 10-2263] Analyzing Verilog file "D:/cd3/exp3/the_16bit_to_4x4bit.v" into library xil_defaultlib
INFO: [VRFC 10-311] analyzing module the_16bit_to_4x4bit
INFO: [VRFC 10-2263] Analyzing Verilog file "D:/cd3/exp3/not_gate.v" into library xil_defaultlib
INFO: [VRFC 10-311] analyzing module not_gate
INFO: [VRFC 10-2263] Analyzing Verilog file "D:/cd4/exp/plusv.v" into library xil_defaultlib
INFO: [VRFC 10-311] analyzing module mod5_timing_generator
INFO: [VRFC 10-311] analyzing module RTI
INFO: [VRFC 10-311] analyzing module control
INFO: [VRFC 10-2263] Analyzing Verilog file "D:/cd3/exp3/and_gate.v" into library xil_defaultlib
INFO: [VRFC 10-311] analyzing module and_gate
INFO: [VRFC 10-2263] Analyzing Verilog file "D:/cd4/project_4/project_4.ip_user_files/bd/design_3/ip/design_3_adpt_in_0_0/sim/design_3_adpt_in_0_0.v" into library xil_defaultlib
INFO: [VRFC 10-311] analyzing module design_3_adpt_in_0_0
INFO: [VRFC 10-2263] Analyzing Verilog file "D:/cd4/project_4/project_4.ip_user_files/bd/design_3/ip/design_3_xlconstant_0_1/sim/design_3_xlconstant_0_1.v" into library xil_defaultlib
INFO: [VRFC 10-311] analyzing module design_3_xlconstant_0_1
INFO: [VRFC 10-2263] Analyzing Verilog file "D:/cd4/project_4/project_4.ip_user_files/bd/design_3/ip/design_3_ic_74161_0_0/sim/design_3_ic_74161_0_0.v" into library xil_defaultlib
INFO: [VRFC 10-311] analyzing module design_3_ic_74161_0_0
INFO: [VRFC 10-2263] Analyzing Verilog file "D:/cd4/project_4/project_4.ip_user_files/bd/design_3/ip/design_3_ic_74161_1_0/sim/design_3_ic_74161_1_0.v" into library xil_defaultlib
INFO: [VRFC 10-311] analyzing module design_3_ic_74161_1_0
INFO: [VRFC 10-2263] Analyzing Verilog file "D:/cd4/project_4/project_4.ip_user_files/bd/design_3/ip/design_3_ic_74161_2_0/sim/design_3_ic_74161_2_0.v" into library xil_defaultlib
INFO: [VRFC 10-311] analyzing module design_3_ic_74161_2_0
INFO: [VRFC 10-2263] Analyzing Verilog file "D:/cd4/project_4/project_4.ip_user_files/bd/design_3/ip/design_3_xlconcat_0_0/sim/design_3_xlconcat_0_0.v" into library xil_defaultlib
INFO: [VRFC 10-311] analyzing module design_3_xlconcat_0_0
INFO: [VRFC 10-2263] Analyzing Verilog file "D:/cd4/project_4/project_4.ip_user_files/bd/design_3/ip/design_3_the_12bit_to_3x4bit_0_1/sim/design_3_the_12bit_to_3x4bit_0_1.v" into library xil_defaultlib
INFO: [VRFC 10-311] analyzing module design_3_the_12bit_to_3x4bit_0_1
INFO: [VRFC 10-2263] Analyzing Verilog file "D:/cd4/project_4/project_4.ip_user_files/bd/design_3/ip/design_3_ram_0_0/sim/design_3_ram_0_0.v" into library xil_defaultlib
INFO: [VRFC 10-311] analyzing module design_3_ram_0_0
INFO: [VRFC 10-2263] Analyzing Verilog file "D:/cd4/project_4/project_4.ip_user_files/bd/design_3/ip/design_3_register_16bit_0_0/sim/design_3_register_16bit_0_0.v" into library xil_defaultlib
INFO: [VRFC 10-311] analyzing module design_3_register_16bit_0_0
INFO: [VRFC 10-2263] Analyzing Verilog file "D:/cd4/project_4/project_4.ip_user_files/bd/design_3/ip/design_3_register_16bit_1_0/sim/design_3_register_16bit_1_0.v" into library xil_defaultlib
INFO: [VRFC 10-311] analyzing module design_3_register_16bit_1_0
INFO: [VRFC 10-2263] Analyzing Verilog file "D:/cd4/project_4/project_4.ip_user_files/bd/design_3/ip/design_3_register_16bit_2_0/sim/design_3_register_16bit_2_0.v" into library xil_defaultlib
INFO: [VRFC 10-311] analyzing module design_3_register_16bit_2_0
INFO: [VRFC 10-2263] Analyzing Verilog file "D:/cd4/project_4/project_4.ip_user_files/bd/design_3/ip/design_3_register_16bit_3_0/sim/design_3_register_16bit_3_0.v" into library xil_defaultlib
INFO: [VRFC 10-311] analyzing module design_3_register_16bit_3_0
INFO: [VRFC 10-2263] Analyzing Verilog file "D:/cd4/project_4/project_4.ip_user_files/bd/design_3/ip/design_3_register_16bit_4_0/sim/design_3_register_16bit_4_0.v" into library xil_defaultlib
INFO: [VRFC 10-311] analyzing module design_3_register_16bit_4_0
INFO: [VRFC 10-2263] Analyzing Verilog file "D:/cd4/project_4/project_4.ip_user_files/bd/design_3/ip/design_3_register_12bit_0_0/sim/design_3_register_12bit_0_0.v" into library xil_defaultlib
INFO: [VRFC 10-311] analyzing module design_3_register_12bit_0_0
INFO: [VRFC 10-2263] Analyzing Verilog file "D:/cd4/project_4/project_4.ip_user_files/bd/design_3/ip/design_3_register_16bit_3_1/sim/design_3_register_16bit_3_1.v" into library xil_defaultlib
INFO: [VRFC 10-311] analyzing module design_3_register_16bit_3_1
INFO: [VRFC 10-2263] Analyzing Verilog file "D:/cd4/project_4/project_4.ip_user_files/bd/design_3/ip/design_3_MDR_0/sim/design_3_MDR_0.v" into library xil_defaultlib
INFO: [VRFC 10-311] analyzing module design_3_MDR_0
INFO: [VRFC 10-2263] Analyzing Verilog file "D:/cd4/project_4/project_4.ip_user_files/bd/design_3/ip/design_3_register_16bit_0_1/sim/design_3_register_16bit_0_1.v" into library xil_defaultlib
INFO: [VRFC 10-311] analyzing module design_3_register_16bit_0_1
INFO: [VRFC 10-2263] Analyzing Verilog file "D:/cd4/project_4/project_4.ip_user_files/bd/design_3/ip/design_3_mux_5to1_16bit_0_0/sim/design_3_mux_5to1_16bit_0_0.v" into library xil_defaultlib
INFO: [VRFC 10-311] analyzing module design_3_mux_5to1_16bit_0_0
INFO: [VRFC 10-2263] Analyzing Verilog file "D:/cd4/project_4/project_4.ip_user_files/bd/design_3/ip/design_3_aggregator_4bit_0_1/sim/design_3_aggregator_4bit_0_1.v" into library xil_defaultlib
INFO: [VRFC 10-311] analyzing module design_3_aggregator_4bit_0_1
INFO: [VRFC 10-2263] Analyzing Verilog file "D:/cd4/project_4/project_4.ip_user_files/bd/design_3/ip/design_3_carry_lookahead_74182_0_0/sim/design_3_carry_lookahead_74182_0_0.v" into library xil_defaultlib
INFO: [VRFC 10-311] analyzing module design_3_carry_lookahead_74182_0_0
INFO: [VRFC 10-2263] Analyzing Verilog file "D:/cd4/project_4/project_4.ip_user_files/bd/design_3/ip/design_3_aggregator_4bit_1_0/sim/design_3_aggregator_4bit_1_0.v" into library xil_defaultlib
INFO: [VRFC 10-311] analyzing module design_3_aggregator_4bit_1_0
INFO: [VRFC 10-2263] Analyzing Verilog file "D:/cd4/project_4/project_4.ip_user_files/bd/design_3/ip/design_3_alu_74181_0_0/sim/design_3_alu_74181_0_0.v" into library xil_defaultlib
INFO: [VRFC 10-311] analyzing module design_3_alu_74181_0_0
INFO: [VRFC 10-2263] Analyzing Verilog file "D:/cd4/project_4/project_4.ip_user_files/bd/design_3/ip/design_3_alu_74181_1_0/sim/design_3_alu_74181_1_0.v" into library xil_defaultlib
INFO: [VRFC 10-311] analyzing module design_3_alu_74181_1_0
INFO: [VRFC 10-2263] Analyzing Verilog file "D:/cd4/project_4/project_4.ip_user_files/bd/design_3/ip/design_3_alu_74181_2_0/sim/design_3_alu_74181_2_0.v" into library xil_defaultlib
INFO: [VRFC 10-311] analyzing module design_3_alu_74181_2_0
INFO: [VRFC 10-2263] Analyzing Verilog file "D:/cd4/project_4/project_4.ip_user_files/bd/design_3/ip/design_3_aggregate_4x4_to_16b_0_0/sim/design_3_aggregate_4x4_to_16b_0_0.v" into library xil_defaultlib
INFO: [VRFC 10-311] analyzing module design_3_aggregate_4x4_to_16b_0_0
INFO: [VRFC 10-2263] Analyzing Verilog file "D:/cd4/project_4/project_4.ip_user_files/bd/design_3/ip/design_3_the_16bit_to_4x4bit_2_0/sim/design_3_the_16bit_to_4x4bit_2_0.v" into library xil_defaultlib
INFO: [VRFC 10-311] analyzing module design_3_the_16bit_to_4x4bit_2_0
INFO: [VRFC 10-2263] Analyzing Verilog file "D:/cd4/project_4/project_4.ip_user_files/bd/design_3/ip/design_3_the_16bit_to_4x4bit_0_1/sim/design_3_the_16bit_to_4x4bit_0_1.v" into library xil_defaultlib
INFO: [VRFC 10-311] analyzing module design_3_the_16bit_to_4x4bit_0_1
INFO: [VRFC 10-2263] Analyzing Verilog file "D:/cd4/project_4/project_4.ip_user_files/bd/design_3/ip/design_3_alu_74181_3_0/sim/design_3_alu_74181_3_0.v" into library xil_defaultlib
INFO: [VRFC 10-311] analyzing module design_3_alu_74181_3_0
INFO: [VRFC 10-2263] Analyzing Verilog file "D:/cd4/project_4/project_4.ip_user_files/bd/design_3/ip/design_3_carry_output_splitter_0_0/sim/design_3_carry_output_splitter_0_0.v" into library xil_defaultlib
INFO: [VRFC 10-311] analyzing module design_3_carry_output_splitter_0_0
INFO: [VRFC 10-2263] Analyzing Verilog file "D:/cd4/project_4/project_4.ip_user_files/bd/design_3/ip/design_3_not_gate_1_0/sim/design_3_not_gate_1_0.v" into library xil_defaultlib
INFO: [VRFC 10-311] analyzing module design_3_not_gate_1_0
INFO: [VRFC 10-2263] Analyzing Verilog file "D:/cd4/project_4/project_4.ip_user_files/bd/design_3/ip/design_3_bus_slicer_16to12_0_0/sim/design_3_bus_slicer_16to12_0_0.v" into library xil_defaultlib
INFO: [VRFC 10-311] analyzing module design_3_bus_slicer_16to12_0_0
INFO: [VRFC 10-2263] Analyzing Verilog file "D:/cd4/project_4/project_4.ip_user_files/bd/design_3/ip/design_3_multiplier_8x8_0_0/sim/design_3_multiplier_8x8_0_0.v" into library xil_defaultlib
INFO: [VRFC 10-311] analyzing module design_3_multiplier_8x8_0_0
INFO: [VRFC 10-2263] Analyzing Verilog file "D:/cd4/project_4/project_4.ip_user_files/bd/design_3/ip/design_3_split_16to8_0_0/sim/design_3_split_16to8_0_0.v" into library xil_defaultlib
INFO: [VRFC 10-311] analyzing module design_3_split_16to8_0_0
INFO: [VRFC 10-2263] Analyzing Verilog file "D:/cd4/project_4/project_4.ip_user_files/bd/design_3/ip/design_3_R0_0/sim/design_3_R0_0.v" into library xil_defaultlib
INFO: [VRFC 10-311] analyzing module design_3_R0_0
INFO: [VRFC 10-2263] Analyzing Verilog file "D:/cd4/project_4/project_4.ip_user_files/bd/design_3/ip/design_3_mod5_timing_generator_0_0/sim/design_3_mod5_timing_generator_0_0.v" into library xil_defaultlib
INFO: [VRFC 10-311] analyzing module design_3_mod5_timing_generator_0_0
INFO: [VRFC 10-2263] Analyzing Verilog file "D:/cd4/project_4/project_4.ip_user_files/bd/design_3/ip/design_3_splitter_16bit_to_16_0_0/sim/design_3_splitter_16bit_to_16_0_0.v" into library xil_defaultlib
INFO: [VRFC 10-311] analyzing module design_3_splitter_16bit_to_16_0_0
INFO: [VRFC 10-2263] Analyzing Verilog file "D:/cd4/project_4/project_4.ip_user_files/bd/design_3/ip/design_3_not_gate_0_0/sim/design_3_not_gate_0_0.v" into library xil_defaultlib
INFO: [VRFC 10-311] analyzing module design_3_not_gate_0_0
INFO: [VRFC 10-2263] Analyzing Verilog file "D:/cd4/project_4/project_4.ip_user_files/bd/design_3/ip/design_3_RTI_0_0/sim/design_3_RTI_0_0.v" into library xil_defaultlib
INFO: [VRFC 10-311] analyzing module design_3_RTI_0_0
INFO: [VRFC 10-2263] Analyzing Verilog file "D:/cd4/project_4/project_4.ip_user_files/bd/design_3/ip/design_3_control_0_0/sim/design_3_control_0_0.v" into library xil_defaultlib
INFO: [VRFC 10-311] analyzing module design_3_control_0_0
INFO: [VRFC 10-2263] Analyzing Verilog file "D:/cd4/project_4/project_4.ip_user_files/bd/design_3/ip/design_3_not_gate_1_1/sim/design_3_not_gate_1_1.v" into library xil_defaultlib
INFO: [VRFC 10-311] analyzing module design_3_not_gate_1_1
INFO: [VRFC 10-2263] Analyzing Verilog file "D:/cd4/project_4/project_4.ip_user_files/bd/design_3/ip/design_3_and_gate_0_0/sim/design_3_and_gate_0_0.v" into library xil_defaultlib
INFO: [VRFC 10-311] analyzing module design_3_and_gate_0_0
INFO: [VRFC 10-2263] Analyzing Verilog file "D:/cd4/project_4/project_4.ip_user_files/bd/design_3/ip/design_3_and2_0_0/sim/design_3_and2_0_0.v" into library xil_defaultlib
INFO: [VRFC 10-311] analyzing module design_3_and2_0_0
INFO: [VRFC 10-2263] Analyzing Verilog file "D:/cd4/project_4/project_4.ip_user_files/bd/design_3/ip/design_3_aggregator_4bit_0_2/sim/design_3_aggregator_4bit_0_2.v" into library xil_defaultlib
INFO: [VRFC 10-311] analyzing module design_3_aggregator_4bit_0_2
INFO: [VRFC 10-2263] Analyzing Verilog file "D:/cd4/project_4/project_4.ip_user_files/bd/design_3/sim/design_3.v" into library xil_defaultlib
INFO: [VRFC 10-311] analyzing module ALU_imp_JZDUAB
INFO: [VRFC 10-311] analyzing module PC_imp_1MALNP6
INFO: [VRFC 10-311] analyzing module design_3
INFO: [VRFC 10-2263] Analyzing Verilog file "D:/cd3/design_3/hdl/design_3_wrapper.v" into library xil_defaultlib
INFO: [VRFC 10-311] analyzing module design_3_wrapper
INFO: [VRFC 10-2263] Analyzing Verilog file "D:/cd3/exp3/simple_core_test.v" into library xil_defaultlib
INFO: [VRFC 10-311] analyzing module complete_monitor_test
run_program: Time (s): cpu = 00:00:00 ; elapsed = 00:00:16 . Memory (MB): peak = 2684.000 ; gain = 0.000
INFO: [USF-XSim-69] 'compile' step finished in '16' seconds
INFO: [USF-XSim-3] XSim::Elaborate design
INFO: [USF-XSim-61] Executing 'ELABORATE' step in 'D:/cd4/project_4/project_4.sim/sim_2/behav/xsim'
"xelab --incr --debug typical --relax --mt 2 -L xil_defaultlib -L xlconstant_v1_1_9 -L xlconcat_v2_1_6 -L unisims_ver -L unimacro_ver -L secureip -L xpm --snapshot complete_monitor_test_behav xil_defaultlib.complete_monitor_test xil_defaultlib.glbl -log elaborate.log"
Vivado Simulator v2024.2.0
Copyright 1986-2022 Xilinx, Inc. All Rights Reserved.
Copyright 2022-2024 Advanced Micro Devices, Inc. All Rights Reserved.
Running: D:/Vivado/2024.2/bin/unwrapped/win64.o/xelab.exe --incr --debug typical --relax --mt 2 -L xil_defaultlib -L xlconstant_v1_1_9 -L xlconcat_v2_1_6 -L unisims_ver -L unimacro_ver -L secureip -L xpm --snapshot complete_monitor_test_behav xil_defaultlib.complete_monitor_test xil_defaultlib.glbl -log elaborate.log 
Using 2 slave threads.
Starting static elaboration
Pass Through NonSizing Optimizer
Completed static elaboration
Starting simulation data flow analysis
WARNING: [XSIM 43-4099] "D:/cd3/exp3/aggregate_4x4_to_16bit.v" Line 1. Module aggregate_4x4_to_16bit doesn't have a timescale but at least one module in design has a timescale.
WARNING: [XSIM 43-4099] "D:/cd3/exp3/aggregator_4bit.v" Line 1. Module aggregator_4bit doesn't have a timescale but at least one module in design has a timescale.
WARNING: [XSIM 43-4099] "D:/cd3/exp3/aggregator_4bit.v" Line 1. Module aggregator_4bit doesn't have a timescale but at least one module in design has a timescale.
WARNING: [XSIM 43-4099] "D:/cd3/exp3/74181.v" Line 1. Module alu_74181 doesn't have a timescale but at least one module in design has a timescale.
WARNING: [XSIM 43-4099] "D:/cd3/exp3/74181.v" Line 1. Module alu_74181 doesn't have a timescale but at least one module in design has a timescale.
WARNING: [XSIM 43-4099] "D:/cd3/exp3/74181.v" Line 1. Module alu_74181 doesn't have a timescale but at least one module in design has a timescale.
WARNING: [XSIM 43-4099] "D:/cd3/exp3/74181.v" Line 1. Module alu_74181 doesn't have a timescale but at least one module in design has a timescale.
WARNING: [XSIM 43-4099] "D:/cd3/exp3/74182.v" Line 1. Module carry_lookahead_74182 doesn't have a timescale but at least one module in design has a timescale.
WARNING: [XSIM 43-4099] "D:/cd3/exp3/exp14_source.v" Line 309. Module carry_output_splitter doesn't have a timescale but at least one module in design has a timescale.
WARNING: [XSIM 43-4099] "D:/cd3/exp3/not_gate.v" Line 1. Module not_gate doesn't have a timescale but at least one module in design has a timescale.
WARNING: [XSIM 43-4099] "D:/cd3/exp3/the_16bit_to_4x4bit.v" Line 1. Module the_16bit_to_4x4bit doesn't have a timescale but at least one module in design has a timescale.
WARNING: [XSIM 43-4099] "D:/cd3/exp3/the_16bit_to_4x4bit.v" Line 1. Module the_16bit_to_4x4bit doesn't have a timescale but at least one module in design has a timescale.
WARNING: [XSIM 43-4099] "D:/cd3/exp3/16bit_reg.v" Line 1. Module register_16bit doesn't have a timescale but at least one module in design has a timescale.
WARNING: [XSIM 43-4099] "D:/cd3/exp3/12bit_reg.v" Line 1. Module register_12bit doesn't have a timescale but at least one module in design has a timescale.
WARNING: [XSIM 43-4099] "D:/cd3/exp3/16bit_reg.v" Line 1. Module register_16bit doesn't have a timescale but at least one module in design has a timescale.
WARNING: [XSIM 43-4099] "D:/cd3/exp3/16bit_reg.v" Line 1. Module register_16bit doesn't have a timescale but at least one module in design has a timescale.
WARNING: [XSIM 43-4099] "D:/cd3/exp3/16bit_reg.v" Line 1. Module register_16bit doesn't have a timescale but at least one module in design has a timescale.
WARNING: [XSIM 43-4099] "D:/cd3/exp3/74161.v" Line 1. Module ic_74161 doesn't have a timescale but at least one module in design has a timescale.
WARNING: [XSIM 43-4099] "D:/cd3/exp3/74161.v" Line 1. Module ic_74161 doesn't have a timescale but at least one module in design has a timescale.
WARNING: [XSIM 43-4099] "D:/cd3/exp3/74161.v" Line 1. Module ic_74161 doesn't have a timescale but at least one module in design has a timescale.
WARNING: [XSIM 43-4099] "D:/cd3/exp3/exp14_source.v" Line 326. Module the_12bit_to_3x4bit doesn't have a timescale but at least one module in design has a timescale.
WARNING: [XSIM 43-4099] "D:/cd3/exp3/16bit_reg.v" Line 1. Module register_16bit doesn't have a timescale but at least one module in design has a timescale.
WARNING: [XSIM 43-4099] "D:/cd3/exp3/16bit_reg.v" Line 1. Module register_16bit doesn't have a timescale but at least one module in design has a timescale.
WARNING: [XSIM 43-4099] "D:/cd3/exp3/16bit_reg.v" Line 1. Module register_16bit doesn't have a timescale but at least one module in design has a timescale.
WARNING: [XSIM 43-4099] "D:/cd4/exp/plusv.v" Line 54. Module RTI doesn't have a timescale but at least one module in design has a timescale.
WARNING: [XSIM 43-4099] "D:/cd3/exp3/16bit_reg.v" Line 1. Module register_16bit doesn't have a timescale but at least one module in design has a timescale.
WARNING: [XSIM 43-4099] "D:/cd3/exp3/16bit_reg.v" Line 1. Module register_16bit doesn't have a timescale but at least one module in design has a timescale.
WARNING: [XSIM 43-4099] "D:/cd3/exp3/exp14_source.v" Line 1. Module adpt_in doesn't have a timescale but at least one module in design has a timescale.
WARNING: [XSIM 43-4099] "D:/cd3/exp3/aggregator_4bit.v" Line 1. Module aggregator_4bit doesn't have a timescale but at least one module in design has a timescale.
WARNING: [XSIM 43-4099] "D:/cd3/exp3/exp14_source.v" Line 76. Module and2 doesn't have a timescale but at least one module in design has a timescale.
WARNING: [XSIM 43-4099] "D:/cd3/exp3/and_gate.v" Line 1. Module and_gate doesn't have a timescale but at least one module in design has a timescale.
WARNING: [XSIM 43-4099] "D:/cd3/exp3/exp14_source.v" Line 459. Module bus_slicer_16to12 doesn't have a timescale but at least one module in design has a timescale.
WARNING: [XSIM 43-4099] "D:/cd4/exp/plusv.v" Line 83. Module control doesn't have a timescale but at least one module in design has a timescale.
WARNING: [XSIM 43-4099] "D:/cd4/exp/plusv.v" Line 1. Module mod5_timing_generator doesn't have a timescale but at least one module in design has a timescale.
WARNING: [XSIM 43-4099] "D:/cd3/exp3/exp14_source.v" Line 479. Module multiplier_8x8 doesn't have a timescale but at least one module in design has a timescale.
WARNING: [XSIM 43-4099] "D:/cd3/exp3/mix5to1.v" Line 1. Module mux_5to1_16bit doesn't have a timescale but at least one module in design has a timescale.
WARNING: [XSIM 43-4099] "D:/cd3/exp3/not_gate.v" Line 1. Module not_gate doesn't have a timescale but at least one module in design has a timescale.
WARNING: [XSIM 43-4099] "D:/cd3/exp3/not_gate.v" Line 1. Module not_gate doesn't have a timescale but at least one module in design has a timescale.
WARNING: [XSIM 43-4099] "D:/cd3/exp3/ram.v" Line 1. Module ram doesn't have a timescale but at least one module in design has a timescale.
WARNING: [XSIM 43-4099] "D:/cd3/exp3/exp14_source.v" Line 490. Module split_16to8 doesn't have a timescale but at least one module in design has a timescale.
WARNING: [XSIM 43-4099] "D:/cd3/exp3/exp14_source.v" Line 400. Module splitter_16bit_to_16outputs doesn't have a timescale but at least one module in design has a timescale.
WARNING: [XSIM 43-4099] "D:/cd3/exp3/aggregate_4x4_to_16bit.v" Line 1. Module aggregate_4x4_to_16bit doesn't have a timescale but at least one module in design has a timescale.
WARNING: [XSIM 43-4099] "D:/cd3/exp3/aggregator_4bit.v" Line 1. Module aggregator_4bit doesn't have a timescale but at least one module in design has a timescale.
WARNING: [XSIM 43-4099] "D:/cd3/exp3/aggregator_4bit.v" Line 1. Module aggregator_4bit doesn't have a timescale but at least one module in design has a timescale.
WARNING: [XSIM 43-4099] "D:/cd3/exp3/74181.v" Line 1. Module alu_74181 doesn't have a timescale but at least one module in design has a timescale.
WARNING: [XSIM 43-4099] "D:/cd3/exp3/74181.v" Line 1. Module alu_74181 doesn't have a timescale but at least one module in design has a timescale.
WARNING: [XSIM 43-4099] "D:/cd3/exp3/74181.v" Line 1. Module alu_74181 doesn't have a timescale but at least one module in design has a timescale.
WARNING: [XSIM 43-4099] "D:/cd3/exp3/74181.v" Line 1. Module alu_74181 doesn't have a timescale but at least one module in design has a timescale.
WARNING: [XSIM 43-4099] "D:/cd3/exp3/74182.v" Line 1. Module carry_lookahead_74182 doesn't have a timescale but at least one module in design has a timescale.
WARNING: [XSIM 43-4099] "D:/cd3/exp3/exp14_source.v" Line 309. Module carry_output_splitter doesn't have a timescale but at least one module in design has a timescale.
WARNING: [XSIM 43-4099] "D:/cd3/exp3/not_gate.v" Line 1. Module not_gate doesn't have a timescale but at least one module in design has a timescale.
WARNING: [XSIM 43-4099] "D:/cd3/exp3/the_16bit_to_4x4bit.v" Line 1. Module the_16bit_to_4x4bit doesn't have a timescale but at least one module in design has a timescale.
WARNING: [XSIM 43-4099] "D:/cd3/exp3/the_16bit_to_4x4bit.v" Line 1. Module the_16bit_to_4x4bit doesn't have a timescale but at least one module in design has a timescale.
WARNING: [XSIM 43-4099] "D:/cd3/exp3/16bit_reg.v" Line 1. Module register_16bit doesn't have a timescale but at least one module in design has a timescale.
WARNING: [XSIM 43-4099] "D:/cd3/exp3/12bit_reg.v" Line 1. Module register_12bit doesn't have a timescale but at least one module in design has a timescale.
WARNING: [XSIM 43-4099] "D:/cd3/exp3/16bit_reg.v" Line 1. Module register_16bit doesn't have a timescale but at least one module in design has a timescale.
WARNING: [XSIM 43-4099] "D:/cd3/exp3/16bit_reg.v" Line 1. Module register_16bit doesn't have a timescale but at least one module in design has a timescale.
WARNING: [XSIM 43-4099] "D:/cd3/exp3/16bit_reg.v" Line 1. Module register_16bit doesn't have a timescale but at least one module in design has a timescale.
WARNING: [XSIM 43-4099] "D:/cd3/exp3/74161.v" Line 1. Module ic_74161 doesn't have a timescale but at least one module in design has a timescale.
WARNING: [XSIM 43-4099] "D:/cd3/exp3/74161.v" Line 1. Module ic_74161 doesn't have a timescale but at least one module in design has a timescale.
WARNING: [XSIM 43-4099] "D:/cd3/exp3/74161.v" Line 1. Module ic_74161 doesn't have a timescale but at least one module in design has a timescale.
WARNING: [XSIM 43-4099] "D:/cd3/exp3/exp14_source.v" Line 326. Module the_12bit_to_3x4bit doesn't have a timescale but at least one module in design has a timescale.
WARNING: [XSIM 43-4099] "D:/cd3/exp3/16bit_reg.v" Line 1. Module register_16bit doesn't have a timescale but at least one module in design has a timescale.
WARNING: [XSIM 43-4099] "D:/cd3/exp3/16bit_reg.v" Line 1. Module register_16bit doesn't have a timescale but at least one module in design has a timescale.
WARNING: [XSIM 43-4099] "D:/cd3/exp3/16bit_reg.v" Line 1. Module register_16bit doesn't have a timescale but at least one module in design has a timescale.
WARNING: [XSIM 43-4099] "D:/cd4/exp/plusv.v" Line 54. Module RTI doesn't have a timescale but at least one module in design has a timescale.
WARNING: [XSIM 43-4099] "D:/cd3/exp3/16bit_reg.v" Line 1. Module register_16bit doesn't have a timescale but at least one module in design has a timescale.
WARNING: [XSIM 43-4099] "D:/cd3/exp3/16bit_reg.v" Line 1. Module register_16bit doesn't have a timescale but at least one module in design has a timescale.
WARNING: [XSIM 43-4099] "D:/cd3/exp3/exp14_source.v" Line 1. Module adpt_in doesn't have a timescale but at least one module in design has a timescale.
WARNING: [XSIM 43-4099] "D:/cd3/exp3/aggregator_4bit.v" Line 1. Module aggregator_4bit doesn't have a timescale but at least one module in design has a timescale.
WARNING: [XSIM 43-4099] "D:/cd3/exp3/exp14_source.v" Line 76. Module and2 doesn't have a timescale but at least one module in design has a timescale.
WARNING: [XSIM 43-4099] "D:/cd3/exp3/and_gate.v" Line 1. Module and_gate doesn't have a timescale but at least one module in design has a timescale.
WARNING: [XSIM 43-4099] "D:/cd3/exp3/exp14_source.v" Line 459. Module bus_slicer_16to12 doesn't have a timescale but at least one module in design has a timescale.
WARNING: [XSIM 43-4099] "D:/cd4/exp/plusv.v" Line 83. Module control doesn't have a timescale but at least one module in design has a timescale.
WARNING: [XSIM 43-4099] "D:/cd4/exp/plusv.v" Line 1. Module mod5_timing_generator doesn't have a timescale but at least one module in design has a timescale.
WARNING: [XSIM 43-4099] "D:/cd3/exp3/exp14_source.v" Line 479. Module multiplier_8x8 doesn't have a timescale but at least one module in design has a timescale.
WARNING: [XSIM 43-4099] "D:/cd3/exp3/mix5to1.v" Line 1. Module mux_5to1_16bit doesn't have a timescale but at least one module in design has a timescale.
WARNING: [XSIM 43-4099] "D:/cd3/exp3/not_gate.v" Line 1. Module not_gate doesn't have a timescale but at least one module in design has a timescale.
WARNING: [XSIM 43-4099] "D:/cd3/exp3/not_gate.v" Line 1. Module not_gate doesn't have a timescale but at least one module in design has a timescale.
WARNING: [XSIM 43-4099] "D:/cd3/exp3/ram.v" Line 1. Module ram doesn't have a timescale but at least one module in design has a timescale.
WARNING: [XSIM 43-4099] "D:/cd3/exp3/exp14_source.v" Line 490. Module split_16to8 doesn't have a timescale but at least one module in design has a timescale.
WARNING: [XSIM 43-4099] "D:/cd3/exp3/exp14_source.v" Line 400. Module splitter_16bit_to_16outputs doesn't have a timescale but at least one module in design has a timescale.
Completed simulation data flow analysis
Time Resolution for simulation is 1ps
Compiling module xil_defaultlib.aggregate_4x4_to_16bit
Compiling module xil_defaultlib.design_3_aggregate_4x4_to_16b_0_...
Compiling module xil_defaultlib.aggregator_4bit
Compiling module xil_defaultlib.design_3_aggregator_4bit_0_1
Compiling module xil_defaultlib.design_3_aggregator_4bit_1_0
Compiling module xil_defaultlib.alu_74181
Compiling module xil_defaultlib.design_3_alu_74181_0_0
Compiling module xil_defaultlib.design_3_alu_74181_1_0
Compiling module xil_defaultlib.design_3_alu_74181_2_0
Compiling module xil_defaultlib.design_3_alu_74181_3_0
Compiling module xil_defaultlib.carry_lookahead_74182
Compiling module xil_defaultlib.design_3_carry_lookahead_74182_0...
Compiling module xil_defaultlib.carry_output_splitter
Compiling module xil_defaultlib.design_3_carry_output_splitter_0...
Compiling module xil_defaultlib.not_gate
Compiling module xil_defaultlib.design_3_not_gate_1_0
Compiling module xil_defaultlib.the_16bit_to_4x4bit
Compiling module xil_defaultlib.design_3_the_16bit_to_4x4bit_0_1
Compiling module xil_defaultlib.design_3_the_16bit_to_4x4bit_2_0
Compiling module xil_defaultlib.ALU_imp_JZDUAB
Compiling module xil_defaultlib.register_16bit
Compiling module xil_defaultlib.design_3_register_16bit_0_1
Compiling module xil_defaultlib.register_12bit
Compiling module xil_defaultlib.design_3_register_12bit_0_0
Compiling module xil_defaultlib.design_3_register_16bit_3_1
Compiling module xil_defaultlib.design_3_MDR_0
Compiling module xil_defaultlib.design_3_R0_0
Compiling module xil_defaultlib.ic_74161
Compiling module xil_defaultlib.design_3_ic_74161_0_0
Compiling module xil_defaultlib.design_3_ic_74161_1_0
Compiling module xil_defaultlib.design_3_ic_74161_2_0
Compiling module xil_defaultlib.the_12bit_to_3x4bit
Compiling module xil_defaultlib.design_3_the_12bit_to_3x4bit_0_1
Compiling module xlconcat_v2_1_6.xlconcat_v2_1_6_xlconcat(IN0_WID...
Compiling module xil_defaultlib.design_3_xlconcat_0_0
Compiling module xil_defaultlib.PC_imp_1MALNP6
Compiling module xil_defaultlib.design_3_register_16bit_0_0
Compiling module xil_defaultlib.design_3_register_16bit_1_0
Compiling module xil_defaultlib.design_3_register_16bit_2_0
Compiling module xil_defaultlib.RTI
Compiling module xil_defaultlib.design_3_RTI_0_0
Compiling module xil_defaultlib.design_3_register_16bit_3_0
Compiling module xil_defaultlib.design_3_register_16bit_4_0
Compiling module xil_defaultlib.adpt_in
Compiling module xil_defaultlib.design_3_adpt_in_0_0
Compiling module xil_defaultlib.design_3_aggregator_4bit_0_2
Compiling module xil_defaultlib.and2
Compiling module xil_defaultlib.design_3_and2_0_0
Compiling module xil_defaultlib.and_gate
Compiling module xil_defaultlib.design_3_and_gate_0_0
Compiling module xil_defaultlib.bus_slicer_16to12
Compiling module xil_defaultlib.design_3_bus_slicer_16to12_0_0
Compiling module xil_defaultlib.control
Compiling module xil_defaultlib.design_3_control_0_0
Compiling module xil_defaultlib.mod5_timing_generator
Compiling module xil_defaultlib.design_3_mod5_timing_generator_0...
Compiling module xil_defaultlib.multiplier_8x8
Compiling module xil_defaultlib.design_3_multiplier_8x8_0_0
Compiling module xil_defaultlib.mux_5to1_16bit
Compiling module xil_defaultlib.design_3_mux_5to1_16bit_0_0
Compiling module xil_defaultlib.design_3_not_gate_0_0
Compiling module xil_defaultlib.design_3_not_gate_1_1
Compiling module xil_defaultlib.ram
Compiling module xil_defaultlib.design_3_ram_0_0
Compiling module xil_defaultlib.split_16to8
Compiling module xil_defaultlib.design_3_split_16to8_0_0
Compiling module xil_defaultlib.splitter_16bit_to_16outputs
Compiling module xil_defaultlib.design_3_splitter_16bit_to_16_0_...
Compiling module xlconstant_v1_1_9.xlconstant_v1_1_9_xlconstant(CON...
Compiling module xil_defaultlib.design_3_xlconstant_0_1
Compiling module xil_defaultlib.design_3
Compiling module xil_defaultlib.design_3_wrapper
Compiling module xil_defaultlib.complete_monitor_test
Compiling module xil_defaultlib.glbl
Built simulation snapshot complete_monitor_test_behav
run_program: Time (s): cpu = 00:00:01 ; elapsed = 00:00:16 . Memory (MB): peak = 2684.000 ; gain = 0.000
INFO: [USF-XSim-69] 'elaborate' step finished in '16' seconds
INFO: [USF-XSim-4] XSim::Simulate design
INFO: [USF-XSim-61] Executing 'SIMULATE' step in 'D:/cd4/project_4/project_4.sim/sim_2/behav/xsim'
INFO: [USF-XSim-98] *** Running xsim
   with args "complete_monitor_test_behav -key {Behavioral:sim_2:Functional:complete_monitor_test} -tclbatch {complete_monitor_test.tcl} -protoinst "protoinst_files/design_3.protoinst" -log {simulate.log}"
INFO: [USF-XSim-8] Loading simulator feature
INFO: [Wavedata 42-565] Reading protoinst file protoinst_files/design_3.protoinst
Time resolution is 1 ps
source complete_monitor_test.tcl
# set curr_wave [current_wave_config]
# if { [string length $curr_wave] == 0 } {
#   if { [llength [get_objects]] > 0} {
#     add_wave /
#     set_property needs_save false [current_wave_config]
#   } else {
#      send_msg_id Add_Wave-1 WARNING "No top level signals found. Simulator will start without a wave window. If you want to open a wave window go to 'File->New Waveform Configuration' or type 'create_wave_config' in the TCL console."
#   }
# }
# run 1000ns
============== 完整监控测试 ==============
仿真时间: 20000 ns, 时钟周期: 10 ns
时间(ns)	复位	uPC		Crom		Bus		MAR
----------------------------------------------------------------
10000		0	0xzzz	0xzzzzzz	0x0000	0x000
100000		1	0xzzz	0xzzzzzz	0x0000	0x000 <- 复位释放
105000		1	0xzzz	0xzzzzzz	0x0000	0x000
205000		1	0xzzz	0xzzzzzz	0x0000	0x002
305000		1	0xzzz	0xzzzzzz	0x0000	0x004
405000		1	0xzzz	0xzzzzzz	0x0000	0x005
505000		1	0xzzz	0xzzzzzz	0x0000	0x007
605000		1	0xzzz	0xzzzzzz	0x0000	0x008
705000		1	0xzzz	0xzzzzzz	0x0000	0x009
805000		1	0xzzz	0xzzzzzz	0x0000	0x00a
905000		1	0xzzz	0xzzzzzz	0x0000	0x00b
INFO: [USF-XSim-96] XSim completed. Design snapshot 'complete_monitor_test_behav' loaded.
INFO: [USF-XSim-97] XSim simulation ran for 1000ns
launch_simulation: Time (s): cpu = 00:00:04 ; elapsed = 00:00:40 . Memory (MB): peak = 2684.000 ; gain = 0.000
WARNING: [filemgmt 56-199] Attempt to get parsing info during refresh. "On-the-fly" syntax checking information may be incorrect. [D:\cd3\exp3\simple_core_test.v:]
WARNING: [filemgmt 56-199] Attempt to get parsing info during refresh. "On-the-fly" syntax checking information may be incorrect. [D:\cd4\exp\plusv.v:]
WARNING: [filemgmt 56-199] Attempt to get parsing info during refresh. "On-the-fly" syntax checking information may be incorrect. [D:\cd4\exp\plusv.v:]
WARNING: [filemgmt 56-199] Attempt to get parsing info during refresh. "On-the-fly" syntax checking information may be incorrect. [D:\cd4\exp\plusv.v:]
ERROR: [Common 17-180] Spawn failed: No error
close_sim
INFO: [Simtcl 6-16] Simulation closed
WARNING: [filemgmt 56-199] Attempt to get parsing info during refresh. "On-the-fly" syntax checking information may be incorrect. [D:\cd3\exp3\simple_core_test.v:]
WARNING: [filemgmt 56-199] Attempt to get parsing info during refresh. "On-the-fly" syntax checking information may be incorrect. [D:\cd3\exp3\exp14_source.v:]
WARNING: [filemgmt 56-199] Attempt to get parsing info during refresh. "On-the-fly" syntax checking information may be incorrect. [D:\cd4\exp\plusv.v:]
WARNING: [filemgmt 56-199] Attempt to get parsing info during refresh. "On-the-fly" syntax checking information may be incorrect. [D:\cd3\exp3\exp14_source.v:]
WARNING: [filemgmt 56-199] Attempt to get parsing info during refresh. "On-the-fly" syntax checking information may be incorrect. [D:\cd3\exp3\exp14_source.v:]
WARNING: [filemgmt 56-199] Attempt to get parsing info during refresh. "On-the-fly" syntax checking information may be incorrect. [D:\cd3\exp3\simple_core_test.v:]
WARNING: [filemgmt 56-199] Attempt to get parsing info during refresh. "On-the-fly" syntax checking information may be incorrect. [D:\cd3\exp3\exp14_source.v:]
WARNING: [filemgmt 56-199] Attempt to get parsing info during refresh. "On-the-fly" syntax checking information may be incorrect. [D:\cd4\exp\plusv.v:]
WARNING: [filemgmt 56-199] Attempt to get parsing info during refresh. "On-the-fly" syntax checking information may be incorrect. [D:\cd3\exp3\simple_core_test.v:]
WARNING: [filemgmt 56-199] Attempt to get parsing info during refresh. "On-the-fly" syntax checking information may be incorrect. [D:\cd3\exp3\simple_core_test.v:]
report_ip_status -name ip_status 
update_module_reference [get_ips  {design_3_splitter_16bit_to_16_0_0 design_3_carry_output_splitter_0_0 design_3_multiplier_8x8_0_0 design_3_split_16to8_0_0 design_3_bus_slicer_16to12_0_0 design_3_and2_0_0 design_3_the_12bit_to_3x4bit_0_1 design_3_adpt_in_0_0}]
INFO: [IP_Flow 19-5107] Inferred bus interface 'btn_rst' of definition 'xilinx.com:signal:reset:1.0' (from Xilinx Repository).
INFO: [IP_Flow 19-5107] Inferred bus interface 'rst_n' of definition 'xilinx.com:signal:reset:1.0' (from Xilinx Repository).
INFO: [IP_Flow 19-5107] Inferred bus interface 'btn_clk' of definition 'xilinx.com:signal:clock:1.0' (from Xilinx Repository).
INFO: [IP_Flow 19-5107] Inferred bus interface 'clk' of definition 'xilinx.com:signal:clock:1.0' (from Xilinx Repository).
INFO: [IP_Flow 19-4728] Bus Interface 'rst_n': Added interface parameter 'POLARITY' with value 'ACTIVE_LOW'.
INFO: [IP_Flow 19-4728] Bus Interface 'btn_clk': Added interface parameter 'ASSOCIATED_RESET' with value 'btn_rst'.
WARNING: [IP_Flow 19-5661] Bus Interface 'btn_clk' does not have any bus interfaces associated with it.
WARNING: [IP_Flow 19-11770] Clock interface 'btn_clk' has no FREQ_HZ parameter.
CRITICAL WARNING: [IP_Flow 19-4751] Bus Interface 'clk': FREQ_HZ bus parameter is missing for output clock interface.
INFO: [IP_Flow 19-5107] Inferred bus interface 'btn_rst' of definition 'xilinx.com:signal:reset:1.0' (from Xilinx Repository).
INFO: [IP_Flow 19-5107] Inferred bus interface 'rst_n' of definition 'xilinx.com:signal:reset:1.0' (from Xilinx Repository).
INFO: [IP_Flow 19-5107] Inferred bus interface 'btn_clk' of definition 'xilinx.com:signal:clock:1.0' (from Xilinx Repository).
INFO: [IP_Flow 19-5107] Inferred bus interface 'clk' of definition 'xilinx.com:signal:clock:1.0' (from Xilinx Repository).
INFO: [IP_Flow 19-4728] Bus Interface 'rst_n': Added interface parameter 'POLARITY' with value 'ACTIVE_LOW'.
INFO: [IP_Flow 19-4728] Bus Interface 'btn_clk': Added interface parameter 'ASSOCIATED_RESET' with value 'btn_rst'.
WARNING: [IP_Flow 19-5661] Bus Interface 'btn_clk' does not have any bus interfaces associated with it.
WARNING: [IP_Flow 19-11770] Clock interface 'btn_clk' has no FREQ_HZ parameter.
CRITICAL WARNING: [IP_Flow 19-4751] Bus Interface 'clk': FREQ_HZ bus parameter is missing for output clock interface.
Upgrading 'D:/cd3/design_3/design_3.bd'
INFO: [IP_Flow 19-3420] Updated design_3_adpt_in_0_0 to use current project options
INFO: [IP_Flow 19-3420] Updated design_3_and2_0_0 to use current project options
INFO: [IP_Flow 19-3420] Updated design_3_bus_slicer_16to12_0_0 to use current project options
INFO: [IP_Flow 19-3420] Updated design_3_carry_output_splitter_0_0 to use current project options
INFO: [IP_Flow 19-3420] Updated design_3_multiplier_8x8_0_0 to use current project options
INFO: [IP_Flow 19-3420] Updated design_3_split_16to8_0_0 to use current project options
INFO: [IP_Flow 19-3420] Updated design_3_splitter_16bit_to_16_0_0 to use current project options
INFO: [IP_Flow 19-3420] Updated design_3_the_12bit_to_3x4bit_0_1 to use current project options
Wrote  : <D:\cd3\design_3\design_3.bd> 
update_module_reference: Time (s): cpu = 00:00:03 ; elapsed = 00:00:15 . Memory (MB): peak = 2684.000 ; gain = 0.000
report_ip_status -name ip_status 
generate_target Simulation [get_files D:/cd3/design_3/design_3.bd]
CRITICAL WARNING: [BD 41-1367] The port name 'out' of cell '/mux_5to1_16bit_0' is a reserved keyword in a Hardware Description Language. Please consider renaming the port.
CRITICAL WARNING: [BD 41-1367] The port name 'AND' of cell '/RTI_0' is a reserved keyword in a Hardware Description Language. Please consider renaming the port.
CRITICAL WARNING: [BD 41-1367] The port name 'OR' of cell '/RTI_0' is a reserved keyword in a Hardware Description Language. Please consider renaming the port.
CRITICAL WARNING: [BD 41-1367] The port name 'AND' of cell '/control_0' is a reserved keyword in a Hardware Description Language. Please consider renaming the port.
CRITICAL WARNING: [BD 41-1367] The port name 'OR' of cell '/control_0' is a reserved keyword in a Hardware Description Language. Please consider renaming the port.
CRITICAL WARNING: [BD 41-759] The input pins (listed below) are either not connected or do not have a source port, and they don't have a tie-off specified. These pins are tied-off to all 0's to avoid error in Implementation flow.
Please check your design and connect them as needed: 
/mux_5to1_16bit_0/selIR
/mux_5to1_16bit_0/selMUL
/MUL/read_en

Wrote  : <D:\cd3\design_3\design_3.bd> 
CRITICAL WARNING: [BD 41-2383] Width mismatch when connecting input pin '/mux_5to1_16bit_0/PC'(16) to pin '/PC/dout'(12) - Only lower order bits will be connected, and other input bits of this pin will be left unconnected.
Verilog Output written to : D:/cd3/design_3/synth/design_3.v
CRITICAL WARNING: [BD 41-2383] Width mismatch when connecting input pin '/mux_5to1_16bit_0/PC'(16) to pin '/PC/dout'(12) - Only lower order bits will be connected, and other input bits of this pin will be left unconnected.
Verilog Output written to : D:/cd3/design_3/sim/design_3.v
Verilog Output written to : D:/cd3/design_3/hdl/design_3_wrapper.v
INFO: [BD 41-1029] Generation completed for the IP Integrator block adpt_in_0 .
INFO: [BD 41-1029] Generation completed for the IP Integrator block PC/the_12bit_to_3x4bit_0 .
INFO: [BD 41-1029] Generation completed for the IP Integrator block ALU/carry_output_splitter_0 .
INFO: [BD 41-1029] Generation completed for the IP Integrator block bus_slicer_16to12_0 .
INFO: [BD 41-1029] Generation completed for the IP Integrator block multiplier_8x8_0 .
INFO: [BD 41-1029] Generation completed for the IP Integrator block split_16to8_0 .
INFO: [BD 41-1029] Generation completed for the IP Integrator block splitter_16bit_to_16_0 .
INFO: [BD 41-1029] Generation completed for the IP Integrator block and2_0 .
Exporting to file D:/cd3/design_3/hw_handoff/design_3.hwh
Generated Hardware Definition File D:/cd3/design_3/synth/design_3.hwdef
export_ip_user_files -of_objects [get_files D:/cd3/design_3/design_3.bd] -no_script -sync -force -quiet
export_simulation -of_objects [get_files D:/cd3/design_3/design_3.bd] -directory D:/cd4/project_4/project_4.ip_user_files/sim_scripts -ip_user_files_dir D:/cd4/project_4/project_4.ip_user_files -ipstatic_source_dir D:/cd4/project_4/project_4.ip_user_files/ipstatic -lib_map_path [list {modelsim=D:/cd4/project_4/project_4.cache/compile_simlib/modelsim} {questa=D:/cd4/project_4/project_4.cache/compile_simlib/questa} {riviera=D:/cd4/project_4/project_4.cache/compile_simlib/riviera} {activehdl=D:/cd4/project_4/project_4.cache/compile_simlib/activehdl}] -use_ip_compiled_libs -force -quiet
launch_simulation -simset [get_filesets sim_2 ]
Command: launch_simulation  -simset sim_2
INFO: [Vivado 12-12493] Simulation top is 'complete_monitor_test'
WARNING: [Vivado 12-13340] Unable to auto find GCC executables from simulator install path! (path not set)
INFO: [Vivado 12-5698] Checking validity of IPs in the design for the 'XSim' simulator...
INFO: [Vivado 12-5682] Launching behavioral simulation in 'D:/cd4/project_4/project_4.sim/sim_2/behav/xsim'
INFO: [Vivado 12-13660] Precompiled IP simulation library mode is enabled (default). The design IP libraries will be referenced from the compiled library path. Please note that if the precompiled version of the library is not found from the path or the IP is in locked state, then the library source files for these IPs will be compiled locally as part of the compile order.
INFO: [Vivado 12-4795] Using compiled simulation libraries for IPs
INFO: [SIM-utils-51] Simulation object is 'sim_2'
INFO: [SIM-utils-72] Using boost library from 'D:/Vivado/2024.2/tps/boost_1_72_0'
INFO: [USF-XSim-7] Finding pre-compiled libraries...
INFO: [USF-XSim-11] File 'D:/Vivado/2024.2/data/xsim/xsim.ini' copied to run dir:'D:/cd4/project_4/project_4.sim/sim_2/behav/xsim'
INFO: [SIM-utils-54] Inspecting design source files for 'complete_monitor_test' in fileset 'sim_2'...
INFO: [USF-XSim-97] Finding global include files...
INFO: [USF-XSim-98] Fetching design files from 'sim_2'...
INFO: [USF-XSim-2] XSim::Compile design
INFO: [USF-XSim-61] Executing 'COMPILE and ANALYZE' step in 'D:/cd4/project_4/project_4.sim/sim_2/behav/xsim'
"xvlog --incr --relax -prj complete_monitor_test_vlog.prj"
INFO: [VRFC 10-2263] Analyzing Verilog file "D:/cd3/exp3/exp14_source.v" into library xil_defaultlib
INFO: [VRFC 10-311] analyzing module adpt_in
INFO: [VRFC 10-311] analyzing module adpt_out
INFO: [VRFC 10-311] analyzing module adpt_out8
INFO: [VRFC 10-311] analyzing module adpt_out12
INFO: [VRFC 10-311] analyzing module adpt_out16
INFO: [VRFC 10-311] analyzing module adpt_out23
INFO: [VRFC 10-311] analyzing module and2
INFO: [VRFC 10-311] analyzing module not1
INFO: [VRFC 10-311] analyzing module addr_adpt
INFO: [VRFC 10-311] analyzing module UIR
INFO: [VRFC 10-311] analyzing module m74LS161
INFO: [VRFC 10-311] analyzing module rom1_256x24
INFO: [VRFC 10-311] analyzing module rom2_4Kx16
INFO: [VRFC 10-311] analyzing module adder4
INFO: [VRFC 10-311] analyzing module dff4
WARNING: [VRFC 10-9336] redeclaration of ANSI port 'Q3' is not allowed [D:/cd3/exp3/exp14_source.v:265]
INFO: [VRFC 10-311] analyzing module shifter
INFO: [VRFC 10-311] analyzing module carry_output_splitter
INFO: [VRFC 10-311] analyzing module the_12bit_to_3x4bit
INFO: [VRFC 10-311] analyzing module four_bit_checker
INFO: [VRFC 10-311] analyzing module or3_gate
INFO: [VRFC 10-311] analyzing module aggregator_12inputs_to_12bit_sync
INFO: [VRFC 10-311] analyzing module splitter_16bit_to_16outputs
INFO: [VRFC 10-311] analyzing module splitter_12bit_to_12outputs
INFO: [VRFC 10-311] analyzing module bus_slicer_16to12
INFO: [VRFC 10-311] analyzing module register_temp
INFO: [VRFC 10-311] analyzing module multiplier_8x8
INFO: [VRFC 10-311] analyzing module split_16to8
INFO: [VRFC 10-2263] Analyzing Verilog file "D:/cd3/exp3/74161.v" into library xil_defaultlib
INFO: [VRFC 10-311] analyzing module ic_74161
INFO: [VRFC 10-2263] Analyzing Verilog file "D:/cd3/exp3/ram.v" into library xil_defaultlib
INFO: [VRFC 10-311] analyzing module ram
INFO: [VRFC 10-2263] Analyzing Verilog file "D:/cd3/exp3/16bit_reg.v" into library xil_defaultlib
INFO: [VRFC 10-311] analyzing module register_16bit
INFO: [VRFC 10-2263] Analyzing Verilog file "D:/cd3/exp3/12bit_reg.v" into library xil_defaultlib
INFO: [VRFC 10-311] analyzing module register_12bit
INFO: [VRFC 10-2263] Analyzing Verilog file "D:/cd3/exp3/mix5to1.v" into library xil_defaultlib
INFO: [VRFC 10-311] analyzing module mux_5to1_16bit
INFO: [VRFC 10-2263] Analyzing Verilog file "D:/cd3/exp3/aggregator_4bit.v" into library xil_defaultlib
INFO: [VRFC 10-311] analyzing module aggregator_4bit
INFO: [VRFC 10-2263] Analyzing Verilog file "D:/cd3/exp3/74182.v" into library xil_defaultlib
INFO: [VRFC 10-311] analyzing module carry_lookahead_74182
INFO: [VRFC 10-2263] Analyzing Verilog file "D:/cd3/exp3/74181.v" into library xil_defaultlib
INFO: [VRFC 10-311] analyzing module alu_74181
INFO: [VRFC 10-2263] Analyzing Verilog file "D:/cd3/exp3/aggregate_4x4_to_16bit.v" into library xil_defaultlib
INFO: [VRFC 10-311] analyzing module aggregate_4x4_to_16bit
INFO: [VRFC 10-311] analyzing module adpt_out_16bit
INFO: [VRFC 10-2263] Analyzing Verilog file "D:/cd3/exp3/the_16bit_to_4x4bit.v" into library xil_defaultlib
INFO: [VRFC 10-311] analyzing module the_16bit_to_4x4bit
INFO: [VRFC 10-2263] Analyzing Verilog file "D:/cd3/exp3/not_gate.v" into library xil_defaultlib
INFO: [VRFC 10-311] analyzing module not_gate
INFO: [VRFC 10-2263] Analyzing Verilog file "D:/cd4/exp/plusv.v" into library xil_defaultlib
INFO: [VRFC 10-311] analyzing module mod5_timing_generator
INFO: [VRFC 10-311] analyzing module RTI
INFO: [VRFC 10-311] analyzing module control
INFO: [VRFC 10-2263] Analyzing Verilog file "D:/cd3/exp3/and_gate.v" into library xil_defaultlib
INFO: [VRFC 10-311] analyzing module and_gate
INFO: [VRFC 10-2263] Analyzing Verilog file "D:/cd4/project_4/project_4.ip_user_files/bd/design_3/ip/design_3_adpt_in_0_0/sim/design_3_adpt_in_0_0.v" into library xil_defaultlib
INFO: [VRFC 10-311] analyzing module design_3_adpt_in_0_0
INFO: [VRFC 10-2263] Analyzing Verilog file "D:/cd4/project_4/project_4.ip_user_files/bd/design_3/ip/design_3_xlconstant_0_1/sim/design_3_xlconstant_0_1.v" into library xil_defaultlib
INFO: [VRFC 10-311] analyzing module design_3_xlconstant_0_1
INFO: [VRFC 10-2263] Analyzing Verilog file "D:/cd4/project_4/project_4.ip_user_files/bd/design_3/ip/design_3_ic_74161_0_0/sim/design_3_ic_74161_0_0.v" into library xil_defaultlib
INFO: [VRFC 10-311] analyzing module design_3_ic_74161_0_0
INFO: [VRFC 10-2263] Analyzing Verilog file "D:/cd4/project_4/project_4.ip_user_files/bd/design_3/ip/design_3_ic_74161_1_0/sim/design_3_ic_74161_1_0.v" into library xil_defaultlib
INFO: [VRFC 10-311] analyzing module design_3_ic_74161_1_0
INFO: [VRFC 10-2263] Analyzing Verilog file "D:/cd4/project_4/project_4.ip_user_files/bd/design_3/ip/design_3_ic_74161_2_0/sim/design_3_ic_74161_2_0.v" into library xil_defaultlib
INFO: [VRFC 10-311] analyzing module design_3_ic_74161_2_0
INFO: [VRFC 10-2263] Analyzing Verilog file "D:/cd4/project_4/project_4.ip_user_files/bd/design_3/ip/design_3_xlconcat_0_0/sim/design_3_xlconcat_0_0.v" into library xil_defaultlib
INFO: [VRFC 10-311] analyzing module design_3_xlconcat_0_0
INFO: [VRFC 10-2263] Analyzing Verilog file "D:/cd4/project_4/project_4.ip_user_files/bd/design_3/ip/design_3_the_12bit_to_3x4bit_0_1/sim/design_3_the_12bit_to_3x4bit_0_1.v" into library xil_defaultlib
INFO: [VRFC 10-311] analyzing module design_3_the_12bit_to_3x4bit_0_1
INFO: [VRFC 10-2263] Analyzing Verilog file "D:/cd4/project_4/project_4.ip_user_files/bd/design_3/ip/design_3_ram_0_0/sim/design_3_ram_0_0.v" into library xil_defaultlib
INFO: [VRFC 10-311] analyzing module design_3_ram_0_0
INFO: [VRFC 10-2263] Analyzing Verilog file "D:/cd4/project_4/project_4.ip_user_files/bd/design_3/ip/design_3_register_16bit_0_0/sim/design_3_register_16bit_0_0.v" into library xil_defaultlib
INFO: [VRFC 10-311] analyzing module design_3_register_16bit_0_0
INFO: [VRFC 10-2263] Analyzing Verilog file "D:/cd4/project_4/project_4.ip_user_files/bd/design_3/ip/design_3_register_16bit_1_0/sim/design_3_register_16bit_1_0.v" into library xil_defaultlib
INFO: [VRFC 10-311] analyzing module design_3_register_16bit_1_0
INFO: [VRFC 10-2263] Analyzing Verilog file "D:/cd4/project_4/project_4.ip_user_files/bd/design_3/ip/design_3_register_16bit_2_0/sim/design_3_register_16bit_2_0.v" into library xil_defaultlib
INFO: [VRFC 10-311] analyzing module design_3_register_16bit_2_0
INFO: [VRFC 10-2263] Analyzing Verilog file "D:/cd4/project_4/project_4.ip_user_files/bd/design_3/ip/design_3_register_16bit_3_0/sim/design_3_register_16bit_3_0.v" into library xil_defaultlib
INFO: [VRFC 10-311] analyzing module design_3_register_16bit_3_0
INFO: [VRFC 10-2263] Analyzing Verilog file "D:/cd4/project_4/project_4.ip_user_files/bd/design_3/ip/design_3_register_16bit_4_0/sim/design_3_register_16bit_4_0.v" into library xil_defaultlib
INFO: [VRFC 10-311] analyzing module design_3_register_16bit_4_0
INFO: [VRFC 10-2263] Analyzing Verilog file "D:/cd4/project_4/project_4.ip_user_files/bd/design_3/ip/design_3_register_12bit_0_0/sim/design_3_register_12bit_0_0.v" into library xil_defaultlib
INFO: [VRFC 10-311] analyzing module design_3_register_12bit_0_0
INFO: [VRFC 10-2263] Analyzing Verilog file "D:/cd4/project_4/project_4.ip_user_files/bd/design_3/ip/design_3_register_16bit_3_1/sim/design_3_register_16bit_3_1.v" into library xil_defaultlib
INFO: [VRFC 10-311] analyzing module design_3_register_16bit_3_1
INFO: [VRFC 10-2263] Analyzing Verilog file "D:/cd4/project_4/project_4.ip_user_files/bd/design_3/ip/design_3_MDR_0/sim/design_3_MDR_0.v" into library xil_defaultlib
INFO: [VRFC 10-311] analyzing module design_3_MDR_0
INFO: [VRFC 10-2263] Analyzing Verilog file "D:/cd4/project_4/project_4.ip_user_files/bd/design_3/ip/design_3_register_16bit_0_1/sim/design_3_register_16bit_0_1.v" into library xil_defaultlib
INFO: [VRFC 10-311] analyzing module design_3_register_16bit_0_1
INFO: [VRFC 10-2263] Analyzing Verilog file "D:/cd4/project_4/project_4.ip_user_files/bd/design_3/ip/design_3_mux_5to1_16bit_0_0/sim/design_3_mux_5to1_16bit_0_0.v" into library xil_defaultlib
INFO: [VRFC 10-311] analyzing module design_3_mux_5to1_16bit_0_0
INFO: [VRFC 10-2263] Analyzing Verilog file "D:/cd4/project_4/project_4.ip_user_files/bd/design_3/ip/design_3_aggregator_4bit_0_1/sim/design_3_aggregator_4bit_0_1.v" into library xil_defaultlib
INFO: [VRFC 10-311] analyzing module design_3_aggregator_4bit_0_1
INFO: [VRFC 10-2263] Analyzing Verilog file "D:/cd4/project_4/project_4.ip_user_files/bd/design_3/ip/design_3_carry_lookahead_74182_0_0/sim/design_3_carry_lookahead_74182_0_0.v" into library xil_defaultlib
INFO: [VRFC 10-311] analyzing module design_3_carry_lookahead_74182_0_0
INFO: [VRFC 10-2263] Analyzing Verilog file "D:/cd4/project_4/project_4.ip_user_files/bd/design_3/ip/design_3_aggregator_4bit_1_0/sim/design_3_aggregator_4bit_1_0.v" into library xil_defaultlib
INFO: [VRFC 10-311] analyzing module design_3_aggregator_4bit_1_0
INFO: [VRFC 10-2263] Analyzing Verilog file "D:/cd4/project_4/project_4.ip_user_files/bd/design_3/ip/design_3_alu_74181_0_0/sim/design_3_alu_74181_0_0.v" into library xil_defaultlib
INFO: [VRFC 10-311] analyzing module design_3_alu_74181_0_0
INFO: [VRFC 10-2263] Analyzing Verilog file "D:/cd4/project_4/project_4.ip_user_files/bd/design_3/ip/design_3_alu_74181_1_0/sim/design_3_alu_74181_1_0.v" into library xil_defaultlib
INFO: [VRFC 10-311] analyzing module design_3_alu_74181_1_0
INFO: [VRFC 10-2263] Analyzing Verilog file "D:/cd4/project_4/project_4.ip_user_files/bd/design_3/ip/design_3_alu_74181_2_0/sim/design_3_alu_74181_2_0.v" into library xil_defaultlib
INFO: [VRFC 10-311] analyzing module design_3_alu_74181_2_0
INFO: [VRFC 10-2263] Analyzing Verilog file "D:/cd4/project_4/project_4.ip_user_files/bd/design_3/ip/design_3_aggregate_4x4_to_16b_0_0/sim/design_3_aggregate_4x4_to_16b_0_0.v" into library xil_defaultlib
INFO: [VRFC 10-311] analyzing module design_3_aggregate_4x4_to_16b_0_0
INFO: [VRFC 10-2263] Analyzing Verilog file "D:/cd4/project_4/project_4.ip_user_files/bd/design_3/ip/design_3_the_16bit_to_4x4bit_2_0/sim/design_3_the_16bit_to_4x4bit_2_0.v" into library xil_defaultlib
INFO: [VRFC 10-311] analyzing module design_3_the_16bit_to_4x4bit_2_0
INFO: [VRFC 10-2263] Analyzing Verilog file "D:/cd4/project_4/project_4.ip_user_files/bd/design_3/ip/design_3_the_16bit_to_4x4bit_0_1/sim/design_3_the_16bit_to_4x4bit_0_1.v" into library xil_defaultlib
INFO: [VRFC 10-311] analyzing module design_3_the_16bit_to_4x4bit_0_1
INFO: [VRFC 10-2263] Analyzing Verilog file "D:/cd4/project_4/project_4.ip_user_files/bd/design_3/ip/design_3_alu_74181_3_0/sim/design_3_alu_74181_3_0.v" into library xil_defaultlib
INFO: [VRFC 10-311] analyzing module design_3_alu_74181_3_0
INFO: [VRFC 10-2263] Analyzing Verilog file "D:/cd4/project_4/project_4.ip_user_files/bd/design_3/ip/design_3_carry_output_splitter_0_0/sim/design_3_carry_output_splitter_0_0.v" into library xil_defaultlib
INFO: [VRFC 10-311] analyzing module design_3_carry_output_splitter_0_0
INFO: [VRFC 10-2263] Analyzing Verilog file "D:/cd4/project_4/project_4.ip_user_files/bd/design_3/ip/design_3_not_gate_1_0/sim/design_3_not_gate_1_0.v" into library xil_defaultlib
INFO: [VRFC 10-311] analyzing module design_3_not_gate_1_0
INFO: [VRFC 10-2263] Analyzing Verilog file "D:/cd4/project_4/project_4.ip_user_files/bd/design_3/ip/design_3_bus_slicer_16to12_0_0/sim/design_3_bus_slicer_16to12_0_0.v" into library xil_defaultlib
INFO: [VRFC 10-311] analyzing module design_3_bus_slicer_16to12_0_0
INFO: [VRFC 10-2263] Analyzing Verilog file "D:/cd4/project_4/project_4.ip_user_files/bd/design_3/ip/design_3_multiplier_8x8_0_0/sim/design_3_multiplier_8x8_0_0.v" into library xil_defaultlib
INFO: [VRFC 10-311] analyzing module design_3_multiplier_8x8_0_0
INFO: [VRFC 10-2263] Analyzing Verilog file "D:/cd4/project_4/project_4.ip_user_files/bd/design_3/ip/design_3_split_16to8_0_0/sim/design_3_split_16to8_0_0.v" into library xil_defaultlib
INFO: [VRFC 10-311] analyzing module design_3_split_16to8_0_0
INFO: [VRFC 10-2263] Analyzing Verilog file "D:/cd4/project_4/project_4.ip_user_files/bd/design_3/ip/design_3_R0_0/sim/design_3_R0_0.v" into library xil_defaultlib
INFO: [VRFC 10-311] analyzing module design_3_R0_0
INFO: [VRFC 10-2263] Analyzing Verilog file "D:/cd4/project_4/project_4.ip_user_files/bd/design_3/ip/design_3_mod5_timing_generator_0_0/sim/design_3_mod5_timing_generator_0_0.v" into library xil_defaultlib
INFO: [VRFC 10-311] analyzing module design_3_mod5_timing_generator_0_0
INFO: [VRFC 10-2263] Analyzing Verilog file "D:/cd4/project_4/project_4.ip_user_files/bd/design_3/ip/design_3_splitter_16bit_to_16_0_0/sim/design_3_splitter_16bit_to_16_0_0.v" into library xil_defaultlib
INFO: [VRFC 10-311] analyzing module design_3_splitter_16bit_to_16_0_0
INFO: [VRFC 10-2263] Analyzing Verilog file "D:/cd4/project_4/project_4.ip_user_files/bd/design_3/ip/design_3_not_gate_0_0/sim/design_3_not_gate_0_0.v" into library xil_defaultlib
INFO: [VRFC 10-311] analyzing module design_3_not_gate_0_0
INFO: [VRFC 10-2263] Analyzing Verilog file "D:/cd4/project_4/project_4.ip_user_files/bd/design_3/ip/design_3_RTI_0_0/sim/design_3_RTI_0_0.v" into library xil_defaultlib
INFO: [VRFC 10-311] analyzing module design_3_RTI_0_0
INFO: [VRFC 10-2263] Analyzing Verilog file "D:/cd4/project_4/project_4.ip_user_files/bd/design_3/ip/design_3_control_0_0/sim/design_3_control_0_0.v" into library xil_defaultlib
INFO: [VRFC 10-311] analyzing module design_3_control_0_0
INFO: [VRFC 10-2263] Analyzing Verilog file "D:/cd4/project_4/project_4.ip_user_files/bd/design_3/ip/design_3_not_gate_1_1/sim/design_3_not_gate_1_1.v" into library xil_defaultlib
INFO: [VRFC 10-311] analyzing module design_3_not_gate_1_1
INFO: [VRFC 10-2263] Analyzing Verilog file "D:/cd4/project_4/project_4.ip_user_files/bd/design_3/ip/design_3_and_gate_0_0/sim/design_3_and_gate_0_0.v" into library xil_defaultlib
INFO: [VRFC 10-311] analyzing module design_3_and_gate_0_0
INFO: [VRFC 10-2263] Analyzing Verilog file "D:/cd4/project_4/project_4.ip_user_files/bd/design_3/ip/design_3_and2_0_0/sim/design_3_and2_0_0.v" into library xil_defaultlib
INFO: [VRFC 10-311] analyzing module design_3_and2_0_0
INFO: [VRFC 10-2263] Analyzing Verilog file "D:/cd4/project_4/project_4.ip_user_files/bd/design_3/ip/design_3_aggregator_4bit_0_2/sim/design_3_aggregator_4bit_0_2.v" into library xil_defaultlib
INFO: [VRFC 10-311] analyzing module design_3_aggregator_4bit_0_2
INFO: [VRFC 10-2263] Analyzing Verilog file "D:/cd4/project_4/project_4.ip_user_files/bd/design_3/sim/design_3.v" into library xil_defaultlib
INFO: [VRFC 10-311] analyzing module ALU_imp_JZDUAB
INFO: [VRFC 10-311] analyzing module PC_imp_1MALNP6
INFO: [VRFC 10-311] analyzing module design_3
INFO: [VRFC 10-2263] Analyzing Verilog file "D:/cd3/design_3/hdl/design_3_wrapper.v" into library xil_defaultlib
INFO: [VRFC 10-311] analyzing module design_3_wrapper
INFO: [VRFC 10-2263] Analyzing Verilog file "D:/cd3/exp3/simple_core_test.v" into library xil_defaultlib
INFO: [VRFC 10-311] analyzing module complete_monitor_test
run_program: Time (s): cpu = 00:00:00 ; elapsed = 00:00:10 . Memory (MB): peak = 2684.000 ; gain = 0.000
INFO: [USF-XSim-69] 'compile' step finished in '10' seconds
INFO: [USF-XSim-3] XSim::Elaborate design
INFO: [USF-XSim-61] Executing 'ELABORATE' step in 'D:/cd4/project_4/project_4.sim/sim_2/behav/xsim'
"xelab --incr --debug typical --relax --mt 2 -L xil_defaultlib -L xlconstant_v1_1_9 -L xlconcat_v2_1_6 -L unisims_ver -L unimacro_ver -L secureip -L xpm --snapshot complete_monitor_test_behav xil_defaultlib.complete_monitor_test xil_defaultlib.glbl -log elaborate.log"
Vivado Simulator v2024.2.0
Copyright 1986-2022 Xilinx, Inc. All Rights Reserved.
Copyright 2022-2024 Advanced Micro Devices, Inc. All Rights Reserved.
Running: D:/Vivado/2024.2/bin/unwrapped/win64.o/xelab.exe --incr --debug typical --relax --mt 2 -L xil_defaultlib -L xlconstant_v1_1_9 -L xlconcat_v2_1_6 -L unisims_ver -L unimacro_ver -L secureip -L xpm --snapshot complete_monitor_test_behav xil_defaultlib.complete_monitor_test xil_defaultlib.glbl -log elaborate.log 
Using 2 slave threads.
Starting static elaboration
Pass Through NonSizing Optimizer
Completed static elaboration
Starting simulation data flow analysis
WARNING: [XSIM 43-4099] "D:/cd3/exp3/aggregate_4x4_to_16bit.v" Line 1. Module aggregate_4x4_to_16bit doesn't have a timescale but at least one module in design has a timescale.
WARNING: [XSIM 43-4099] "D:/cd3/exp3/aggregator_4bit.v" Line 1. Module aggregator_4bit doesn't have a timescale but at least one module in design has a timescale.
WARNING: [XSIM 43-4099] "D:/cd3/exp3/aggregator_4bit.v" Line 1. Module aggregator_4bit doesn't have a timescale but at least one module in design has a timescale.
WARNING: [XSIM 43-4099] "D:/cd3/exp3/74181.v" Line 1. Module alu_74181 doesn't have a timescale but at least one module in design has a timescale.
WARNING: [XSIM 43-4099] "D:/cd3/exp3/74181.v" Line 1. Module alu_74181 doesn't have a timescale but at least one module in design has a timescale.
WARNING: [XSIM 43-4099] "D:/cd3/exp3/74181.v" Line 1. Module alu_74181 doesn't have a timescale but at least one module in design has a timescale.
WARNING: [XSIM 43-4099] "D:/cd3/exp3/74181.v" Line 1. Module alu_74181 doesn't have a timescale but at least one module in design has a timescale.
WARNING: [XSIM 43-4099] "D:/cd3/exp3/74182.v" Line 1. Module carry_lookahead_74182 doesn't have a timescale but at least one module in design has a timescale.
WARNING: [XSIM 43-4099] "D:/cd3/exp3/exp14_source.v" Line 309. Module carry_output_splitter doesn't have a timescale but at least one module in design has a timescale.
WARNING: [XSIM 43-4099] "D:/cd3/exp3/not_gate.v" Line 1. Module not_gate doesn't have a timescale but at least one module in design has a timescale.
WARNING: [XSIM 43-4099] "D:/cd3/exp3/the_16bit_to_4x4bit.v" Line 1. Module the_16bit_to_4x4bit doesn't have a timescale but at least one module in design has a timescale.
WARNING: [XSIM 43-4099] "D:/cd3/exp3/the_16bit_to_4x4bit.v" Line 1. Module the_16bit_to_4x4bit doesn't have a timescale but at least one module in design has a timescale.
WARNING: [XSIM 43-4099] "D:/cd3/exp3/16bit_reg.v" Line 1. Module register_16bit doesn't have a timescale but at least one module in design has a timescale.
WARNING: [XSIM 43-4099] "D:/cd3/exp3/12bit_reg.v" Line 1. Module register_12bit doesn't have a timescale but at least one module in design has a timescale.
WARNING: [XSIM 43-4099] "D:/cd3/exp3/16bit_reg.v" Line 1. Module register_16bit doesn't have a timescale but at least one module in design has a timescale.
WARNING: [XSIM 43-4099] "D:/cd3/exp3/16bit_reg.v" Line 1. Module register_16bit doesn't have a timescale but at least one module in design has a timescale.
WARNING: [XSIM 43-4099] "D:/cd3/exp3/16bit_reg.v" Line 1. Module register_16bit doesn't have a timescale but at least one module in design has a timescale.
WARNING: [XSIM 43-4099] "D:/cd3/exp3/74161.v" Line 1. Module ic_74161 doesn't have a timescale but at least one module in design has a timescale.
WARNING: [XSIM 43-4099] "D:/cd3/exp3/74161.v" Line 1. Module ic_74161 doesn't have a timescale but at least one module in design has a timescale.
WARNING: [XSIM 43-4099] "D:/cd3/exp3/74161.v" Line 1. Module ic_74161 doesn't have a timescale but at least one module in design has a timescale.
WARNING: [XSIM 43-4099] "D:/cd3/exp3/exp14_source.v" Line 326. Module the_12bit_to_3x4bit doesn't have a timescale but at least one module in design has a timescale.
WARNING: [XSIM 43-4099] "D:/cd3/exp3/16bit_reg.v" Line 1. Module register_16bit doesn't have a timescale but at least one module in design has a timescale.
WARNING: [XSIM 43-4099] "D:/cd3/exp3/16bit_reg.v" Line 1. Module register_16bit doesn't have a timescale but at least one module in design has a timescale.
WARNING: [XSIM 43-4099] "D:/cd3/exp3/16bit_reg.v" Line 1. Module register_16bit doesn't have a timescale but at least one module in design has a timescale.
WARNING: [XSIM 43-4099] "D:/cd4/exp/plusv.v" Line 54. Module RTI doesn't have a timescale but at least one module in design has a timescale.
WARNING: [XSIM 43-4099] "D:/cd3/exp3/16bit_reg.v" Line 1. Module register_16bit doesn't have a timescale but at least one module in design has a timescale.
WARNING: [XSIM 43-4099] "D:/cd3/exp3/16bit_reg.v" Line 1. Module register_16bit doesn't have a timescale but at least one module in design has a timescale.
WARNING: [XSIM 43-4099] "D:/cd3/exp3/exp14_source.v" Line 1. Module adpt_in doesn't have a timescale but at least one module in design has a timescale.
WARNING: [XSIM 43-4099] "D:/cd3/exp3/aggregator_4bit.v" Line 1. Module aggregator_4bit doesn't have a timescale but at least one module in design has a timescale.
WARNING: [XSIM 43-4099] "D:/cd3/exp3/exp14_source.v" Line 76. Module and2 doesn't have a timescale but at least one module in design has a timescale.
WARNING: [XSIM 43-4099] "D:/cd3/exp3/and_gate.v" Line 1. Module and_gate doesn't have a timescale but at least one module in design has a timescale.
WARNING: [XSIM 43-4099] "D:/cd3/exp3/exp14_source.v" Line 459. Module bus_slicer_16to12 doesn't have a timescale but at least one module in design has a timescale.
WARNING: [XSIM 43-4099] "D:/cd4/exp/plusv.v" Line 83. Module control doesn't have a timescale but at least one module in design has a timescale.
WARNING: [XSIM 43-4099] "D:/cd4/exp/plusv.v" Line 1. Module mod5_timing_generator doesn't have a timescale but at least one module in design has a timescale.
WARNING: [XSIM 43-4099] "D:/cd3/exp3/exp14_source.v" Line 479. Module multiplier_8x8 doesn't have a timescale but at least one module in design has a timescale.
WARNING: [XSIM 43-4099] "D:/cd3/exp3/mix5to1.v" Line 1. Module mux_5to1_16bit doesn't have a timescale but at least one module in design has a timescale.
WARNING: [XSIM 43-4099] "D:/cd3/exp3/not_gate.v" Line 1. Module not_gate doesn't have a timescale but at least one module in design has a timescale.
WARNING: [XSIM 43-4099] "D:/cd3/exp3/not_gate.v" Line 1. Module not_gate doesn't have a timescale but at least one module in design has a timescale.
WARNING: [XSIM 43-4099] "D:/cd3/exp3/ram.v" Line 1. Module ram doesn't have a timescale but at least one module in design has a timescale.
WARNING: [XSIM 43-4099] "D:/cd3/exp3/exp14_source.v" Line 490. Module split_16to8 doesn't have a timescale but at least one module in design has a timescale.
WARNING: [XSIM 43-4099] "D:/cd3/exp3/exp14_source.v" Line 400. Module splitter_16bit_to_16outputs doesn't have a timescale but at least one module in design has a timescale.
WARNING: [XSIM 43-4099] "D:/cd3/exp3/aggregate_4x4_to_16bit.v" Line 1. Module aggregate_4x4_to_16bit doesn't have a timescale but at least one module in design has a timescale.
WARNING: [XSIM 43-4099] "D:/cd3/exp3/aggregator_4bit.v" Line 1. Module aggregator_4bit doesn't have a timescale but at least one module in design has a timescale.
WARNING: [XSIM 43-4099] "D:/cd3/exp3/aggregator_4bit.v" Line 1. Module aggregator_4bit doesn't have a timescale but at least one module in design has a timescale.
WARNING: [XSIM 43-4099] "D:/cd3/exp3/74181.v" Line 1. Module alu_74181 doesn't have a timescale but at least one module in design has a timescale.
WARNING: [XSIM 43-4099] "D:/cd3/exp3/74181.v" Line 1. Module alu_74181 doesn't have a timescale but at least one module in design has a timescale.
WARNING: [XSIM 43-4099] "D:/cd3/exp3/74181.v" Line 1. Module alu_74181 doesn't have a timescale but at least one module in design has a timescale.
WARNING: [XSIM 43-4099] "D:/cd3/exp3/74181.v" Line 1. Module alu_74181 doesn't have a timescale but at least one module in design has a timescale.
WARNING: [XSIM 43-4099] "D:/cd3/exp3/74182.v" Line 1. Module carry_lookahead_74182 doesn't have a timescale but at least one module in design has a timescale.
WARNING: [XSIM 43-4099] "D:/cd3/exp3/exp14_source.v" Line 309. Module carry_output_splitter doesn't have a timescale but at least one module in design has a timescale.
WARNING: [XSIM 43-4099] "D:/cd3/exp3/not_gate.v" Line 1. Module not_gate doesn't have a timescale but at least one module in design has a timescale.
WARNING: [XSIM 43-4099] "D:/cd3/exp3/the_16bit_to_4x4bit.v" Line 1. Module the_16bit_to_4x4bit doesn't have a timescale but at least one module in design has a timescale.
WARNING: [XSIM 43-4099] "D:/cd3/exp3/the_16bit_to_4x4bit.v" Line 1. Module the_16bit_to_4x4bit doesn't have a timescale but at least one module in design has a timescale.
WARNING: [XSIM 43-4099] "D:/cd3/exp3/16bit_reg.v" Line 1. Module register_16bit doesn't have a timescale but at least one module in design has a timescale.
WARNING: [XSIM 43-4099] "D:/cd3/exp3/12bit_reg.v" Line 1. Module register_12bit doesn't have a timescale but at least one module in design has a timescale.
WARNING: [XSIM 43-4099] "D:/cd3/exp3/16bit_reg.v" Line 1. Module register_16bit doesn't have a timescale but at least one module in design has a timescale.
WARNING: [XSIM 43-4099] "D:/cd3/exp3/16bit_reg.v" Line 1. Module register_16bit doesn't have a timescale but at least one module in design has a timescale.
WARNING: [XSIM 43-4099] "D:/cd3/exp3/16bit_reg.v" Line 1. Module register_16bit doesn't have a timescale but at least one module in design has a timescale.
WARNING: [XSIM 43-4099] "D:/cd3/exp3/74161.v" Line 1. Module ic_74161 doesn't have a timescale but at least one module in design has a timescale.
WARNING: [XSIM 43-4099] "D:/cd3/exp3/74161.v" Line 1. Module ic_74161 doesn't have a timescale but at least one module in design has a timescale.
WARNING: [XSIM 43-4099] "D:/cd3/exp3/74161.v" Line 1. Module ic_74161 doesn't have a timescale but at least one module in design has a timescale.
WARNING: [XSIM 43-4099] "D:/cd3/exp3/exp14_source.v" Line 326. Module the_12bit_to_3x4bit doesn't have a timescale but at least one module in design has a timescale.
WARNING: [XSIM 43-4099] "D:/cd3/exp3/16bit_reg.v" Line 1. Module register_16bit doesn't have a timescale but at least one module in design has a timescale.
WARNING: [XSIM 43-4099] "D:/cd3/exp3/16bit_reg.v" Line 1. Module register_16bit doesn't have a timescale but at least one module in design has a timescale.
WARNING: [XSIM 43-4099] "D:/cd3/exp3/16bit_reg.v" Line 1. Module register_16bit doesn't have a timescale but at least one module in design has a timescale.
WARNING: [XSIM 43-4099] "D:/cd4/exp/plusv.v" Line 54. Module RTI doesn't have a timescale but at least one module in design has a timescale.
WARNING: [XSIM 43-4099] "D:/cd3/exp3/16bit_reg.v" Line 1. Module register_16bit doesn't have a timescale but at least one module in design has a timescale.
WARNING: [XSIM 43-4099] "D:/cd3/exp3/16bit_reg.v" Line 1. Module register_16bit doesn't have a timescale but at least one module in design has a timescale.
WARNING: [XSIM 43-4099] "D:/cd3/exp3/exp14_source.v" Line 1. Module adpt_in doesn't have a timescale but at least one module in design has a timescale.
WARNING: [XSIM 43-4099] "D:/cd3/exp3/aggregator_4bit.v" Line 1. Module aggregator_4bit doesn't have a timescale but at least one module in design has a timescale.
WARNING: [XSIM 43-4099] "D:/cd3/exp3/exp14_source.v" Line 76. Module and2 doesn't have a timescale but at least one module in design has a timescale.
WARNING: [XSIM 43-4099] "D:/cd3/exp3/and_gate.v" Line 1. Module and_gate doesn't have a timescale but at least one module in design has a timescale.
WARNING: [XSIM 43-4099] "D:/cd3/exp3/exp14_source.v" Line 459. Module bus_slicer_16to12 doesn't have a timescale but at least one module in design has a timescale.
WARNING: [XSIM 43-4099] "D:/cd4/exp/plusv.v" Line 83. Module control doesn't have a timescale but at least one module in design has a timescale.
WARNING: [XSIM 43-4099] "D:/cd4/exp/plusv.v" Line 1. Module mod5_timing_generator doesn't have a timescale but at least one module in design has a timescale.
WARNING: [XSIM 43-4099] "D:/cd3/exp3/exp14_source.v" Line 479. Module multiplier_8x8 doesn't have a timescale but at least one module in design has a timescale.
WARNING: [XSIM 43-4099] "D:/cd3/exp3/mix5to1.v" Line 1. Module mux_5to1_16bit doesn't have a timescale but at least one module in design has a timescale.
WARNING: [XSIM 43-4099] "D:/cd3/exp3/not_gate.v" Line 1. Module not_gate doesn't have a timescale but at least one module in design has a timescale.
WARNING: [XSIM 43-4099] "D:/cd3/exp3/not_gate.v" Line 1. Module not_gate doesn't have a timescale but at least one module in design has a timescale.
WARNING: [XSIM 43-4099] "D:/cd3/exp3/ram.v" Line 1. Module ram doesn't have a timescale but at least one module in design has a timescale.
WARNING: [XSIM 43-4099] "D:/cd3/exp3/exp14_source.v" Line 490. Module split_16to8 doesn't have a timescale but at least one module in design has a timescale.
WARNING: [XSIM 43-4099] "D:/cd3/exp3/exp14_source.v" Line 400. Module splitter_16bit_to_16outputs doesn't have a timescale but at least one module in design has a timescale.
Completed simulation data flow analysis
Time Resolution for simulation is 1ps
Compiling module xil_defaultlib.aggregate_4x4_to_16bit
Compiling module xil_defaultlib.design_3_aggregate_4x4_to_16b_0_...
Compiling module xil_defaultlib.aggregator_4bit
Compiling module xil_defaultlib.design_3_aggregator_4bit_0_1
Compiling module xil_defaultlib.design_3_aggregator_4bit_1_0
Compiling module xil_defaultlib.alu_74181
Compiling module xil_defaultlib.design_3_alu_74181_0_0
Compiling module xil_defaultlib.design_3_alu_74181_1_0
Compiling module xil_defaultlib.design_3_alu_74181_2_0
Compiling module xil_defaultlib.design_3_alu_74181_3_0
Compiling module xil_defaultlib.carry_lookahead_74182
Compiling module xil_defaultlib.design_3_carry_lookahead_74182_0...
Compiling module xil_defaultlib.carry_output_splitter
Compiling module xil_defaultlib.design_3_carry_output_splitter_0...
Compiling module xil_defaultlib.not_gate
Compiling module xil_defaultlib.design_3_not_gate_1_0
Compiling module xil_defaultlib.the_16bit_to_4x4bit
Compiling module xil_defaultlib.design_3_the_16bit_to_4x4bit_0_1
Compiling module xil_defaultlib.design_3_the_16bit_to_4x4bit_2_0
Compiling module xil_defaultlib.ALU_imp_JZDUAB
Compiling module xil_defaultlib.register_16bit
Compiling module xil_defaultlib.design_3_register_16bit_0_1
Compiling module xil_defaultlib.register_12bit
Compiling module xil_defaultlib.design_3_register_12bit_0_0
Compiling module xil_defaultlib.design_3_register_16bit_3_1
Compiling module xil_defaultlib.design_3_MDR_0
Compiling module xil_defaultlib.design_3_R0_0
Compiling module xil_defaultlib.ic_74161
Compiling module xil_defaultlib.design_3_ic_74161_0_0
Compiling module xil_defaultlib.design_3_ic_74161_1_0
Compiling module xil_defaultlib.design_3_ic_74161_2_0
Compiling module xil_defaultlib.the_12bit_to_3x4bit
Compiling module xil_defaultlib.design_3_the_12bit_to_3x4bit_0_1
Compiling module xlconcat_v2_1_6.xlconcat_v2_1_6_xlconcat(IN0_WID...
Compiling module xil_defaultlib.design_3_xlconcat_0_0
Compiling module xil_defaultlib.PC_imp_1MALNP6
Compiling module xil_defaultlib.design_3_register_16bit_0_0
Compiling module xil_defaultlib.design_3_register_16bit_1_0
Compiling module xil_defaultlib.design_3_register_16bit_2_0
Compiling module xil_defaultlib.RTI
Compiling module xil_defaultlib.design_3_RTI_0_0
Compiling module xil_defaultlib.design_3_register_16bit_3_0
Compiling module xil_defaultlib.design_3_register_16bit_4_0
Compiling module xil_defaultlib.adpt_in
Compiling module xil_defaultlib.design_3_adpt_in_0_0
Compiling module xil_defaultlib.design_3_aggregator_4bit_0_2
Compiling module xil_defaultlib.and2
Compiling module xil_defaultlib.design_3_and2_0_0
Compiling module xil_defaultlib.and_gate
Compiling module xil_defaultlib.design_3_and_gate_0_0
Compiling module xil_defaultlib.bus_slicer_16to12
Compiling module xil_defaultlib.design_3_bus_slicer_16to12_0_0
Compiling module xil_defaultlib.control
Compiling module xil_defaultlib.design_3_control_0_0
Compiling module xil_defaultlib.mod5_timing_generator
Compiling module xil_defaultlib.design_3_mod5_timing_generator_0...
Compiling module xil_defaultlib.multiplier_8x8
Compiling module xil_defaultlib.design_3_multiplier_8x8_0_0
Compiling module xil_defaultlib.mux_5to1_16bit
Compiling module xil_defaultlib.design_3_mux_5to1_16bit_0_0
Compiling module xil_defaultlib.design_3_not_gate_0_0
Compiling module xil_defaultlib.design_3_not_gate_1_1
Compiling module xil_defaultlib.ram
Compiling module xil_defaultlib.design_3_ram_0_0
Compiling module xil_defaultlib.split_16to8
Compiling module xil_defaultlib.design_3_split_16to8_0_0
Compiling module xil_defaultlib.splitter_16bit_to_16outputs
Compiling module xil_defaultlib.design_3_splitter_16bit_to_16_0_...
Compiling module xlconstant_v1_1_9.xlconstant_v1_1_9_xlconstant(CON...
Compiling module xil_defaultlib.design_3_xlconstant_0_1
Compiling module xil_defaultlib.design_3
Compiling module xil_defaultlib.design_3_wrapper
Compiling module xil_defaultlib.complete_monitor_test
Compiling module xil_defaultlib.glbl
Built simulation snapshot complete_monitor_test_behav
run_program: Time (s): cpu = 00:00:00 ; elapsed = 00:00:13 . Memory (MB): peak = 2684.000 ; gain = 0.000
INFO: [USF-XSim-69] 'elaborate' step finished in '13' seconds
INFO: [USF-XSim-4] XSim::Simulate design
INFO: [USF-XSim-61] Executing 'SIMULATE' step in 'D:/cd4/project_4/project_4.sim/sim_2/behav/xsim'
INFO: [USF-XSim-98] *** Running xsim
   with args "complete_monitor_test_behav -key {Behavioral:sim_2:Functional:complete_monitor_test} -tclbatch {complete_monitor_test.tcl} -protoinst "protoinst_files/design_3.protoinst" -log {simulate.log}"
INFO: [USF-XSim-8] Loading simulator feature
INFO: [Wavedata 42-565] Reading protoinst file protoinst_files/design_3.protoinst
Time resolution is 1 ps
source complete_monitor_test.tcl
# set curr_wave [current_wave_config]
# if { [string length $curr_wave] == 0 } {
#   if { [llength [get_objects]] > 0} {
#     add_wave /
#     set_property needs_save false [current_wave_config]
#   } else {
#      send_msg_id Add_Wave-1 WARNING "No top level signals found. Simulator will start without a wave window. If you want to open a wave window go to 'File->New Waveform Configuration' or type 'create_wave_config' in the TCL console."
#   }
# }
# run 1000ns
============== 完整监控测试 ==============
仿真时间: 20000 ns, 时钟周期: 10 ns
时间(ns)	复位	uPC		Crom		Bus		MAR
----------------------------------------------------------------
10000		0	0xzzz	0xzzzzzz	0x0000	0x000
100000		1	0xzzz	0xzzzzzz	0x0000	0x000 <- 复位释放
105000		1	0xzzz	0xzzzzzz	0x0000	0x000
205000		1	0xzzz	0xzzzzzz	0x0000	0x002
305000		1	0xzzz	0xzzzzzz	0x0000	0x004
405000		1	0xzzz	0xzzzzzz	0x0000	0x005
505000		1	0xzzz	0xzzzzzz	0x0000	0x007
605000		1	0xzzz	0xzzzzzz	0x0000	0x008
705000		1	0xzzz	0xzzzzzz	0x0000	0x009
805000		1	0xzzz	0xzzzzzz	0x0000	0x00a
905000		1	0xzzz	0xzzzzzz	0x0000	0x00b
INFO: [USF-XSim-96] XSim completed. Design snapshot 'complete_monitor_test_behav' loaded.
INFO: [USF-XSim-97] XSim simulation ran for 1000ns
launch_simulation: Time (s): cpu = 00:00:04 ; elapsed = 00:00:29 . Memory (MB): peak = 2684.000 ; gain = 0.000
WARNING: [filemgmt 56-199] Attempt to get parsing info during refresh. "On-the-fly" syntax checking information may be incorrect. [D:\cd3\exp3\simple_core_test.v:]
WARNING: [filemgmt 56-199] Attempt to get parsing info during refresh. "On-the-fly" syntax checking information may be incorrect. [D:\cd3\exp3\exp14_source.v:]
WARNING: [filemgmt 56-199] Attempt to get parsing info during refresh. "On-the-fly" syntax checking information may be incorrect. [D:\cd4\exp\plusv.v:]
WARNING: [filemgmt 56-199] Attempt to get parsing info during refresh. "On-the-fly" syntax checking information may be incorrect. [D:\cd4\exp\plusv.v:]
WARNING: [filemgmt 56-199] Attempt to get parsing info during refresh. "On-the-fly" syntax checking information may be incorrect. [D:\cd4\exp\plusv.v:]
WARNING: [filemgmt 56-199] Attempt to get parsing info during refresh. "On-the-fly" syntax checking information may be incorrect. [D:\cd3\exp3\simple_core_test.v:]
WARNING: [filemgmt 56-199] Attempt to get parsing info during refresh. "On-the-fly" syntax checking information may be incorrect. [D:\cd3\exp3\exp14_source.v:]
WARNING: [filemgmt 56-199] Attempt to get parsing info during refresh. "On-the-fly" syntax checking information may be incorrect. [D:\cd4\exp\plusv.v:]
WARNING: [filemgmt 56-199] Attempt to get parsing info during refresh. "On-the-fly" syntax checking information may be incorrect. [D:\cd3\exp3\exp14_source.v:]
WARNING: [filemgmt 56-199] Attempt to get parsing info during refresh. "On-the-fly" syntax checking information may be incorrect. [D:\cd3\exp3\exp14_source.v:]
close_sim
INFO: [Simtcl 6-16] Simulation closed
WARNING: [filemgmt 56-199] Attempt to get parsing info during refresh. "On-the-fly" syntax checking information may be incorrect. [D:\cd3\exp3\simple_core_test.v:]
WARNING: [filemgmt 56-199] Attempt to get parsing info during refresh. "On-the-fly" syntax checking information may be incorrect. [D:\cd3\exp3\exp14_source.v:]
WARNING: [filemgmt 56-199] Attempt to get parsing info during refresh. "On-the-fly" syntax checking information may be incorrect. [D:\cd4\exp\plusv.v:]
WARNING: [filemgmt 56-199] Attempt to get parsing info during refresh. "On-the-fly" syntax checking information may be incorrect. [D:\cd4\exp\plusv.v:]
WARNING: [filemgmt 56-199] Attempt to get parsing info during refresh. "On-the-fly" syntax checking information may be incorrect. [D:\cd4\exp\plusv.v:]
WARNING: [filemgmt 56-199] Attempt to get parsing info during refresh. "On-the-fly" syntax checking information may be incorrect. [D:\cd3\exp3\simple_core_test.v:]
WARNING: [filemgmt 56-199] Attempt to get parsing info during refresh. "On-the-fly" syntax checking information may be incorrect. [D:\cd3\exp3\exp14_source.v:]
WARNING: [filemgmt 56-199] Attempt to get parsing info during refresh. "On-the-fly" syntax checking information may be incorrect. [D:\cd4\exp\plusv.v:]
WARNING: [filemgmt 56-199] Attempt to get parsing info during refresh. "On-the-fly" syntax checking information may be incorrect. [D:\cd3\exp3\simple_core_test.v:]
WARNING: [filemgmt 56-199] Attempt to get parsing info during refresh. "On-the-fly" syntax checking information may be incorrect. [D:\cd3\exp3\simple_core_test.v:]
report_ip_status -name ip_status 
update_module_reference [get_ips  {design_3_splitter_16bit_to_16_0_0 design_3_carry_output_splitter_0_0 design_3_multiplier_8x8_0_0 design_3_split_16to8_0_0 design_3_bus_slicer_16to12_0_0 design_3_and2_0_0 design_3_the_12bit_to_3x4bit_0_1 design_3_adpt_in_0_0}]
INFO: [IP_Flow 19-5107] Inferred bus interface 'btn_rst' of definition 'xilinx.com:signal:reset:1.0' (from Xilinx Repository).
INFO: [IP_Flow 19-5107] Inferred bus interface 'rst_n' of definition 'xilinx.com:signal:reset:1.0' (from Xilinx Repository).
INFO: [IP_Flow 19-5107] Inferred bus interface 'btn_clk' of definition 'xilinx.com:signal:clock:1.0' (from Xilinx Repository).
INFO: [IP_Flow 19-5107] Inferred bus interface 'clk' of definition 'xilinx.com:signal:clock:1.0' (from Xilinx Repository).
INFO: [IP_Flow 19-4728] Bus Interface 'rst_n': Added interface parameter 'POLARITY' with value 'ACTIVE_LOW'.
INFO: [IP_Flow 19-4728] Bus Interface 'btn_clk': Added interface parameter 'ASSOCIATED_RESET' with value 'btn_rst'.
WARNING: [IP_Flow 19-5661] Bus Interface 'btn_clk' does not have any bus interfaces associated with it.
WARNING: [IP_Flow 19-11770] Clock interface 'btn_clk' has no FREQ_HZ parameter.
CRITICAL WARNING: [IP_Flow 19-4751] Bus Interface 'clk': FREQ_HZ bus parameter is missing for output clock interface.
INFO: [IP_Flow 19-5107] Inferred bus interface 'btn_rst' of definition 'xilinx.com:signal:reset:1.0' (from Xilinx Repository).
INFO: [IP_Flow 19-5107] Inferred bus interface 'rst_n' of definition 'xilinx.com:signal:reset:1.0' (from Xilinx Repository).
INFO: [IP_Flow 19-5107] Inferred bus interface 'btn_clk' of definition 'xilinx.com:signal:clock:1.0' (from Xilinx Repository).
INFO: [IP_Flow 19-5107] Inferred bus interface 'clk' of definition 'xilinx.com:signal:clock:1.0' (from Xilinx Repository).
INFO: [IP_Flow 19-4728] Bus Interface 'rst_n': Added interface parameter 'POLARITY' with value 'ACTIVE_LOW'.
INFO: [IP_Flow 19-4728] Bus Interface 'btn_clk': Added interface parameter 'ASSOCIATED_RESET' with value 'btn_rst'.
WARNING: [IP_Flow 19-5661] Bus Interface 'btn_clk' does not have any bus interfaces associated with it.
WARNING: [IP_Flow 19-11770] Clock interface 'btn_clk' has no FREQ_HZ parameter.
CRITICAL WARNING: [IP_Flow 19-4751] Bus Interface 'clk': FREQ_HZ bus parameter is missing for output clock interface.
Upgrading 'D:/cd3/design_3/design_3.bd'
INFO: [IP_Flow 19-3420] Updated design_3_adpt_in_0_0 to use current project options
INFO: [IP_Flow 19-3420] Updated design_3_and2_0_0 to use current project options
INFO: [IP_Flow 19-3420] Updated design_3_bus_slicer_16to12_0_0 to use current project options
INFO: [IP_Flow 19-3420] Updated design_3_carry_output_splitter_0_0 to use current project options
INFO: [IP_Flow 19-3420] Updated design_3_multiplier_8x8_0_0 to use current project options
INFO: [IP_Flow 19-3420] Updated design_3_split_16to8_0_0 to use current project options
INFO: [IP_Flow 19-3420] Updated design_3_splitter_16bit_to_16_0_0 to use current project options
INFO: [IP_Flow 19-3420] Updated design_3_the_12bit_to_3x4bit_0_1 to use current project options
Wrote  : <D:\cd3\design_3\design_3.bd> 
update_module_reference: Time (s): cpu = 00:00:02 ; elapsed = 00:00:08 . Memory (MB): peak = 2700.188 ; gain = 0.000
WARNING: [filemgmt 56-199] Attempt to get parsing info during refresh. "On-the-fly" syntax checking information may be incorrect. [D:\cd3\exp3\simple_core_test.v:]
WARNING: [filemgmt 56-199] Attempt to get parsing info during refresh. "On-the-fly" syntax checking information may be incorrect. [D:\cd3\exp3\exp14_source.v:]
WARNING: [filemgmt 56-199] Attempt to get parsing info during refresh. "On-the-fly" syntax checking information may be incorrect. [D:\cd4\exp\plusv.v:]
WARNING: [filemgmt 56-199] Attempt to get parsing info during refresh. "On-the-fly" syntax checking information may be incorrect. [D:\cd4\exp\plusv.v:]
WARNING: [filemgmt 56-199] Attempt to get parsing info during refresh. "On-the-fly" syntax checking information may be incorrect. [D:\cd4\exp\plusv.v:]
WARNING: [filemgmt 56-199] Attempt to get parsing info during refresh. "On-the-fly" syntax checking information may be incorrect. [D:\cd3\exp3\simple_core_test.v:]
WARNING: [filemgmt 56-199] Attempt to get parsing info during refresh. "On-the-fly" syntax checking information may be incorrect. [D:\cd3\exp3\exp14_source.v:]
WARNING: [filemgmt 56-199] Attempt to get parsing info during refresh. "On-the-fly" syntax checking information may be incorrect. [D:\cd4\exp\plusv.v:]
WARNING: [filemgmt 56-199] Attempt to get parsing info during refresh. "On-the-fly" syntax checking information may be incorrect. [D:\cd3\exp3\simple_core_test.v:]
WARNING: [filemgmt 56-199] Attempt to get parsing info during refresh. "On-the-fly" syntax checking information may be incorrect. [D:\cd3\exp3\simple_core_test.v:]
report_ip_status -name ip_status 
update_module_reference [get_ips  {design_3_splitter_16bit_to_16_0_0 design_3_carry_output_splitter_0_0 design_3_multiplier_8x8_0_0 design_3_split_16to8_0_0 design_3_bus_slicer_16to12_0_0 design_3_and2_0_0 design_3_the_12bit_to_3x4bit_0_1 design_3_adpt_in_0_0}]
INFO: [IP_Flow 19-5107] Inferred bus interface 'btn_rst' of definition 'xilinx.com:signal:reset:1.0' (from Xilinx Repository).
INFO: [IP_Flow 19-5107] Inferred bus interface 'rst_n' of definition 'xilinx.com:signal:reset:1.0' (from Xilinx Repository).
INFO: [IP_Flow 19-5107] Inferred bus interface 'btn_clk' of definition 'xilinx.com:signal:clock:1.0' (from Xilinx Repository).
INFO: [IP_Flow 19-5107] Inferred bus interface 'clk' of definition 'xilinx.com:signal:clock:1.0' (from Xilinx Repository).
INFO: [IP_Flow 19-4728] Bus Interface 'rst_n': Added interface parameter 'POLARITY' with value 'ACTIVE_LOW'.
INFO: [IP_Flow 19-4728] Bus Interface 'btn_clk': Added interface parameter 'ASSOCIATED_RESET' with value 'btn_rst'.
WARNING: [IP_Flow 19-5661] Bus Interface 'btn_clk' does not have any bus interfaces associated with it.
WARNING: [IP_Flow 19-11770] Clock interface 'btn_clk' has no FREQ_HZ parameter.
CRITICAL WARNING: [IP_Flow 19-4751] Bus Interface 'clk': FREQ_HZ bus parameter is missing for output clock interface.
INFO: [IP_Flow 19-5107] Inferred bus interface 'btn_rst' of definition 'xilinx.com:signal:reset:1.0' (from Xilinx Repository).
INFO: [IP_Flow 19-5107] Inferred bus interface 'rst_n' of definition 'xilinx.com:signal:reset:1.0' (from Xilinx Repository).
INFO: [IP_Flow 19-5107] Inferred bus interface 'btn_clk' of definition 'xilinx.com:signal:clock:1.0' (from Xilinx Repository).
INFO: [IP_Flow 19-5107] Inferred bus interface 'clk' of definition 'xilinx.com:signal:clock:1.0' (from Xilinx Repository).
INFO: [IP_Flow 19-4728] Bus Interface 'rst_n': Added interface parameter 'POLARITY' with value 'ACTIVE_LOW'.
INFO: [IP_Flow 19-4728] Bus Interface 'btn_clk': Added interface parameter 'ASSOCIATED_RESET' with value 'btn_rst'.
WARNING: [IP_Flow 19-5661] Bus Interface 'btn_clk' does not have any bus interfaces associated with it.
WARNING: [IP_Flow 19-11770] Clock interface 'btn_clk' has no FREQ_HZ parameter.
CRITICAL WARNING: [IP_Flow 19-4751] Bus Interface 'clk': FREQ_HZ bus parameter is missing for output clock interface.
Upgrading 'D:/cd3/design_3/design_3.bd'
INFO: [IP_Flow 19-3420] Updated design_3_adpt_in_0_0 to use current project options
INFO: [IP_Flow 19-3420] Updated design_3_and2_0_0 to use current project options
INFO: [IP_Flow 19-3420] Updated design_3_bus_slicer_16to12_0_0 to use current project options
INFO: [IP_Flow 19-3420] Updated design_3_carry_output_splitter_0_0 to use current project options
INFO: [IP_Flow 19-3420] Updated design_3_multiplier_8x8_0_0 to use current project options
INFO: [IP_Flow 19-3420] Updated design_3_split_16to8_0_0 to use current project options
INFO: [IP_Flow 19-3420] Updated design_3_splitter_16bit_to_16_0_0 to use current project options
INFO: [IP_Flow 19-3420] Updated design_3_the_12bit_to_3x4bit_0_1 to use current project options
Wrote  : <D:\cd3\design_3\design_3.bd> 
update_module_reference: Time (s): cpu = 00:00:02 ; elapsed = 00:00:07 . Memory (MB): peak = 2700.188 ; gain = 0.000
create_bd_cell -type module -reference splitter_16bit_16outputs splitter_16bit_16out_0
connect_bd_net [get_bd_pins splitter_16bit_16out_0/data_in] [get_bd_pins IR/data_out]
set_property location {5 3943 -2015} [get_bd_cells splitter_16bit_16out_0]
delete_bd_objs [get_bd_nets splitter_16bit_to_16_0_out0]
delete_bd_objs [get_bd_nets splitter_16bit_to_16_0_out1]
delete_bd_objs [get_bd_nets splitter_16bit_to_16_0_out6]
delete_bd_objs [get_bd_nets splitter_16bit_to_16_0_out5]
connect_bd_net [get_bd_pins control_0/IR0] [get_bd_pins splitter_16bit_16out_0/out0]
delete_bd_objs [get_bd_nets splitter_16bit_to_16_0_out10] [get_bd_nets splitter_16bit_to_16_0_out11] [get_bd_nets splitter_16bit_to_16_0_out12] [get_bd_nets splitter_16bit_to_16_0_out13] [get_bd_nets splitter_16bit_to_16_0_out14] [get_bd_nets splitter_16bit_to_16_0_out15] [get_bd_cells splitter_16bit_to_16_0]
set_property location {4 3992 -1526} [get_bd_cells splitter_16bit_16out_0]
connect_bd_net [get_bd_pins splitter_16bit_16out_0/out15] [get_bd_pins RTI_0/IR15]
connect_bd_net [get_bd_pins splitter_16bit_16out_0/out14] [get_bd_pins RTI_0/IR14]
connect_bd_net [get_bd_pins splitter_16bit_16out_0/out13] [get_bd_pins RTI_0/IR13]
connect_bd_net [get_bd_pins splitter_16bit_16out_0/out12] [get_bd_pins RTI_0/IR12]
connect_bd_net [get_bd_pins splitter_16bit_16out_0/out11] [get_bd_pins RTI_0/IR11]
connect_bd_net [get_bd_pins splitter_16bit_16out_0/out10] [get_bd_pins RTI_0/IR10]
connect_bd_net [get_bd_pins splitter_16bit_16out_0/out1] [get_bd_pins control_0/IR1]
connect_bd_net [get_bd_pins control_0/IR6] [get_bd_pins splitter_16bit_16out_0/out6]
connect_bd_net [get_bd_pins splitter_16bit_16out_0/out5] [get_bd_pins control_0/IR5]
save_bd_design
Wrote  : <D:\cd3\design_3\design_3.bd> 
Wrote  : <D:/cd3/design_3/ui/bd_205a0ed2.ui> 
generate_target Simulation [get_files D:/cd3/design_3/design_3.bd]
CRITICAL WARNING: [BD 41-1367] The port name 'out' of cell '/mux_5to1_16bit_0' is a reserved keyword in a Hardware Description Language. Please consider renaming the port.
CRITICAL WARNING: [BD 41-1367] The port name 'AND' of cell '/RTI_0' is a reserved keyword in a Hardware Description Language. Please consider renaming the port.
CRITICAL WARNING: [BD 41-1367] The port name 'OR' of cell '/RTI_0' is a reserved keyword in a Hardware Description Language. Please consider renaming the port.
CRITICAL WARNING: [BD 41-1367] The port name 'AND' of cell '/control_0' is a reserved keyword in a Hardware Description Language. Please consider renaming the port.
CRITICAL WARNING: [BD 41-1367] The port name 'OR' of cell '/control_0' is a reserved keyword in a Hardware Description Language. Please consider renaming the port.
CRITICAL WARNING: [BD 41-759] The input pins (listed below) are either not connected or do not have a source port, and they don't have a tie-off specified. These pins are tied-off to all 0's to avoid error in Implementation flow.
Please check your design and connect them as needed: 
/mux_5to1_16bit_0/selIR
/mux_5to1_16bit_0/selMUL
/MUL/read_en

Wrote  : <D:\cd3\design_3\design_3.bd> 
Wrote  : <D:/cd3/design_3/ui/bd_205a0ed2.ui> 
CRITICAL WARNING: [BD 41-2383] Width mismatch when connecting input pin '/mux_5to1_16bit_0/PC'(16) to pin '/PC/dout'(12) - Only lower order bits will be connected, and other input bits of this pin will be left unconnected.
Verilog Output written to : D:/cd3/design_3/synth/design_3.v
CRITICAL WARNING: [BD 41-2383] Width mismatch when connecting input pin '/mux_5to1_16bit_0/PC'(16) to pin '/PC/dout'(12) - Only lower order bits will be connected, and other input bits of this pin will be left unconnected.
Verilog Output written to : D:/cd3/design_3/sim/design_3.v
Verilog Output written to : D:/cd3/design_3/hdl/design_3_wrapper.v
INFO: [BD 41-1029] Generation completed for the IP Integrator block adpt_in_0 .
INFO: [BD 41-1029] Generation completed for the IP Integrator block PC/the_12bit_to_3x4bit_0 .
INFO: [BD 41-1029] Generation completed for the IP Integrator block ALU/carry_output_splitter_0 .
INFO: [BD 41-1029] Generation completed for the IP Integrator block bus_slicer_16to12_0 .
INFO: [BD 41-1029] Generation completed for the IP Integrator block multiplier_8x8_0 .
INFO: [BD 41-1029] Generation completed for the IP Integrator block split_16to8_0 .
INFO: [BD 41-1029] Generation completed for the IP Integrator block and2_0 .
INFO: [BD 41-1029] Generation completed for the IP Integrator block splitter_16bit_16out_0 .
Exporting to file D:/cd3/design_3/hw_handoff/design_3.hwh
Generated Hardware Definition File D:/cd3/design_3/synth/design_3.hwdef
export_ip_user_files -of_objects [get_files D:/cd3/design_3/design_3.bd] -no_script -sync -force -quiet
export_simulation -of_objects [get_files D:/cd3/design_3/design_3.bd] -directory D:/cd4/project_4/project_4.ip_user_files/sim_scripts -ip_user_files_dir D:/cd4/project_4/project_4.ip_user_files -ipstatic_source_dir D:/cd4/project_4/project_4.ip_user_files/ipstatic -lib_map_path [list {modelsim=D:/cd4/project_4/project_4.cache/compile_simlib/modelsim} {questa=D:/cd4/project_4/project_4.cache/compile_simlib/questa} {riviera=D:/cd4/project_4/project_4.cache/compile_simlib/riviera} {activehdl=D:/cd4/project_4/project_4.cache/compile_simlib/activehdl}] -use_ip_compiled_libs -force -quiet
launch_simulation -simset [get_filesets sim_2 ]
Command: launch_simulation  -simset sim_2
INFO: [Vivado 12-12493] Simulation top is 'complete_monitor_test'
WARNING: [Vivado 12-13340] Unable to auto find GCC executables from simulator install path! (path not set)
INFO: [Vivado 12-12490] The selected simulation model for 'design_3_splitter_16bit_16out_0_0' IP changed to 'rtl' from '', the simulation run directory will be deleted.
INFO: [Vivado 12-5698] Checking validity of IPs in the design for the 'XSim' simulator...
INFO: [Vivado 12-5682] Launching behavioral simulation in 'D:/cd4/project_4/project_4.sim/sim_2/behav/xsim'
INFO: [Vivado 12-13660] Precompiled IP simulation library mode is enabled (default). The design IP libraries will be referenced from the compiled library path. Please note that if the precompiled version of the library is not found from the path or the IP is in locked state, then the library source files for these IPs will be compiled locally as part of the compile order.
INFO: [Vivado 12-4795] Using compiled simulation libraries for IPs
INFO: [SIM-utils-51] Simulation object is 'sim_2'
INFO: [SIM-utils-72] Using boost library from 'D:/Vivado/2024.2/tps/boost_1_72_0'
INFO: [USF-XSim-7] Finding pre-compiled libraries...
INFO: [USF-XSim-11] File 'D:/Vivado/2024.2/data/xsim/xsim.ini' copied to run dir:'D:/cd4/project_4/project_4.sim/sim_2/behav/xsim'
INFO: [SIM-utils-54] Inspecting design source files for 'complete_monitor_test' in fileset 'sim_2'...
INFO: [USF-XSim-97] Finding global include files...
INFO: [USF-XSim-98] Fetching design files from 'sim_2'...
INFO: [USF-XSim-2] XSim::Compile design
INFO: [USF-XSim-61] Executing 'COMPILE and ANALYZE' step in 'D:/cd4/project_4/project_4.sim/sim_2/behav/xsim'
"xvlog --incr --relax -prj complete_monitor_test_vlog.prj"
INFO: [VRFC 10-2263] Analyzing Verilog file "D:/cd3/exp3/exp14_source.v" into library xil_defaultlib
INFO: [VRFC 10-311] analyzing module adpt_in
INFO: [VRFC 10-311] analyzing module adpt_out
INFO: [VRFC 10-311] analyzing module adpt_out8
INFO: [VRFC 10-311] analyzing module adpt_out12
INFO: [VRFC 10-311] analyzing module adpt_out16
INFO: [VRFC 10-311] analyzing module adpt_out23
INFO: [VRFC 10-311] analyzing module and2
INFO: [VRFC 10-311] analyzing module not1
INFO: [VRFC 10-311] analyzing module addr_adpt
INFO: [VRFC 10-311] analyzing module UIR
INFO: [VRFC 10-311] analyzing module m74LS161
INFO: [VRFC 10-311] analyzing module rom1_256x24
INFO: [VRFC 10-311] analyzing module rom2_4Kx16
INFO: [VRFC 10-311] analyzing module adder4
INFO: [VRFC 10-311] analyzing module dff4
WARNING: [VRFC 10-9336] redeclaration of ANSI port 'Q3' is not allowed [D:/cd3/exp3/exp14_source.v:265]
INFO: [VRFC 10-311] analyzing module shifter
INFO: [VRFC 10-311] analyzing module carry_output_splitter
INFO: [VRFC 10-311] analyzing module the_12bit_to_3x4bit
INFO: [VRFC 10-311] analyzing module four_bit_checker
INFO: [VRFC 10-311] analyzing module or3_gate
INFO: [VRFC 10-311] analyzing module aggregator_12inputs_to_12bit_sync
INFO: [VRFC 10-311] analyzing module splitter_16bit_to_16outputs
INFO: [VRFC 10-311] analyzing module splitter_12bit_to_12outputs
INFO: [VRFC 10-311] analyzing module bus_slicer_16to12
INFO: [VRFC 10-311] analyzing module register_temp
INFO: [VRFC 10-311] analyzing module multiplier_8x8
INFO: [VRFC 10-311] analyzing module split_16to8
INFO: [VRFC 10-311] analyzing module splitter_16bit_16outputs
INFO: [VRFC 10-2263] Analyzing Verilog file "D:/cd3/exp3/74161.v" into library xil_defaultlib
INFO: [VRFC 10-311] analyzing module ic_74161
INFO: [VRFC 10-2263] Analyzing Verilog file "D:/cd3/exp3/ram.v" into library xil_defaultlib
INFO: [VRFC 10-311] analyzing module ram
INFO: [VRFC 10-2263] Analyzing Verilog file "D:/cd3/exp3/16bit_reg.v" into library xil_defaultlib
INFO: [VRFC 10-311] analyzing module register_16bit
INFO: [VRFC 10-2263] Analyzing Verilog file "D:/cd3/exp3/12bit_reg.v" into library xil_defaultlib
INFO: [VRFC 10-311] analyzing module register_12bit
INFO: [VRFC 10-2263] Analyzing Verilog file "D:/cd3/exp3/mix5to1.v" into library xil_defaultlib
INFO: [VRFC 10-311] analyzing module mux_5to1_16bit
INFO: [VRFC 10-2263] Analyzing Verilog file "D:/cd3/exp3/aggregator_4bit.v" into library xil_defaultlib
INFO: [VRFC 10-311] analyzing module aggregator_4bit
INFO: [VRFC 10-2263] Analyzing Verilog file "D:/cd3/exp3/74182.v" into library xil_defaultlib
INFO: [VRFC 10-311] analyzing module carry_lookahead_74182
INFO: [VRFC 10-2263] Analyzing Verilog file "D:/cd3/exp3/74181.v" into library xil_defaultlib
INFO: [VRFC 10-311] analyzing module alu_74181
INFO: [VRFC 10-2263] Analyzing Verilog file "D:/cd3/exp3/aggregate_4x4_to_16bit.v" into library xil_defaultlib
INFO: [VRFC 10-311] analyzing module aggregate_4x4_to_16bit
INFO: [VRFC 10-311] analyzing module adpt_out_16bit
INFO: [VRFC 10-2263] Analyzing Verilog file "D:/cd3/exp3/the_16bit_to_4x4bit.v" into library xil_defaultlib
INFO: [VRFC 10-311] analyzing module the_16bit_to_4x4bit
INFO: [VRFC 10-2263] Analyzing Verilog file "D:/cd3/exp3/not_gate.v" into library xil_defaultlib
INFO: [VRFC 10-311] analyzing module not_gate
INFO: [VRFC 10-2263] Analyzing Verilog file "D:/cd4/exp/plusv.v" into library xil_defaultlib
INFO: [VRFC 10-311] analyzing module mod5_timing_generator
INFO: [VRFC 10-311] analyzing module RTI
INFO: [VRFC 10-311] analyzing module control
INFO: [VRFC 10-2263] Analyzing Verilog file "D:/cd3/exp3/and_gate.v" into library xil_defaultlib
INFO: [VRFC 10-311] analyzing module and_gate
INFO: [VRFC 10-2263] Analyzing Verilog file "D:/cd4/project_4/project_4.ip_user_files/bd/design_3/ip/design_3_adpt_in_0_0/sim/design_3_adpt_in_0_0.v" into library xil_defaultlib
INFO: [VRFC 10-311] analyzing module design_3_adpt_in_0_0
INFO: [VRFC 10-2263] Analyzing Verilog file "D:/cd4/project_4/project_4.ip_user_files/bd/design_3/ip/design_3_xlconstant_0_1/sim/design_3_xlconstant_0_1.v" into library xil_defaultlib
INFO: [VRFC 10-311] analyzing module design_3_xlconstant_0_1
INFO: [VRFC 10-2263] Analyzing Verilog file "D:/cd4/project_4/project_4.ip_user_files/bd/design_3/ip/design_3_ic_74161_0_0/sim/design_3_ic_74161_0_0.v" into library xil_defaultlib
INFO: [VRFC 10-311] analyzing module design_3_ic_74161_0_0
INFO: [VRFC 10-2263] Analyzing Verilog file "D:/cd4/project_4/project_4.ip_user_files/bd/design_3/ip/design_3_ic_74161_1_0/sim/design_3_ic_74161_1_0.v" into library xil_defaultlib
INFO: [VRFC 10-311] analyzing module design_3_ic_74161_1_0
INFO: [VRFC 10-2263] Analyzing Verilog file "D:/cd4/project_4/project_4.ip_user_files/bd/design_3/ip/design_3_ic_74161_2_0/sim/design_3_ic_74161_2_0.v" into library xil_defaultlib
INFO: [VRFC 10-311] analyzing module design_3_ic_74161_2_0
INFO: [VRFC 10-2263] Analyzing Verilog file "D:/cd4/project_4/project_4.ip_user_files/bd/design_3/ip/design_3_xlconcat_0_0/sim/design_3_xlconcat_0_0.v" into library xil_defaultlib
INFO: [VRFC 10-311] analyzing module design_3_xlconcat_0_0
INFO: [VRFC 10-2263] Analyzing Verilog file "D:/cd4/project_4/project_4.ip_user_files/bd/design_3/ip/design_3_the_12bit_to_3x4bit_0_1/sim/design_3_the_12bit_to_3x4bit_0_1.v" into library xil_defaultlib
INFO: [VRFC 10-311] analyzing module design_3_the_12bit_to_3x4bit_0_1
INFO: [VRFC 10-2263] Analyzing Verilog file "D:/cd4/project_4/project_4.ip_user_files/bd/design_3/ip/design_3_ram_0_0/sim/design_3_ram_0_0.v" into library xil_defaultlib
INFO: [VRFC 10-311] analyzing module design_3_ram_0_0
INFO: [VRFC 10-2263] Analyzing Verilog file "D:/cd4/project_4/project_4.ip_user_files/bd/design_3/ip/design_3_register_16bit_0_0/sim/design_3_register_16bit_0_0.v" into library xil_defaultlib
INFO: [VRFC 10-311] analyzing module design_3_register_16bit_0_0
INFO: [VRFC 10-2263] Analyzing Verilog file "D:/cd4/project_4/project_4.ip_user_files/bd/design_3/ip/design_3_register_16bit_1_0/sim/design_3_register_16bit_1_0.v" into library xil_defaultlib
INFO: [VRFC 10-311] analyzing module design_3_register_16bit_1_0
INFO: [VRFC 10-2263] Analyzing Verilog file "D:/cd4/project_4/project_4.ip_user_files/bd/design_3/ip/design_3_register_16bit_2_0/sim/design_3_register_16bit_2_0.v" into library xil_defaultlib
INFO: [VRFC 10-311] analyzing module design_3_register_16bit_2_0
INFO: [VRFC 10-2263] Analyzing Verilog file "D:/cd4/project_4/project_4.ip_user_files/bd/design_3/ip/design_3_register_16bit_3_0/sim/design_3_register_16bit_3_0.v" into library xil_defaultlib
INFO: [VRFC 10-311] analyzing module design_3_register_16bit_3_0
INFO: [VRFC 10-2263] Analyzing Verilog file "D:/cd4/project_4/project_4.ip_user_files/bd/design_3/ip/design_3_register_16bit_4_0/sim/design_3_register_16bit_4_0.v" into library xil_defaultlib
INFO: [VRFC 10-311] analyzing module design_3_register_16bit_4_0
INFO: [VRFC 10-2263] Analyzing Verilog file "D:/cd4/project_4/project_4.ip_user_files/bd/design_3/ip/design_3_register_12bit_0_0/sim/design_3_register_12bit_0_0.v" into library xil_defaultlib
INFO: [VRFC 10-311] analyzing module design_3_register_12bit_0_0
INFO: [VRFC 10-2263] Analyzing Verilog file "D:/cd4/project_4/project_4.ip_user_files/bd/design_3/ip/design_3_register_16bit_3_1/sim/design_3_register_16bit_3_1.v" into library xil_defaultlib
INFO: [VRFC 10-311] analyzing module design_3_register_16bit_3_1
INFO: [VRFC 10-2263] Analyzing Verilog file "D:/cd4/project_4/project_4.ip_user_files/bd/design_3/ip/design_3_MDR_0/sim/design_3_MDR_0.v" into library xil_defaultlib
INFO: [VRFC 10-311] analyzing module design_3_MDR_0
INFO: [VRFC 10-2263] Analyzing Verilog file "D:/cd4/project_4/project_4.ip_user_files/bd/design_3/ip/design_3_register_16bit_0_1/sim/design_3_register_16bit_0_1.v" into library xil_defaultlib
INFO: [VRFC 10-311] analyzing module design_3_register_16bit_0_1
INFO: [VRFC 10-2263] Analyzing Verilog file "D:/cd4/project_4/project_4.ip_user_files/bd/design_3/ip/design_3_mux_5to1_16bit_0_0/sim/design_3_mux_5to1_16bit_0_0.v" into library xil_defaultlib
INFO: [VRFC 10-311] analyzing module design_3_mux_5to1_16bit_0_0
INFO: [VRFC 10-2263] Analyzing Verilog file "D:/cd4/project_4/project_4.ip_user_files/bd/design_3/ip/design_3_aggregator_4bit_0_1/sim/design_3_aggregator_4bit_0_1.v" into library xil_defaultlib
INFO: [VRFC 10-311] analyzing module design_3_aggregator_4bit_0_1
INFO: [VRFC 10-2263] Analyzing Verilog file "D:/cd4/project_4/project_4.ip_user_files/bd/design_3/ip/design_3_carry_lookahead_74182_0_0/sim/design_3_carry_lookahead_74182_0_0.v" into library xil_defaultlib
INFO: [VRFC 10-311] analyzing module design_3_carry_lookahead_74182_0_0
INFO: [VRFC 10-2263] Analyzing Verilog file "D:/cd4/project_4/project_4.ip_user_files/bd/design_3/ip/design_3_aggregator_4bit_1_0/sim/design_3_aggregator_4bit_1_0.v" into library xil_defaultlib
INFO: [VRFC 10-311] analyzing module design_3_aggregator_4bit_1_0
INFO: [VRFC 10-2263] Analyzing Verilog file "D:/cd4/project_4/project_4.ip_user_files/bd/design_3/ip/design_3_alu_74181_0_0/sim/design_3_alu_74181_0_0.v" into library xil_defaultlib
INFO: [VRFC 10-311] analyzing module design_3_alu_74181_0_0
INFO: [VRFC 10-2263] Analyzing Verilog file "D:/cd4/project_4/project_4.ip_user_files/bd/design_3/ip/design_3_alu_74181_1_0/sim/design_3_alu_74181_1_0.v" into library xil_defaultlib
INFO: [VRFC 10-311] analyzing module design_3_alu_74181_1_0
INFO: [VRFC 10-2263] Analyzing Verilog file "D:/cd4/project_4/project_4.ip_user_files/bd/design_3/ip/design_3_alu_74181_2_0/sim/design_3_alu_74181_2_0.v" into library xil_defaultlib
INFO: [VRFC 10-311] analyzing module design_3_alu_74181_2_0
INFO: [VRFC 10-2263] Analyzing Verilog file "D:/cd4/project_4/project_4.ip_user_files/bd/design_3/ip/design_3_aggregate_4x4_to_16b_0_0/sim/design_3_aggregate_4x4_to_16b_0_0.v" into library xil_defaultlib
INFO: [VRFC 10-311] analyzing module design_3_aggregate_4x4_to_16b_0_0
INFO: [VRFC 10-2263] Analyzing Verilog file "D:/cd4/project_4/project_4.ip_user_files/bd/design_3/ip/design_3_the_16bit_to_4x4bit_2_0/sim/design_3_the_16bit_to_4x4bit_2_0.v" into library xil_defaultlib
INFO: [VRFC 10-311] analyzing module design_3_the_16bit_to_4x4bit_2_0
INFO: [VRFC 10-2263] Analyzing Verilog file "D:/cd4/project_4/project_4.ip_user_files/bd/design_3/ip/design_3_the_16bit_to_4x4bit_0_1/sim/design_3_the_16bit_to_4x4bit_0_1.v" into library xil_defaultlib
INFO: [VRFC 10-311] analyzing module design_3_the_16bit_to_4x4bit_0_1
INFO: [VRFC 10-2263] Analyzing Verilog file "D:/cd4/project_4/project_4.ip_user_files/bd/design_3/ip/design_3_alu_74181_3_0/sim/design_3_alu_74181_3_0.v" into library xil_defaultlib
INFO: [VRFC 10-311] analyzing module design_3_alu_74181_3_0
INFO: [VRFC 10-2263] Analyzing Verilog file "D:/cd4/project_4/project_4.ip_user_files/bd/design_3/ip/design_3_carry_output_splitter_0_0/sim/design_3_carry_output_splitter_0_0.v" into library xil_defaultlib
INFO: [VRFC 10-311] analyzing module design_3_carry_output_splitter_0_0
INFO: [VRFC 10-2263] Analyzing Verilog file "D:/cd4/project_4/project_4.ip_user_files/bd/design_3/ip/design_3_not_gate_1_0/sim/design_3_not_gate_1_0.v" into library xil_defaultlib
INFO: [VRFC 10-311] analyzing module design_3_not_gate_1_0
INFO: [VRFC 10-2263] Analyzing Verilog file "D:/cd4/project_4/project_4.ip_user_files/bd/design_3/ip/design_3_bus_slicer_16to12_0_0/sim/design_3_bus_slicer_16to12_0_0.v" into library xil_defaultlib
INFO: [VRFC 10-311] analyzing module design_3_bus_slicer_16to12_0_0
INFO: [VRFC 10-2263] Analyzing Verilog file "D:/cd4/project_4/project_4.ip_user_files/bd/design_3/ip/design_3_multiplier_8x8_0_0/sim/design_3_multiplier_8x8_0_0.v" into library xil_defaultlib
INFO: [VRFC 10-311] analyzing module design_3_multiplier_8x8_0_0
INFO: [VRFC 10-2263] Analyzing Verilog file "D:/cd4/project_4/project_4.ip_user_files/bd/design_3/ip/design_3_split_16to8_0_0/sim/design_3_split_16to8_0_0.v" into library xil_defaultlib
INFO: [VRFC 10-311] analyzing module design_3_split_16to8_0_0
INFO: [VRFC 10-2263] Analyzing Verilog file "D:/cd4/project_4/project_4.ip_user_files/bd/design_3/ip/design_3_R0_0/sim/design_3_R0_0.v" into library xil_defaultlib
INFO: [VRFC 10-311] analyzing module design_3_R0_0
INFO: [VRFC 10-2263] Analyzing Verilog file "D:/cd4/project_4/project_4.ip_user_files/bd/design_3/ip/design_3_mod5_timing_generator_0_0/sim/design_3_mod5_timing_generator_0_0.v" into library xil_defaultlib
INFO: [VRFC 10-311] analyzing module design_3_mod5_timing_generator_0_0
INFO: [VRFC 10-2263] Analyzing Verilog file "D:/cd4/project_4/project_4.ip_user_files/bd/design_3/ip/design_3_not_gate_0_0/sim/design_3_not_gate_0_0.v" into library xil_defaultlib
INFO: [VRFC 10-311] analyzing module design_3_not_gate_0_0
INFO: [VRFC 10-2263] Analyzing Verilog file "D:/cd4/project_4/project_4.ip_user_files/bd/design_3/ip/design_3_RTI_0_0/sim/design_3_RTI_0_0.v" into library xil_defaultlib
INFO: [VRFC 10-311] analyzing module design_3_RTI_0_0
INFO: [VRFC 10-2263] Analyzing Verilog file "D:/cd4/project_4/project_4.ip_user_files/bd/design_3/ip/design_3_control_0_0/sim/design_3_control_0_0.v" into library xil_defaultlib
INFO: [VRFC 10-311] analyzing module design_3_control_0_0
INFO: [VRFC 10-2263] Analyzing Verilog file "D:/cd4/project_4/project_4.ip_user_files/bd/design_3/ip/design_3_not_gate_1_1/sim/design_3_not_gate_1_1.v" into library xil_defaultlib
INFO: [VRFC 10-311] analyzing module design_3_not_gate_1_1
INFO: [VRFC 10-2263] Analyzing Verilog file "D:/cd4/project_4/project_4.ip_user_files/bd/design_3/ip/design_3_and_gate_0_0/sim/design_3_and_gate_0_0.v" into library xil_defaultlib
INFO: [VRFC 10-311] analyzing module design_3_and_gate_0_0
INFO: [VRFC 10-2263] Analyzing Verilog file "D:/cd4/project_4/project_4.ip_user_files/bd/design_3/ip/design_3_and2_0_0/sim/design_3_and2_0_0.v" into library xil_defaultlib
INFO: [VRFC 10-311] analyzing module design_3_and2_0_0
INFO: [VRFC 10-2263] Analyzing Verilog file "D:/cd4/project_4/project_4.ip_user_files/bd/design_3/ip/design_3_aggregator_4bit_0_2/sim/design_3_aggregator_4bit_0_2.v" into library xil_defaultlib
INFO: [VRFC 10-311] analyzing module design_3_aggregator_4bit_0_2
INFO: [VRFC 10-2263] Analyzing Verilog file "D:/cd4/project_4/project_4.ip_user_files/bd/design_3/ip/design_3_splitter_16bit_16out_0_0/sim/design_3_splitter_16bit_16out_0_0.v" into library xil_defaultlib
INFO: [VRFC 10-311] analyzing module design_3_splitter_16bit_16out_0_0
INFO: [VRFC 10-2263] Analyzing Verilog file "D:/cd4/project_4/project_4.ip_user_files/bd/design_3/sim/design_3.v" into library xil_defaultlib
INFO: [VRFC 10-311] analyzing module ALU_imp_JZDUAB
INFO: [VRFC 10-311] analyzing module PC_imp_1MALNP6
INFO: [VRFC 10-311] analyzing module design_3
INFO: [VRFC 10-2263] Analyzing Verilog file "D:/cd3/design_3/hdl/design_3_wrapper.v" into library xil_defaultlib
INFO: [VRFC 10-311] analyzing module design_3_wrapper
INFO: [VRFC 10-2263] Analyzing Verilog file "D:/cd3/exp3/simple_core_test.v" into library xil_defaultlib
INFO: [VRFC 10-311] analyzing module complete_monitor_test
INFO: [VRFC 10-2263] Analyzing Verilog file "D:/cd4/project_4/project_4.sim/sim_2/behav/xsim/glbl.v" into library xil_defaultlib
INFO: [VRFC 10-311] analyzing module glbl
run_program: Time (s): cpu = 00:00:00 ; elapsed = 00:00:15 . Memory (MB): peak = 2700.188 ; gain = 0.000
INFO: [USF-XSim-69] 'compile' step finished in '15' seconds
INFO: [USF-XSim-3] XSim::Elaborate design
INFO: [USF-XSim-61] Executing 'ELABORATE' step in 'D:/cd4/project_4/project_4.sim/sim_2/behav/xsim'
"xelab --incr --debug typical --relax --mt 2 -L xil_defaultlib -L xlconstant_v1_1_9 -L xlconcat_v2_1_6 -L unisims_ver -L unimacro_ver -L secureip -L xpm --snapshot complete_monitor_test_behav xil_defaultlib.complete_monitor_test xil_defaultlib.glbl -log elaborate.log"
Vivado Simulator v2024.2.0
Copyright 1986-2022 Xilinx, Inc. All Rights Reserved.
Copyright 2022-2024 Advanced Micro Devices, Inc. All Rights Reserved.
Running: D:/Vivado/2024.2/bin/unwrapped/win64.o/xelab.exe --incr --debug typical --relax --mt 2 -L xil_defaultlib -L xlconstant_v1_1_9 -L xlconcat_v2_1_6 -L unisims_ver -L unimacro_ver -L secureip -L xpm --snapshot complete_monitor_test_behav xil_defaultlib.complete_monitor_test xil_defaultlib.glbl -log elaborate.log 
Using 2 slave threads.
Starting static elaboration
Pass Through NonSizing Optimizer
Completed static elaboration
Starting simulation data flow analysis
WARNING: [XSIM 43-4099] "D:/cd3/exp3/aggregate_4x4_to_16bit.v" Line 1. Module aggregate_4x4_to_16bit doesn't have a timescale but at least one module in design has a timescale.
WARNING: [XSIM 43-4099] "D:/cd3/exp3/aggregator_4bit.v" Line 1. Module aggregator_4bit doesn't have a timescale but at least one module in design has a timescale.
WARNING: [XSIM 43-4099] "D:/cd3/exp3/aggregator_4bit.v" Line 1. Module aggregator_4bit doesn't have a timescale but at least one module in design has a timescale.
WARNING: [XSIM 43-4099] "D:/cd3/exp3/74181.v" Line 1. Module alu_74181 doesn't have a timescale but at least one module in design has a timescale.
WARNING: [XSIM 43-4099] "D:/cd3/exp3/74181.v" Line 1. Module alu_74181 doesn't have a timescale but at least one module in design has a timescale.
WARNING: [XSIM 43-4099] "D:/cd3/exp3/74181.v" Line 1. Module alu_74181 doesn't have a timescale but at least one module in design has a timescale.
WARNING: [XSIM 43-4099] "D:/cd3/exp3/74181.v" Line 1. Module alu_74181 doesn't have a timescale but at least one module in design has a timescale.
WARNING: [XSIM 43-4099] "D:/cd3/exp3/74182.v" Line 1. Module carry_lookahead_74182 doesn't have a timescale but at least one module in design has a timescale.
WARNING: [XSIM 43-4099] "D:/cd3/exp3/exp14_source.v" Line 309. Module carry_output_splitter doesn't have a timescale but at least one module in design has a timescale.
WARNING: [XSIM 43-4099] "D:/cd3/exp3/not_gate.v" Line 1. Module not_gate doesn't have a timescale but at least one module in design has a timescale.
WARNING: [XSIM 43-4099] "D:/cd3/exp3/the_16bit_to_4x4bit.v" Line 1. Module the_16bit_to_4x4bit doesn't have a timescale but at least one module in design has a timescale.
WARNING: [XSIM 43-4099] "D:/cd3/exp3/the_16bit_to_4x4bit.v" Line 1. Module the_16bit_to_4x4bit doesn't have a timescale but at least one module in design has a timescale.
WARNING: [XSIM 43-4099] "D:/cd3/exp3/16bit_reg.v" Line 1. Module register_16bit doesn't have a timescale but at least one module in design has a timescale.
WARNING: [XSIM 43-4099] "D:/cd3/exp3/12bit_reg.v" Line 1. Module register_12bit doesn't have a timescale but at least one module in design has a timescale.
WARNING: [XSIM 43-4099] "D:/cd3/exp3/16bit_reg.v" Line 1. Module register_16bit doesn't have a timescale but at least one module in design has a timescale.
WARNING: [XSIM 43-4099] "D:/cd3/exp3/16bit_reg.v" Line 1. Module register_16bit doesn't have a timescale but at least one module in design has a timescale.
WARNING: [XSIM 43-4099] "D:/cd3/exp3/16bit_reg.v" Line 1. Module register_16bit doesn't have a timescale but at least one module in design has a timescale.
WARNING: [XSIM 43-4099] "D:/cd3/exp3/74161.v" Line 1. Module ic_74161 doesn't have a timescale but at least one module in design has a timescale.
WARNING: [XSIM 43-4099] "D:/cd3/exp3/74161.v" Line 1. Module ic_74161 doesn't have a timescale but at least one module in design has a timescale.
WARNING: [XSIM 43-4099] "D:/cd3/exp3/74161.v" Line 1. Module ic_74161 doesn't have a timescale but at least one module in design has a timescale.
WARNING: [XSIM 43-4099] "D:/cd3/exp3/exp14_source.v" Line 326. Module the_12bit_to_3x4bit doesn't have a timescale but at least one module in design has a timescale.
WARNING: [XSIM 43-4099] "D:/cd3/exp3/16bit_reg.v" Line 1. Module register_16bit doesn't have a timescale but at least one module in design has a timescale.
WARNING: [XSIM 43-4099] "D:/cd3/exp3/16bit_reg.v" Line 1. Module register_16bit doesn't have a timescale but at least one module in design has a timescale.
WARNING: [XSIM 43-4099] "D:/cd3/exp3/16bit_reg.v" Line 1. Module register_16bit doesn't have a timescale but at least one module in design has a timescale.
WARNING: [XSIM 43-4099] "D:/cd4/exp/plusv.v" Line 54. Module RTI doesn't have a timescale but at least one module in design has a timescale.
WARNING: [XSIM 43-4099] "D:/cd3/exp3/16bit_reg.v" Line 1. Module register_16bit doesn't have a timescale but at least one module in design has a timescale.
WARNING: [XSIM 43-4099] "D:/cd3/exp3/16bit_reg.v" Line 1. Module register_16bit doesn't have a timescale but at least one module in design has a timescale.
WARNING: [XSIM 43-4099] "D:/cd3/exp3/exp14_source.v" Line 1. Module adpt_in doesn't have a timescale but at least one module in design has a timescale.
WARNING: [XSIM 43-4099] "D:/cd3/exp3/aggregator_4bit.v" Line 1. Module aggregator_4bit doesn't have a timescale but at least one module in design has a timescale.
WARNING: [XSIM 43-4099] "D:/cd3/exp3/exp14_source.v" Line 76. Module and2 doesn't have a timescale but at least one module in design has a timescale.
WARNING: [XSIM 43-4099] "D:/cd3/exp3/and_gate.v" Line 1. Module and_gate doesn't have a timescale but at least one module in design has a timescale.
WARNING: [XSIM 43-4099] "D:/cd3/exp3/exp14_source.v" Line 459. Module bus_slicer_16to12 doesn't have a timescale but at least one module in design has a timescale.
WARNING: [XSIM 43-4099] "D:/cd4/exp/plusv.v" Line 83. Module control doesn't have a timescale but at least one module in design has a timescale.
WARNING: [XSIM 43-4099] "D:/cd4/exp/plusv.v" Line 1. Module mod5_timing_generator doesn't have a timescale but at least one module in design has a timescale.
WARNING: [XSIM 43-4099] "D:/cd3/exp3/exp14_source.v" Line 479. Module multiplier_8x8 doesn't have a timescale but at least one module in design has a timescale.
WARNING: [XSIM 43-4099] "D:/cd3/exp3/mix5to1.v" Line 1. Module mux_5to1_16bit doesn't have a timescale but at least one module in design has a timescale.
WARNING: [XSIM 43-4099] "D:/cd3/exp3/not_gate.v" Line 1. Module not_gate doesn't have a timescale but at least one module in design has a timescale.
WARNING: [XSIM 43-4099] "D:/cd3/exp3/not_gate.v" Line 1. Module not_gate doesn't have a timescale but at least one module in design has a timescale.
WARNING: [XSIM 43-4099] "D:/cd3/exp3/ram.v" Line 1. Module ram doesn't have a timescale but at least one module in design has a timescale.
WARNING: [XSIM 43-4099] "D:/cd3/exp3/exp14_source.v" Line 490. Module split_16to8 doesn't have a timescale but at least one module in design has a timescale.
WARNING: [XSIM 43-4099] "D:/cd3/exp3/exp14_source.v" Line 501. Module splitter_16bit_16outputs doesn't have a timescale but at least one module in design has a timescale.
WARNING: [XSIM 43-4099] "D:/cd3/exp3/aggregate_4x4_to_16bit.v" Line 1. Module aggregate_4x4_to_16bit doesn't have a timescale but at least one module in design has a timescale.
WARNING: [XSIM 43-4099] "D:/cd3/exp3/aggregator_4bit.v" Line 1. Module aggregator_4bit doesn't have a timescale but at least one module in design has a timescale.
WARNING: [XSIM 43-4099] "D:/cd3/exp3/aggregator_4bit.v" Line 1. Module aggregator_4bit doesn't have a timescale but at least one module in design has a timescale.
WARNING: [XSIM 43-4099] "D:/cd3/exp3/74181.v" Line 1. Module alu_74181 doesn't have a timescale but at least one module in design has a timescale.
WARNING: [XSIM 43-4099] "D:/cd3/exp3/74181.v" Line 1. Module alu_74181 doesn't have a timescale but at least one module in design has a timescale.
WARNING: [XSIM 43-4099] "D:/cd3/exp3/74181.v" Line 1. Module alu_74181 doesn't have a timescale but at least one module in design has a timescale.
WARNING: [XSIM 43-4099] "D:/cd3/exp3/74181.v" Line 1. Module alu_74181 doesn't have a timescale but at least one module in design has a timescale.
WARNING: [XSIM 43-4099] "D:/cd3/exp3/74182.v" Line 1. Module carry_lookahead_74182 doesn't have a timescale but at least one module in design has a timescale.
WARNING: [XSIM 43-4099] "D:/cd3/exp3/exp14_source.v" Line 309. Module carry_output_splitter doesn't have a timescale but at least one module in design has a timescale.
WARNING: [XSIM 43-4099] "D:/cd3/exp3/not_gate.v" Line 1. Module not_gate doesn't have a timescale but at least one module in design has a timescale.
WARNING: [XSIM 43-4099] "D:/cd3/exp3/the_16bit_to_4x4bit.v" Line 1. Module the_16bit_to_4x4bit doesn't have a timescale but at least one module in design has a timescale.
WARNING: [XSIM 43-4099] "D:/cd3/exp3/the_16bit_to_4x4bit.v" Line 1. Module the_16bit_to_4x4bit doesn't have a timescale but at least one module in design has a timescale.
WARNING: [XSIM 43-4099] "D:/cd3/exp3/16bit_reg.v" Line 1. Module register_16bit doesn't have a timescale but at least one module in design has a timescale.
WARNING: [XSIM 43-4099] "D:/cd3/exp3/12bit_reg.v" Line 1. Module register_12bit doesn't have a timescale but at least one module in design has a timescale.
WARNING: [XSIM 43-4099] "D:/cd3/exp3/16bit_reg.v" Line 1. Module register_16bit doesn't have a timescale but at least one module in design has a timescale.
WARNING: [XSIM 43-4099] "D:/cd3/exp3/16bit_reg.v" Line 1. Module register_16bit doesn't have a timescale but at least one module in design has a timescale.
WARNING: [XSIM 43-4099] "D:/cd3/exp3/16bit_reg.v" Line 1. Module register_16bit doesn't have a timescale but at least one module in design has a timescale.
WARNING: [XSIM 43-4099] "D:/cd3/exp3/74161.v" Line 1. Module ic_74161 doesn't have a timescale but at least one module in design has a timescale.
WARNING: [XSIM 43-4099] "D:/cd3/exp3/74161.v" Line 1. Module ic_74161 doesn't have a timescale but at least one module in design has a timescale.
WARNING: [XSIM 43-4099] "D:/cd3/exp3/74161.v" Line 1. Module ic_74161 doesn't have a timescale but at least one module in design has a timescale.
WARNING: [XSIM 43-4099] "D:/cd3/exp3/exp14_source.v" Line 326. Module the_12bit_to_3x4bit doesn't have a timescale but at least one module in design has a timescale.
WARNING: [XSIM 43-4099] "D:/cd3/exp3/16bit_reg.v" Line 1. Module register_16bit doesn't have a timescale but at least one module in design has a timescale.
WARNING: [XSIM 43-4099] "D:/cd3/exp3/16bit_reg.v" Line 1. Module register_16bit doesn't have a timescale but at least one module in design has a timescale.
WARNING: [XSIM 43-4099] "D:/cd3/exp3/16bit_reg.v" Line 1. Module register_16bit doesn't have a timescale but at least one module in design has a timescale.
WARNING: [XSIM 43-4099] "D:/cd4/exp/plusv.v" Line 54. Module RTI doesn't have a timescale but at least one module in design has a timescale.
WARNING: [XSIM 43-4099] "D:/cd3/exp3/16bit_reg.v" Line 1. Module register_16bit doesn't have a timescale but at least one module in design has a timescale.
WARNING: [XSIM 43-4099] "D:/cd3/exp3/16bit_reg.v" Line 1. Module register_16bit doesn't have a timescale but at least one module in design has a timescale.
WARNING: [XSIM 43-4099] "D:/cd3/exp3/exp14_source.v" Line 1. Module adpt_in doesn't have a timescale but at least one module in design has a timescale.
WARNING: [XSIM 43-4099] "D:/cd3/exp3/aggregator_4bit.v" Line 1. Module aggregator_4bit doesn't have a timescale but at least one module in design has a timescale.
WARNING: [XSIM 43-4099] "D:/cd3/exp3/exp14_source.v" Line 76. Module and2 doesn't have a timescale but at least one module in design has a timescale.
WARNING: [XSIM 43-4099] "D:/cd3/exp3/and_gate.v" Line 1. Module and_gate doesn't have a timescale but at least one module in design has a timescale.
WARNING: [XSIM 43-4099] "D:/cd3/exp3/exp14_source.v" Line 459. Module bus_slicer_16to12 doesn't have a timescale but at least one module in design has a timescale.
WARNING: [XSIM 43-4099] "D:/cd4/exp/plusv.v" Line 83. Module control doesn't have a timescale but at least one module in design has a timescale.
WARNING: [XSIM 43-4099] "D:/cd4/exp/plusv.v" Line 1. Module mod5_timing_generator doesn't have a timescale but at least one module in design has a timescale.
WARNING: [XSIM 43-4099] "D:/cd3/exp3/exp14_source.v" Line 479. Module multiplier_8x8 doesn't have a timescale but at least one module in design has a timescale.
WARNING: [XSIM 43-4099] "D:/cd3/exp3/mix5to1.v" Line 1. Module mux_5to1_16bit doesn't have a timescale but at least one module in design has a timescale.
WARNING: [XSIM 43-4099] "D:/cd3/exp3/not_gate.v" Line 1. Module not_gate doesn't have a timescale but at least one module in design has a timescale.
WARNING: [XSIM 43-4099] "D:/cd3/exp3/not_gate.v" Line 1. Module not_gate doesn't have a timescale but at least one module in design has a timescale.
WARNING: [XSIM 43-4099] "D:/cd3/exp3/ram.v" Line 1. Module ram doesn't have a timescale but at least one module in design has a timescale.
WARNING: [XSIM 43-4099] "D:/cd3/exp3/exp14_source.v" Line 490. Module split_16to8 doesn't have a timescale but at least one module in design has a timescale.
WARNING: [XSIM 43-4099] "D:/cd3/exp3/exp14_source.v" Line 501. Module splitter_16bit_16outputs doesn't have a timescale but at least one module in design has a timescale.
Completed simulation data flow analysis
Time Resolution for simulation is 1ps
Compiling module xil_defaultlib.aggregate_4x4_to_16bit
Compiling module xil_defaultlib.design_3_aggregate_4x4_to_16b_0_...
Compiling module xil_defaultlib.aggregator_4bit
Compiling module xil_defaultlib.design_3_aggregator_4bit_0_1
Compiling module xil_defaultlib.design_3_aggregator_4bit_1_0
Compiling module xil_defaultlib.alu_74181
Compiling module xil_defaultlib.design_3_alu_74181_0_0
Compiling module xil_defaultlib.design_3_alu_74181_1_0
Compiling module xil_defaultlib.design_3_alu_74181_2_0
Compiling module xil_defaultlib.design_3_alu_74181_3_0
Compiling module xil_defaultlib.carry_lookahead_74182
Compiling module xil_defaultlib.design_3_carry_lookahead_74182_0...
Compiling module xil_defaultlib.carry_output_splitter
Compiling module xil_defaultlib.design_3_carry_output_splitter_0...
Compiling module xil_defaultlib.not_gate
Compiling module xil_defaultlib.design_3_not_gate_1_0
Compiling module xil_defaultlib.the_16bit_to_4x4bit
Compiling module xil_defaultlib.design_3_the_16bit_to_4x4bit_0_1
Compiling module xil_defaultlib.design_3_the_16bit_to_4x4bit_2_0
Compiling module xil_defaultlib.ALU_imp_JZDUAB
Compiling module xil_defaultlib.register_16bit
Compiling module xil_defaultlib.design_3_register_16bit_0_1
Compiling module xil_defaultlib.register_12bit
Compiling module xil_defaultlib.design_3_register_12bit_0_0
Compiling module xil_defaultlib.design_3_register_16bit_3_1
Compiling module xil_defaultlib.design_3_MDR_0
Compiling module xil_defaultlib.design_3_R0_0
Compiling module xil_defaultlib.ic_74161
Compiling module xil_defaultlib.design_3_ic_74161_0_0
Compiling module xil_defaultlib.design_3_ic_74161_1_0
Compiling module xil_defaultlib.design_3_ic_74161_2_0
Compiling module xil_defaultlib.the_12bit_to_3x4bit
Compiling module xil_defaultlib.design_3_the_12bit_to_3x4bit_0_1
Compiling module xlconcat_v2_1_6.xlconcat_v2_1_6_xlconcat(IN0_WID...
Compiling module xil_defaultlib.design_3_xlconcat_0_0
Compiling module xil_defaultlib.PC_imp_1MALNP6
Compiling module xil_defaultlib.design_3_register_16bit_0_0
Compiling module xil_defaultlib.design_3_register_16bit_1_0
Compiling module xil_defaultlib.design_3_register_16bit_2_0
Compiling module xil_defaultlib.RTI
Compiling module xil_defaultlib.design_3_RTI_0_0
Compiling module xil_defaultlib.design_3_register_16bit_3_0
Compiling module xil_defaultlib.design_3_register_16bit_4_0
Compiling module xil_defaultlib.adpt_in
Compiling module xil_defaultlib.design_3_adpt_in_0_0
Compiling module xil_defaultlib.design_3_aggregator_4bit_0_2
Compiling module xil_defaultlib.and2
Compiling module xil_defaultlib.design_3_and2_0_0
Compiling module xil_defaultlib.and_gate
Compiling module xil_defaultlib.design_3_and_gate_0_0
Compiling module xil_defaultlib.bus_slicer_16to12
Compiling module xil_defaultlib.design_3_bus_slicer_16to12_0_0
Compiling module xil_defaultlib.control
Compiling module xil_defaultlib.design_3_control_0_0
Compiling module xil_defaultlib.mod5_timing_generator
Compiling module xil_defaultlib.design_3_mod5_timing_generator_0...
Compiling module xil_defaultlib.multiplier_8x8
Compiling module xil_defaultlib.design_3_multiplier_8x8_0_0
Compiling module xil_defaultlib.mux_5to1_16bit
Compiling module xil_defaultlib.design_3_mux_5to1_16bit_0_0
Compiling module xil_defaultlib.design_3_not_gate_0_0
Compiling module xil_defaultlib.design_3_not_gate_1_1
Compiling module xil_defaultlib.ram
Compiling module xil_defaultlib.design_3_ram_0_0
Compiling module xil_defaultlib.split_16to8
Compiling module xil_defaultlib.design_3_split_16to8_0_0
Compiling module xil_defaultlib.splitter_16bit_16outputs
Compiling module xil_defaultlib.design_3_splitter_16bit_16out_0_...
Compiling module xlconstant_v1_1_9.xlconstant_v1_1_9_xlconstant(CON...
Compiling module xil_defaultlib.design_3_xlconstant_0_1
Compiling module xil_defaultlib.design_3
Compiling module xil_defaultlib.design_3_wrapper
Compiling module xil_defaultlib.complete_monitor_test
Compiling module xil_defaultlib.glbl
Built simulation snapshot complete_monitor_test_behav
run_program: Time (s): cpu = 00:00:01 ; elapsed = 00:00:12 . Memory (MB): peak = 2700.188 ; gain = 0.000
INFO: [USF-XSim-69] 'elaborate' step finished in '12' seconds
INFO: [USF-XSim-4] XSim::Simulate design
INFO: [USF-XSim-61] Executing 'SIMULATE' step in 'D:/cd4/project_4/project_4.sim/sim_2/behav/xsim'
INFO: [USF-XSim-98] *** Running xsim
   with args "complete_monitor_test_behav -key {Behavioral:sim_2:Functional:complete_monitor_test} -tclbatch {complete_monitor_test.tcl} -protoinst "protoinst_files/design_3.protoinst" -log {simulate.log}"
INFO: [USF-XSim-8] Loading simulator feature
INFO: [Wavedata 42-565] Reading protoinst file protoinst_files/design_3.protoinst
Time resolution is 1 ps
source complete_monitor_test.tcl
# set curr_wave [current_wave_config]
# if { [string length $curr_wave] == 0 } {
#   if { [llength [get_objects]] > 0} {
#     add_wave /
#     set_property needs_save false [current_wave_config]
#   } else {
#      send_msg_id Add_Wave-1 WARNING "No top level signals found. Simulator will start without a wave window. If you want to open a wave window go to 'File->New Waveform Configuration' or type 'create_wave_config' in the TCL console."
#   }
# }
# run 1000ns
============== 完整监控测试 ==============
仿真时间: 20000 ns, 时钟周期: 10 ns
时间(ns)	复位	uPC		Crom		Bus		MAR
----------------------------------------------------------------
10000		0	0xzzz	0xzzzzzz	0x0000	0x000
100000		1	0xzzz	0xzzzzzz	0x0000	0x000 <- 复位释放
105000		1	0xzzz	0xzzzzzz	0x0000	0x000
205000		1	0xzzz	0xzzzzzz	0x0000	0x002
305000		1	0xzzz	0xzzzzzz	0x0000	0x004
405000		1	0xzzz	0xzzzzzz	0x0000	0x005
505000		1	0xzzz	0xzzzzzz	0x0000	0x007
605000		1	0xzzz	0xzzzzzz	0x0000	0x008
705000		1	0xzzz	0xzzzzzz	0x0000	0x009
805000		1	0xzzz	0xzzzzzz	0x0000	0x00a
905000		1	0xzzz	0xzzzzzz	0x0000	0x00b
INFO: [USF-XSim-96] XSim completed. Design snapshot 'complete_monitor_test_behav' loaded.
INFO: [USF-XSim-97] XSim simulation ran for 1000ns
launch_simulation: Time (s): cpu = 00:00:02 ; elapsed = 00:00:33 . Memory (MB): peak = 2700.188 ; gain = 0.000
WARNING: [filemgmt 56-199] Attempt to get parsing info during refresh. "On-the-fly" syntax checking information may be incorrect. [D:\cd3\exp3\simple_core_test.v:]
WARNING: [filemgmt 56-199] Attempt to get parsing info during refresh. "On-the-fly" syntax checking information may be incorrect. [D:\cd3\exp3\exp14_source.v:]
WARNING: [filemgmt 56-199] Attempt to get parsing info during refresh. "On-the-fly" syntax checking information may be incorrect. [D:\cd4\exp\plusv.v:]
WARNING: [filemgmt 56-199] Attempt to get parsing info during refresh. "On-the-fly" syntax checking information may be incorrect. [D:\cd4\exp\plusv.v:]
WARNING: [filemgmt 56-199] Attempt to get parsing info during refresh. "On-the-fly" syntax checking information may be incorrect. [D:\cd4\exp\plusv.v:]
WARNING: [filemgmt 56-199] Attempt to get parsing info during refresh. "On-the-fly" syntax checking information may be incorrect. [D:\cd3\exp3\simple_core_test.v:]
WARNING: [filemgmt 56-199] Attempt to get parsing info during refresh. "On-the-fly" syntax checking information may be incorrect. [D:\cd3\exp3\exp14_source.v:]
WARNING: [filemgmt 56-199] Attempt to get parsing info during refresh. "On-the-fly" syntax checking information may be incorrect. [D:\cd4\exp\plusv.v:]
WARNING: [filemgmt 56-199] Attempt to get parsing info during refresh. "On-the-fly" syntax checking information may be incorrect. [D:\cd3\exp3\simple_core_test.v:]
WARNING: [filemgmt 56-199] Attempt to get parsing info during refresh. "On-the-fly" syntax checking information may be incorrect. [D:\cd3\exp3\simple_core_test.v:]
close_sim
INFO: [Simtcl 6-16] Simulation closed
WARNING: [filemgmt 56-199] Attempt to get parsing info during refresh. "On-the-fly" syntax checking information may be incorrect. [D:\cd3\exp3\simple_core_test.v:]
WARNING: [filemgmt 56-199] Attempt to get parsing info during refresh. "On-the-fly" syntax checking information may be incorrect. [D:\cd3\exp3\exp14_source.v:]
WARNING: [filemgmt 56-199] Attempt to get parsing info during refresh. "On-the-fly" syntax checking information may be incorrect. [D:\cd4\exp\plusv.v:]
WARNING: [filemgmt 56-199] Attempt to get parsing info during refresh. "On-the-fly" syntax checking information may be incorrect. [D:\cd4\exp\plusv.v:]
WARNING: [filemgmt 56-199] Attempt to get parsing info during refresh. "On-the-fly" syntax checking information may be incorrect. [D:\cd4\exp\plusv.v:]
WARNING: [filemgmt 56-199] Attempt to get parsing info during refresh. "On-the-fly" syntax checking information may be incorrect. [D:\cd3\exp3\simple_core_test.v:]
WARNING: [filemgmt 56-199] Attempt to get parsing info during refresh. "On-the-fly" syntax checking information may be incorrect. [D:\cd3\exp3\exp14_source.v:]
WARNING: [filemgmt 56-199] Attempt to get parsing info during refresh. "On-the-fly" syntax checking information may be incorrect. [D:\cd4\exp\plusv.v:]
WARNING: [filemgmt 56-199] Attempt to get parsing info during refresh. "On-the-fly" syntax checking information may be incorrect. [D:\cd3\exp3\exp14_source.v:]
WARNING: [filemgmt 56-199] Attempt to get parsing info during refresh. "On-the-fly" syntax checking information may be incorrect. [D:\cd3\exp3\exp14_source.v:]
report_ip_status -name ip_status 
update_module_reference [get_ips  {design_3_control_0_0 design_3_mod5_timing_generator_0_0 design_3_RTI_0_0}]
INFO: [IP_Flow 19-5107] Inferred bus interface 'rst_n' of definition 'xilinx.com:signal:reset:1.0' (from Xilinx Repository).
INFO: [IP_Flow 19-5107] Inferred bus interface 'clk' of definition 'xilinx.com:signal:clock:1.0' (from Xilinx Repository).
INFO: [IP_Flow 19-4728] Bus Interface 'rst_n': Added interface parameter 'POLARITY' with value 'ACTIVE_LOW'.
WARNING: [IP_Flow 19-5661] Bus Interface 'clk' does not have any bus interfaces associated with it.
WARNING: [IP_Flow 19-11770] Clock interface 'clk' has no FREQ_HZ parameter.
INFO: [IP_Flow 19-5107] Inferred bus interface 'rst_n' of definition 'xilinx.com:signal:reset:1.0' (from Xilinx Repository).
INFO: [IP_Flow 19-5107] Inferred bus interface 'clk' of definition 'xilinx.com:signal:clock:1.0' (from Xilinx Repository).
INFO: [IP_Flow 19-4728] Bus Interface 'rst_n': Added interface parameter 'POLARITY' with value 'ACTIVE_LOW'.
WARNING: [IP_Flow 19-5661] Bus Interface 'clk' does not have any bus interfaces associated with it.
WARNING: [IP_Flow 19-11770] Clock interface 'clk' has no FREQ_HZ parameter.
Upgrading 'D:/cd3/design_3/design_3.bd'
INFO: [IP_Flow 19-3420] Updated design_3_RTI_0_0 to use current project options
INFO: [IP_Flow 19-3420] Updated design_3_control_0_0 to use current project options
INFO: [IP_Flow 19-3420] Updated design_3_mod5_timing_generator_0_0 to use current project options
Wrote  : <D:\cd3\design_3\design_3.bd> 
generate_target Simulation [get_files D:/cd3/design_3/design_3.bd]
CRITICAL WARNING: [BD 41-1367] The port name 'out' of cell '/mux_5to1_16bit_0' is a reserved keyword in a Hardware Description Language. Please consider renaming the port.
CRITICAL WARNING: [BD 41-1367] The port name 'AND' of cell '/RTI_0' is a reserved keyword in a Hardware Description Language. Please consider renaming the port.
CRITICAL WARNING: [BD 41-1367] The port name 'OR' of cell '/RTI_0' is a reserved keyword in a Hardware Description Language. Please consider renaming the port.
CRITICAL WARNING: [BD 41-1367] The port name 'AND' of cell '/control_0' is a reserved keyword in a Hardware Description Language. Please consider renaming the port.
CRITICAL WARNING: [BD 41-1367] The port name 'OR' of cell '/control_0' is a reserved keyword in a Hardware Description Language. Please consider renaming the port.
CRITICAL WARNING: [BD 41-759] The input pins (listed below) are either not connected or do not have a source port, and they don't have a tie-off specified. These pins are tied-off to all 0's to avoid error in Implementation flow.
Please check your design and connect them as needed: 
/mux_5to1_16bit_0/selIR
/mux_5to1_16bit_0/selMUL
/MUL/read_en

Wrote  : <D:\cd3\design_3\design_3.bd> 
CRITICAL WARNING: [BD 41-2383] Width mismatch when connecting input pin '/mux_5to1_16bit_0/PC'(16) to pin '/PC/dout'(12) - Only lower order bits will be connected, and other input bits of this pin will be left unconnected.
Verilog Output written to : D:/cd3/design_3/synth/design_3.v
CRITICAL WARNING: [BD 41-2383] Width mismatch when connecting input pin '/mux_5to1_16bit_0/PC'(16) to pin '/PC/dout'(12) - Only lower order bits will be connected, and other input bits of this pin will be left unconnected.
Verilog Output written to : D:/cd3/design_3/sim/design_3.v
Verilog Output written to : D:/cd3/design_3/hdl/design_3_wrapper.v
INFO: [BD 41-1029] Generation completed for the IP Integrator block mod5_timing_generator_0 .
INFO: [BD 41-1029] Generation completed for the IP Integrator block RTI_0 .
INFO: [BD 41-1029] Generation completed for the IP Integrator block control_0 .
Exporting to file D:/cd3/design_3/hw_handoff/design_3.hwh
Generated Hardware Definition File D:/cd3/design_3/synth/design_3.hwdef
export_ip_user_files -of_objects [get_files D:/cd3/design_3/design_3.bd] -no_script -sync -force -quiet
export_simulation -of_objects [get_files D:/cd3/design_3/design_3.bd] -directory D:/cd4/project_4/project_4.ip_user_files/sim_scripts -ip_user_files_dir D:/cd4/project_4/project_4.ip_user_files -ipstatic_source_dir D:/cd4/project_4/project_4.ip_user_files/ipstatic -lib_map_path [list {modelsim=D:/cd4/project_4/project_4.cache/compile_simlib/modelsim} {questa=D:/cd4/project_4/project_4.cache/compile_simlib/questa} {riviera=D:/cd4/project_4/project_4.cache/compile_simlib/riviera} {activehdl=D:/cd4/project_4/project_4.cache/compile_simlib/activehdl}] -use_ip_compiled_libs -force -quiet
launch_simulation -simset [get_filesets sim_2 ]
Command: launch_simulation  -simset sim_2
INFO: [Vivado 12-12493] Simulation top is 'complete_monitor_test'
WARNING: [Vivado 12-13340] Unable to auto find GCC executables from simulator install path! (path not set)
INFO: [Vivado 12-5698] Checking validity of IPs in the design for the 'XSim' simulator...
INFO: [Vivado 12-5682] Launching behavioral simulation in 'D:/cd4/project_4/project_4.sim/sim_2/behav/xsim'
INFO: [Vivado 12-13660] Precompiled IP simulation library mode is enabled (default). The design IP libraries will be referenced from the compiled library path. Please note that if the precompiled version of the library is not found from the path or the IP is in locked state, then the library source files for these IPs will be compiled locally as part of the compile order.
INFO: [Vivado 12-4795] Using compiled simulation libraries for IPs
INFO: [SIM-utils-51] Simulation object is 'sim_2'
INFO: [SIM-utils-72] Using boost library from 'D:/Vivado/2024.2/tps/boost_1_72_0'
INFO: [USF-XSim-7] Finding pre-compiled libraries...
INFO: [USF-XSim-11] File 'D:/Vivado/2024.2/data/xsim/xsim.ini' copied to run dir:'D:/cd4/project_4/project_4.sim/sim_2/behav/xsim'
INFO: [SIM-utils-54] Inspecting design source files for 'complete_monitor_test' in fileset 'sim_2'...
INFO: [USF-XSim-97] Finding global include files...
INFO: [USF-XSim-98] Fetching design files from 'sim_2'...
INFO: [USF-XSim-2] XSim::Compile design
INFO: [USF-XSim-61] Executing 'COMPILE and ANALYZE' step in 'D:/cd4/project_4/project_4.sim/sim_2/behav/xsim'
"xvlog --incr --relax -prj complete_monitor_test_vlog.prj"
INFO: [VRFC 10-2263] Analyzing Verilog file "D:/cd3/exp3/exp14_source.v" into library xil_defaultlib
INFO: [VRFC 10-311] analyzing module adpt_in
INFO: [VRFC 10-311] analyzing module adpt_out
INFO: [VRFC 10-311] analyzing module adpt_out8
INFO: [VRFC 10-311] analyzing module adpt_out12
INFO: [VRFC 10-311] analyzing module adpt_out16
INFO: [VRFC 10-311] analyzing module adpt_out23
INFO: [VRFC 10-311] analyzing module and2
INFO: [VRFC 10-311] analyzing module not1
INFO: [VRFC 10-311] analyzing module addr_adpt
INFO: [VRFC 10-311] analyzing module UIR
INFO: [VRFC 10-311] analyzing module m74LS161
INFO: [VRFC 10-311] analyzing module rom1_256x24
INFO: [VRFC 10-311] analyzing module rom2_4Kx16
INFO: [VRFC 10-311] analyzing module adder4
INFO: [VRFC 10-311] analyzing module dff4
WARNING: [VRFC 10-9336] redeclaration of ANSI port 'Q3' is not allowed [D:/cd3/exp3/exp14_source.v:265]
INFO: [VRFC 10-311] analyzing module shifter
INFO: [VRFC 10-311] analyzing module carry_output_splitter
INFO: [VRFC 10-311] analyzing module the_12bit_to_3x4bit
INFO: [VRFC 10-311] analyzing module four_bit_checker
INFO: [VRFC 10-311] analyzing module or3_gate
INFO: [VRFC 10-311] analyzing module aggregator_12inputs_to_12bit_sync
INFO: [VRFC 10-311] analyzing module splitter_16bit_to_16outputs
INFO: [VRFC 10-311] analyzing module splitter_12bit_to_12outputs
INFO: [VRFC 10-311] analyzing module bus_slicer_16to12
INFO: [VRFC 10-311] analyzing module register_temp
INFO: [VRFC 10-311] analyzing module multiplier_8x8
INFO: [VRFC 10-311] analyzing module split_16to8
INFO: [VRFC 10-311] analyzing module splitter_16bit_16outputs
INFO: [VRFC 10-2263] Analyzing Verilog file "D:/cd3/exp3/74161.v" into library xil_defaultlib
INFO: [VRFC 10-311] analyzing module ic_74161
INFO: [VRFC 10-2263] Analyzing Verilog file "D:/cd3/exp3/ram.v" into library xil_defaultlib
INFO: [VRFC 10-311] analyzing module ram
INFO: [VRFC 10-2263] Analyzing Verilog file "D:/cd3/exp3/16bit_reg.v" into library xil_defaultlib
INFO: [VRFC 10-311] analyzing module register_16bit
INFO: [VRFC 10-2263] Analyzing Verilog file "D:/cd3/exp3/12bit_reg.v" into library xil_defaultlib
INFO: [VRFC 10-311] analyzing module register_12bit
INFO: [VRFC 10-2263] Analyzing Verilog file "D:/cd3/exp3/mix5to1.v" into library xil_defaultlib
INFO: [VRFC 10-311] analyzing module mux_5to1_16bit
INFO: [VRFC 10-2263] Analyzing Verilog file "D:/cd3/exp3/aggregator_4bit.v" into library xil_defaultlib
INFO: [VRFC 10-311] analyzing module aggregator_4bit
INFO: [VRFC 10-2263] Analyzing Verilog file "D:/cd3/exp3/74182.v" into library xil_defaultlib
INFO: [VRFC 10-311] analyzing module carry_lookahead_74182
INFO: [VRFC 10-2263] Analyzing Verilog file "D:/cd3/exp3/74181.v" into library xil_defaultlib
INFO: [VRFC 10-311] analyzing module alu_74181
INFO: [VRFC 10-2263] Analyzing Verilog file "D:/cd3/exp3/aggregate_4x4_to_16bit.v" into library xil_defaultlib
INFO: [VRFC 10-311] analyzing module aggregate_4x4_to_16bit
INFO: [VRFC 10-311] analyzing module adpt_out_16bit
INFO: [VRFC 10-2263] Analyzing Verilog file "D:/cd3/exp3/the_16bit_to_4x4bit.v" into library xil_defaultlib
INFO: [VRFC 10-311] analyzing module the_16bit_to_4x4bit
INFO: [VRFC 10-2263] Analyzing Verilog file "D:/cd3/exp3/not_gate.v" into library xil_defaultlib
INFO: [VRFC 10-311] analyzing module not_gate
INFO: [VRFC 10-2263] Analyzing Verilog file "D:/cd4/exp/plusv.v" into library xil_defaultlib
INFO: [VRFC 10-311] analyzing module mod5_timing_generator
INFO: [VRFC 10-311] analyzing module RTI
INFO: [VRFC 10-311] analyzing module control
INFO: [VRFC 10-2263] Analyzing Verilog file "D:/cd3/exp3/and_gate.v" into library xil_defaultlib
INFO: [VRFC 10-311] analyzing module and_gate
INFO: [VRFC 10-2263] Analyzing Verilog file "D:/cd4/project_4/project_4.ip_user_files/bd/design_3/ip/design_3_adpt_in_0_0/sim/design_3_adpt_in_0_0.v" into library xil_defaultlib
INFO: [VRFC 10-311] analyzing module design_3_adpt_in_0_0
INFO: [VRFC 10-2263] Analyzing Verilog file "D:/cd4/project_4/project_4.ip_user_files/bd/design_3/ip/design_3_xlconstant_0_1/sim/design_3_xlconstant_0_1.v" into library xil_defaultlib
INFO: [VRFC 10-311] analyzing module design_3_xlconstant_0_1
INFO: [VRFC 10-2263] Analyzing Verilog file "D:/cd4/project_4/project_4.ip_user_files/bd/design_3/ip/design_3_ic_74161_0_0/sim/design_3_ic_74161_0_0.v" into library xil_defaultlib
INFO: [VRFC 10-311] analyzing module design_3_ic_74161_0_0
INFO: [VRFC 10-2263] Analyzing Verilog file "D:/cd4/project_4/project_4.ip_user_files/bd/design_3/ip/design_3_ic_74161_1_0/sim/design_3_ic_74161_1_0.v" into library xil_defaultlib
INFO: [VRFC 10-311] analyzing module design_3_ic_74161_1_0
INFO: [VRFC 10-2263] Analyzing Verilog file "D:/cd4/project_4/project_4.ip_user_files/bd/design_3/ip/design_3_ic_74161_2_0/sim/design_3_ic_74161_2_0.v" into library xil_defaultlib
INFO: [VRFC 10-311] analyzing module design_3_ic_74161_2_0
INFO: [VRFC 10-2263] Analyzing Verilog file "D:/cd4/project_4/project_4.ip_user_files/bd/design_3/ip/design_3_xlconcat_0_0/sim/design_3_xlconcat_0_0.v" into library xil_defaultlib
INFO: [VRFC 10-311] analyzing module design_3_xlconcat_0_0
INFO: [VRFC 10-2263] Analyzing Verilog file "D:/cd4/project_4/project_4.ip_user_files/bd/design_3/ip/design_3_the_12bit_to_3x4bit_0_1/sim/design_3_the_12bit_to_3x4bit_0_1.v" into library xil_defaultlib
INFO: [VRFC 10-311] analyzing module design_3_the_12bit_to_3x4bit_0_1
INFO: [VRFC 10-2263] Analyzing Verilog file "D:/cd4/project_4/project_4.ip_user_files/bd/design_3/ip/design_3_ram_0_0/sim/design_3_ram_0_0.v" into library xil_defaultlib
INFO: [VRFC 10-311] analyzing module design_3_ram_0_0
INFO: [VRFC 10-2263] Analyzing Verilog file "D:/cd4/project_4/project_4.ip_user_files/bd/design_3/ip/design_3_register_16bit_0_0/sim/design_3_register_16bit_0_0.v" into library xil_defaultlib
INFO: [VRFC 10-311] analyzing module design_3_register_16bit_0_0
INFO: [VRFC 10-2263] Analyzing Verilog file "D:/cd4/project_4/project_4.ip_user_files/bd/design_3/ip/design_3_register_16bit_1_0/sim/design_3_register_16bit_1_0.v" into library xil_defaultlib
INFO: [VRFC 10-311] analyzing module design_3_register_16bit_1_0
INFO: [VRFC 10-2263] Analyzing Verilog file "D:/cd4/project_4/project_4.ip_user_files/bd/design_3/ip/design_3_register_16bit_2_0/sim/design_3_register_16bit_2_0.v" into library xil_defaultlib
INFO: [VRFC 10-311] analyzing module design_3_register_16bit_2_0
INFO: [VRFC 10-2263] Analyzing Verilog file "D:/cd4/project_4/project_4.ip_user_files/bd/design_3/ip/design_3_register_16bit_3_0/sim/design_3_register_16bit_3_0.v" into library xil_defaultlib
INFO: [VRFC 10-311] analyzing module design_3_register_16bit_3_0
INFO: [VRFC 10-2263] Analyzing Verilog file "D:/cd4/project_4/project_4.ip_user_files/bd/design_3/ip/design_3_register_16bit_4_0/sim/design_3_register_16bit_4_0.v" into library xil_defaultlib
INFO: [VRFC 10-311] analyzing module design_3_register_16bit_4_0
INFO: [VRFC 10-2263] Analyzing Verilog file "D:/cd4/project_4/project_4.ip_user_files/bd/design_3/ip/design_3_register_12bit_0_0/sim/design_3_register_12bit_0_0.v" into library xil_defaultlib
INFO: [VRFC 10-311] analyzing module design_3_register_12bit_0_0
INFO: [VRFC 10-2263] Analyzing Verilog file "D:/cd4/project_4/project_4.ip_user_files/bd/design_3/ip/design_3_register_16bit_3_1/sim/design_3_register_16bit_3_1.v" into library xil_defaultlib
INFO: [VRFC 10-311] analyzing module design_3_register_16bit_3_1
INFO: [VRFC 10-2263] Analyzing Verilog file "D:/cd4/project_4/project_4.ip_user_files/bd/design_3/ip/design_3_MDR_0/sim/design_3_MDR_0.v" into library xil_defaultlib
INFO: [VRFC 10-311] analyzing module design_3_MDR_0
INFO: [VRFC 10-2263] Analyzing Verilog file "D:/cd4/project_4/project_4.ip_user_files/bd/design_3/ip/design_3_register_16bit_0_1/sim/design_3_register_16bit_0_1.v" into library xil_defaultlib
INFO: [VRFC 10-311] analyzing module design_3_register_16bit_0_1
INFO: [VRFC 10-2263] Analyzing Verilog file "D:/cd4/project_4/project_4.ip_user_files/bd/design_3/ip/design_3_mux_5to1_16bit_0_0/sim/design_3_mux_5to1_16bit_0_0.v" into library xil_defaultlib
INFO: [VRFC 10-311] analyzing module design_3_mux_5to1_16bit_0_0
INFO: [VRFC 10-2263] Analyzing Verilog file "D:/cd4/project_4/project_4.ip_user_files/bd/design_3/ip/design_3_aggregator_4bit_0_1/sim/design_3_aggregator_4bit_0_1.v" into library xil_defaultlib
INFO: [VRFC 10-311] analyzing module design_3_aggregator_4bit_0_1
INFO: [VRFC 10-2263] Analyzing Verilog file "D:/cd4/project_4/project_4.ip_user_files/bd/design_3/ip/design_3_carry_lookahead_74182_0_0/sim/design_3_carry_lookahead_74182_0_0.v" into library xil_defaultlib
INFO: [VRFC 10-311] analyzing module design_3_carry_lookahead_74182_0_0
INFO: [VRFC 10-2263] Analyzing Verilog file "D:/cd4/project_4/project_4.ip_user_files/bd/design_3/ip/design_3_aggregator_4bit_1_0/sim/design_3_aggregator_4bit_1_0.v" into library xil_defaultlib
INFO: [VRFC 10-311] analyzing module design_3_aggregator_4bit_1_0
INFO: [VRFC 10-2263] Analyzing Verilog file "D:/cd4/project_4/project_4.ip_user_files/bd/design_3/ip/design_3_alu_74181_0_0/sim/design_3_alu_74181_0_0.v" into library xil_defaultlib
INFO: [VRFC 10-311] analyzing module design_3_alu_74181_0_0
INFO: [VRFC 10-2263] Analyzing Verilog file "D:/cd4/project_4/project_4.ip_user_files/bd/design_3/ip/design_3_alu_74181_1_0/sim/design_3_alu_74181_1_0.v" into library xil_defaultlib
INFO: [VRFC 10-311] analyzing module design_3_alu_74181_1_0
INFO: [VRFC 10-2263] Analyzing Verilog file "D:/cd4/project_4/project_4.ip_user_files/bd/design_3/ip/design_3_alu_74181_2_0/sim/design_3_alu_74181_2_0.v" into library xil_defaultlib
INFO: [VRFC 10-311] analyzing module design_3_alu_74181_2_0
INFO: [VRFC 10-2263] Analyzing Verilog file "D:/cd4/project_4/project_4.ip_user_files/bd/design_3/ip/design_3_aggregate_4x4_to_16b_0_0/sim/design_3_aggregate_4x4_to_16b_0_0.v" into library xil_defaultlib
INFO: [VRFC 10-311] analyzing module design_3_aggregate_4x4_to_16b_0_0
INFO: [VRFC 10-2263] Analyzing Verilog file "D:/cd4/project_4/project_4.ip_user_files/bd/design_3/ip/design_3_the_16bit_to_4x4bit_2_0/sim/design_3_the_16bit_to_4x4bit_2_0.v" into library xil_defaultlib
INFO: [VRFC 10-311] analyzing module design_3_the_16bit_to_4x4bit_2_0
INFO: [VRFC 10-2263] Analyzing Verilog file "D:/cd4/project_4/project_4.ip_user_files/bd/design_3/ip/design_3_the_16bit_to_4x4bit_0_1/sim/design_3_the_16bit_to_4x4bit_0_1.v" into library xil_defaultlib
INFO: [VRFC 10-311] analyzing module design_3_the_16bit_to_4x4bit_0_1
INFO: [VRFC 10-2263] Analyzing Verilog file "D:/cd4/project_4/project_4.ip_user_files/bd/design_3/ip/design_3_alu_74181_3_0/sim/design_3_alu_74181_3_0.v" into library xil_defaultlib
INFO: [VRFC 10-311] analyzing module design_3_alu_74181_3_0
INFO: [VRFC 10-2263] Analyzing Verilog file "D:/cd4/project_4/project_4.ip_user_files/bd/design_3/ip/design_3_carry_output_splitter_0_0/sim/design_3_carry_output_splitter_0_0.v" into library xil_defaultlib
INFO: [VRFC 10-311] analyzing module design_3_carry_output_splitter_0_0
INFO: [VRFC 10-2263] Analyzing Verilog file "D:/cd4/project_4/project_4.ip_user_files/bd/design_3/ip/design_3_not_gate_1_0/sim/design_3_not_gate_1_0.v" into library xil_defaultlib
INFO: [VRFC 10-311] analyzing module design_3_not_gate_1_0
INFO: [VRFC 10-2263] Analyzing Verilog file "D:/cd4/project_4/project_4.ip_user_files/bd/design_3/ip/design_3_bus_slicer_16to12_0_0/sim/design_3_bus_slicer_16to12_0_0.v" into library xil_defaultlib
INFO: [VRFC 10-311] analyzing module design_3_bus_slicer_16to12_0_0
INFO: [VRFC 10-2263] Analyzing Verilog file "D:/cd4/project_4/project_4.ip_user_files/bd/design_3/ip/design_3_multiplier_8x8_0_0/sim/design_3_multiplier_8x8_0_0.v" into library xil_defaultlib
INFO: [VRFC 10-311] analyzing module design_3_multiplier_8x8_0_0
INFO: [VRFC 10-2263] Analyzing Verilog file "D:/cd4/project_4/project_4.ip_user_files/bd/design_3/ip/design_3_split_16to8_0_0/sim/design_3_split_16to8_0_0.v" into library xil_defaultlib
INFO: [VRFC 10-311] analyzing module design_3_split_16to8_0_0
INFO: [VRFC 10-2263] Analyzing Verilog file "D:/cd4/project_4/project_4.ip_user_files/bd/design_3/ip/design_3_R0_0/sim/design_3_R0_0.v" into library xil_defaultlib
INFO: [VRFC 10-311] analyzing module design_3_R0_0
INFO: [VRFC 10-2263] Analyzing Verilog file "D:/cd4/project_4/project_4.ip_user_files/bd/design_3/ip/design_3_mod5_timing_generator_0_0/sim/design_3_mod5_timing_generator_0_0.v" into library xil_defaultlib
INFO: [VRFC 10-311] analyzing module design_3_mod5_timing_generator_0_0
INFO: [VRFC 10-2263] Analyzing Verilog file "D:/cd4/project_4/project_4.ip_user_files/bd/design_3/ip/design_3_not_gate_0_0/sim/design_3_not_gate_0_0.v" into library xil_defaultlib
INFO: [VRFC 10-311] analyzing module design_3_not_gate_0_0
INFO: [VRFC 10-2263] Analyzing Verilog file "D:/cd4/project_4/project_4.ip_user_files/bd/design_3/ip/design_3_RTI_0_0/sim/design_3_RTI_0_0.v" into library xil_defaultlib
INFO: [VRFC 10-311] analyzing module design_3_RTI_0_0
INFO: [VRFC 10-2263] Analyzing Verilog file "D:/cd4/project_4/project_4.ip_user_files/bd/design_3/ip/design_3_control_0_0/sim/design_3_control_0_0.v" into library xil_defaultlib
INFO: [VRFC 10-311] analyzing module design_3_control_0_0
INFO: [VRFC 10-2263] Analyzing Verilog file "D:/cd4/project_4/project_4.ip_user_files/bd/design_3/ip/design_3_not_gate_1_1/sim/design_3_not_gate_1_1.v" into library xil_defaultlib
INFO: [VRFC 10-311] analyzing module design_3_not_gate_1_1
INFO: [VRFC 10-2263] Analyzing Verilog file "D:/cd4/project_4/project_4.ip_user_files/bd/design_3/ip/design_3_and_gate_0_0/sim/design_3_and_gate_0_0.v" into library xil_defaultlib
INFO: [VRFC 10-311] analyzing module design_3_and_gate_0_0
INFO: [VRFC 10-2263] Analyzing Verilog file "D:/cd4/project_4/project_4.ip_user_files/bd/design_3/ip/design_3_and2_0_0/sim/design_3_and2_0_0.v" into library xil_defaultlib
INFO: [VRFC 10-311] analyzing module design_3_and2_0_0
INFO: [VRFC 10-2263] Analyzing Verilog file "D:/cd4/project_4/project_4.ip_user_files/bd/design_3/ip/design_3_aggregator_4bit_0_2/sim/design_3_aggregator_4bit_0_2.v" into library xil_defaultlib
INFO: [VRFC 10-311] analyzing module design_3_aggregator_4bit_0_2
INFO: [VRFC 10-2263] Analyzing Verilog file "D:/cd4/project_4/project_4.ip_user_files/bd/design_3/ip/design_3_splitter_16bit_16out_0_0/sim/design_3_splitter_16bit_16out_0_0.v" into library xil_defaultlib
INFO: [VRFC 10-311] analyzing module design_3_splitter_16bit_16out_0_0
INFO: [VRFC 10-2263] Analyzing Verilog file "D:/cd4/project_4/project_4.ip_user_files/bd/design_3/sim/design_3.v" into library xil_defaultlib
INFO: [VRFC 10-311] analyzing module ALU_imp_JZDUAB
INFO: [VRFC 10-311] analyzing module PC_imp_1MALNP6
INFO: [VRFC 10-311] analyzing module design_3
INFO: [VRFC 10-2263] Analyzing Verilog file "D:/cd3/design_3/hdl/design_3_wrapper.v" into library xil_defaultlib
INFO: [VRFC 10-311] analyzing module design_3_wrapper
INFO: [VRFC 10-2263] Analyzing Verilog file "D:/cd3/exp3/simple_core_test.v" into library xil_defaultlib
INFO: [VRFC 10-311] analyzing module complete_monitor_test
run_program: Time (s): cpu = 00:00:00 ; elapsed = 00:00:08 . Memory (MB): peak = 2712.184 ; gain = 0.000
INFO: [USF-XSim-69] 'compile' step finished in '8' seconds
INFO: [USF-XSim-3] XSim::Elaborate design
INFO: [USF-XSim-61] Executing 'ELABORATE' step in 'D:/cd4/project_4/project_4.sim/sim_2/behav/xsim'
"xelab --incr --debug typical --relax --mt 2 -L xil_defaultlib -L xlconstant_v1_1_9 -L xlconcat_v2_1_6 -L unisims_ver -L unimacro_ver -L secureip -L xpm --snapshot complete_monitor_test_behav xil_defaultlib.complete_monitor_test xil_defaultlib.glbl -log elaborate.log"
Vivado Simulator v2024.2.0
Copyright 1986-2022 Xilinx, Inc. All Rights Reserved.
Copyright 2022-2024 Advanced Micro Devices, Inc. All Rights Reserved.
Running: D:/Vivado/2024.2/bin/unwrapped/win64.o/xelab.exe --incr --debug typical --relax --mt 2 -L xil_defaultlib -L xlconstant_v1_1_9 -L xlconcat_v2_1_6 -L unisims_ver -L unimacro_ver -L secureip -L xpm --snapshot complete_monitor_test_behav xil_defaultlib.complete_monitor_test xil_defaultlib.glbl -log elaborate.log 
Using 2 slave threads.
Starting static elaboration
Pass Through NonSizing Optimizer
Completed static elaboration
Starting simulation data flow analysis
WARNING: [XSIM 43-4099] "D:/cd3/exp3/aggregate_4x4_to_16bit.v" Line 1. Module aggregate_4x4_to_16bit doesn't have a timescale but at least one module in design has a timescale.
WARNING: [XSIM 43-4099] "D:/cd3/exp3/aggregator_4bit.v" Line 1. Module aggregator_4bit doesn't have a timescale but at least one module in design has a timescale.
WARNING: [XSIM 43-4099] "D:/cd3/exp3/aggregator_4bit.v" Line 1. Module aggregator_4bit doesn't have a timescale but at least one module in design has a timescale.
WARNING: [XSIM 43-4099] "D:/cd3/exp3/74181.v" Line 1. Module alu_74181 doesn't have a timescale but at least one module in design has a timescale.
WARNING: [XSIM 43-4099] "D:/cd3/exp3/74181.v" Line 1. Module alu_74181 doesn't have a timescale but at least one module in design has a timescale.
WARNING: [XSIM 43-4099] "D:/cd3/exp3/74181.v" Line 1. Module alu_74181 doesn't have a timescale but at least one module in design has a timescale.
WARNING: [XSIM 43-4099] "D:/cd3/exp3/74181.v" Line 1. Module alu_74181 doesn't have a timescale but at least one module in design has a timescale.
WARNING: [XSIM 43-4099] "D:/cd3/exp3/74182.v" Line 1. Module carry_lookahead_74182 doesn't have a timescale but at least one module in design has a timescale.
WARNING: [XSIM 43-4099] "D:/cd3/exp3/exp14_source.v" Line 309. Module carry_output_splitter doesn't have a timescale but at least one module in design has a timescale.
WARNING: [XSIM 43-4099] "D:/cd3/exp3/not_gate.v" Line 1. Module not_gate doesn't have a timescale but at least one module in design has a timescale.
WARNING: [XSIM 43-4099] "D:/cd3/exp3/the_16bit_to_4x4bit.v" Line 1. Module the_16bit_to_4x4bit doesn't have a timescale but at least one module in design has a timescale.
WARNING: [XSIM 43-4099] "D:/cd3/exp3/the_16bit_to_4x4bit.v" Line 1. Module the_16bit_to_4x4bit doesn't have a timescale but at least one module in design has a timescale.
WARNING: [XSIM 43-4099] "D:/cd3/exp3/16bit_reg.v" Line 1. Module register_16bit doesn't have a timescale but at least one module in design has a timescale.
WARNING: [XSIM 43-4099] "D:/cd3/exp3/12bit_reg.v" Line 1. Module register_12bit doesn't have a timescale but at least one module in design has a timescale.
WARNING: [XSIM 43-4099] "D:/cd3/exp3/16bit_reg.v" Line 1. Module register_16bit doesn't have a timescale but at least one module in design has a timescale.
WARNING: [XSIM 43-4099] "D:/cd3/exp3/16bit_reg.v" Line 1. Module register_16bit doesn't have a timescale but at least one module in design has a timescale.
WARNING: [XSIM 43-4099] "D:/cd3/exp3/16bit_reg.v" Line 1. Module register_16bit doesn't have a timescale but at least one module in design has a timescale.
WARNING: [XSIM 43-4099] "D:/cd3/exp3/74161.v" Line 1. Module ic_74161 doesn't have a timescale but at least one module in design has a timescale.
WARNING: [XSIM 43-4099] "D:/cd3/exp3/74161.v" Line 1. Module ic_74161 doesn't have a timescale but at least one module in design has a timescale.
WARNING: [XSIM 43-4099] "D:/cd3/exp3/74161.v" Line 1. Module ic_74161 doesn't have a timescale but at least one module in design has a timescale.
WARNING: [XSIM 43-4099] "D:/cd3/exp3/exp14_source.v" Line 326. Module the_12bit_to_3x4bit doesn't have a timescale but at least one module in design has a timescale.
WARNING: [XSIM 43-4099] "D:/cd3/exp3/16bit_reg.v" Line 1. Module register_16bit doesn't have a timescale but at least one module in design has a timescale.
WARNING: [XSIM 43-4099] "D:/cd3/exp3/16bit_reg.v" Line 1. Module register_16bit doesn't have a timescale but at least one module in design has a timescale.
WARNING: [XSIM 43-4099] "D:/cd3/exp3/16bit_reg.v" Line 1. Module register_16bit doesn't have a timescale but at least one module in design has a timescale.
WARNING: [XSIM 43-4099] "D:/cd4/exp/plusv.v" Line 54. Module RTI doesn't have a timescale but at least one module in design has a timescale.
WARNING: [XSIM 43-4099] "D:/cd3/exp3/16bit_reg.v" Line 1. Module register_16bit doesn't have a timescale but at least one module in design has a timescale.
WARNING: [XSIM 43-4099] "D:/cd3/exp3/16bit_reg.v" Line 1. Module register_16bit doesn't have a timescale but at least one module in design has a timescale.
WARNING: [XSIM 43-4099] "D:/cd3/exp3/exp14_source.v" Line 1. Module adpt_in doesn't have a timescale but at least one module in design has a timescale.
WARNING: [XSIM 43-4099] "D:/cd3/exp3/aggregator_4bit.v" Line 1. Module aggregator_4bit doesn't have a timescale but at least one module in design has a timescale.
WARNING: [XSIM 43-4099] "D:/cd3/exp3/exp14_source.v" Line 76. Module and2 doesn't have a timescale but at least one module in design has a timescale.
WARNING: [XSIM 43-4099] "D:/cd3/exp3/and_gate.v" Line 1. Module and_gate doesn't have a timescale but at least one module in design has a timescale.
WARNING: [XSIM 43-4099] "D:/cd3/exp3/exp14_source.v" Line 459. Module bus_slicer_16to12 doesn't have a timescale but at least one module in design has a timescale.
WARNING: [XSIM 43-4099] "D:/cd4/exp/plusv.v" Line 83. Module control doesn't have a timescale but at least one module in design has a timescale.
WARNING: [XSIM 43-4099] "D:/cd4/exp/plusv.v" Line 1. Module mod5_timing_generator doesn't have a timescale but at least one module in design has a timescale.
WARNING: [XSIM 43-4099] "D:/cd3/exp3/exp14_source.v" Line 479. Module multiplier_8x8 doesn't have a timescale but at least one module in design has a timescale.
WARNING: [XSIM 43-4099] "D:/cd3/exp3/mix5to1.v" Line 1. Module mux_5to1_16bit doesn't have a timescale but at least one module in design has a timescale.
WARNING: [XSIM 43-4099] "D:/cd3/exp3/not_gate.v" Line 1. Module not_gate doesn't have a timescale but at least one module in design has a timescale.
WARNING: [XSIM 43-4099] "D:/cd3/exp3/not_gate.v" Line 1. Module not_gate doesn't have a timescale but at least one module in design has a timescale.
WARNING: [XSIM 43-4099] "D:/cd3/exp3/ram.v" Line 1. Module ram doesn't have a timescale but at least one module in design has a timescale.
WARNING: [XSIM 43-4099] "D:/cd3/exp3/exp14_source.v" Line 490. Module split_16to8 doesn't have a timescale but at least one module in design has a timescale.
WARNING: [XSIM 43-4099] "D:/cd3/exp3/exp14_source.v" Line 501. Module splitter_16bit_16outputs doesn't have a timescale but at least one module in design has a timescale.
WARNING: [XSIM 43-4099] "D:/cd3/exp3/aggregate_4x4_to_16bit.v" Line 1. Module aggregate_4x4_to_16bit doesn't have a timescale but at least one module in design has a timescale.
WARNING: [XSIM 43-4099] "D:/cd3/exp3/aggregator_4bit.v" Line 1. Module aggregator_4bit doesn't have a timescale but at least one module in design has a timescale.
WARNING: [XSIM 43-4099] "D:/cd3/exp3/aggregator_4bit.v" Line 1. Module aggregator_4bit doesn't have a timescale but at least one module in design has a timescale.
WARNING: [XSIM 43-4099] "D:/cd3/exp3/74181.v" Line 1. Module alu_74181 doesn't have a timescale but at least one module in design has a timescale.
WARNING: [XSIM 43-4099] "D:/cd3/exp3/74181.v" Line 1. Module alu_74181 doesn't have a timescale but at least one module in design has a timescale.
WARNING: [XSIM 43-4099] "D:/cd3/exp3/74181.v" Line 1. Module alu_74181 doesn't have a timescale but at least one module in design has a timescale.
WARNING: [XSIM 43-4099] "D:/cd3/exp3/74181.v" Line 1. Module alu_74181 doesn't have a timescale but at least one module in design has a timescale.
WARNING: [XSIM 43-4099] "D:/cd3/exp3/74182.v" Line 1. Module carry_lookahead_74182 doesn't have a timescale but at least one module in design has a timescale.
WARNING: [XSIM 43-4099] "D:/cd3/exp3/exp14_source.v" Line 309. Module carry_output_splitter doesn't have a timescale but at least one module in design has a timescale.
WARNING: [XSIM 43-4099] "D:/cd3/exp3/not_gate.v" Line 1. Module not_gate doesn't have a timescale but at least one module in design has a timescale.
WARNING: [XSIM 43-4099] "D:/cd3/exp3/the_16bit_to_4x4bit.v" Line 1. Module the_16bit_to_4x4bit doesn't have a timescale but at least one module in design has a timescale.
WARNING: [XSIM 43-4099] "D:/cd3/exp3/the_16bit_to_4x4bit.v" Line 1. Module the_16bit_to_4x4bit doesn't have a timescale but at least one module in design has a timescale.
WARNING: [XSIM 43-4099] "D:/cd3/exp3/16bit_reg.v" Line 1. Module register_16bit doesn't have a timescale but at least one module in design has a timescale.
WARNING: [XSIM 43-4099] "D:/cd3/exp3/12bit_reg.v" Line 1. Module register_12bit doesn't have a timescale but at least one module in design has a timescale.
WARNING: [XSIM 43-4099] "D:/cd3/exp3/16bit_reg.v" Line 1. Module register_16bit doesn't have a timescale but at least one module in design has a timescale.
WARNING: [XSIM 43-4099] "D:/cd3/exp3/16bit_reg.v" Line 1. Module register_16bit doesn't have a timescale but at least one module in design has a timescale.
WARNING: [XSIM 43-4099] "D:/cd3/exp3/16bit_reg.v" Line 1. Module register_16bit doesn't have a timescale but at least one module in design has a timescale.
WARNING: [XSIM 43-4099] "D:/cd3/exp3/74161.v" Line 1. Module ic_74161 doesn't have a timescale but at least one module in design has a timescale.
WARNING: [XSIM 43-4099] "D:/cd3/exp3/74161.v" Line 1. Module ic_74161 doesn't have a timescale but at least one module in design has a timescale.
WARNING: [XSIM 43-4099] "D:/cd3/exp3/74161.v" Line 1. Module ic_74161 doesn't have a timescale but at least one module in design has a timescale.
WARNING: [XSIM 43-4099] "D:/cd3/exp3/exp14_source.v" Line 326. Module the_12bit_to_3x4bit doesn't have a timescale but at least one module in design has a timescale.
WARNING: [XSIM 43-4099] "D:/cd3/exp3/16bit_reg.v" Line 1. Module register_16bit doesn't have a timescale but at least one module in design has a timescale.
WARNING: [XSIM 43-4099] "D:/cd3/exp3/16bit_reg.v" Line 1. Module register_16bit doesn't have a timescale but at least one module in design has a timescale.
WARNING: [XSIM 43-4099] "D:/cd3/exp3/16bit_reg.v" Line 1. Module register_16bit doesn't have a timescale but at least one module in design has a timescale.
WARNING: [XSIM 43-4099] "D:/cd4/exp/plusv.v" Line 54. Module RTI doesn't have a timescale but at least one module in design has a timescale.
WARNING: [XSIM 43-4099] "D:/cd3/exp3/16bit_reg.v" Line 1. Module register_16bit doesn't have a timescale but at least one module in design has a timescale.
WARNING: [XSIM 43-4099] "D:/cd3/exp3/16bit_reg.v" Line 1. Module register_16bit doesn't have a timescale but at least one module in design has a timescale.
WARNING: [XSIM 43-4099] "D:/cd3/exp3/exp14_source.v" Line 1. Module adpt_in doesn't have a timescale but at least one module in design has a timescale.
WARNING: [XSIM 43-4099] "D:/cd3/exp3/aggregator_4bit.v" Line 1. Module aggregator_4bit doesn't have a timescale but at least one module in design has a timescale.
WARNING: [XSIM 43-4099] "D:/cd3/exp3/exp14_source.v" Line 76. Module and2 doesn't have a timescale but at least one module in design has a timescale.
WARNING: [XSIM 43-4099] "D:/cd3/exp3/and_gate.v" Line 1. Module and_gate doesn't have a timescale but at least one module in design has a timescale.
WARNING: [XSIM 43-4099] "D:/cd3/exp3/exp14_source.v" Line 459. Module bus_slicer_16to12 doesn't have a timescale but at least one module in design has a timescale.
WARNING: [XSIM 43-4099] "D:/cd4/exp/plusv.v" Line 83. Module control doesn't have a timescale but at least one module in design has a timescale.
WARNING: [XSIM 43-4099] "D:/cd4/exp/plusv.v" Line 1. Module mod5_timing_generator doesn't have a timescale but at least one module in design has a timescale.
WARNING: [XSIM 43-4099] "D:/cd3/exp3/exp14_source.v" Line 479. Module multiplier_8x8 doesn't have a timescale but at least one module in design has a timescale.
WARNING: [XSIM 43-4099] "D:/cd3/exp3/mix5to1.v" Line 1. Module mux_5to1_16bit doesn't have a timescale but at least one module in design has a timescale.
WARNING: [XSIM 43-4099] "D:/cd3/exp3/not_gate.v" Line 1. Module not_gate doesn't have a timescale but at least one module in design has a timescale.
WARNING: [XSIM 43-4099] "D:/cd3/exp3/not_gate.v" Line 1. Module not_gate doesn't have a timescale but at least one module in design has a timescale.
WARNING: [XSIM 43-4099] "D:/cd3/exp3/ram.v" Line 1. Module ram doesn't have a timescale but at least one module in design has a timescale.
WARNING: [XSIM 43-4099] "D:/cd3/exp3/exp14_source.v" Line 490. Module split_16to8 doesn't have a timescale but at least one module in design has a timescale.
WARNING: [XSIM 43-4099] "D:/cd3/exp3/exp14_source.v" Line 501. Module splitter_16bit_16outputs doesn't have a timescale but at least one module in design has a timescale.
Completed simulation data flow analysis
Time Resolution for simulation is 1ps
Compiling module xil_defaultlib.aggregate_4x4_to_16bit
Compiling module xil_defaultlib.design_3_aggregate_4x4_to_16b_0_...
Compiling module xil_defaultlib.aggregator_4bit
Compiling module xil_defaultlib.design_3_aggregator_4bit_0_1
Compiling module xil_defaultlib.design_3_aggregator_4bit_1_0
Compiling module xil_defaultlib.alu_74181
Compiling module xil_defaultlib.design_3_alu_74181_0_0
Compiling module xil_defaultlib.design_3_alu_74181_1_0
Compiling module xil_defaultlib.design_3_alu_74181_2_0
Compiling module xil_defaultlib.design_3_alu_74181_3_0
Compiling module xil_defaultlib.carry_lookahead_74182
Compiling module xil_defaultlib.design_3_carry_lookahead_74182_0...
Compiling module xil_defaultlib.carry_output_splitter
Compiling module xil_defaultlib.design_3_carry_output_splitter_0...
Compiling module xil_defaultlib.not_gate
Compiling module xil_defaultlib.design_3_not_gate_1_0
Compiling module xil_defaultlib.the_16bit_to_4x4bit
Compiling module xil_defaultlib.design_3_the_16bit_to_4x4bit_0_1
Compiling module xil_defaultlib.design_3_the_16bit_to_4x4bit_2_0
Compiling module xil_defaultlib.ALU_imp_JZDUAB
Compiling module xil_defaultlib.register_16bit
Compiling module xil_defaultlib.design_3_register_16bit_0_1
Compiling module xil_defaultlib.register_12bit
Compiling module xil_defaultlib.design_3_register_12bit_0_0
Compiling module xil_defaultlib.design_3_register_16bit_3_1
Compiling module xil_defaultlib.design_3_MDR_0
Compiling module xil_defaultlib.design_3_R0_0
Compiling module xil_defaultlib.ic_74161
Compiling module xil_defaultlib.design_3_ic_74161_0_0
Compiling module xil_defaultlib.design_3_ic_74161_1_0
Compiling module xil_defaultlib.design_3_ic_74161_2_0
Compiling module xil_defaultlib.the_12bit_to_3x4bit
Compiling module xil_defaultlib.design_3_the_12bit_to_3x4bit_0_1
Compiling module xlconcat_v2_1_6.xlconcat_v2_1_6_xlconcat(IN0_WID...
Compiling module xil_defaultlib.design_3_xlconcat_0_0
Compiling module xil_defaultlib.PC_imp_1MALNP6
Compiling module xil_defaultlib.design_3_register_16bit_0_0
Compiling module xil_defaultlib.design_3_register_16bit_1_0
Compiling module xil_defaultlib.design_3_register_16bit_2_0
Compiling module xil_defaultlib.RTI
Compiling module xil_defaultlib.design_3_RTI_0_0
Compiling module xil_defaultlib.design_3_register_16bit_3_0
Compiling module xil_defaultlib.design_3_register_16bit_4_0
Compiling module xil_defaultlib.adpt_in
Compiling module xil_defaultlib.design_3_adpt_in_0_0
Compiling module xil_defaultlib.design_3_aggregator_4bit_0_2
Compiling module xil_defaultlib.and2
Compiling module xil_defaultlib.design_3_and2_0_0
Compiling module xil_defaultlib.and_gate
Compiling module xil_defaultlib.design_3_and_gate_0_0
Compiling module xil_defaultlib.bus_slicer_16to12
Compiling module xil_defaultlib.design_3_bus_slicer_16to12_0_0
Compiling module xil_defaultlib.control
Compiling module xil_defaultlib.design_3_control_0_0
Compiling module xil_defaultlib.mod5_timing_generator
Compiling module xil_defaultlib.design_3_mod5_timing_generator_0...
Compiling module xil_defaultlib.multiplier_8x8
Compiling module xil_defaultlib.design_3_multiplier_8x8_0_0
Compiling module xil_defaultlib.mux_5to1_16bit
Compiling module xil_defaultlib.design_3_mux_5to1_16bit_0_0
Compiling module xil_defaultlib.design_3_not_gate_0_0
Compiling module xil_defaultlib.design_3_not_gate_1_1
Compiling module xil_defaultlib.ram
Compiling module xil_defaultlib.design_3_ram_0_0
Compiling module xil_defaultlib.split_16to8
Compiling module xil_defaultlib.design_3_split_16to8_0_0
Compiling module xil_defaultlib.splitter_16bit_16outputs
Compiling module xil_defaultlib.design_3_splitter_16bit_16out_0_...
Compiling module xlconstant_v1_1_9.xlconstant_v1_1_9_xlconstant(CON...
Compiling module xil_defaultlib.design_3_xlconstant_0_1
Compiling module xil_defaultlib.design_3
Compiling module xil_defaultlib.design_3_wrapper
Compiling module xil_defaultlib.complete_monitor_test
Compiling module xil_defaultlib.glbl
Built simulation snapshot complete_monitor_test_behav
run_program: Time (s): cpu = 00:00:01 ; elapsed = 00:00:10 . Memory (MB): peak = 2712.184 ; gain = 0.000
INFO: [USF-XSim-69] 'elaborate' step finished in '10' seconds
INFO: [USF-XSim-4] XSim::Simulate design
INFO: [USF-XSim-61] Executing 'SIMULATE' step in 'D:/cd4/project_4/project_4.sim/sim_2/behav/xsim'
INFO: [USF-XSim-98] *** Running xsim
   with args "complete_monitor_test_behav -key {Behavioral:sim_2:Functional:complete_monitor_test} -tclbatch {complete_monitor_test.tcl} -protoinst "protoinst_files/design_3.protoinst" -log {simulate.log}"
INFO: [USF-XSim-8] Loading simulator feature
INFO: [Wavedata 42-565] Reading protoinst file protoinst_files/design_3.protoinst
Time resolution is 1 ps
source complete_monitor_test.tcl
# set curr_wave [current_wave_config]
# if { [string length $curr_wave] == 0 } {
#   if { [llength [get_objects]] > 0} {
#     add_wave /
#     set_property needs_save false [current_wave_config]
#   } else {
#      send_msg_id Add_Wave-1 WARNING "No top level signals found. Simulator will start without a wave window. If you want to open a wave window go to 'File->New Waveform Configuration' or type 'create_wave_config' in the TCL console."
#   }
# }
# run 1000ns
============== 完整监控测试 ==============
仿真时间: 20000 ns, 时钟周期: 10 ns
时间(ns)	复位	uPC		Crom		Bus		MAR
----------------------------------------------------------------
10000		0	0xzzz	0xzzzzzz	0x0000	0x000
100000		1	0xzzz	0xzzzzzz	0x0000	0x000 <- 复位释放
105000		1	0xzzz	0xzzzzzz	0x0000	0x000
205000		1	0xzzz	0xzzzzzz	0x0000	0x002
305000		1	0xzzz	0xzzzzzz	0x0000	0x004
405000		1	0xzzz	0xzzzzzz	0x0000	0x005
505000		1	0xzzz	0xzzzzzz	0x0000	0x007
605000		1	0xzzz	0xzzzzzz	0x0000	0x008
705000		1	0xzzz	0xzzzzzz	0x0000	0x009
805000		1	0xzzz	0xzzzzzz	0x0000	0x00a
905000		1	0xzzz	0xzzzzzz	0x0000	0x00b
INFO: [USF-XSim-96] XSim completed. Design snapshot 'complete_monitor_test_behav' loaded.
INFO: [USF-XSim-97] XSim simulation ran for 1000ns
launch_simulation: Time (s): cpu = 00:00:01 ; elapsed = 00:00:24 . Memory (MB): peak = 2712.184 ; gain = 0.000
WARNING: [filemgmt 56-199] Attempt to get parsing info during refresh. "On-the-fly" syntax checking information may be incorrect. [D:\cd3\exp3\simple_core_test.v:]
WARNING: [filemgmt 56-199] Attempt to get parsing info during refresh. "On-the-fly" syntax checking information may be incorrect. [D:\cd3\exp3\exp14_source.v:]
WARNING: [filemgmt 56-199] Attempt to get parsing info during refresh. "On-the-fly" syntax checking information may be incorrect. [D:\cd4\exp\plusv.v:]
WARNING: [filemgmt 56-199] Attempt to get parsing info during refresh. "On-the-fly" syntax checking information may be incorrect. [D:\cd4\exp\plusv.v:]
WARNING: [filemgmt 56-199] Attempt to get parsing info during refresh. "On-the-fly" syntax checking information may be incorrect. [D:\cd4\exp\plusv.v:]
WARNING: [filemgmt 56-199] Attempt to get parsing info during refresh. "On-the-fly" syntax checking information may be incorrect. [D:\cd3\exp3\simple_core_test.v:]
WARNING: [filemgmt 56-199] Attempt to get parsing info during refresh. "On-the-fly" syntax checking information may be incorrect. [D:\cd3\exp3\exp14_source.v:]
WARNING: [filemgmt 56-199] Attempt to get parsing info during refresh. "On-the-fly" syntax checking information may be incorrect. [D:\cd4\exp\plusv.v:]
WARNING: [filemgmt 56-199] Attempt to get parsing info during refresh. "On-the-fly" syntax checking information may be incorrect. [D:\cd3\exp3\simple_core_test.v:]
WARNING: [filemgmt 56-199] Attempt to get parsing info during refresh. "On-the-fly" syntax checking information may be incorrect. [D:\cd3\exp3\simple_core_test.v:]
close_sim
INFO: [Simtcl 6-16] Simulation closed
WARNING: [filemgmt 56-199] Attempt to get parsing info during refresh. "On-the-fly" syntax checking information may be incorrect. [D:\cd3\exp3\simple_core_test.v:]
WARNING: [filemgmt 56-199] Attempt to get parsing info during refresh. "On-the-fly" syntax checking information may be incorrect. [D:\cd3\exp3\exp14_source.v:]
WARNING: [filemgmt 56-199] Attempt to get parsing info during refresh. "On-the-fly" syntax checking information may be incorrect. [D:\cd4\exp\plusv.v:]
WARNING: [filemgmt 56-199] Attempt to get parsing info during refresh. "On-the-fly" syntax checking information may be incorrect. [D:\cd4\exp\plusv.v:]
WARNING: [filemgmt 56-199] Attempt to get parsing info during refresh. "On-the-fly" syntax checking information may be incorrect. [D:\cd4\exp\plusv.v:]
WARNING: [filemgmt 56-199] Attempt to get parsing info during refresh. "On-the-fly" syntax checking information may be incorrect. [D:\cd3\exp3\simple_core_test.v:]
WARNING: [filemgmt 56-199] Attempt to get parsing info during refresh. "On-the-fly" syntax checking information may be incorrect. [D:\cd3\exp3\exp14_source.v:]
WARNING: [filemgmt 56-199] Attempt to get parsing info during refresh. "On-the-fly" syntax checking information may be incorrect. [D:\cd4\exp\plusv.v:]
WARNING: [filemgmt 56-199] Attempt to get parsing info during refresh. "On-the-fly" syntax checking information may be incorrect. [D:\cd3\exp3\simple_core_test.v:]
WARNING: [filemgmt 56-199] Attempt to get parsing info during refresh. "On-the-fly" syntax checking information may be incorrect. [D:\cd3\exp3\simple_core_test.v:]
report_ip_status -name ip_status 
update_module_reference [get_ips  {design_3_control_0_0 design_3_mod5_timing_generator_0_0 design_3_RTI_0_0}]
INFO: [IP_Flow 19-5107] Inferred bus interface 'rst_n' of definition 'xilinx.com:signal:reset:1.0' (from Xilinx Repository).
INFO: [IP_Flow 19-5107] Inferred bus interface 'clk' of definition 'xilinx.com:signal:clock:1.0' (from Xilinx Repository).
INFO: [IP_Flow 19-4728] Bus Interface 'rst_n': Added interface parameter 'POLARITY' with value 'ACTIVE_LOW'.
WARNING: [IP_Flow 19-5661] Bus Interface 'clk' does not have any bus interfaces associated with it.
WARNING: [IP_Flow 19-11770] Clock interface 'clk' has no FREQ_HZ parameter.
INFO: [IP_Flow 19-5107] Inferred bus interface 'rst_n' of definition 'xilinx.com:signal:reset:1.0' (from Xilinx Repository).
INFO: [IP_Flow 19-5107] Inferred bus interface 'clk' of definition 'xilinx.com:signal:clock:1.0' (from Xilinx Repository).
INFO: [IP_Flow 19-4728] Bus Interface 'rst_n': Added interface parameter 'POLARITY' with value 'ACTIVE_LOW'.
WARNING: [IP_Flow 19-5661] Bus Interface 'clk' does not have any bus interfaces associated with it.
WARNING: [IP_Flow 19-11770] Clock interface 'clk' has no FREQ_HZ parameter.
Upgrading 'D:/cd3/design_3/design_3.bd'
INFO: [IP_Flow 19-3420] Updated design_3_RTI_0_0 to use current project options
INFO: [IP_Flow 19-3420] Updated design_3_control_0_0 to use current project options
INFO: [IP_Flow 19-3420] Updated design_3_mod5_timing_generator_0_0 to use current project options
Wrote  : <D:\cd3\design_3\design_3.bd> 
update_module_reference: Time (s): cpu = 00:00:00 ; elapsed = 00:00:10 . Memory (MB): peak = 2735.348 ; gain = 0.000
report_ip_status -name ip_status 
generate_target Simulation [get_files D:/cd3/design_3/design_3.bd]
CRITICAL WARNING: [BD 41-1367] The port name 'out' of cell '/mux_5to1_16bit_0' is a reserved keyword in a Hardware Description Language. Please consider renaming the port.
CRITICAL WARNING: [BD 41-1367] The port name 'AND' of cell '/RTI_0' is a reserved keyword in a Hardware Description Language. Please consider renaming the port.
CRITICAL WARNING: [BD 41-1367] The port name 'OR' of cell '/RTI_0' is a reserved keyword in a Hardware Description Language. Please consider renaming the port.
CRITICAL WARNING: [BD 41-1367] The port name 'AND' of cell '/control_0' is a reserved keyword in a Hardware Description Language. Please consider renaming the port.
CRITICAL WARNING: [BD 41-1367] The port name 'OR' of cell '/control_0' is a reserved keyword in a Hardware Description Language. Please consider renaming the port.
CRITICAL WARNING: [BD 41-759] The input pins (listed below) are either not connected or do not have a source port, and they don't have a tie-off specified. These pins are tied-off to all 0's to avoid error in Implementation flow.
Please check your design and connect them as needed: 
/mux_5to1_16bit_0/selIR
/mux_5to1_16bit_0/selMUL
/MUL/read_en

Wrote  : <D:\cd3\design_3\design_3.bd> 
CRITICAL WARNING: [BD 41-2383] Width mismatch when connecting input pin '/mux_5to1_16bit_0/PC'(16) to pin '/PC/dout'(12) - Only lower order bits will be connected, and other input bits of this pin will be left unconnected.
Verilog Output written to : D:/cd3/design_3/synth/design_3.v
CRITICAL WARNING: [BD 41-2383] Width mismatch when connecting input pin '/mux_5to1_16bit_0/PC'(16) to pin '/PC/dout'(12) - Only lower order bits will be connected, and other input bits of this pin will be left unconnected.
Verilog Output written to : D:/cd3/design_3/sim/design_3.v
Verilog Output written to : D:/cd3/design_3/hdl/design_3_wrapper.v
INFO: [BD 41-1029] Generation completed for the IP Integrator block mod5_timing_generator_0 .
INFO: [BD 41-1029] Generation completed for the IP Integrator block RTI_0 .
INFO: [BD 41-1029] Generation completed for the IP Integrator block control_0 .
Exporting to file D:/cd3/design_3/hw_handoff/design_3.hwh
Generated Hardware Definition File D:/cd3/design_3/synth/design_3.hwdef
export_ip_user_files -of_objects [get_files D:/cd3/design_3/design_3.bd] -no_script -sync -force -quiet
export_simulation -of_objects [get_files D:/cd3/design_3/design_3.bd] -directory D:/cd4/project_4/project_4.ip_user_files/sim_scripts -ip_user_files_dir D:/cd4/project_4/project_4.ip_user_files -ipstatic_source_dir D:/cd4/project_4/project_4.ip_user_files/ipstatic -lib_map_path [list {modelsim=D:/cd4/project_4/project_4.cache/compile_simlib/modelsim} {questa=D:/cd4/project_4/project_4.cache/compile_simlib/questa} {riviera=D:/cd4/project_4/project_4.cache/compile_simlib/riviera} {activehdl=D:/cd4/project_4/project_4.cache/compile_simlib/activehdl}] -use_ip_compiled_libs -force -quiet
launch_simulation -simset [get_filesets sim_2 ]
Command: launch_simulation  -simset sim_2
INFO: [Vivado 12-12493] Simulation top is 'complete_monitor_test'
WARNING: [Vivado 12-13340] Unable to auto find GCC executables from simulator install path! (path not set)
INFO: [Vivado 12-5698] Checking validity of IPs in the design for the 'XSim' simulator...
INFO: [Vivado 12-5682] Launching behavioral simulation in 'D:/cd4/project_4/project_4.sim/sim_2/behav/xsim'
INFO: [Vivado 12-13660] Precompiled IP simulation library mode is enabled (default). The design IP libraries will be referenced from the compiled library path. Please note that if the precompiled version of the library is not found from the path or the IP is in locked state, then the library source files for these IPs will be compiled locally as part of the compile order.
INFO: [Vivado 12-4795] Using compiled simulation libraries for IPs
INFO: [SIM-utils-51] Simulation object is 'sim_2'
INFO: [SIM-utils-72] Using boost library from 'D:/Vivado/2024.2/tps/boost_1_72_0'
INFO: [USF-XSim-7] Finding pre-compiled libraries...
INFO: [USF-XSim-11] File 'D:/Vivado/2024.2/data/xsim/xsim.ini' copied to run dir:'D:/cd4/project_4/project_4.sim/sim_2/behav/xsim'
INFO: [SIM-utils-54] Inspecting design source files for 'complete_monitor_test' in fileset 'sim_2'...
INFO: [USF-XSim-97] Finding global include files...
INFO: [USF-XSim-98] Fetching design files from 'sim_2'...
INFO: [USF-XSim-2] XSim::Compile design
INFO: [USF-XSim-61] Executing 'COMPILE and ANALYZE' step in 'D:/cd4/project_4/project_4.sim/sim_2/behav/xsim'
"xvlog --incr --relax -prj complete_monitor_test_vlog.prj"
INFO: [VRFC 10-2263] Analyzing Verilog file "D:/cd3/exp3/exp14_source.v" into library xil_defaultlib
INFO: [VRFC 10-311] analyzing module adpt_in
INFO: [VRFC 10-311] analyzing module adpt_out
INFO: [VRFC 10-311] analyzing module adpt_out8
INFO: [VRFC 10-311] analyzing module adpt_out12
INFO: [VRFC 10-311] analyzing module adpt_out16
INFO: [VRFC 10-311] analyzing module adpt_out23
INFO: [VRFC 10-311] analyzing module and2
INFO: [VRFC 10-311] analyzing module not1
INFO: [VRFC 10-311] analyzing module addr_adpt
INFO: [VRFC 10-311] analyzing module UIR
INFO: [VRFC 10-311] analyzing module m74LS161
INFO: [VRFC 10-311] analyzing module rom1_256x24
INFO: [VRFC 10-311] analyzing module rom2_4Kx16
INFO: [VRFC 10-311] analyzing module adder4
INFO: [VRFC 10-311] analyzing module dff4
WARNING: [VRFC 10-9336] redeclaration of ANSI port 'Q3' is not allowed [D:/cd3/exp3/exp14_source.v:265]
INFO: [VRFC 10-311] analyzing module shifter
INFO: [VRFC 10-311] analyzing module carry_output_splitter
INFO: [VRFC 10-311] analyzing module the_12bit_to_3x4bit
INFO: [VRFC 10-311] analyzing module four_bit_checker
INFO: [VRFC 10-311] analyzing module or3_gate
INFO: [VRFC 10-311] analyzing module aggregator_12inputs_to_12bit_sync
INFO: [VRFC 10-311] analyzing module splitter_16bit_to_16outputs
INFO: [VRFC 10-311] analyzing module splitter_12bit_to_12outputs
INFO: [VRFC 10-311] analyzing module bus_slicer_16to12
INFO: [VRFC 10-311] analyzing module register_temp
INFO: [VRFC 10-311] analyzing module multiplier_8x8
INFO: [VRFC 10-311] analyzing module split_16to8
INFO: [VRFC 10-311] analyzing module splitter_16bit_16outputs
INFO: [VRFC 10-2263] Analyzing Verilog file "D:/cd3/exp3/74161.v" into library xil_defaultlib
INFO: [VRFC 10-311] analyzing module ic_74161
INFO: [VRFC 10-2263] Analyzing Verilog file "D:/cd3/exp3/ram.v" into library xil_defaultlib
INFO: [VRFC 10-311] analyzing module ram
INFO: [VRFC 10-2263] Analyzing Verilog file "D:/cd3/exp3/16bit_reg.v" into library xil_defaultlib
INFO: [VRFC 10-311] analyzing module register_16bit
INFO: [VRFC 10-2263] Analyzing Verilog file "D:/cd3/exp3/12bit_reg.v" into library xil_defaultlib
INFO: [VRFC 10-311] analyzing module register_12bit
INFO: [VRFC 10-2263] Analyzing Verilog file "D:/cd3/exp3/mix5to1.v" into library xil_defaultlib
INFO: [VRFC 10-311] analyzing module mux_5to1_16bit
INFO: [VRFC 10-2263] Analyzing Verilog file "D:/cd3/exp3/aggregator_4bit.v" into library xil_defaultlib
INFO: [VRFC 10-311] analyzing module aggregator_4bit
INFO: [VRFC 10-2263] Analyzing Verilog file "D:/cd3/exp3/74182.v" into library xil_defaultlib
INFO: [VRFC 10-311] analyzing module carry_lookahead_74182
INFO: [VRFC 10-2263] Analyzing Verilog file "D:/cd3/exp3/74181.v" into library xil_defaultlib
INFO: [VRFC 10-311] analyzing module alu_74181
INFO: [VRFC 10-2263] Analyzing Verilog file "D:/cd3/exp3/aggregate_4x4_to_16bit.v" into library xil_defaultlib
INFO: [VRFC 10-311] analyzing module aggregate_4x4_to_16bit
INFO: [VRFC 10-311] analyzing module adpt_out_16bit
INFO: [VRFC 10-2263] Analyzing Verilog file "D:/cd3/exp3/the_16bit_to_4x4bit.v" into library xil_defaultlib
INFO: [VRFC 10-311] analyzing module the_16bit_to_4x4bit
INFO: [VRFC 10-2263] Analyzing Verilog file "D:/cd3/exp3/not_gate.v" into library xil_defaultlib
INFO: [VRFC 10-311] analyzing module not_gate
INFO: [VRFC 10-2263] Analyzing Verilog file "D:/cd4/exp/plusv.v" into library xil_defaultlib
INFO: [VRFC 10-311] analyzing module mod5_timing_generator
INFO: [VRFC 10-311] analyzing module RTI
INFO: [VRFC 10-311] analyzing module control
INFO: [VRFC 10-2263] Analyzing Verilog file "D:/cd3/exp3/and_gate.v" into library xil_defaultlib
INFO: [VRFC 10-311] analyzing module and_gate
INFO: [VRFC 10-2263] Analyzing Verilog file "D:/cd4/project_4/project_4.ip_user_files/bd/design_3/ip/design_3_adpt_in_0_0/sim/design_3_adpt_in_0_0.v" into library xil_defaultlib
INFO: [VRFC 10-311] analyzing module design_3_adpt_in_0_0
INFO: [VRFC 10-2263] Analyzing Verilog file "D:/cd4/project_4/project_4.ip_user_files/bd/design_3/ip/design_3_xlconstant_0_1/sim/design_3_xlconstant_0_1.v" into library xil_defaultlib
INFO: [VRFC 10-311] analyzing module design_3_xlconstant_0_1
INFO: [VRFC 10-2263] Analyzing Verilog file "D:/cd4/project_4/project_4.ip_user_files/bd/design_3/ip/design_3_ic_74161_0_0/sim/design_3_ic_74161_0_0.v" into library xil_defaultlib
INFO: [VRFC 10-311] analyzing module design_3_ic_74161_0_0
INFO: [VRFC 10-2263] Analyzing Verilog file "D:/cd4/project_4/project_4.ip_user_files/bd/design_3/ip/design_3_ic_74161_1_0/sim/design_3_ic_74161_1_0.v" into library xil_defaultlib
INFO: [VRFC 10-311] analyzing module design_3_ic_74161_1_0
INFO: [VRFC 10-2263] Analyzing Verilog file "D:/cd4/project_4/project_4.ip_user_files/bd/design_3/ip/design_3_ic_74161_2_0/sim/design_3_ic_74161_2_0.v" into library xil_defaultlib
INFO: [VRFC 10-311] analyzing module design_3_ic_74161_2_0
INFO: [VRFC 10-2263] Analyzing Verilog file "D:/cd4/project_4/project_4.ip_user_files/bd/design_3/ip/design_3_xlconcat_0_0/sim/design_3_xlconcat_0_0.v" into library xil_defaultlib
INFO: [VRFC 10-311] analyzing module design_3_xlconcat_0_0
INFO: [VRFC 10-2263] Analyzing Verilog file "D:/cd4/project_4/project_4.ip_user_files/bd/design_3/ip/design_3_the_12bit_to_3x4bit_0_1/sim/design_3_the_12bit_to_3x4bit_0_1.v" into library xil_defaultlib
INFO: [VRFC 10-311] analyzing module design_3_the_12bit_to_3x4bit_0_1
INFO: [VRFC 10-2263] Analyzing Verilog file "D:/cd4/project_4/project_4.ip_user_files/bd/design_3/ip/design_3_ram_0_0/sim/design_3_ram_0_0.v" into library xil_defaultlib
INFO: [VRFC 10-311] analyzing module design_3_ram_0_0
INFO: [VRFC 10-2263] Analyzing Verilog file "D:/cd4/project_4/project_4.ip_user_files/bd/design_3/ip/design_3_register_16bit_0_0/sim/design_3_register_16bit_0_0.v" into library xil_defaultlib
INFO: [VRFC 10-311] analyzing module design_3_register_16bit_0_0
INFO: [VRFC 10-2263] Analyzing Verilog file "D:/cd4/project_4/project_4.ip_user_files/bd/design_3/ip/design_3_register_16bit_1_0/sim/design_3_register_16bit_1_0.v" into library xil_defaultlib
INFO: [VRFC 10-311] analyzing module design_3_register_16bit_1_0
INFO: [VRFC 10-2263] Analyzing Verilog file "D:/cd4/project_4/project_4.ip_user_files/bd/design_3/ip/design_3_register_16bit_2_0/sim/design_3_register_16bit_2_0.v" into library xil_defaultlib
INFO: [VRFC 10-311] analyzing module design_3_register_16bit_2_0
INFO: [VRFC 10-2263] Analyzing Verilog file "D:/cd4/project_4/project_4.ip_user_files/bd/design_3/ip/design_3_register_16bit_3_0/sim/design_3_register_16bit_3_0.v" into library xil_defaultlib
INFO: [VRFC 10-311] analyzing module design_3_register_16bit_3_0
INFO: [VRFC 10-2263] Analyzing Verilog file "D:/cd4/project_4/project_4.ip_user_files/bd/design_3/ip/design_3_register_16bit_4_0/sim/design_3_register_16bit_4_0.v" into library xil_defaultlib
INFO: [VRFC 10-311] analyzing module design_3_register_16bit_4_0
INFO: [VRFC 10-2263] Analyzing Verilog file "D:/cd4/project_4/project_4.ip_user_files/bd/design_3/ip/design_3_register_12bit_0_0/sim/design_3_register_12bit_0_0.v" into library xil_defaultlib
INFO: [VRFC 10-311] analyzing module design_3_register_12bit_0_0
INFO: [VRFC 10-2263] Analyzing Verilog file "D:/cd4/project_4/project_4.ip_user_files/bd/design_3/ip/design_3_register_16bit_3_1/sim/design_3_register_16bit_3_1.v" into library xil_defaultlib
INFO: [VRFC 10-311] analyzing module design_3_register_16bit_3_1
INFO: [VRFC 10-2263] Analyzing Verilog file "D:/cd4/project_4/project_4.ip_user_files/bd/design_3/ip/design_3_MDR_0/sim/design_3_MDR_0.v" into library xil_defaultlib
INFO: [VRFC 10-311] analyzing module design_3_MDR_0
INFO: [VRFC 10-2263] Analyzing Verilog file "D:/cd4/project_4/project_4.ip_user_files/bd/design_3/ip/design_3_register_16bit_0_1/sim/design_3_register_16bit_0_1.v" into library xil_defaultlib
INFO: [VRFC 10-311] analyzing module design_3_register_16bit_0_1
INFO: [VRFC 10-2263] Analyzing Verilog file "D:/cd4/project_4/project_4.ip_user_files/bd/design_3/ip/design_3_mux_5to1_16bit_0_0/sim/design_3_mux_5to1_16bit_0_0.v" into library xil_defaultlib
INFO: [VRFC 10-311] analyzing module design_3_mux_5to1_16bit_0_0
INFO: [VRFC 10-2263] Analyzing Verilog file "D:/cd4/project_4/project_4.ip_user_files/bd/design_3/ip/design_3_aggregator_4bit_0_1/sim/design_3_aggregator_4bit_0_1.v" into library xil_defaultlib
INFO: [VRFC 10-311] analyzing module design_3_aggregator_4bit_0_1
INFO: [VRFC 10-2263] Analyzing Verilog file "D:/cd4/project_4/project_4.ip_user_files/bd/design_3/ip/design_3_carry_lookahead_74182_0_0/sim/design_3_carry_lookahead_74182_0_0.v" into library xil_defaultlib
INFO: [VRFC 10-311] analyzing module design_3_carry_lookahead_74182_0_0
INFO: [VRFC 10-2263] Analyzing Verilog file "D:/cd4/project_4/project_4.ip_user_files/bd/design_3/ip/design_3_aggregator_4bit_1_0/sim/design_3_aggregator_4bit_1_0.v" into library xil_defaultlib
INFO: [VRFC 10-311] analyzing module design_3_aggregator_4bit_1_0
INFO: [VRFC 10-2263] Analyzing Verilog file "D:/cd4/project_4/project_4.ip_user_files/bd/design_3/ip/design_3_alu_74181_0_0/sim/design_3_alu_74181_0_0.v" into library xil_defaultlib
INFO: [VRFC 10-311] analyzing module design_3_alu_74181_0_0
INFO: [VRFC 10-2263] Analyzing Verilog file "D:/cd4/project_4/project_4.ip_user_files/bd/design_3/ip/design_3_alu_74181_1_0/sim/design_3_alu_74181_1_0.v" into library xil_defaultlib
INFO: [VRFC 10-311] analyzing module design_3_alu_74181_1_0
INFO: [VRFC 10-2263] Analyzing Verilog file "D:/cd4/project_4/project_4.ip_user_files/bd/design_3/ip/design_3_alu_74181_2_0/sim/design_3_alu_74181_2_0.v" into library xil_defaultlib
INFO: [VRFC 10-311] analyzing module design_3_alu_74181_2_0
INFO: [VRFC 10-2263] Analyzing Verilog file "D:/cd4/project_4/project_4.ip_user_files/bd/design_3/ip/design_3_aggregate_4x4_to_16b_0_0/sim/design_3_aggregate_4x4_to_16b_0_0.v" into library xil_defaultlib
INFO: [VRFC 10-311] analyzing module design_3_aggregate_4x4_to_16b_0_0
INFO: [VRFC 10-2263] Analyzing Verilog file "D:/cd4/project_4/project_4.ip_user_files/bd/design_3/ip/design_3_the_16bit_to_4x4bit_2_0/sim/design_3_the_16bit_to_4x4bit_2_0.v" into library xil_defaultlib
INFO: [VRFC 10-311] analyzing module design_3_the_16bit_to_4x4bit_2_0
INFO: [VRFC 10-2263] Analyzing Verilog file "D:/cd4/project_4/project_4.ip_user_files/bd/design_3/ip/design_3_the_16bit_to_4x4bit_0_1/sim/design_3_the_16bit_to_4x4bit_0_1.v" into library xil_defaultlib
INFO: [VRFC 10-311] analyzing module design_3_the_16bit_to_4x4bit_0_1
INFO: [VRFC 10-2263] Analyzing Verilog file "D:/cd4/project_4/project_4.ip_user_files/bd/design_3/ip/design_3_alu_74181_3_0/sim/design_3_alu_74181_3_0.v" into library xil_defaultlib
INFO: [VRFC 10-311] analyzing module design_3_alu_74181_3_0
INFO: [VRFC 10-2263] Analyzing Verilog file "D:/cd4/project_4/project_4.ip_user_files/bd/design_3/ip/design_3_carry_output_splitter_0_0/sim/design_3_carry_output_splitter_0_0.v" into library xil_defaultlib
INFO: [VRFC 10-311] analyzing module design_3_carry_output_splitter_0_0
INFO: [VRFC 10-2263] Analyzing Verilog file "D:/cd4/project_4/project_4.ip_user_files/bd/design_3/ip/design_3_not_gate_1_0/sim/design_3_not_gate_1_0.v" into library xil_defaultlib
INFO: [VRFC 10-311] analyzing module design_3_not_gate_1_0
INFO: [VRFC 10-2263] Analyzing Verilog file "D:/cd4/project_4/project_4.ip_user_files/bd/design_3/ip/design_3_bus_slicer_16to12_0_0/sim/design_3_bus_slicer_16to12_0_0.v" into library xil_defaultlib
INFO: [VRFC 10-311] analyzing module design_3_bus_slicer_16to12_0_0
INFO: [VRFC 10-2263] Analyzing Verilog file "D:/cd4/project_4/project_4.ip_user_files/bd/design_3/ip/design_3_multiplier_8x8_0_0/sim/design_3_multiplier_8x8_0_0.v" into library xil_defaultlib
INFO: [VRFC 10-311] analyzing module design_3_multiplier_8x8_0_0
INFO: [VRFC 10-2263] Analyzing Verilog file "D:/cd4/project_4/project_4.ip_user_files/bd/design_3/ip/design_3_split_16to8_0_0/sim/design_3_split_16to8_0_0.v" into library xil_defaultlib
INFO: [VRFC 10-311] analyzing module design_3_split_16to8_0_0
INFO: [VRFC 10-2263] Analyzing Verilog file "D:/cd4/project_4/project_4.ip_user_files/bd/design_3/ip/design_3_R0_0/sim/design_3_R0_0.v" into library xil_defaultlib
INFO: [VRFC 10-311] analyzing module design_3_R0_0
INFO: [VRFC 10-2263] Analyzing Verilog file "D:/cd4/project_4/project_4.ip_user_files/bd/design_3/ip/design_3_mod5_timing_generator_0_0/sim/design_3_mod5_timing_generator_0_0.v" into library xil_defaultlib
INFO: [VRFC 10-311] analyzing module design_3_mod5_timing_generator_0_0
INFO: [VRFC 10-2263] Analyzing Verilog file "D:/cd4/project_4/project_4.ip_user_files/bd/design_3/ip/design_3_not_gate_0_0/sim/design_3_not_gate_0_0.v" into library xil_defaultlib
INFO: [VRFC 10-311] analyzing module design_3_not_gate_0_0
INFO: [VRFC 10-2263] Analyzing Verilog file "D:/cd4/project_4/project_4.ip_user_files/bd/design_3/ip/design_3_RTI_0_0/sim/design_3_RTI_0_0.v" into library xil_defaultlib
INFO: [VRFC 10-311] analyzing module design_3_RTI_0_0
INFO: [VRFC 10-2263] Analyzing Verilog file "D:/cd4/project_4/project_4.ip_user_files/bd/design_3/ip/design_3_control_0_0/sim/design_3_control_0_0.v" into library xil_defaultlib
INFO: [VRFC 10-311] analyzing module design_3_control_0_0
INFO: [VRFC 10-2263] Analyzing Verilog file "D:/cd4/project_4/project_4.ip_user_files/bd/design_3/ip/design_3_not_gate_1_1/sim/design_3_not_gate_1_1.v" into library xil_defaultlib
INFO: [VRFC 10-311] analyzing module design_3_not_gate_1_1
INFO: [VRFC 10-2263] Analyzing Verilog file "D:/cd4/project_4/project_4.ip_user_files/bd/design_3/ip/design_3_and_gate_0_0/sim/design_3_and_gate_0_0.v" into library xil_defaultlib
INFO: [VRFC 10-311] analyzing module design_3_and_gate_0_0
INFO: [VRFC 10-2263] Analyzing Verilog file "D:/cd4/project_4/project_4.ip_user_files/bd/design_3/ip/design_3_and2_0_0/sim/design_3_and2_0_0.v" into library xil_defaultlib
INFO: [VRFC 10-311] analyzing module design_3_and2_0_0
INFO: [VRFC 10-2263] Analyzing Verilog file "D:/cd4/project_4/project_4.ip_user_files/bd/design_3/ip/design_3_aggregator_4bit_0_2/sim/design_3_aggregator_4bit_0_2.v" into library xil_defaultlib
INFO: [VRFC 10-311] analyzing module design_3_aggregator_4bit_0_2
INFO: [VRFC 10-2263] Analyzing Verilog file "D:/cd4/project_4/project_4.ip_user_files/bd/design_3/ip/design_3_splitter_16bit_16out_0_0/sim/design_3_splitter_16bit_16out_0_0.v" into library xil_defaultlib
INFO: [VRFC 10-311] analyzing module design_3_splitter_16bit_16out_0_0
INFO: [VRFC 10-2263] Analyzing Verilog file "D:/cd4/project_4/project_4.ip_user_files/bd/design_3/sim/design_3.v" into library xil_defaultlib
INFO: [VRFC 10-311] analyzing module ALU_imp_JZDUAB
INFO: [VRFC 10-311] analyzing module PC_imp_1MALNP6
INFO: [VRFC 10-311] analyzing module design_3
INFO: [VRFC 10-2263] Analyzing Verilog file "D:/cd3/design_3/hdl/design_3_wrapper.v" into library xil_defaultlib
INFO: [VRFC 10-311] analyzing module design_3_wrapper
INFO: [VRFC 10-2263] Analyzing Verilog file "D:/cd3/exp3/simple_core_test.v" into library xil_defaultlib
INFO: [VRFC 10-311] analyzing module complete_monitor_test
run_program: Time (s): cpu = 00:00:00 ; elapsed = 00:00:16 . Memory (MB): peak = 2735.348 ; gain = 0.000
INFO: [USF-XSim-69] 'compile' step finished in '16' seconds
INFO: [USF-XSim-3] XSim::Elaborate design
INFO: [USF-XSim-61] Executing 'ELABORATE' step in 'D:/cd4/project_4/project_4.sim/sim_2/behav/xsim'
"xelab --incr --debug typical --relax --mt 2 -L xil_defaultlib -L xlconstant_v1_1_9 -L xlconcat_v2_1_6 -L unisims_ver -L unimacro_ver -L secureip -L xpm --snapshot complete_monitor_test_behav xil_defaultlib.complete_monitor_test xil_defaultlib.glbl -log elaborate.log"
Vivado Simulator v2024.2.0
Copyright 1986-2022 Xilinx, Inc. All Rights Reserved.
Copyright 2022-2024 Advanced Micro Devices, Inc. All Rights Reserved.
Running: D:/Vivado/2024.2/bin/unwrapped/win64.o/xelab.exe --incr --debug typical --relax --mt 2 -L xil_defaultlib -L xlconstant_v1_1_9 -L xlconcat_v2_1_6 -L unisims_ver -L unimacro_ver -L secureip -L xpm --snapshot complete_monitor_test_behav xil_defaultlib.complete_monitor_test xil_defaultlib.glbl -log elaborate.log 
Using 2 slave threads.
Starting static elaboration
Pass Through NonSizing Optimizer
Completed static elaboration
Starting simulation data flow analysis
WARNING: [XSIM 43-4099] "D:/cd3/exp3/aggregate_4x4_to_16bit.v" Line 1. Module aggregate_4x4_to_16bit doesn't have a timescale but at least one module in design has a timescale.
WARNING: [XSIM 43-4099] "D:/cd3/exp3/aggregator_4bit.v" Line 1. Module aggregator_4bit doesn't have a timescale but at least one module in design has a timescale.
WARNING: [XSIM 43-4099] "D:/cd3/exp3/aggregator_4bit.v" Line 1. Module aggregator_4bit doesn't have a timescale but at least one module in design has a timescale.
WARNING: [XSIM 43-4099] "D:/cd3/exp3/74181.v" Line 1. Module alu_74181 doesn't have a timescale but at least one module in design has a timescale.
WARNING: [XSIM 43-4099] "D:/cd3/exp3/74181.v" Line 1. Module alu_74181 doesn't have a timescale but at least one module in design has a timescale.
WARNING: [XSIM 43-4099] "D:/cd3/exp3/74181.v" Line 1. Module alu_74181 doesn't have a timescale but at least one module in design has a timescale.
WARNING: [XSIM 43-4099] "D:/cd3/exp3/74181.v" Line 1. Module alu_74181 doesn't have a timescale but at least one module in design has a timescale.
WARNING: [XSIM 43-4099] "D:/cd3/exp3/74182.v" Line 1. Module carry_lookahead_74182 doesn't have a timescale but at least one module in design has a timescale.
WARNING: [XSIM 43-4099] "D:/cd3/exp3/exp14_source.v" Line 309. Module carry_output_splitter doesn't have a timescale but at least one module in design has a timescale.
WARNING: [XSIM 43-4099] "D:/cd3/exp3/not_gate.v" Line 1. Module not_gate doesn't have a timescale but at least one module in design has a timescale.
WARNING: [XSIM 43-4099] "D:/cd3/exp3/the_16bit_to_4x4bit.v" Line 1. Module the_16bit_to_4x4bit doesn't have a timescale but at least one module in design has a timescale.
WARNING: [XSIM 43-4099] "D:/cd3/exp3/the_16bit_to_4x4bit.v" Line 1. Module the_16bit_to_4x4bit doesn't have a timescale but at least one module in design has a timescale.
WARNING: [XSIM 43-4099] "D:/cd3/exp3/16bit_reg.v" Line 1. Module register_16bit doesn't have a timescale but at least one module in design has a timescale.
WARNING: [XSIM 43-4099] "D:/cd3/exp3/12bit_reg.v" Line 1. Module register_12bit doesn't have a timescale but at least one module in design has a timescale.
WARNING: [XSIM 43-4099] "D:/cd3/exp3/16bit_reg.v" Line 1. Module register_16bit doesn't have a timescale but at least one module in design has a timescale.
WARNING: [XSIM 43-4099] "D:/cd3/exp3/16bit_reg.v" Line 1. Module register_16bit doesn't have a timescale but at least one module in design has a timescale.
WARNING: [XSIM 43-4099] "D:/cd3/exp3/16bit_reg.v" Line 1. Module register_16bit doesn't have a timescale but at least one module in design has a timescale.
WARNING: [XSIM 43-4099] "D:/cd3/exp3/74161.v" Line 1. Module ic_74161 doesn't have a timescale but at least one module in design has a timescale.
WARNING: [XSIM 43-4099] "D:/cd3/exp3/74161.v" Line 1. Module ic_74161 doesn't have a timescale but at least one module in design has a timescale.
WARNING: [XSIM 43-4099] "D:/cd3/exp3/74161.v" Line 1. Module ic_74161 doesn't have a timescale but at least one module in design has a timescale.
WARNING: [XSIM 43-4099] "D:/cd3/exp3/exp14_source.v" Line 326. Module the_12bit_to_3x4bit doesn't have a timescale but at least one module in design has a timescale.
WARNING: [XSIM 43-4099] "D:/cd3/exp3/16bit_reg.v" Line 1. Module register_16bit doesn't have a timescale but at least one module in design has a timescale.
WARNING: [XSIM 43-4099] "D:/cd3/exp3/16bit_reg.v" Line 1. Module register_16bit doesn't have a timescale but at least one module in design has a timescale.
WARNING: [XSIM 43-4099] "D:/cd3/exp3/16bit_reg.v" Line 1. Module register_16bit doesn't have a timescale but at least one module in design has a timescale.
WARNING: [XSIM 43-4099] "D:/cd4/exp/plusv.v" Line 54. Module RTI doesn't have a timescale but at least one module in design has a timescale.
WARNING: [XSIM 43-4099] "D:/cd3/exp3/16bit_reg.v" Line 1. Module register_16bit doesn't have a timescale but at least one module in design has a timescale.
WARNING: [XSIM 43-4099] "D:/cd3/exp3/16bit_reg.v" Line 1. Module register_16bit doesn't have a timescale but at least one module in design has a timescale.
WARNING: [XSIM 43-4099] "D:/cd3/exp3/exp14_source.v" Line 1. Module adpt_in doesn't have a timescale but at least one module in design has a timescale.
WARNING: [XSIM 43-4099] "D:/cd3/exp3/aggregator_4bit.v" Line 1. Module aggregator_4bit doesn't have a timescale but at least one module in design has a timescale.
WARNING: [XSIM 43-4099] "D:/cd3/exp3/exp14_source.v" Line 76. Module and2 doesn't have a timescale but at least one module in design has a timescale.
WARNING: [XSIM 43-4099] "D:/cd3/exp3/and_gate.v" Line 1. Module and_gate doesn't have a timescale but at least one module in design has a timescale.
WARNING: [XSIM 43-4099] "D:/cd3/exp3/exp14_source.v" Line 459. Module bus_slicer_16to12 doesn't have a timescale but at least one module in design has a timescale.
WARNING: [XSIM 43-4099] "D:/cd4/exp/plusv.v" Line 83. Module control doesn't have a timescale but at least one module in design has a timescale.
WARNING: [XSIM 43-4099] "D:/cd4/exp/plusv.v" Line 1. Module mod5_timing_generator doesn't have a timescale but at least one module in design has a timescale.
WARNING: [XSIM 43-4099] "D:/cd3/exp3/exp14_source.v" Line 479. Module multiplier_8x8 doesn't have a timescale but at least one module in design has a timescale.
WARNING: [XSIM 43-4099] "D:/cd3/exp3/mix5to1.v" Line 1. Module mux_5to1_16bit doesn't have a timescale but at least one module in design has a timescale.
WARNING: [XSIM 43-4099] "D:/cd3/exp3/not_gate.v" Line 1. Module not_gate doesn't have a timescale but at least one module in design has a timescale.
WARNING: [XSIM 43-4099] "D:/cd3/exp3/not_gate.v" Line 1. Module not_gate doesn't have a timescale but at least one module in design has a timescale.
WARNING: [XSIM 43-4099] "D:/cd3/exp3/ram.v" Line 1. Module ram doesn't have a timescale but at least one module in design has a timescale.
WARNING: [XSIM 43-4099] "D:/cd3/exp3/exp14_source.v" Line 490. Module split_16to8 doesn't have a timescale but at least one module in design has a timescale.
WARNING: [XSIM 43-4099] "D:/cd3/exp3/exp14_source.v" Line 501. Module splitter_16bit_16outputs doesn't have a timescale but at least one module in design has a timescale.
WARNING: [XSIM 43-4099] "D:/cd3/exp3/aggregate_4x4_to_16bit.v" Line 1. Module aggregate_4x4_to_16bit doesn't have a timescale but at least one module in design has a timescale.
WARNING: [XSIM 43-4099] "D:/cd3/exp3/aggregator_4bit.v" Line 1. Module aggregator_4bit doesn't have a timescale but at least one module in design has a timescale.
WARNING: [XSIM 43-4099] "D:/cd3/exp3/aggregator_4bit.v" Line 1. Module aggregator_4bit doesn't have a timescale but at least one module in design has a timescale.
WARNING: [XSIM 43-4099] "D:/cd3/exp3/74181.v" Line 1. Module alu_74181 doesn't have a timescale but at least one module in design has a timescale.
WARNING: [XSIM 43-4099] "D:/cd3/exp3/74181.v" Line 1. Module alu_74181 doesn't have a timescale but at least one module in design has a timescale.
WARNING: [XSIM 43-4099] "D:/cd3/exp3/74181.v" Line 1. Module alu_74181 doesn't have a timescale but at least one module in design has a timescale.
WARNING: [XSIM 43-4099] "D:/cd3/exp3/74181.v" Line 1. Module alu_74181 doesn't have a timescale but at least one module in design has a timescale.
WARNING: [XSIM 43-4099] "D:/cd3/exp3/74182.v" Line 1. Module carry_lookahead_74182 doesn't have a timescale but at least one module in design has a timescale.
WARNING: [XSIM 43-4099] "D:/cd3/exp3/exp14_source.v" Line 309. Module carry_output_splitter doesn't have a timescale but at least one module in design has a timescale.
WARNING: [XSIM 43-4099] "D:/cd3/exp3/not_gate.v" Line 1. Module not_gate doesn't have a timescale but at least one module in design has a timescale.
WARNING: [XSIM 43-4099] "D:/cd3/exp3/the_16bit_to_4x4bit.v" Line 1. Module the_16bit_to_4x4bit doesn't have a timescale but at least one module in design has a timescale.
WARNING: [XSIM 43-4099] "D:/cd3/exp3/the_16bit_to_4x4bit.v" Line 1. Module the_16bit_to_4x4bit doesn't have a timescale but at least one module in design has a timescale.
WARNING: [XSIM 43-4099] "D:/cd3/exp3/16bit_reg.v" Line 1. Module register_16bit doesn't have a timescale but at least one module in design has a timescale.
WARNING: [XSIM 43-4099] "D:/cd3/exp3/12bit_reg.v" Line 1. Module register_12bit doesn't have a timescale but at least one module in design has a timescale.
WARNING: [XSIM 43-4099] "D:/cd3/exp3/16bit_reg.v" Line 1. Module register_16bit doesn't have a timescale but at least one module in design has a timescale.
WARNING: [XSIM 43-4099] "D:/cd3/exp3/16bit_reg.v" Line 1. Module register_16bit doesn't have a timescale but at least one module in design has a timescale.
WARNING: [XSIM 43-4099] "D:/cd3/exp3/16bit_reg.v" Line 1. Module register_16bit doesn't have a timescale but at least one module in design has a timescale.
WARNING: [XSIM 43-4099] "D:/cd3/exp3/74161.v" Line 1. Module ic_74161 doesn't have a timescale but at least one module in design has a timescale.
WARNING: [XSIM 43-4099] "D:/cd3/exp3/74161.v" Line 1. Module ic_74161 doesn't have a timescale but at least one module in design has a timescale.
WARNING: [XSIM 43-4099] "D:/cd3/exp3/74161.v" Line 1. Module ic_74161 doesn't have a timescale but at least one module in design has a timescale.
WARNING: [XSIM 43-4099] "D:/cd3/exp3/exp14_source.v" Line 326. Module the_12bit_to_3x4bit doesn't have a timescale but at least one module in design has a timescale.
WARNING: [XSIM 43-4099] "D:/cd3/exp3/16bit_reg.v" Line 1. Module register_16bit doesn't have a timescale but at least one module in design has a timescale.
WARNING: [XSIM 43-4099] "D:/cd3/exp3/16bit_reg.v" Line 1. Module register_16bit doesn't have a timescale but at least one module in design has a timescale.
WARNING: [XSIM 43-4099] "D:/cd3/exp3/16bit_reg.v" Line 1. Module register_16bit doesn't have a timescale but at least one module in design has a timescale.
WARNING: [XSIM 43-4099] "D:/cd4/exp/plusv.v" Line 54. Module RTI doesn't have a timescale but at least one module in design has a timescale.
WARNING: [XSIM 43-4099] "D:/cd3/exp3/16bit_reg.v" Line 1. Module register_16bit doesn't have a timescale but at least one module in design has a timescale.
WARNING: [XSIM 43-4099] "D:/cd3/exp3/16bit_reg.v" Line 1. Module register_16bit doesn't have a timescale but at least one module in design has a timescale.
WARNING: [XSIM 43-4099] "D:/cd3/exp3/exp14_source.v" Line 1. Module adpt_in doesn't have a timescale but at least one module in design has a timescale.
WARNING: [XSIM 43-4099] "D:/cd3/exp3/aggregator_4bit.v" Line 1. Module aggregator_4bit doesn't have a timescale but at least one module in design has a timescale.
WARNING: [XSIM 43-4099] "D:/cd3/exp3/exp14_source.v" Line 76. Module and2 doesn't have a timescale but at least one module in design has a timescale.
WARNING: [XSIM 43-4099] "D:/cd3/exp3/and_gate.v" Line 1. Module and_gate doesn't have a timescale but at least one module in design has a timescale.
WARNING: [XSIM 43-4099] "D:/cd3/exp3/exp14_source.v" Line 459. Module bus_slicer_16to12 doesn't have a timescale but at least one module in design has a timescale.
WARNING: [XSIM 43-4099] "D:/cd4/exp/plusv.v" Line 83. Module control doesn't have a timescale but at least one module in design has a timescale.
WARNING: [XSIM 43-4099] "D:/cd4/exp/plusv.v" Line 1. Module mod5_timing_generator doesn't have a timescale but at least one module in design has a timescale.
WARNING: [XSIM 43-4099] "D:/cd3/exp3/exp14_source.v" Line 479. Module multiplier_8x8 doesn't have a timescale but at least one module in design has a timescale.
WARNING: [XSIM 43-4099] "D:/cd3/exp3/mix5to1.v" Line 1. Module mux_5to1_16bit doesn't have a timescale but at least one module in design has a timescale.
WARNING: [XSIM 43-4099] "D:/cd3/exp3/not_gate.v" Line 1. Module not_gate doesn't have a timescale but at least one module in design has a timescale.
WARNING: [XSIM 43-4099] "D:/cd3/exp3/not_gate.v" Line 1. Module not_gate doesn't have a timescale but at least one module in design has a timescale.
WARNING: [XSIM 43-4099] "D:/cd3/exp3/ram.v" Line 1. Module ram doesn't have a timescale but at least one module in design has a timescale.
WARNING: [XSIM 43-4099] "D:/cd3/exp3/exp14_source.v" Line 490. Module split_16to8 doesn't have a timescale but at least one module in design has a timescale.
WARNING: [XSIM 43-4099] "D:/cd3/exp3/exp14_source.v" Line 501. Module splitter_16bit_16outputs doesn't have a timescale but at least one module in design has a timescale.
Completed simulation data flow analysis
Time Resolution for simulation is 1ps
Compiling module xil_defaultlib.aggregate_4x4_to_16bit
Compiling module xil_defaultlib.design_3_aggregate_4x4_to_16b_0_...
Compiling module xil_defaultlib.aggregator_4bit
Compiling module xil_defaultlib.design_3_aggregator_4bit_0_1
Compiling module xil_defaultlib.design_3_aggregator_4bit_1_0
Compiling module xil_defaultlib.alu_74181
Compiling module xil_defaultlib.design_3_alu_74181_0_0
Compiling module xil_defaultlib.design_3_alu_74181_1_0
Compiling module xil_defaultlib.design_3_alu_74181_2_0
Compiling module xil_defaultlib.design_3_alu_74181_3_0
Compiling module xil_defaultlib.carry_lookahead_74182
Compiling module xil_defaultlib.design_3_carry_lookahead_74182_0...
Compiling module xil_defaultlib.carry_output_splitter
Compiling module xil_defaultlib.design_3_carry_output_splitter_0...
Compiling module xil_defaultlib.not_gate
Compiling module xil_defaultlib.design_3_not_gate_1_0
Compiling module xil_defaultlib.the_16bit_to_4x4bit
Compiling module xil_defaultlib.design_3_the_16bit_to_4x4bit_0_1
Compiling module xil_defaultlib.design_3_the_16bit_to_4x4bit_2_0
Compiling module xil_defaultlib.ALU_imp_JZDUAB
Compiling module xil_defaultlib.register_16bit
Compiling module xil_defaultlib.design_3_register_16bit_0_1
Compiling module xil_defaultlib.register_12bit
Compiling module xil_defaultlib.design_3_register_12bit_0_0
Compiling module xil_defaultlib.design_3_register_16bit_3_1
Compiling module xil_defaultlib.design_3_MDR_0
Compiling module xil_defaultlib.design_3_R0_0
Compiling module xil_defaultlib.ic_74161
Compiling module xil_defaultlib.design_3_ic_74161_0_0
Compiling module xil_defaultlib.design_3_ic_74161_1_0
Compiling module xil_defaultlib.design_3_ic_74161_2_0
Compiling module xil_defaultlib.the_12bit_to_3x4bit
Compiling module xil_defaultlib.design_3_the_12bit_to_3x4bit_0_1
Compiling module xlconcat_v2_1_6.xlconcat_v2_1_6_xlconcat(IN0_WID...
Compiling module xil_defaultlib.design_3_xlconcat_0_0
Compiling module xil_defaultlib.PC_imp_1MALNP6
Compiling module xil_defaultlib.design_3_register_16bit_0_0
Compiling module xil_defaultlib.design_3_register_16bit_1_0
Compiling module xil_defaultlib.design_3_register_16bit_2_0
Compiling module xil_defaultlib.RTI
Compiling module xil_defaultlib.design_3_RTI_0_0
Compiling module xil_defaultlib.design_3_register_16bit_3_0
Compiling module xil_defaultlib.design_3_register_16bit_4_0
Compiling module xil_defaultlib.adpt_in
Compiling module xil_defaultlib.design_3_adpt_in_0_0
Compiling module xil_defaultlib.design_3_aggregator_4bit_0_2
Compiling module xil_defaultlib.and2
Compiling module xil_defaultlib.design_3_and2_0_0
Compiling module xil_defaultlib.and_gate
Compiling module xil_defaultlib.design_3_and_gate_0_0
Compiling module xil_defaultlib.bus_slicer_16to12
Compiling module xil_defaultlib.design_3_bus_slicer_16to12_0_0
Compiling module xil_defaultlib.control
Compiling module xil_defaultlib.design_3_control_0_0
Compiling module xil_defaultlib.mod5_timing_generator
Compiling module xil_defaultlib.design_3_mod5_timing_generator_0...
Compiling module xil_defaultlib.multiplier_8x8
Compiling module xil_defaultlib.design_3_multiplier_8x8_0_0
Compiling module xil_defaultlib.mux_5to1_16bit
Compiling module xil_defaultlib.design_3_mux_5to1_16bit_0_0
Compiling module xil_defaultlib.design_3_not_gate_0_0
Compiling module xil_defaultlib.design_3_not_gate_1_1
Compiling module xil_defaultlib.ram
Compiling module xil_defaultlib.design_3_ram_0_0
Compiling module xil_defaultlib.split_16to8
Compiling module xil_defaultlib.design_3_split_16to8_0_0
Compiling module xil_defaultlib.splitter_16bit_16outputs
Compiling module xil_defaultlib.design_3_splitter_16bit_16out_0_...
Compiling module xlconstant_v1_1_9.xlconstant_v1_1_9_xlconstant(CON...
Compiling module xil_defaultlib.design_3_xlconstant_0_1
Compiling module xil_defaultlib.design_3
Compiling module xil_defaultlib.design_3_wrapper
Compiling module xil_defaultlib.complete_monitor_test
Compiling module xil_defaultlib.glbl
Built simulation snapshot complete_monitor_test_behav
run_program: Time (s): cpu = 00:00:01 ; elapsed = 00:00:12 . Memory (MB): peak = 2735.348 ; gain = 0.000
INFO: [USF-XSim-69] 'elaborate' step finished in '13' seconds
INFO: [USF-XSim-4] XSim::Simulate design
INFO: [USF-XSim-61] Executing 'SIMULATE' step in 'D:/cd4/project_4/project_4.sim/sim_2/behav/xsim'
INFO: [USF-XSim-98] *** Running xsim
   with args "complete_monitor_test_behav -key {Behavioral:sim_2:Functional:complete_monitor_test} -tclbatch {complete_monitor_test.tcl} -protoinst "protoinst_files/design_3.protoinst" -log {simulate.log}"
INFO: [USF-XSim-8] Loading simulator feature
INFO: [Wavedata 42-565] Reading protoinst file protoinst_files/design_3.protoinst
Time resolution is 1 ps
source complete_monitor_test.tcl
# set curr_wave [current_wave_config]
# if { [string length $curr_wave] == 0 } {
#   if { [llength [get_objects]] > 0} {
#     add_wave /
#     set_property needs_save false [current_wave_config]
#   } else {
#      send_msg_id Add_Wave-1 WARNING "No top level signals found. Simulator will start without a wave window. If you want to open a wave window go to 'File->New Waveform Configuration' or type 'create_wave_config' in the TCL console."
#   }
# }
# run 1000ns
============== 完整监控测试 ==============
仿真时间: 20000 ns, 时钟周期: 10 ns
时间(ns)	复位	uPC		Crom		Bus		MAR
----------------------------------------------------------------
10000		0	0xzzz	0xzzzzzz	0x0000	0x000
100000		1	0xzzz	0xzzzzzz	0x0000	0x000 <- 复位释放
105000		1	0xzzz	0xzzzzzz	0x0000	0x000
205000		1	0xzzz	0xzzzzzz	0x0000	0x002
305000		1	0xzzz	0xzzzzzz	0x0000	0x004
405000		1	0xzzz	0xzzzzzz	0x0000	0x005
505000		1	0xzzz	0xzzzzzz	0x0000	0x007
605000		1	0xzzz	0xzzzzzz	0x0000	0x008
705000		1	0xzzz	0xzzzzzz	0x0000	0x009
805000		1	0xzzz	0xzzzzzz	0x0000	0x00a
905000		1	0xzzz	0xzzzzzz	0x0000	0x00b
INFO: [USF-XSim-96] XSim completed. Design snapshot 'complete_monitor_test_behav' loaded.
INFO: [USF-XSim-97] XSim simulation ran for 1000ns
launch_simulation: Time (s): cpu = 00:00:01 ; elapsed = 00:00:34 . Memory (MB): peak = 2735.348 ; gain = 0.000
WARNING: [filemgmt 56-199] Attempt to get parsing info during refresh. "On-the-fly" syntax checking information may be incorrect. [D:\cd3\exp3\simple_core_test.v:]
WARNING: [filemgmt 56-199] Attempt to get parsing info during refresh. "On-the-fly" syntax checking information may be incorrect. [D:\cd3\exp3\exp14_source.v:]
WARNING: [filemgmt 56-199] Attempt to get parsing info during refresh. "On-the-fly" syntax checking information may be incorrect. [D:\cd4\exp\plusv.v:]
WARNING: [filemgmt 56-199] Attempt to get parsing info during refresh. "On-the-fly" syntax checking information may be incorrect. [D:\cd4\exp\plusv.v:]
WARNING: [filemgmt 56-199] Attempt to get parsing info during refresh. "On-the-fly" syntax checking information may be incorrect. [D:\cd4\exp\plusv.v:]
WARNING: [filemgmt 56-199] Attempt to get parsing info during refresh. "On-the-fly" syntax checking information may be incorrect. [D:\cd3\exp3\simple_core_test.v:]
WARNING: [filemgmt 56-199] Attempt to get parsing info during refresh. "On-the-fly" syntax checking information may be incorrect. [D:\cd3\exp3\exp14_source.v:]
WARNING: [filemgmt 56-199] Attempt to get parsing info during refresh. "On-the-fly" syntax checking information may be incorrect. [D:\cd4\exp\plusv.v:]
WARNING: [filemgmt 56-199] Attempt to get parsing info during refresh. "On-the-fly" syntax checking information may be incorrect. [D:\cd3\exp3\simple_core_test.v:]
WARNING: [filemgmt 56-199] Attempt to get parsing info during refresh. "On-the-fly" syntax checking information may be incorrect. [D:\cd3\exp3\simple_core_test.v:]
close_sim
INFO: [Simtcl 6-16] Simulation closed
WARNING: [filemgmt 56-199] Attempt to get parsing info during refresh. "On-the-fly" syntax checking information may be incorrect. [D:\cd3\exp3\simple_core_test.v:]
WARNING: [filemgmt 56-199] Attempt to get parsing info during refresh. "On-the-fly" syntax checking information may be incorrect. [D:\cd3\exp3\exp14_source.v:]
WARNING: [filemgmt 56-199] Attempt to get parsing info during refresh. "On-the-fly" syntax checking information may be incorrect. [D:\cd4\exp\plusv.v:]
WARNING: [filemgmt 56-199] Attempt to get parsing info during refresh. "On-the-fly" syntax checking information may be incorrect. [D:\cd4\exp\plusv.v:]
WARNING: [filemgmt 56-199] Attempt to get parsing info during refresh. "On-the-fly" syntax checking information may be incorrect. [D:\cd4\exp\plusv.v:]
WARNING: [filemgmt 56-199] Attempt to get parsing info during refresh. "On-the-fly" syntax checking information may be incorrect. [D:\cd3\exp3\simple_core_test.v:]
WARNING: [filemgmt 56-199] Attempt to get parsing info during refresh. "On-the-fly" syntax checking information may be incorrect. [D:\cd3\exp3\exp14_source.v:]
WARNING: [filemgmt 56-199] Attempt to get parsing info during refresh. "On-the-fly" syntax checking information may be incorrect. [D:\cd4\exp\plusv.v:]
WARNING: [filemgmt 56-199] Attempt to get parsing info during refresh. "On-the-fly" syntax checking information may be incorrect. [D:\cd3\exp3\simple_core_test.v:]
WARNING: [filemgmt 56-199] Attempt to get parsing info during refresh. "On-the-fly" syntax checking information may be incorrect. [D:\cd3\exp3\simple_core_test.v:]
WARNING: [filemgmt 56-199] Attempt to get parsing info during refresh. "On-the-fly" syntax checking information may be incorrect. [D:\cd3\exp3\simple_core_test.v:]
WARNING: [filemgmt 56-199] Attempt to get parsing info during refresh. "On-the-fly" syntax checking information may be incorrect. [D:\cd3\exp3\exp14_source.v:]
WARNING: [filemgmt 56-199] Attempt to get parsing info during refresh. "On-the-fly" syntax checking information may be incorrect. [D:\cd4\exp\plusv.v:]
WARNING: [filemgmt 56-199] Attempt to get parsing info during refresh. "On-the-fly" syntax checking information may be incorrect. [D:\cd4\exp\plusv.v:]
WARNING: [filemgmt 56-199] Attempt to get parsing info during refresh. "On-the-fly" syntax checking information may be incorrect. [D:\cd4\exp\plusv.v:]
report_ip_status -name ip_status 
update_module_reference [get_ips  {design_3_control_0_0 design_3_mod5_timing_generator_0_0 design_3_RTI_0_0}]
INFO: [IP_Flow 19-5107] Inferred bus interface 'rst_n' of definition 'xilinx.com:signal:reset:1.0' (from Xilinx Repository).
INFO: [IP_Flow 19-5107] Inferred bus interface 'clk' of definition 'xilinx.com:signal:clock:1.0' (from Xilinx Repository).
INFO: [IP_Flow 19-4728] Bus Interface 'rst_n': Added interface parameter 'POLARITY' with value 'ACTIVE_LOW'.
WARNING: [IP_Flow 19-5661] Bus Interface 'clk' does not have any bus interfaces associated with it.
WARNING: [IP_Flow 19-11770] Clock interface 'clk' has no FREQ_HZ parameter.
INFO: [IP_Flow 19-5107] Inferred bus interface 'rst_n' of definition 'xilinx.com:signal:reset:1.0' (from Xilinx Repository).
INFO: [IP_Flow 19-5107] Inferred bus interface 'clk' of definition 'xilinx.com:signal:clock:1.0' (from Xilinx Repository).
INFO: [IP_Flow 19-4728] Bus Interface 'rst_n': Added interface parameter 'POLARITY' with value 'ACTIVE_LOW'.
WARNING: [IP_Flow 19-5661] Bus Interface 'clk' does not have any bus interfaces associated with it.
WARNING: [IP_Flow 19-11770] Clock interface 'clk' has no FREQ_HZ parameter.
Upgrading 'D:/cd3/design_3/design_3.bd'
INFO: [IP_Flow 19-3420] Updated design_3_RTI_0_0 to use current project options
INFO: [IP_Flow 19-3420] Updated design_3_control_0_0 to use current project options
INFO: [IP_Flow 19-3420] Updated design_3_mod5_timing_generator_0_0 to use current project options
Wrote  : <D:\cd3\design_3\design_3.bd> 
report_ip_status -name ip_status 
generate_target Simulation [get_files D:/cd3/design_3/design_3.bd]
CRITICAL WARNING: [BD 41-1367] The port name 'out' of cell '/mux_5to1_16bit_0' is a reserved keyword in a Hardware Description Language. Please consider renaming the port.
CRITICAL WARNING: [BD 41-1367] The port name 'AND' of cell '/RTI_0' is a reserved keyword in a Hardware Description Language. Please consider renaming the port.
CRITICAL WARNING: [BD 41-1367] The port name 'OR' of cell '/RTI_0' is a reserved keyword in a Hardware Description Language. Please consider renaming the port.
CRITICAL WARNING: [BD 41-1367] The port name 'AND' of cell '/control_0' is a reserved keyword in a Hardware Description Language. Please consider renaming the port.
CRITICAL WARNING: [BD 41-1367] The port name 'OR' of cell '/control_0' is a reserved keyword in a Hardware Description Language. Please consider renaming the port.
CRITICAL WARNING: [BD 41-759] The input pins (listed below) are either not connected or do not have a source port, and they don't have a tie-off specified. These pins are tied-off to all 0's to avoid error in Implementation flow.
Please check your design and connect them as needed: 
/mux_5to1_16bit_0/selIR
/mux_5to1_16bit_0/selMUL
/MUL/read_en

Wrote  : <D:\cd3\design_3\design_3.bd> 
CRITICAL WARNING: [BD 41-2383] Width mismatch when connecting input pin '/mux_5to1_16bit_0/PC'(16) to pin '/PC/dout'(12) - Only lower order bits will be connected, and other input bits of this pin will be left unconnected.
Verilog Output written to : D:/cd3/design_3/synth/design_3.v
CRITICAL WARNING: [BD 41-2383] Width mismatch when connecting input pin '/mux_5to1_16bit_0/PC'(16) to pin '/PC/dout'(12) - Only lower order bits will be connected, and other input bits of this pin will be left unconnected.
Verilog Output written to : D:/cd3/design_3/sim/design_3.v
Verilog Output written to : D:/cd3/design_3/hdl/design_3_wrapper.v
INFO: [BD 41-1029] Generation completed for the IP Integrator block mod5_timing_generator_0 .
INFO: [BD 41-1029] Generation completed for the IP Integrator block RTI_0 .
INFO: [BD 41-1029] Generation completed for the IP Integrator block control_0 .
Exporting to file D:/cd3/design_3/hw_handoff/design_3.hwh
Generated Hardware Definition File D:/cd3/design_3/synth/design_3.hwdef
export_ip_user_files -of_objects [get_files D:/cd3/design_3/design_3.bd] -no_script -sync -force -quiet
export_simulation -of_objects [get_files D:/cd3/design_3/design_3.bd] -directory D:/cd4/project_4/project_4.ip_user_files/sim_scripts -ip_user_files_dir D:/cd4/project_4/project_4.ip_user_files -ipstatic_source_dir D:/cd4/project_4/project_4.ip_user_files/ipstatic -lib_map_path [list {modelsim=D:/cd4/project_4/project_4.cache/compile_simlib/modelsim} {questa=D:/cd4/project_4/project_4.cache/compile_simlib/questa} {riviera=D:/cd4/project_4/project_4.cache/compile_simlib/riviera} {activehdl=D:/cd4/project_4/project_4.cache/compile_simlib/activehdl}] -use_ip_compiled_libs -force -quiet
launch_simulation -simset [get_filesets sim_2 ]
Command: launch_simulation  -simset sim_2
INFO: [Vivado 12-12493] Simulation top is 'complete_monitor_test'
WARNING: [Vivado 12-13340] Unable to auto find GCC executables from simulator install path! (path not set)
INFO: [Vivado 12-5698] Checking validity of IPs in the design for the 'XSim' simulator...
INFO: [Vivado 12-5682] Launching behavioral simulation in 'D:/cd4/project_4/project_4.sim/sim_2/behav/xsim'
INFO: [Vivado 12-13660] Precompiled IP simulation library mode is enabled (default). The design IP libraries will be referenced from the compiled library path. Please note that if the precompiled version of the library is not found from the path or the IP is in locked state, then the library source files for these IPs will be compiled locally as part of the compile order.
INFO: [Vivado 12-4795] Using compiled simulation libraries for IPs
INFO: [SIM-utils-51] Simulation object is 'sim_2'
INFO: [SIM-utils-72] Using boost library from 'D:/Vivado/2024.2/tps/boost_1_72_0'
INFO: [USF-XSim-7] Finding pre-compiled libraries...
INFO: [USF-XSim-11] File 'D:/Vivado/2024.2/data/xsim/xsim.ini' copied to run dir:'D:/cd4/project_4/project_4.sim/sim_2/behav/xsim'
INFO: [SIM-utils-54] Inspecting design source files for 'complete_monitor_test' in fileset 'sim_2'...
INFO: [USF-XSim-97] Finding global include files...
INFO: [USF-XSim-98] Fetching design files from 'sim_2'...
INFO: [USF-XSim-2] XSim::Compile design
INFO: [USF-XSim-61] Executing 'COMPILE and ANALYZE' step in 'D:/cd4/project_4/project_4.sim/sim_2/behav/xsim'
"xvlog --incr --relax -prj complete_monitor_test_vlog.prj"
INFO: [VRFC 10-2263] Analyzing Verilog file "D:/cd3/exp3/exp14_source.v" into library xil_defaultlib
INFO: [VRFC 10-311] analyzing module adpt_in
INFO: [VRFC 10-311] analyzing module adpt_out
INFO: [VRFC 10-311] analyzing module adpt_out8
INFO: [VRFC 10-311] analyzing module adpt_out12
INFO: [VRFC 10-311] analyzing module adpt_out16
INFO: [VRFC 10-311] analyzing module adpt_out23
INFO: [VRFC 10-311] analyzing module and2
INFO: [VRFC 10-311] analyzing module not1
INFO: [VRFC 10-311] analyzing module addr_adpt
INFO: [VRFC 10-311] analyzing module UIR
INFO: [VRFC 10-311] analyzing module m74LS161
INFO: [VRFC 10-311] analyzing module rom1_256x24
INFO: [VRFC 10-311] analyzing module rom2_4Kx16
INFO: [VRFC 10-311] analyzing module adder4
INFO: [VRFC 10-311] analyzing module dff4
WARNING: [VRFC 10-9336] redeclaration of ANSI port 'Q3' is not allowed [D:/cd3/exp3/exp14_source.v:265]
INFO: [VRFC 10-311] analyzing module shifter
INFO: [VRFC 10-311] analyzing module carry_output_splitter
INFO: [VRFC 10-311] analyzing module the_12bit_to_3x4bit
INFO: [VRFC 10-311] analyzing module four_bit_checker
INFO: [VRFC 10-311] analyzing module or3_gate
INFO: [VRFC 10-311] analyzing module aggregator_12inputs_to_12bit_sync
INFO: [VRFC 10-311] analyzing module splitter_16bit_to_16outputs
INFO: [VRFC 10-311] analyzing module splitter_12bit_to_12outputs
INFO: [VRFC 10-311] analyzing module bus_slicer_16to12
INFO: [VRFC 10-311] analyzing module register_temp
INFO: [VRFC 10-311] analyzing module multiplier_8x8
INFO: [VRFC 10-311] analyzing module split_16to8
INFO: [VRFC 10-311] analyzing module splitter_16bit_16outputs
INFO: [VRFC 10-2263] Analyzing Verilog file "D:/cd3/exp3/74161.v" into library xil_defaultlib
INFO: [VRFC 10-311] analyzing module ic_74161
INFO: [VRFC 10-2263] Analyzing Verilog file "D:/cd3/exp3/ram.v" into library xil_defaultlib
INFO: [VRFC 10-311] analyzing module ram
INFO: [VRFC 10-2263] Analyzing Verilog file "D:/cd3/exp3/16bit_reg.v" into library xil_defaultlib
INFO: [VRFC 10-311] analyzing module register_16bit
INFO: [VRFC 10-2263] Analyzing Verilog file "D:/cd3/exp3/12bit_reg.v" into library xil_defaultlib
INFO: [VRFC 10-311] analyzing module register_12bit
INFO: [VRFC 10-2263] Analyzing Verilog file "D:/cd3/exp3/mix5to1.v" into library xil_defaultlib
INFO: [VRFC 10-311] analyzing module mux_5to1_16bit
INFO: [VRFC 10-2263] Analyzing Verilog file "D:/cd3/exp3/aggregator_4bit.v" into library xil_defaultlib
INFO: [VRFC 10-311] analyzing module aggregator_4bit
INFO: [VRFC 10-2263] Analyzing Verilog file "D:/cd3/exp3/74182.v" into library xil_defaultlib
INFO: [VRFC 10-311] analyzing module carry_lookahead_74182
INFO: [VRFC 10-2263] Analyzing Verilog file "D:/cd3/exp3/74181.v" into library xil_defaultlib
INFO: [VRFC 10-311] analyzing module alu_74181
INFO: [VRFC 10-2263] Analyzing Verilog file "D:/cd3/exp3/aggregate_4x4_to_16bit.v" into library xil_defaultlib
INFO: [VRFC 10-311] analyzing module aggregate_4x4_to_16bit
INFO: [VRFC 10-311] analyzing module adpt_out_16bit
INFO: [VRFC 10-2263] Analyzing Verilog file "D:/cd3/exp3/the_16bit_to_4x4bit.v" into library xil_defaultlib
INFO: [VRFC 10-311] analyzing module the_16bit_to_4x4bit
INFO: [VRFC 10-2263] Analyzing Verilog file "D:/cd3/exp3/not_gate.v" into library xil_defaultlib
INFO: [VRFC 10-311] analyzing module not_gate
INFO: [VRFC 10-2263] Analyzing Verilog file "D:/cd4/exp/plusv.v" into library xil_defaultlib
INFO: [VRFC 10-311] analyzing module mod5_timing_generator
INFO: [VRFC 10-311] analyzing module RTI
INFO: [VRFC 10-311] analyzing module control
INFO: [VRFC 10-2263] Analyzing Verilog file "D:/cd3/exp3/and_gate.v" into library xil_defaultlib
INFO: [VRFC 10-311] analyzing module and_gate
INFO: [VRFC 10-2263] Analyzing Verilog file "D:/cd4/project_4/project_4.ip_user_files/bd/design_3/ip/design_3_adpt_in_0_0/sim/design_3_adpt_in_0_0.v" into library xil_defaultlib
INFO: [VRFC 10-311] analyzing module design_3_adpt_in_0_0
INFO: [VRFC 10-2263] Analyzing Verilog file "D:/cd4/project_4/project_4.ip_user_files/bd/design_3/ip/design_3_xlconstant_0_1/sim/design_3_xlconstant_0_1.v" into library xil_defaultlib
INFO: [VRFC 10-311] analyzing module design_3_xlconstant_0_1
INFO: [VRFC 10-2263] Analyzing Verilog file "D:/cd4/project_4/project_4.ip_user_files/bd/design_3/ip/design_3_ic_74161_0_0/sim/design_3_ic_74161_0_0.v" into library xil_defaultlib
INFO: [VRFC 10-311] analyzing module design_3_ic_74161_0_0
INFO: [VRFC 10-2263] Analyzing Verilog file "D:/cd4/project_4/project_4.ip_user_files/bd/design_3/ip/design_3_ic_74161_1_0/sim/design_3_ic_74161_1_0.v" into library xil_defaultlib
INFO: [VRFC 10-311] analyzing module design_3_ic_74161_1_0
INFO: [VRFC 10-2263] Analyzing Verilog file "D:/cd4/project_4/project_4.ip_user_files/bd/design_3/ip/design_3_ic_74161_2_0/sim/design_3_ic_74161_2_0.v" into library xil_defaultlib
INFO: [VRFC 10-311] analyzing module design_3_ic_74161_2_0
INFO: [VRFC 10-2263] Analyzing Verilog file "D:/cd4/project_4/project_4.ip_user_files/bd/design_3/ip/design_3_xlconcat_0_0/sim/design_3_xlconcat_0_0.v" into library xil_defaultlib
INFO: [VRFC 10-311] analyzing module design_3_xlconcat_0_0
INFO: [VRFC 10-2263] Analyzing Verilog file "D:/cd4/project_4/project_4.ip_user_files/bd/design_3/ip/design_3_the_12bit_to_3x4bit_0_1/sim/design_3_the_12bit_to_3x4bit_0_1.v" into library xil_defaultlib
INFO: [VRFC 10-311] analyzing module design_3_the_12bit_to_3x4bit_0_1
INFO: [VRFC 10-2263] Analyzing Verilog file "D:/cd4/project_4/project_4.ip_user_files/bd/design_3/ip/design_3_ram_0_0/sim/design_3_ram_0_0.v" into library xil_defaultlib
INFO: [VRFC 10-311] analyzing module design_3_ram_0_0
INFO: [VRFC 10-2263] Analyzing Verilog file "D:/cd4/project_4/project_4.ip_user_files/bd/design_3/ip/design_3_register_16bit_0_0/sim/design_3_register_16bit_0_0.v" into library xil_defaultlib
INFO: [VRFC 10-311] analyzing module design_3_register_16bit_0_0
INFO: [VRFC 10-2263] Analyzing Verilog file "D:/cd4/project_4/project_4.ip_user_files/bd/design_3/ip/design_3_register_16bit_1_0/sim/design_3_register_16bit_1_0.v" into library xil_defaultlib
INFO: [VRFC 10-311] analyzing module design_3_register_16bit_1_0
INFO: [VRFC 10-2263] Analyzing Verilog file "D:/cd4/project_4/project_4.ip_user_files/bd/design_3/ip/design_3_register_16bit_2_0/sim/design_3_register_16bit_2_0.v" into library xil_defaultlib
INFO: [VRFC 10-311] analyzing module design_3_register_16bit_2_0
INFO: [VRFC 10-2263] Analyzing Verilog file "D:/cd4/project_4/project_4.ip_user_files/bd/design_3/ip/design_3_register_16bit_3_0/sim/design_3_register_16bit_3_0.v" into library xil_defaultlib
INFO: [VRFC 10-311] analyzing module design_3_register_16bit_3_0
INFO: [VRFC 10-2263] Analyzing Verilog file "D:/cd4/project_4/project_4.ip_user_files/bd/design_3/ip/design_3_register_16bit_4_0/sim/design_3_register_16bit_4_0.v" into library xil_defaultlib
INFO: [VRFC 10-311] analyzing module design_3_register_16bit_4_0
INFO: [VRFC 10-2263] Analyzing Verilog file "D:/cd4/project_4/project_4.ip_user_files/bd/design_3/ip/design_3_register_12bit_0_0/sim/design_3_register_12bit_0_0.v" into library xil_defaultlib
INFO: [VRFC 10-311] analyzing module design_3_register_12bit_0_0
INFO: [VRFC 10-2263] Analyzing Verilog file "D:/cd4/project_4/project_4.ip_user_files/bd/design_3/ip/design_3_register_16bit_3_1/sim/design_3_register_16bit_3_1.v" into library xil_defaultlib
INFO: [VRFC 10-311] analyzing module design_3_register_16bit_3_1
INFO: [VRFC 10-2263] Analyzing Verilog file "D:/cd4/project_4/project_4.ip_user_files/bd/design_3/ip/design_3_MDR_0/sim/design_3_MDR_0.v" into library xil_defaultlib
INFO: [VRFC 10-311] analyzing module design_3_MDR_0
INFO: [VRFC 10-2263] Analyzing Verilog file "D:/cd4/project_4/project_4.ip_user_files/bd/design_3/ip/design_3_register_16bit_0_1/sim/design_3_register_16bit_0_1.v" into library xil_defaultlib
INFO: [VRFC 10-311] analyzing module design_3_register_16bit_0_1
INFO: [VRFC 10-2263] Analyzing Verilog file "D:/cd4/project_4/project_4.ip_user_files/bd/design_3/ip/design_3_mux_5to1_16bit_0_0/sim/design_3_mux_5to1_16bit_0_0.v" into library xil_defaultlib
INFO: [VRFC 10-311] analyzing module design_3_mux_5to1_16bit_0_0
INFO: [VRFC 10-2263] Analyzing Verilog file "D:/cd4/project_4/project_4.ip_user_files/bd/design_3/ip/design_3_aggregator_4bit_0_1/sim/design_3_aggregator_4bit_0_1.v" into library xil_defaultlib
INFO: [VRFC 10-311] analyzing module design_3_aggregator_4bit_0_1
INFO: [VRFC 10-2263] Analyzing Verilog file "D:/cd4/project_4/project_4.ip_user_files/bd/design_3/ip/design_3_carry_lookahead_74182_0_0/sim/design_3_carry_lookahead_74182_0_0.v" into library xil_defaultlib
INFO: [VRFC 10-311] analyzing module design_3_carry_lookahead_74182_0_0
INFO: [VRFC 10-2263] Analyzing Verilog file "D:/cd4/project_4/project_4.ip_user_files/bd/design_3/ip/design_3_aggregator_4bit_1_0/sim/design_3_aggregator_4bit_1_0.v" into library xil_defaultlib
INFO: [VRFC 10-311] analyzing module design_3_aggregator_4bit_1_0
INFO: [VRFC 10-2263] Analyzing Verilog file "D:/cd4/project_4/project_4.ip_user_files/bd/design_3/ip/design_3_alu_74181_0_0/sim/design_3_alu_74181_0_0.v" into library xil_defaultlib
INFO: [VRFC 10-311] analyzing module design_3_alu_74181_0_0
INFO: [VRFC 10-2263] Analyzing Verilog file "D:/cd4/project_4/project_4.ip_user_files/bd/design_3/ip/design_3_alu_74181_1_0/sim/design_3_alu_74181_1_0.v" into library xil_defaultlib
INFO: [VRFC 10-311] analyzing module design_3_alu_74181_1_0
INFO: [VRFC 10-2263] Analyzing Verilog file "D:/cd4/project_4/project_4.ip_user_files/bd/design_3/ip/design_3_alu_74181_2_0/sim/design_3_alu_74181_2_0.v" into library xil_defaultlib
INFO: [VRFC 10-311] analyzing module design_3_alu_74181_2_0
INFO: [VRFC 10-2263] Analyzing Verilog file "D:/cd4/project_4/project_4.ip_user_files/bd/design_3/ip/design_3_aggregate_4x4_to_16b_0_0/sim/design_3_aggregate_4x4_to_16b_0_0.v" into library xil_defaultlib
INFO: [VRFC 10-311] analyzing module design_3_aggregate_4x4_to_16b_0_0
INFO: [VRFC 10-2263] Analyzing Verilog file "D:/cd4/project_4/project_4.ip_user_files/bd/design_3/ip/design_3_the_16bit_to_4x4bit_2_0/sim/design_3_the_16bit_to_4x4bit_2_0.v" into library xil_defaultlib
INFO: [VRFC 10-311] analyzing module design_3_the_16bit_to_4x4bit_2_0
INFO: [VRFC 10-2263] Analyzing Verilog file "D:/cd4/project_4/project_4.ip_user_files/bd/design_3/ip/design_3_the_16bit_to_4x4bit_0_1/sim/design_3_the_16bit_to_4x4bit_0_1.v" into library xil_defaultlib
INFO: [VRFC 10-311] analyzing module design_3_the_16bit_to_4x4bit_0_1
INFO: [VRFC 10-2263] Analyzing Verilog file "D:/cd4/project_4/project_4.ip_user_files/bd/design_3/ip/design_3_alu_74181_3_0/sim/design_3_alu_74181_3_0.v" into library xil_defaultlib
INFO: [VRFC 10-311] analyzing module design_3_alu_74181_3_0
INFO: [VRFC 10-2263] Analyzing Verilog file "D:/cd4/project_4/project_4.ip_user_files/bd/design_3/ip/design_3_carry_output_splitter_0_0/sim/design_3_carry_output_splitter_0_0.v" into library xil_defaultlib
INFO: [VRFC 10-311] analyzing module design_3_carry_output_splitter_0_0
INFO: [VRFC 10-2263] Analyzing Verilog file "D:/cd4/project_4/project_4.ip_user_files/bd/design_3/ip/design_3_not_gate_1_0/sim/design_3_not_gate_1_0.v" into library xil_defaultlib
INFO: [VRFC 10-311] analyzing module design_3_not_gate_1_0
INFO: [VRFC 10-2263] Analyzing Verilog file "D:/cd4/project_4/project_4.ip_user_files/bd/design_3/ip/design_3_bus_slicer_16to12_0_0/sim/design_3_bus_slicer_16to12_0_0.v" into library xil_defaultlib
INFO: [VRFC 10-311] analyzing module design_3_bus_slicer_16to12_0_0
INFO: [VRFC 10-2263] Analyzing Verilog file "D:/cd4/project_4/project_4.ip_user_files/bd/design_3/ip/design_3_multiplier_8x8_0_0/sim/design_3_multiplier_8x8_0_0.v" into library xil_defaultlib
INFO: [VRFC 10-311] analyzing module design_3_multiplier_8x8_0_0
INFO: [VRFC 10-2263] Analyzing Verilog file "D:/cd4/project_4/project_4.ip_user_files/bd/design_3/ip/design_3_split_16to8_0_0/sim/design_3_split_16to8_0_0.v" into library xil_defaultlib
INFO: [VRFC 10-311] analyzing module design_3_split_16to8_0_0
INFO: [VRFC 10-2263] Analyzing Verilog file "D:/cd4/project_4/project_4.ip_user_files/bd/design_3/ip/design_3_R0_0/sim/design_3_R0_0.v" into library xil_defaultlib
INFO: [VRFC 10-311] analyzing module design_3_R0_0
INFO: [VRFC 10-2263] Analyzing Verilog file "D:/cd4/project_4/project_4.ip_user_files/bd/design_3/ip/design_3_mod5_timing_generator_0_0/sim/design_3_mod5_timing_generator_0_0.v" into library xil_defaultlib
INFO: [VRFC 10-311] analyzing module design_3_mod5_timing_generator_0_0
INFO: [VRFC 10-2263] Analyzing Verilog file "D:/cd4/project_4/project_4.ip_user_files/bd/design_3/ip/design_3_not_gate_0_0/sim/design_3_not_gate_0_0.v" into library xil_defaultlib
INFO: [VRFC 10-311] analyzing module design_3_not_gate_0_0
INFO: [VRFC 10-2263] Analyzing Verilog file "D:/cd4/project_4/project_4.ip_user_files/bd/design_3/ip/design_3_RTI_0_0/sim/design_3_RTI_0_0.v" into library xil_defaultlib
INFO: [VRFC 10-311] analyzing module design_3_RTI_0_0
INFO: [VRFC 10-2263] Analyzing Verilog file "D:/cd4/project_4/project_4.ip_user_files/bd/design_3/ip/design_3_control_0_0/sim/design_3_control_0_0.v" into library xil_defaultlib
INFO: [VRFC 10-311] analyzing module design_3_control_0_0
INFO: [VRFC 10-2263] Analyzing Verilog file "D:/cd4/project_4/project_4.ip_user_files/bd/design_3/ip/design_3_not_gate_1_1/sim/design_3_not_gate_1_1.v" into library xil_defaultlib
INFO: [VRFC 10-311] analyzing module design_3_not_gate_1_1
INFO: [VRFC 10-2263] Analyzing Verilog file "D:/cd4/project_4/project_4.ip_user_files/bd/design_3/ip/design_3_and_gate_0_0/sim/design_3_and_gate_0_0.v" into library xil_defaultlib
INFO: [VRFC 10-311] analyzing module design_3_and_gate_0_0
INFO: [VRFC 10-2263] Analyzing Verilog file "D:/cd4/project_4/project_4.ip_user_files/bd/design_3/ip/design_3_and2_0_0/sim/design_3_and2_0_0.v" into library xil_defaultlib
INFO: [VRFC 10-311] analyzing module design_3_and2_0_0
INFO: [VRFC 10-2263] Analyzing Verilog file "D:/cd4/project_4/project_4.ip_user_files/bd/design_3/ip/design_3_aggregator_4bit_0_2/sim/design_3_aggregator_4bit_0_2.v" into library xil_defaultlib
INFO: [VRFC 10-311] analyzing module design_3_aggregator_4bit_0_2
INFO: [VRFC 10-2263] Analyzing Verilog file "D:/cd4/project_4/project_4.ip_user_files/bd/design_3/ip/design_3_splitter_16bit_16out_0_0/sim/design_3_splitter_16bit_16out_0_0.v" into library xil_defaultlib
INFO: [VRFC 10-311] analyzing module design_3_splitter_16bit_16out_0_0
INFO: [VRFC 10-2263] Analyzing Verilog file "D:/cd4/project_4/project_4.ip_user_files/bd/design_3/sim/design_3.v" into library xil_defaultlib
INFO: [VRFC 10-311] analyzing module ALU_imp_JZDUAB
INFO: [VRFC 10-311] analyzing module PC_imp_1MALNP6
INFO: [VRFC 10-311] analyzing module design_3
INFO: [VRFC 10-2263] Analyzing Verilog file "D:/cd3/design_3/hdl/design_3_wrapper.v" into library xil_defaultlib
INFO: [VRFC 10-311] analyzing module design_3_wrapper
INFO: [VRFC 10-2263] Analyzing Verilog file "D:/cd3/exp3/simple_core_test.v" into library xil_defaultlib
INFO: [VRFC 10-311] analyzing module complete_monitor_test
run_program: Time (s): cpu = 00:00:00 ; elapsed = 00:00:08 . Memory (MB): peak = 2737.203 ; gain = 0.000
INFO: [USF-XSim-69] 'compile' step finished in '8' seconds
INFO: [USF-XSim-3] XSim::Elaborate design
INFO: [USF-XSim-61] Executing 'ELABORATE' step in 'D:/cd4/project_4/project_4.sim/sim_2/behav/xsim'
"xelab --incr --debug typical --relax --mt 2 -L xil_defaultlib -L xlconstant_v1_1_9 -L xlconcat_v2_1_6 -L unisims_ver -L unimacro_ver -L secureip -L xpm --snapshot complete_monitor_test_behav xil_defaultlib.complete_monitor_test xil_defaultlib.glbl -log elaborate.log"
Vivado Simulator v2024.2.0
Copyright 1986-2022 Xilinx, Inc. All Rights Reserved.
Copyright 2022-2024 Advanced Micro Devices, Inc. All Rights Reserved.
Running: D:/Vivado/2024.2/bin/unwrapped/win64.o/xelab.exe --incr --debug typical --relax --mt 2 -L xil_defaultlib -L xlconstant_v1_1_9 -L xlconcat_v2_1_6 -L unisims_ver -L unimacro_ver -L secureip -L xpm --snapshot complete_monitor_test_behav xil_defaultlib.complete_monitor_test xil_defaultlib.glbl -log elaborate.log 
Using 2 slave threads.
Starting static elaboration
Pass Through NonSizing Optimizer
Completed static elaboration
Starting simulation data flow analysis
WARNING: [XSIM 43-4099] "D:/cd3/exp3/aggregate_4x4_to_16bit.v" Line 1. Module aggregate_4x4_to_16bit doesn't have a timescale but at least one module in design has a timescale.
WARNING: [XSIM 43-4099] "D:/cd3/exp3/aggregator_4bit.v" Line 1. Module aggregator_4bit doesn't have a timescale but at least one module in design has a timescale.
WARNING: [XSIM 43-4099] "D:/cd3/exp3/aggregator_4bit.v" Line 1. Module aggregator_4bit doesn't have a timescale but at least one module in design has a timescale.
WARNING: [XSIM 43-4099] "D:/cd3/exp3/74181.v" Line 1. Module alu_74181 doesn't have a timescale but at least one module in design has a timescale.
WARNING: [XSIM 43-4099] "D:/cd3/exp3/74181.v" Line 1. Module alu_74181 doesn't have a timescale but at least one module in design has a timescale.
WARNING: [XSIM 43-4099] "D:/cd3/exp3/74181.v" Line 1. Module alu_74181 doesn't have a timescale but at least one module in design has a timescale.
WARNING: [XSIM 43-4099] "D:/cd3/exp3/74181.v" Line 1. Module alu_74181 doesn't have a timescale but at least one module in design has a timescale.
WARNING: [XSIM 43-4099] "D:/cd3/exp3/74182.v" Line 1. Module carry_lookahead_74182 doesn't have a timescale but at least one module in design has a timescale.
WARNING: [XSIM 43-4099] "D:/cd3/exp3/exp14_source.v" Line 309. Module carry_output_splitter doesn't have a timescale but at least one module in design has a timescale.
WARNING: [XSIM 43-4099] "D:/cd3/exp3/not_gate.v" Line 1. Module not_gate doesn't have a timescale but at least one module in design has a timescale.
WARNING: [XSIM 43-4099] "D:/cd3/exp3/the_16bit_to_4x4bit.v" Line 1. Module the_16bit_to_4x4bit doesn't have a timescale but at least one module in design has a timescale.
WARNING: [XSIM 43-4099] "D:/cd3/exp3/the_16bit_to_4x4bit.v" Line 1. Module the_16bit_to_4x4bit doesn't have a timescale but at least one module in design has a timescale.
WARNING: [XSIM 43-4099] "D:/cd3/exp3/16bit_reg.v" Line 1. Module register_16bit doesn't have a timescale but at least one module in design has a timescale.
WARNING: [XSIM 43-4099] "D:/cd3/exp3/12bit_reg.v" Line 1. Module register_12bit doesn't have a timescale but at least one module in design has a timescale.
WARNING: [XSIM 43-4099] "D:/cd3/exp3/16bit_reg.v" Line 1. Module register_16bit doesn't have a timescale but at least one module in design has a timescale.
WARNING: [XSIM 43-4099] "D:/cd3/exp3/16bit_reg.v" Line 1. Module register_16bit doesn't have a timescale but at least one module in design has a timescale.
WARNING: [XSIM 43-4099] "D:/cd3/exp3/16bit_reg.v" Line 1. Module register_16bit doesn't have a timescale but at least one module in design has a timescale.
WARNING: [XSIM 43-4099] "D:/cd3/exp3/74161.v" Line 1. Module ic_74161 doesn't have a timescale but at least one module in design has a timescale.
WARNING: [XSIM 43-4099] "D:/cd3/exp3/74161.v" Line 1. Module ic_74161 doesn't have a timescale but at least one module in design has a timescale.
WARNING: [XSIM 43-4099] "D:/cd3/exp3/74161.v" Line 1. Module ic_74161 doesn't have a timescale but at least one module in design has a timescale.
WARNING: [XSIM 43-4099] "D:/cd3/exp3/exp14_source.v" Line 326. Module the_12bit_to_3x4bit doesn't have a timescale but at least one module in design has a timescale.
WARNING: [XSIM 43-4099] "D:/cd3/exp3/16bit_reg.v" Line 1. Module register_16bit doesn't have a timescale but at least one module in design has a timescale.
WARNING: [XSIM 43-4099] "D:/cd3/exp3/16bit_reg.v" Line 1. Module register_16bit doesn't have a timescale but at least one module in design has a timescale.
WARNING: [XSIM 43-4099] "D:/cd3/exp3/16bit_reg.v" Line 1. Module register_16bit doesn't have a timescale but at least one module in design has a timescale.
WARNING: [XSIM 43-4099] "D:/cd4/exp/plusv.v" Line 54. Module RTI doesn't have a timescale but at least one module in design has a timescale.
WARNING: [XSIM 43-4099] "D:/cd3/exp3/16bit_reg.v" Line 1. Module register_16bit doesn't have a timescale but at least one module in design has a timescale.
WARNING: [XSIM 43-4099] "D:/cd3/exp3/16bit_reg.v" Line 1. Module register_16bit doesn't have a timescale but at least one module in design has a timescale.
WARNING: [XSIM 43-4099] "D:/cd3/exp3/exp14_source.v" Line 1. Module adpt_in doesn't have a timescale but at least one module in design has a timescale.
WARNING: [XSIM 43-4099] "D:/cd3/exp3/aggregator_4bit.v" Line 1. Module aggregator_4bit doesn't have a timescale but at least one module in design has a timescale.
WARNING: [XSIM 43-4099] "D:/cd3/exp3/exp14_source.v" Line 76. Module and2 doesn't have a timescale but at least one module in design has a timescale.
WARNING: [XSIM 43-4099] "D:/cd3/exp3/and_gate.v" Line 1. Module and_gate doesn't have a timescale but at least one module in design has a timescale.
WARNING: [XSIM 43-4099] "D:/cd3/exp3/exp14_source.v" Line 459. Module bus_slicer_16to12 doesn't have a timescale but at least one module in design has a timescale.
WARNING: [XSIM 43-4099] "D:/cd4/exp/plusv.v" Line 83. Module control doesn't have a timescale but at least one module in design has a timescale.
WARNING: [XSIM 43-4099] "D:/cd4/exp/plusv.v" Line 1. Module mod5_timing_generator doesn't have a timescale but at least one module in design has a timescale.
WARNING: [XSIM 43-4099] "D:/cd3/exp3/exp14_source.v" Line 479. Module multiplier_8x8 doesn't have a timescale but at least one module in design has a timescale.
WARNING: [XSIM 43-4099] "D:/cd3/exp3/mix5to1.v" Line 1. Module mux_5to1_16bit doesn't have a timescale but at least one module in design has a timescale.
WARNING: [XSIM 43-4099] "D:/cd3/exp3/not_gate.v" Line 1. Module not_gate doesn't have a timescale but at least one module in design has a timescale.
WARNING: [XSIM 43-4099] "D:/cd3/exp3/not_gate.v" Line 1. Module not_gate doesn't have a timescale but at least one module in design has a timescale.
WARNING: [XSIM 43-4099] "D:/cd3/exp3/ram.v" Line 1. Module ram doesn't have a timescale but at least one module in design has a timescale.
WARNING: [XSIM 43-4099] "D:/cd3/exp3/exp14_source.v" Line 490. Module split_16to8 doesn't have a timescale but at least one module in design has a timescale.
WARNING: [XSIM 43-4099] "D:/cd3/exp3/exp14_source.v" Line 501. Module splitter_16bit_16outputs doesn't have a timescale but at least one module in design has a timescale.
WARNING: [XSIM 43-4099] "D:/cd3/exp3/aggregate_4x4_to_16bit.v" Line 1. Module aggregate_4x4_to_16bit doesn't have a timescale but at least one module in design has a timescale.
WARNING: [XSIM 43-4099] "D:/cd3/exp3/aggregator_4bit.v" Line 1. Module aggregator_4bit doesn't have a timescale but at least one module in design has a timescale.
WARNING: [XSIM 43-4099] "D:/cd3/exp3/aggregator_4bit.v" Line 1. Module aggregator_4bit doesn't have a timescale but at least one module in design has a timescale.
WARNING: [XSIM 43-4099] "D:/cd3/exp3/74181.v" Line 1. Module alu_74181 doesn't have a timescale but at least one module in design has a timescale.
WARNING: [XSIM 43-4099] "D:/cd3/exp3/74181.v" Line 1. Module alu_74181 doesn't have a timescale but at least one module in design has a timescale.
WARNING: [XSIM 43-4099] "D:/cd3/exp3/74181.v" Line 1. Module alu_74181 doesn't have a timescale but at least one module in design has a timescale.
WARNING: [XSIM 43-4099] "D:/cd3/exp3/74181.v" Line 1. Module alu_74181 doesn't have a timescale but at least one module in design has a timescale.
WARNING: [XSIM 43-4099] "D:/cd3/exp3/74182.v" Line 1. Module carry_lookahead_74182 doesn't have a timescale but at least one module in design has a timescale.
WARNING: [XSIM 43-4099] "D:/cd3/exp3/exp14_source.v" Line 309. Module carry_output_splitter doesn't have a timescale but at least one module in design has a timescale.
WARNING: [XSIM 43-4099] "D:/cd3/exp3/not_gate.v" Line 1. Module not_gate doesn't have a timescale but at least one module in design has a timescale.
WARNING: [XSIM 43-4099] "D:/cd3/exp3/the_16bit_to_4x4bit.v" Line 1. Module the_16bit_to_4x4bit doesn't have a timescale but at least one module in design has a timescale.
WARNING: [XSIM 43-4099] "D:/cd3/exp3/the_16bit_to_4x4bit.v" Line 1. Module the_16bit_to_4x4bit doesn't have a timescale but at least one module in design has a timescale.
WARNING: [XSIM 43-4099] "D:/cd3/exp3/16bit_reg.v" Line 1. Module register_16bit doesn't have a timescale but at least one module in design has a timescale.
WARNING: [XSIM 43-4099] "D:/cd3/exp3/12bit_reg.v" Line 1. Module register_12bit doesn't have a timescale but at least one module in design has a timescale.
WARNING: [XSIM 43-4099] "D:/cd3/exp3/16bit_reg.v" Line 1. Module register_16bit doesn't have a timescale but at least one module in design has a timescale.
WARNING: [XSIM 43-4099] "D:/cd3/exp3/16bit_reg.v" Line 1. Module register_16bit doesn't have a timescale but at least one module in design has a timescale.
WARNING: [XSIM 43-4099] "D:/cd3/exp3/16bit_reg.v" Line 1. Module register_16bit doesn't have a timescale but at least one module in design has a timescale.
WARNING: [XSIM 43-4099] "D:/cd3/exp3/74161.v" Line 1. Module ic_74161 doesn't have a timescale but at least one module in design has a timescale.
WARNING: [XSIM 43-4099] "D:/cd3/exp3/74161.v" Line 1. Module ic_74161 doesn't have a timescale but at least one module in design has a timescale.
WARNING: [XSIM 43-4099] "D:/cd3/exp3/74161.v" Line 1. Module ic_74161 doesn't have a timescale but at least one module in design has a timescale.
WARNING: [XSIM 43-4099] "D:/cd3/exp3/exp14_source.v" Line 326. Module the_12bit_to_3x4bit doesn't have a timescale but at least one module in design has a timescale.
WARNING: [XSIM 43-4099] "D:/cd3/exp3/16bit_reg.v" Line 1. Module register_16bit doesn't have a timescale but at least one module in design has a timescale.
WARNING: [XSIM 43-4099] "D:/cd3/exp3/16bit_reg.v" Line 1. Module register_16bit doesn't have a timescale but at least one module in design has a timescale.
WARNING: [XSIM 43-4099] "D:/cd3/exp3/16bit_reg.v" Line 1. Module register_16bit doesn't have a timescale but at least one module in design has a timescale.
WARNING: [XSIM 43-4099] "D:/cd4/exp/plusv.v" Line 54. Module RTI doesn't have a timescale but at least one module in design has a timescale.
WARNING: [XSIM 43-4099] "D:/cd3/exp3/16bit_reg.v" Line 1. Module register_16bit doesn't have a timescale but at least one module in design has a timescale.
WARNING: [XSIM 43-4099] "D:/cd3/exp3/16bit_reg.v" Line 1. Module register_16bit doesn't have a timescale but at least one module in design has a timescale.
WARNING: [XSIM 43-4099] "D:/cd3/exp3/exp14_source.v" Line 1. Module adpt_in doesn't have a timescale but at least one module in design has a timescale.
WARNING: [XSIM 43-4099] "D:/cd3/exp3/aggregator_4bit.v" Line 1. Module aggregator_4bit doesn't have a timescale but at least one module in design has a timescale.
WARNING: [XSIM 43-4099] "D:/cd3/exp3/exp14_source.v" Line 76. Module and2 doesn't have a timescale but at least one module in design has a timescale.
WARNING: [XSIM 43-4099] "D:/cd3/exp3/and_gate.v" Line 1. Module and_gate doesn't have a timescale but at least one module in design has a timescale.
WARNING: [XSIM 43-4099] "D:/cd3/exp3/exp14_source.v" Line 459. Module bus_slicer_16to12 doesn't have a timescale but at least one module in design has a timescale.
WARNING: [XSIM 43-4099] "D:/cd4/exp/plusv.v" Line 83. Module control doesn't have a timescale but at least one module in design has a timescale.
WARNING: [XSIM 43-4099] "D:/cd4/exp/plusv.v" Line 1. Module mod5_timing_generator doesn't have a timescale but at least one module in design has a timescale.
WARNING: [XSIM 43-4099] "D:/cd3/exp3/exp14_source.v" Line 479. Module multiplier_8x8 doesn't have a timescale but at least one module in design has a timescale.
WARNING: [XSIM 43-4099] "D:/cd3/exp3/mix5to1.v" Line 1. Module mux_5to1_16bit doesn't have a timescale but at least one module in design has a timescale.
WARNING: [XSIM 43-4099] "D:/cd3/exp3/not_gate.v" Line 1. Module not_gate doesn't have a timescale but at least one module in design has a timescale.
WARNING: [XSIM 43-4099] "D:/cd3/exp3/not_gate.v" Line 1. Module not_gate doesn't have a timescale but at least one module in design has a timescale.
WARNING: [XSIM 43-4099] "D:/cd3/exp3/ram.v" Line 1. Module ram doesn't have a timescale but at least one module in design has a timescale.
WARNING: [XSIM 43-4099] "D:/cd3/exp3/exp14_source.v" Line 490. Module split_16to8 doesn't have a timescale but at least one module in design has a timescale.
WARNING: [XSIM 43-4099] "D:/cd3/exp3/exp14_source.v" Line 501. Module splitter_16bit_16outputs doesn't have a timescale but at least one module in design has a timescale.
Completed simulation data flow analysis
Time Resolution for simulation is 1ps
Compiling module xil_defaultlib.aggregate_4x4_to_16bit
Compiling module xil_defaultlib.design_3_aggregate_4x4_to_16b_0_...
Compiling module xil_defaultlib.aggregator_4bit
Compiling module xil_defaultlib.design_3_aggregator_4bit_0_1
Compiling module xil_defaultlib.design_3_aggregator_4bit_1_0
Compiling module xil_defaultlib.alu_74181
Compiling module xil_defaultlib.design_3_alu_74181_0_0
Compiling module xil_defaultlib.design_3_alu_74181_1_0
Compiling module xil_defaultlib.design_3_alu_74181_2_0
Compiling module xil_defaultlib.design_3_alu_74181_3_0
Compiling module xil_defaultlib.carry_lookahead_74182
Compiling module xil_defaultlib.design_3_carry_lookahead_74182_0...
Compiling module xil_defaultlib.carry_output_splitter
Compiling module xil_defaultlib.design_3_carry_output_splitter_0...
Compiling module xil_defaultlib.not_gate
Compiling module xil_defaultlib.design_3_not_gate_1_0
Compiling module xil_defaultlib.the_16bit_to_4x4bit
Compiling module xil_defaultlib.design_3_the_16bit_to_4x4bit_0_1
Compiling module xil_defaultlib.design_3_the_16bit_to_4x4bit_2_0
Compiling module xil_defaultlib.ALU_imp_JZDUAB
Compiling module xil_defaultlib.register_16bit
Compiling module xil_defaultlib.design_3_register_16bit_0_1
Compiling module xil_defaultlib.register_12bit
Compiling module xil_defaultlib.design_3_register_12bit_0_0
Compiling module xil_defaultlib.design_3_register_16bit_3_1
Compiling module xil_defaultlib.design_3_MDR_0
Compiling module xil_defaultlib.design_3_R0_0
Compiling module xil_defaultlib.ic_74161
Compiling module xil_defaultlib.design_3_ic_74161_0_0
Compiling module xil_defaultlib.design_3_ic_74161_1_0
Compiling module xil_defaultlib.design_3_ic_74161_2_0
Compiling module xil_defaultlib.the_12bit_to_3x4bit
Compiling module xil_defaultlib.design_3_the_12bit_to_3x4bit_0_1
Compiling module xlconcat_v2_1_6.xlconcat_v2_1_6_xlconcat(IN0_WID...
Compiling module xil_defaultlib.design_3_xlconcat_0_0
Compiling module xil_defaultlib.PC_imp_1MALNP6
Compiling module xil_defaultlib.design_3_register_16bit_0_0
Compiling module xil_defaultlib.design_3_register_16bit_1_0
Compiling module xil_defaultlib.design_3_register_16bit_2_0
Compiling module xil_defaultlib.RTI
Compiling module xil_defaultlib.design_3_RTI_0_0
Compiling module xil_defaultlib.design_3_register_16bit_3_0
Compiling module xil_defaultlib.design_3_register_16bit_4_0
Compiling module xil_defaultlib.adpt_in
Compiling module xil_defaultlib.design_3_adpt_in_0_0
Compiling module xil_defaultlib.design_3_aggregator_4bit_0_2
Compiling module xil_defaultlib.and2
Compiling module xil_defaultlib.design_3_and2_0_0
Compiling module xil_defaultlib.and_gate
Compiling module xil_defaultlib.design_3_and_gate_0_0
Compiling module xil_defaultlib.bus_slicer_16to12
Compiling module xil_defaultlib.design_3_bus_slicer_16to12_0_0
Compiling module xil_defaultlib.control
Compiling module xil_defaultlib.design_3_control_0_0
Compiling module xil_defaultlib.mod5_timing_generator
Compiling module xil_defaultlib.design_3_mod5_timing_generator_0...
Compiling module xil_defaultlib.multiplier_8x8
Compiling module xil_defaultlib.design_3_multiplier_8x8_0_0
Compiling module xil_defaultlib.mux_5to1_16bit
Compiling module xil_defaultlib.design_3_mux_5to1_16bit_0_0
Compiling module xil_defaultlib.design_3_not_gate_0_0
Compiling module xil_defaultlib.design_3_not_gate_1_1
Compiling module xil_defaultlib.ram
Compiling module xil_defaultlib.design_3_ram_0_0
Compiling module xil_defaultlib.split_16to8
Compiling module xil_defaultlib.design_3_split_16to8_0_0
Compiling module xil_defaultlib.splitter_16bit_16outputs
Compiling module xil_defaultlib.design_3_splitter_16bit_16out_0_...
Compiling module xlconstant_v1_1_9.xlconstant_v1_1_9_xlconstant(CON...
Compiling module xil_defaultlib.design_3_xlconstant_0_1
Compiling module xil_defaultlib.design_3
Compiling module xil_defaultlib.design_3_wrapper
Compiling module xil_defaultlib.complete_monitor_test
Compiling module xil_defaultlib.glbl
Built simulation snapshot complete_monitor_test_behav
run_program: Time (s): cpu = 00:00:01 ; elapsed = 00:00:19 . Memory (MB): peak = 2737.203 ; gain = 0.000
INFO: [USF-XSim-69] 'elaborate' step finished in '19' seconds
INFO: [USF-XSim-4] XSim::Simulate design
INFO: [USF-XSim-61] Executing 'SIMULATE' step in 'D:/cd4/project_4/project_4.sim/sim_2/behav/xsim'
INFO: [USF-XSim-98] *** Running xsim
   with args "complete_monitor_test_behav -key {Behavioral:sim_2:Functional:complete_monitor_test} -tclbatch {complete_monitor_test.tcl} -protoinst "protoinst_files/design_3.protoinst" -log {simulate.log}"
INFO: [USF-XSim-8] Loading simulator feature
INFO: [Wavedata 42-565] Reading protoinst file protoinst_files/design_3.protoinst
Time resolution is 1 ps
source complete_monitor_test.tcl
# set curr_wave [current_wave_config]
# if { [string length $curr_wave] == 0 } {
#   if { [llength [get_objects]] > 0} {
#     add_wave /
#     set_property needs_save false [current_wave_config]
#   } else {
#      send_msg_id Add_Wave-1 WARNING "No top level signals found. Simulator will start without a wave window. If you want to open a wave window go to 'File->New Waveform Configuration' or type 'create_wave_config' in the TCL console."
#   }
# }
# run 1000ns
============== 完整监控测试 ==============
仿真时间: 20000 ns, 时钟周期: 10 ns
时间(ns)	复位	uPC		Crom		Bus		MAR
----------------------------------------------------------------
10000		0	0xzzz	0xzzzzzz	0x0000	0x000
100000		1	0xzzz	0xzzzzzz	0x0000	0x000 <- 复位释放
105000		1	0xzzz	0xzzzzzz	0x0000	0x000
205000		1	0xzzz	0xzzzzzz	0x0000	0x002
305000		1	0xzzz	0xzzzzzz	0x0000	0x004
405000		1	0xzzz	0xzzzzzz	0x0000	0x005
505000		1	0xzzz	0xzzzzzz	0x0000	0x007
605000		1	0xzzz	0xzzzzzz	0x0000	0x008
705000		1	0xzzz	0xzzzzzz	0x0000	0x009
805000		1	0xzzz	0xzzzzzz	0x0000	0x00a
905000		1	0xzzz	0xzzzzzz	0x0000	0x00b
INFO: [USF-XSim-96] XSim completed. Design snapshot 'complete_monitor_test_behav' loaded.
INFO: [USF-XSim-97] XSim simulation ran for 1000ns
launch_simulation: Time (s): cpu = 00:00:03 ; elapsed = 00:00:33 . Memory (MB): peak = 2737.203 ; gain = 0.000
WARNING: [filemgmt 56-199] Attempt to get parsing info during refresh. "On-the-fly" syntax checking information may be incorrect. [D:\cd3\exp3\simple_core_test.v:]
WARNING: [filemgmt 56-199] Attempt to get parsing info during refresh. "On-the-fly" syntax checking information may be incorrect. [D:\cd3\exp3\exp14_source.v:]
WARNING: [filemgmt 56-199] Attempt to get parsing info during refresh. "On-the-fly" syntax checking information may be incorrect. [D:\cd4\exp\plusv.v:]
WARNING: [filemgmt 56-199] Attempt to get parsing info during refresh. "On-the-fly" syntax checking information may be incorrect. [D:\cd4\exp\plusv.v:]
WARNING: [filemgmt 56-199] Attempt to get parsing info during refresh. "On-the-fly" syntax checking information may be incorrect. [D:\cd4\exp\plusv.v:]
WARNING: [filemgmt 56-199] Attempt to get parsing info during refresh. "On-the-fly" syntax checking information may be incorrect. [D:\cd3\exp3\simple_core_test.v:]
WARNING: [filemgmt 56-199] Attempt to get parsing info during refresh. "On-the-fly" syntax checking information may be incorrect. [D:\cd3\exp3\exp14_source.v:]
WARNING: [filemgmt 56-199] Attempt to get parsing info during refresh. "On-the-fly" syntax checking information may be incorrect. [D:\cd4\exp\plusv.v:]
WARNING: [filemgmt 56-199] Attempt to get parsing info during refresh. "On-the-fly" syntax checking information may be incorrect. [D:\cd3\exp3\simple_core_test.v:]
WARNING: [filemgmt 56-199] Attempt to get parsing info during refresh. "On-the-fly" syntax checking information may be incorrect. [D:\cd3\exp3\simple_core_test.v:]
close_sim
INFO: [Simtcl 6-16] Simulation closed
WARNING: [filemgmt 56-199] Attempt to get parsing info during refresh. "On-the-fly" syntax checking information may be incorrect. [D:\cd3\exp3\simple_core_test.v:]
WARNING: [filemgmt 56-199] Attempt to get parsing info during refresh. "On-the-fly" syntax checking information may be incorrect. [D:\cd3\exp3\exp14_source.v:]
WARNING: [filemgmt 56-199] Attempt to get parsing info during refresh. "On-the-fly" syntax checking information may be incorrect. [D:\cd4\exp\plusv.v:]
WARNING: [filemgmt 56-199] Attempt to get parsing info during refresh. "On-the-fly" syntax checking information may be incorrect. [D:\cd4\exp\plusv.v:]
WARNING: [filemgmt 56-199] Attempt to get parsing info during refresh. "On-the-fly" syntax checking information may be incorrect. [D:\cd4\exp\plusv.v:]
WARNING: [filemgmt 56-199] Attempt to get parsing info during refresh. "On-the-fly" syntax checking information may be incorrect. [D:\cd3\exp3\simple_core_test.v:]
WARNING: [filemgmt 56-199] Attempt to get parsing info during refresh. "On-the-fly" syntax checking information may be incorrect. [D:\cd3\exp3\exp14_source.v:]
WARNING: [filemgmt 56-199] Attempt to get parsing info during refresh. "On-the-fly" syntax checking information may be incorrect. [D:\cd4\exp\plusv.v:]
WARNING: [filemgmt 56-199] Attempt to get parsing info during refresh. "On-the-fly" syntax checking information may be incorrect. [D:\cd3\exp3\exp14_source.v:]
WARNING: [filemgmt 56-199] Attempt to get parsing info during refresh. "On-the-fly" syntax checking information may be incorrect. [D:\cd3\exp3\exp14_source.v:]
report_ip_status -name ip_status 
update_module_reference [get_ips  {design_3_control_0_0 design_3_mod5_timing_generator_0_0 design_3_RTI_0_0}]
INFO: [IP_Flow 19-5107] Inferred bus interface 'rst_n' of definition 'xilinx.com:signal:reset:1.0' (from Xilinx Repository).
INFO: [IP_Flow 19-5107] Inferred bus interface 'clk' of definition 'xilinx.com:signal:clock:1.0' (from Xilinx Repository).
INFO: [IP_Flow 19-4728] Bus Interface 'rst_n': Added interface parameter 'POLARITY' with value 'ACTIVE_LOW'.
WARNING: [IP_Flow 19-5661] Bus Interface 'clk' does not have any bus interfaces associated with it.
WARNING: [IP_Flow 19-11770] Clock interface 'clk' has no FREQ_HZ parameter.
INFO: [IP_Flow 19-5107] Inferred bus interface 'rst_n' of definition 'xilinx.com:signal:reset:1.0' (from Xilinx Repository).
INFO: [IP_Flow 19-5107] Inferred bus interface 'clk' of definition 'xilinx.com:signal:clock:1.0' (from Xilinx Repository).
INFO: [IP_Flow 19-4728] Bus Interface 'rst_n': Added interface parameter 'POLARITY' with value 'ACTIVE_LOW'.
WARNING: [IP_Flow 19-5661] Bus Interface 'clk' does not have any bus interfaces associated with it.
WARNING: [IP_Flow 19-11770] Clock interface 'clk' has no FREQ_HZ parameter.
Upgrading 'D:/cd3/design_3/design_3.bd'
INFO: [IP_Flow 19-3420] Updated design_3_RTI_0_0 to use current project options
INFO: [IP_Flow 19-3420] Updated design_3_control_0_0 to use current project options
INFO: [IP_Flow 19-3420] Updated design_3_mod5_timing_generator_0_0 to use current project options
Wrote  : <D:\cd3\design_3\design_3.bd> 
WARNING: [filemgmt 56-199] Attempt to get parsing info during refresh. "On-the-fly" syntax checking information may be incorrect. [D:\cd3\exp3\simple_core_test.v:]
WARNING: [filemgmt 56-199] Attempt to get parsing info during refresh. "On-the-fly" syntax checking information may be incorrect. [D:\cd3\exp3\exp14_source.v:]
WARNING: [filemgmt 56-199] Attempt to get parsing info during refresh. "On-the-fly" syntax checking information may be incorrect. [D:\cd4\exp\plusv.v:]
WARNING: [filemgmt 56-199] Attempt to get parsing info during refresh. "On-the-fly" syntax checking information may be incorrect. [D:\cd4\exp\plusv.v:]
WARNING: [filemgmt 56-199] Attempt to get parsing info during refresh. "On-the-fly" syntax checking information may be incorrect. [D:\cd4\exp\plusv.v:]
WARNING: [filemgmt 56-199] Attempt to get parsing info during refresh. "On-the-fly" syntax checking information may be incorrect. [D:\cd3\exp3\simple_core_test.v:]
WARNING: [filemgmt 56-199] Attempt to get parsing info during refresh. "On-the-fly" syntax checking information may be incorrect. [D:\cd3\exp3\exp14_source.v:]
WARNING: [filemgmt 56-199] Attempt to get parsing info during refresh. "On-the-fly" syntax checking information may be incorrect. [D:\cd4\exp\plusv.v:]
WARNING: [filemgmt 56-199] Attempt to get parsing info during refresh. "On-the-fly" syntax checking information may be incorrect. [D:\cd3\exp3\exp14_source.v:]
WARNING: [filemgmt 56-199] Attempt to get parsing info during refresh. "On-the-fly" syntax checking information may be incorrect. [D:\cd3\exp3\exp14_source.v:]
report_ip_status -name ip_status 
update_module_reference [get_ips  {design_3_control_0_0 design_3_mod5_timing_generator_0_0 design_3_RTI_0_0}]
INFO: [IP_Flow 19-5107] Inferred bus interface 'rst_n' of definition 'xilinx.com:signal:reset:1.0' (from Xilinx Repository).
INFO: [IP_Flow 19-5107] Inferred bus interface 'clk' of definition 'xilinx.com:signal:clock:1.0' (from Xilinx Repository).
INFO: [IP_Flow 19-4728] Bus Interface 'rst_n': Added interface parameter 'POLARITY' with value 'ACTIVE_LOW'.
WARNING: [IP_Flow 19-5661] Bus Interface 'clk' does not have any bus interfaces associated with it.
WARNING: [IP_Flow 19-11770] Clock interface 'clk' has no FREQ_HZ parameter.
INFO: [IP_Flow 19-5107] Inferred bus interface 'rst_n' of definition 'xilinx.com:signal:reset:1.0' (from Xilinx Repository).
INFO: [IP_Flow 19-5107] Inferred bus interface 'clk' of definition 'xilinx.com:signal:clock:1.0' (from Xilinx Repository).
INFO: [IP_Flow 19-4728] Bus Interface 'rst_n': Added interface parameter 'POLARITY' with value 'ACTIVE_LOW'.
WARNING: [IP_Flow 19-5661] Bus Interface 'clk' does not have any bus interfaces associated with it.
WARNING: [IP_Flow 19-11770] Clock interface 'clk' has no FREQ_HZ parameter.
Upgrading 'D:/cd3/design_3/design_3.bd'
INFO: [IP_Flow 19-3420] Updated design_3_RTI_0_0 to use current project options
INFO: [IP_Flow 19-3420] Updated design_3_control_0_0 to use current project options
WARNING: [IP_Flow 19-4698] Upgrade has added port 'MULin'
WARNING: [IP_Flow 19-4698] Upgrade has added port 'MULout'
WARNING: [IP_Flow 19-3298] Detected external port differences while upgrading 'design_3_control_0_0'. These changes may impact your design.
INFO: [IP_Flow 19-3420] Updated design_3_mod5_timing_generator_0_0 to use current project options
CRITICAL WARNING: [Coretcl 2-1280] The upgrade of 'design_3_control_0_0' has identified issues that may require user intervention. Please verify that the instance is correctly configured, and review any upgrade messages.
Wrote  : <D:\cd3\design_3\design_3.bd> 
Wrote  : <D:/cd3/design_3/ui/bd_205a0ed2.ui> 
update_module_reference: Time (s): cpu = 00:00:01 ; elapsed = 00:00:06 . Memory (MB): peak = 2761.301 ; gain = 0.000
WARNING: [filemgmt 56-199] Attempt to get parsing info during refresh. "On-the-fly" syntax checking information may be incorrect. [D:\cd3\exp3\simple_core_test.v:]
WARNING: [filemgmt 56-199] Attempt to get parsing info during refresh. "On-the-fly" syntax checking information may be incorrect. [D:\cd3\exp3\exp14_source.v:]
WARNING: [filemgmt 56-199] Attempt to get parsing info during refresh. "On-the-fly" syntax checking information may be incorrect. [D:\cd4\exp\plusv.v:]
WARNING: [filemgmt 56-199] Attempt to get parsing info during refresh. "On-the-fly" syntax checking information may be incorrect. [D:\cd3\exp3\simple_core_test.v:]
WARNING: [filemgmt 56-199] Attempt to get parsing info during refresh. "On-the-fly" syntax checking information may be incorrect. [D:\cd3\exp3\simple_core_test.v:]
WARNING: [filemgmt 56-199] Attempt to get parsing info during refresh. "On-the-fly" syntax checking information may be incorrect. [D:\cd3\exp3\simple_core_test.v:]
WARNING: [filemgmt 56-199] Attempt to get parsing info during refresh. "On-the-fly" syntax checking information may be incorrect. [D:\cd3\exp3\exp14_source.v:]
WARNING: [filemgmt 56-199] Attempt to get parsing info during refresh. "On-the-fly" syntax checking information may be incorrect. [D:\cd4\exp\plusv.v:]
WARNING: [filemgmt 56-199] Attempt to get parsing info during refresh. "On-the-fly" syntax checking information may be incorrect. [D:\cd4\exp\plusv.v:]
WARNING: [filemgmt 56-199] Attempt to get parsing info during refresh. "On-the-fly" syntax checking information may be incorrect. [D:\cd4\exp\plusv.v:]
report_ip_status -name ip_status 
update_module_reference [get_ips  {design_3_control_0_0 design_3_mod5_timing_generator_0_0 design_3_RTI_0_0}]
INFO: [IP_Flow 19-5107] Inferred bus interface 'rst_n' of definition 'xilinx.com:signal:reset:1.0' (from Xilinx Repository).
INFO: [IP_Flow 19-5107] Inferred bus interface 'clk' of definition 'xilinx.com:signal:clock:1.0' (from Xilinx Repository).
INFO: [IP_Flow 19-4728] Bus Interface 'rst_n': Added interface parameter 'POLARITY' with value 'ACTIVE_LOW'.
WARNING: [IP_Flow 19-5661] Bus Interface 'clk' does not have any bus interfaces associated with it.
WARNING: [IP_Flow 19-11770] Clock interface 'clk' has no FREQ_HZ parameter.
INFO: [IP_Flow 19-5107] Inferred bus interface 'rst_n' of definition 'xilinx.com:signal:reset:1.0' (from Xilinx Repository).
INFO: [IP_Flow 19-5107] Inferred bus interface 'clk' of definition 'xilinx.com:signal:clock:1.0' (from Xilinx Repository).
INFO: [IP_Flow 19-4728] Bus Interface 'rst_n': Added interface parameter 'POLARITY' with value 'ACTIVE_LOW'.
WARNING: [IP_Flow 19-5661] Bus Interface 'clk' does not have any bus interfaces associated with it.
WARNING: [IP_Flow 19-11770] Clock interface 'clk' has no FREQ_HZ parameter.
Upgrading 'D:/cd3/design_3/design_3.bd'
INFO: [IP_Flow 19-3420] Updated design_3_RTI_0_0 to use current project options
INFO: [IP_Flow 19-3420] Updated design_3_control_0_0 to use current project options
INFO: [IP_Flow 19-3420] Updated design_3_mod5_timing_generator_0_0 to use current project options
Wrote  : <D:\cd3\design_3\design_3.bd> 
WARNING: [filemgmt 56-199] Attempt to get parsing info during refresh. "On-the-fly" syntax checking information may be incorrect. [D:\cd3\exp3\exp14_source.v:]
WARNING: [filemgmt 56-199] Attempt to get parsing info during refresh. "On-the-fly" syntax checking information may be incorrect. [D:\cd4\exp\plusv.v:]
WARNING: [filemgmt 56-199] Attempt to get parsing info during refresh. "On-the-fly" syntax checking information may be incorrect. [D:\cd3\exp3\exp14_source.v:]
WARNING: [filemgmt 56-199] Attempt to get parsing info during refresh. "On-the-fly" syntax checking information may be incorrect. [D:\cd3\exp3\exp14_source.v:]
ERROR: [Common 17-180] Spawn failed: No error
WARNING: [filemgmt 56-199] Attempt to get parsing info during refresh. "On-the-fly" syntax checking information may be incorrect. [D:\cd3\exp3\exp14_source.v:]
WARNING: [filemgmt 56-199] Attempt to get parsing info during refresh. "On-the-fly" syntax checking information may be incorrect. [D:\cd4\exp\plusv.v:]
WARNING: [filemgmt 56-199] Attempt to get parsing info during refresh. "On-the-fly" syntax checking information may be incorrect. [D:\cd3\exp3\exp14_source.v:]
WARNING: [filemgmt 56-199] Attempt to get parsing info during refresh. "On-the-fly" syntax checking information may be incorrect. [D:\cd3\exp3\exp14_source.v:]
ERROR: [Common 17-180] Spawn failed: No error
report_ip_status -name ip_status 
update_module_reference [get_ips  {design_3_control_0_0 design_3_mod5_timing_generator_0_0 design_3_RTI_0_0}]
INFO: [IP_Flow 19-5107] Inferred bus interface 'rst_n' of definition 'xilinx.com:signal:reset:1.0' (from Xilinx Repository).
INFO: [IP_Flow 19-5107] Inferred bus interface 'clk' of definition 'xilinx.com:signal:clock:1.0' (from Xilinx Repository).
INFO: [IP_Flow 19-4728] Bus Interface 'rst_n': Added interface parameter 'POLARITY' with value 'ACTIVE_LOW'.
WARNING: [IP_Flow 19-5661] Bus Interface 'clk' does not have any bus interfaces associated with it.
WARNING: [IP_Flow 19-11770] Clock interface 'clk' has no FREQ_HZ parameter.
INFO: [IP_Flow 19-5107] Inferred bus interface 'rst_n' of definition 'xilinx.com:signal:reset:1.0' (from Xilinx Repository).
INFO: [IP_Flow 19-5107] Inferred bus interface 'clk' of definition 'xilinx.com:signal:clock:1.0' (from Xilinx Repository).
INFO: [IP_Flow 19-4728] Bus Interface 'rst_n': Added interface parameter 'POLARITY' with value 'ACTIVE_LOW'.
WARNING: [IP_Flow 19-5661] Bus Interface 'clk' does not have any bus interfaces associated with it.
WARNING: [IP_Flow 19-11770] Clock interface 'clk' has no FREQ_HZ parameter.
Upgrading 'D:/cd3/design_3/design_3.bd'
INFO: [IP_Flow 19-3420] Updated design_3_RTI_0_0 to use current project options
INFO: [IP_Flow 19-3420] Updated design_3_control_0_0 to use current project options
INFO: [IP_Flow 19-3420] Updated design_3_mod5_timing_generator_0_0 to use current project options
Wrote  : <D:\cd3\design_3\design_3.bd> 
Wrote  : <D:/cd3/design_3/ui/bd_205a0ed2.ui> 
generate_target Simulation [get_files D:/cd3/design_3/design_3.bd]
CRITICAL WARNING: [BD 41-1367] The port name 'out' of cell '/mux_5to1_16bit_0' is a reserved keyword in a Hardware Description Language. Please consider renaming the port.
CRITICAL WARNING: [BD 41-1367] The port name 'AND' of cell '/RTI_0' is a reserved keyword in a Hardware Description Language. Please consider renaming the port.
CRITICAL WARNING: [BD 41-1367] The port name 'OR' of cell '/RTI_0' is a reserved keyword in a Hardware Description Language. Please consider renaming the port.
CRITICAL WARNING: [BD 41-1367] The port name 'AND' of cell '/control_0' is a reserved keyword in a Hardware Description Language. Please consider renaming the port.
CRITICAL WARNING: [BD 41-1367] The port name 'OR' of cell '/control_0' is a reserved keyword in a Hardware Description Language. Please consider renaming the port.
CRITICAL WARNING: [BD 41-759] The input pins (listed below) are either not connected or do not have a source port, and they don't have a tie-off specified. These pins are tied-off to all 0's to avoid error in Implementation flow.
Please check your design and connect them as needed: 
/mux_5to1_16bit_0/selIR
/mux_5to1_16bit_0/selMUL
/MUL/read_en

Wrote  : <D:\cd3\design_3\design_3.bd> 
CRITICAL WARNING: [BD 41-2383] Width mismatch when connecting input pin '/mux_5to1_16bit_0/PC'(16) to pin '/PC/dout'(12) - Only lower order bits will be connected, and other input bits of this pin will be left unconnected.
Verilog Output written to : D:/cd3/design_3/synth/design_3.v
CRITICAL WARNING: [BD 41-2383] Width mismatch when connecting input pin '/mux_5to1_16bit_0/PC'(16) to pin '/PC/dout'(12) - Only lower order bits will be connected, and other input bits of this pin will be left unconnected.
Verilog Output written to : D:/cd3/design_3/sim/design_3.v
Verilog Output written to : D:/cd3/design_3/hdl/design_3_wrapper.v
INFO: [BD 41-1029] Generation completed for the IP Integrator block mod5_timing_generator_0 .
INFO: [BD 41-1029] Generation completed for the IP Integrator block RTI_0 .
INFO: [BD 41-1029] Generation completed for the IP Integrator block control_0 .
Exporting to file D:/cd3/design_3/hw_handoff/design_3.hwh
Generated Hardware Definition File D:/cd3/design_3/synth/design_3.hwdef
export_ip_user_files -of_objects [get_files D:/cd3/design_3/design_3.bd] -no_script -sync -force -quiet
export_simulation -of_objects [get_files D:/cd3/design_3/design_3.bd] -directory D:/cd4/project_4/project_4.ip_user_files/sim_scripts -ip_user_files_dir D:/cd4/project_4/project_4.ip_user_files -ipstatic_source_dir D:/cd4/project_4/project_4.ip_user_files/ipstatic -lib_map_path [list {modelsim=D:/cd4/project_4/project_4.cache/compile_simlib/modelsim} {questa=D:/cd4/project_4/project_4.cache/compile_simlib/questa} {riviera=D:/cd4/project_4/project_4.cache/compile_simlib/riviera} {activehdl=D:/cd4/project_4/project_4.cache/compile_simlib/activehdl}] -use_ip_compiled_libs -force -quiet
launch_simulation -simset [get_filesets sim_2 ]
Command: launch_simulation  -simset sim_2
INFO: [Vivado 12-12493] Simulation top is 'complete_monitor_test'
WARNING: [Vivado 12-13340] Unable to auto find GCC executables from simulator install path! (path not set)
INFO: [Vivado 12-5698] Checking validity of IPs in the design for the 'XSim' simulator...
INFO: [Vivado 12-5682] Launching behavioral simulation in 'D:/cd4/project_4/project_4.sim/sim_2/behav/xsim'
INFO: [Vivado 12-13660] Precompiled IP simulation library mode is enabled (default). The design IP libraries will be referenced from the compiled library path. Please note that if the precompiled version of the library is not found from the path or the IP is in locked state, then the library source files for these IPs will be compiled locally as part of the compile order.
INFO: [Vivado 12-4795] Using compiled simulation libraries for IPs
INFO: [SIM-utils-51] Simulation object is 'sim_2'
INFO: [SIM-utils-72] Using boost library from 'D:/Vivado/2024.2/tps/boost_1_72_0'
INFO: [USF-XSim-7] Finding pre-compiled libraries...
INFO: [USF-XSim-11] File 'D:/Vivado/2024.2/data/xsim/xsim.ini' copied to run dir:'D:/cd4/project_4/project_4.sim/sim_2/behav/xsim'
INFO: [SIM-utils-54] Inspecting design source files for 'complete_monitor_test' in fileset 'sim_2'...
INFO: [USF-XSim-97] Finding global include files...
INFO: [USF-XSim-98] Fetching design files from 'sim_2'...
INFO: [USF-XSim-2] XSim::Compile design
INFO: [USF-XSim-61] Executing 'COMPILE and ANALYZE' step in 'D:/cd4/project_4/project_4.sim/sim_2/behav/xsim'
"xvlog --incr --relax -prj complete_monitor_test_vlog.prj"
INFO: [VRFC 10-2263] Analyzing Verilog file "D:/cd3/exp3/exp14_source.v" into library xil_defaultlib
INFO: [VRFC 10-311] analyzing module adpt_in
INFO: [VRFC 10-311] analyzing module adpt_out
INFO: [VRFC 10-311] analyzing module adpt_out8
INFO: [VRFC 10-311] analyzing module adpt_out12
INFO: [VRFC 10-311] analyzing module adpt_out16
INFO: [VRFC 10-311] analyzing module adpt_out23
INFO: [VRFC 10-311] analyzing module and2
INFO: [VRFC 10-311] analyzing module not1
INFO: [VRFC 10-311] analyzing module addr_adpt
INFO: [VRFC 10-311] analyzing module UIR
INFO: [VRFC 10-311] analyzing module m74LS161
INFO: [VRFC 10-311] analyzing module rom1_256x24
INFO: [VRFC 10-311] analyzing module rom2_4Kx16
INFO: [VRFC 10-311] analyzing module adder4
INFO: [VRFC 10-311] analyzing module dff4
WARNING: [VRFC 10-9336] redeclaration of ANSI port 'Q3' is not allowed [D:/cd3/exp3/exp14_source.v:265]
INFO: [VRFC 10-311] analyzing module shifter
INFO: [VRFC 10-311] analyzing module carry_output_splitter
INFO: [VRFC 10-311] analyzing module the_12bit_to_3x4bit
INFO: [VRFC 10-311] analyzing module four_bit_checker
INFO: [VRFC 10-311] analyzing module or3_gate
INFO: [VRFC 10-311] analyzing module aggregator_12inputs_to_12bit_sync
INFO: [VRFC 10-311] analyzing module splitter_16bit_to_16outputs
INFO: [VRFC 10-311] analyzing module splitter_12bit_to_12outputs
INFO: [VRFC 10-311] analyzing module bus_slicer_16to12
INFO: [VRFC 10-311] analyzing module register_temp
INFO: [VRFC 10-311] analyzing module multiplier_8x8
INFO: [VRFC 10-311] analyzing module split_16to8
INFO: [VRFC 10-311] analyzing module splitter_16bit_16outputs
INFO: [VRFC 10-2263] Analyzing Verilog file "D:/cd3/exp3/74161.v" into library xil_defaultlib
INFO: [VRFC 10-311] analyzing module ic_74161
INFO: [VRFC 10-2263] Analyzing Verilog file "D:/cd3/exp3/ram.v" into library xil_defaultlib
INFO: [VRFC 10-311] analyzing module ram
INFO: [VRFC 10-2263] Analyzing Verilog file "D:/cd3/exp3/16bit_reg.v" into library xil_defaultlib
INFO: [VRFC 10-311] analyzing module register_16bit
INFO: [VRFC 10-2263] Analyzing Verilog file "D:/cd3/exp3/12bit_reg.v" into library xil_defaultlib
INFO: [VRFC 10-311] analyzing module register_12bit
INFO: [VRFC 10-2263] Analyzing Verilog file "D:/cd3/exp3/mix5to1.v" into library xil_defaultlib
INFO: [VRFC 10-311] analyzing module mux_5to1_16bit
INFO: [VRFC 10-2263] Analyzing Verilog file "D:/cd3/exp3/aggregator_4bit.v" into library xil_defaultlib
INFO: [VRFC 10-311] analyzing module aggregator_4bit
INFO: [VRFC 10-2263] Analyzing Verilog file "D:/cd3/exp3/74182.v" into library xil_defaultlib
INFO: [VRFC 10-311] analyzing module carry_lookahead_74182
INFO: [VRFC 10-2263] Analyzing Verilog file "D:/cd3/exp3/74181.v" into library xil_defaultlib
INFO: [VRFC 10-311] analyzing module alu_74181
INFO: [VRFC 10-2263] Analyzing Verilog file "D:/cd3/exp3/aggregate_4x4_to_16bit.v" into library xil_defaultlib
INFO: [VRFC 10-311] analyzing module aggregate_4x4_to_16bit
INFO: [VRFC 10-311] analyzing module adpt_out_16bit
INFO: [VRFC 10-2263] Analyzing Verilog file "D:/cd3/exp3/the_16bit_to_4x4bit.v" into library xil_defaultlib
INFO: [VRFC 10-311] analyzing module the_16bit_to_4x4bit
INFO: [VRFC 10-2263] Analyzing Verilog file "D:/cd3/exp3/not_gate.v" into library xil_defaultlib
INFO: [VRFC 10-311] analyzing module not_gate
INFO: [VRFC 10-2263] Analyzing Verilog file "D:/cd4/exp/plusv.v" into library xil_defaultlib
INFO: [VRFC 10-311] analyzing module mod5_timing_generator
INFO: [VRFC 10-311] analyzing module RTI
INFO: [VRFC 10-311] analyzing module control
INFO: [VRFC 10-2263] Analyzing Verilog file "D:/cd3/exp3/and_gate.v" into library xil_defaultlib
INFO: [VRFC 10-311] analyzing module and_gate
INFO: [VRFC 10-2263] Analyzing Verilog file "D:/cd4/project_4/project_4.ip_user_files/bd/design_3/ip/design_3_adpt_in_0_0/sim/design_3_adpt_in_0_0.v" into library xil_defaultlib
INFO: [VRFC 10-311] analyzing module design_3_adpt_in_0_0
INFO: [VRFC 10-2263] Analyzing Verilog file "D:/cd4/project_4/project_4.ip_user_files/bd/design_3/ip/design_3_xlconstant_0_1/sim/design_3_xlconstant_0_1.v" into library xil_defaultlib
INFO: [VRFC 10-311] analyzing module design_3_xlconstant_0_1
INFO: [VRFC 10-2263] Analyzing Verilog file "D:/cd4/project_4/project_4.ip_user_files/bd/design_3/ip/design_3_ic_74161_0_0/sim/design_3_ic_74161_0_0.v" into library xil_defaultlib
INFO: [VRFC 10-311] analyzing module design_3_ic_74161_0_0
INFO: [VRFC 10-2263] Analyzing Verilog file "D:/cd4/project_4/project_4.ip_user_files/bd/design_3/ip/design_3_ic_74161_1_0/sim/design_3_ic_74161_1_0.v" into library xil_defaultlib
INFO: [VRFC 10-311] analyzing module design_3_ic_74161_1_0
INFO: [VRFC 10-2263] Analyzing Verilog file "D:/cd4/project_4/project_4.ip_user_files/bd/design_3/ip/design_3_ic_74161_2_0/sim/design_3_ic_74161_2_0.v" into library xil_defaultlib
INFO: [VRFC 10-311] analyzing module design_3_ic_74161_2_0
INFO: [VRFC 10-2263] Analyzing Verilog file "D:/cd4/project_4/project_4.ip_user_files/bd/design_3/ip/design_3_xlconcat_0_0/sim/design_3_xlconcat_0_0.v" into library xil_defaultlib
INFO: [VRFC 10-311] analyzing module design_3_xlconcat_0_0
INFO: [VRFC 10-2263] Analyzing Verilog file "D:/cd4/project_4/project_4.ip_user_files/bd/design_3/ip/design_3_the_12bit_to_3x4bit_0_1/sim/design_3_the_12bit_to_3x4bit_0_1.v" into library xil_defaultlib
INFO: [VRFC 10-311] analyzing module design_3_the_12bit_to_3x4bit_0_1
INFO: [VRFC 10-2263] Analyzing Verilog file "D:/cd4/project_4/project_4.ip_user_files/bd/design_3/ip/design_3_ram_0_0/sim/design_3_ram_0_0.v" into library xil_defaultlib
INFO: [VRFC 10-311] analyzing module design_3_ram_0_0
INFO: [VRFC 10-2263] Analyzing Verilog file "D:/cd4/project_4/project_4.ip_user_files/bd/design_3/ip/design_3_register_16bit_0_0/sim/design_3_register_16bit_0_0.v" into library xil_defaultlib
INFO: [VRFC 10-311] analyzing module design_3_register_16bit_0_0
INFO: [VRFC 10-2263] Analyzing Verilog file "D:/cd4/project_4/project_4.ip_user_files/bd/design_3/ip/design_3_register_16bit_1_0/sim/design_3_register_16bit_1_0.v" into library xil_defaultlib
INFO: [VRFC 10-311] analyzing module design_3_register_16bit_1_0
INFO: [VRFC 10-2263] Analyzing Verilog file "D:/cd4/project_4/project_4.ip_user_files/bd/design_3/ip/design_3_register_16bit_2_0/sim/design_3_register_16bit_2_0.v" into library xil_defaultlib
INFO: [VRFC 10-311] analyzing module design_3_register_16bit_2_0
INFO: [VRFC 10-2263] Analyzing Verilog file "D:/cd4/project_4/project_4.ip_user_files/bd/design_3/ip/design_3_register_16bit_3_0/sim/design_3_register_16bit_3_0.v" into library xil_defaultlib
INFO: [VRFC 10-311] analyzing module design_3_register_16bit_3_0
INFO: [VRFC 10-2263] Analyzing Verilog file "D:/cd4/project_4/project_4.ip_user_files/bd/design_3/ip/design_3_register_16bit_4_0/sim/design_3_register_16bit_4_0.v" into library xil_defaultlib
INFO: [VRFC 10-311] analyzing module design_3_register_16bit_4_0
INFO: [VRFC 10-2263] Analyzing Verilog file "D:/cd4/project_4/project_4.ip_user_files/bd/design_3/ip/design_3_register_12bit_0_0/sim/design_3_register_12bit_0_0.v" into library xil_defaultlib
INFO: [VRFC 10-311] analyzing module design_3_register_12bit_0_0
INFO: [VRFC 10-2263] Analyzing Verilog file "D:/cd4/project_4/project_4.ip_user_files/bd/design_3/ip/design_3_register_16bit_3_1/sim/design_3_register_16bit_3_1.v" into library xil_defaultlib
INFO: [VRFC 10-311] analyzing module design_3_register_16bit_3_1
INFO: [VRFC 10-2263] Analyzing Verilog file "D:/cd4/project_4/project_4.ip_user_files/bd/design_3/ip/design_3_MDR_0/sim/design_3_MDR_0.v" into library xil_defaultlib
INFO: [VRFC 10-311] analyzing module design_3_MDR_0
INFO: [VRFC 10-2263] Analyzing Verilog file "D:/cd4/project_4/project_4.ip_user_files/bd/design_3/ip/design_3_register_16bit_0_1/sim/design_3_register_16bit_0_1.v" into library xil_defaultlib
INFO: [VRFC 10-311] analyzing module design_3_register_16bit_0_1
INFO: [VRFC 10-2263] Analyzing Verilog file "D:/cd4/project_4/project_4.ip_user_files/bd/design_3/ip/design_3_mux_5to1_16bit_0_0/sim/design_3_mux_5to1_16bit_0_0.v" into library xil_defaultlib
INFO: [VRFC 10-311] analyzing module design_3_mux_5to1_16bit_0_0
INFO: [VRFC 10-2263] Analyzing Verilog file "D:/cd4/project_4/project_4.ip_user_files/bd/design_3/ip/design_3_aggregator_4bit_0_1/sim/design_3_aggregator_4bit_0_1.v" into library xil_defaultlib
INFO: [VRFC 10-311] analyzing module design_3_aggregator_4bit_0_1
INFO: [VRFC 10-2263] Analyzing Verilog file "D:/cd4/project_4/project_4.ip_user_files/bd/design_3/ip/design_3_carry_lookahead_74182_0_0/sim/design_3_carry_lookahead_74182_0_0.v" into library xil_defaultlib
INFO: [VRFC 10-311] analyzing module design_3_carry_lookahead_74182_0_0
INFO: [VRFC 10-2263] Analyzing Verilog file "D:/cd4/project_4/project_4.ip_user_files/bd/design_3/ip/design_3_aggregator_4bit_1_0/sim/design_3_aggregator_4bit_1_0.v" into library xil_defaultlib
INFO: [VRFC 10-311] analyzing module design_3_aggregator_4bit_1_0
INFO: [VRFC 10-2263] Analyzing Verilog file "D:/cd4/project_4/project_4.ip_user_files/bd/design_3/ip/design_3_alu_74181_0_0/sim/design_3_alu_74181_0_0.v" into library xil_defaultlib
INFO: [VRFC 10-311] analyzing module design_3_alu_74181_0_0
INFO: [VRFC 10-2263] Analyzing Verilog file "D:/cd4/project_4/project_4.ip_user_files/bd/design_3/ip/design_3_alu_74181_1_0/sim/design_3_alu_74181_1_0.v" into library xil_defaultlib
INFO: [VRFC 10-311] analyzing module design_3_alu_74181_1_0
INFO: [VRFC 10-2263] Analyzing Verilog file "D:/cd4/project_4/project_4.ip_user_files/bd/design_3/ip/design_3_alu_74181_2_0/sim/design_3_alu_74181_2_0.v" into library xil_defaultlib
INFO: [VRFC 10-311] analyzing module design_3_alu_74181_2_0
INFO: [VRFC 10-2263] Analyzing Verilog file "D:/cd4/project_4/project_4.ip_user_files/bd/design_3/ip/design_3_aggregate_4x4_to_16b_0_0/sim/design_3_aggregate_4x4_to_16b_0_0.v" into library xil_defaultlib
INFO: [VRFC 10-311] analyzing module design_3_aggregate_4x4_to_16b_0_0
INFO: [VRFC 10-2263] Analyzing Verilog file "D:/cd4/project_4/project_4.ip_user_files/bd/design_3/ip/design_3_the_16bit_to_4x4bit_2_0/sim/design_3_the_16bit_to_4x4bit_2_0.v" into library xil_defaultlib
INFO: [VRFC 10-311] analyzing module design_3_the_16bit_to_4x4bit_2_0
INFO: [VRFC 10-2263] Analyzing Verilog file "D:/cd4/project_4/project_4.ip_user_files/bd/design_3/ip/design_3_the_16bit_to_4x4bit_0_1/sim/design_3_the_16bit_to_4x4bit_0_1.v" into library xil_defaultlib
INFO: [VRFC 10-311] analyzing module design_3_the_16bit_to_4x4bit_0_1
INFO: [VRFC 10-2263] Analyzing Verilog file "D:/cd4/project_4/project_4.ip_user_files/bd/design_3/ip/design_3_alu_74181_3_0/sim/design_3_alu_74181_3_0.v" into library xil_defaultlib
INFO: [VRFC 10-311] analyzing module design_3_alu_74181_3_0
INFO: [VRFC 10-2263] Analyzing Verilog file "D:/cd4/project_4/project_4.ip_user_files/bd/design_3/ip/design_3_carry_output_splitter_0_0/sim/design_3_carry_output_splitter_0_0.v" into library xil_defaultlib
INFO: [VRFC 10-311] analyzing module design_3_carry_output_splitter_0_0
INFO: [VRFC 10-2263] Analyzing Verilog file "D:/cd4/project_4/project_4.ip_user_files/bd/design_3/ip/design_3_not_gate_1_0/sim/design_3_not_gate_1_0.v" into library xil_defaultlib
INFO: [VRFC 10-311] analyzing module design_3_not_gate_1_0
INFO: [VRFC 10-2263] Analyzing Verilog file "D:/cd4/project_4/project_4.ip_user_files/bd/design_3/ip/design_3_bus_slicer_16to12_0_0/sim/design_3_bus_slicer_16to12_0_0.v" into library xil_defaultlib
INFO: [VRFC 10-311] analyzing module design_3_bus_slicer_16to12_0_0
INFO: [VRFC 10-2263] Analyzing Verilog file "D:/cd4/project_4/project_4.ip_user_files/bd/design_3/ip/design_3_multiplier_8x8_0_0/sim/design_3_multiplier_8x8_0_0.v" into library xil_defaultlib
INFO: [VRFC 10-311] analyzing module design_3_multiplier_8x8_0_0
INFO: [VRFC 10-2263] Analyzing Verilog file "D:/cd4/project_4/project_4.ip_user_files/bd/design_3/ip/design_3_split_16to8_0_0/sim/design_3_split_16to8_0_0.v" into library xil_defaultlib
INFO: [VRFC 10-311] analyzing module design_3_split_16to8_0_0
INFO: [VRFC 10-2263] Analyzing Verilog file "D:/cd4/project_4/project_4.ip_user_files/bd/design_3/ip/design_3_R0_0/sim/design_3_R0_0.v" into library xil_defaultlib
INFO: [VRFC 10-311] analyzing module design_3_R0_0
INFO: [VRFC 10-2263] Analyzing Verilog file "D:/cd4/project_4/project_4.ip_user_files/bd/design_3/ip/design_3_mod5_timing_generator_0_0/sim/design_3_mod5_timing_generator_0_0.v" into library xil_defaultlib
INFO: [VRFC 10-311] analyzing module design_3_mod5_timing_generator_0_0
INFO: [VRFC 10-2263] Analyzing Verilog file "D:/cd4/project_4/project_4.ip_user_files/bd/design_3/ip/design_3_not_gate_0_0/sim/design_3_not_gate_0_0.v" into library xil_defaultlib
INFO: [VRFC 10-311] analyzing module design_3_not_gate_0_0
INFO: [VRFC 10-2263] Analyzing Verilog file "D:/cd4/project_4/project_4.ip_user_files/bd/design_3/ip/design_3_RTI_0_0/sim/design_3_RTI_0_0.v" into library xil_defaultlib
INFO: [VRFC 10-311] analyzing module design_3_RTI_0_0
INFO: [VRFC 10-2263] Analyzing Verilog file "D:/cd4/project_4/project_4.ip_user_files/bd/design_3/ip/design_3_control_0_0/sim/design_3_control_0_0.v" into library xil_defaultlib
INFO: [VRFC 10-311] analyzing module design_3_control_0_0
INFO: [VRFC 10-2263] Analyzing Verilog file "D:/cd4/project_4/project_4.ip_user_files/bd/design_3/ip/design_3_not_gate_1_1/sim/design_3_not_gate_1_1.v" into library xil_defaultlib
INFO: [VRFC 10-311] analyzing module design_3_not_gate_1_1
INFO: [VRFC 10-2263] Analyzing Verilog file "D:/cd4/project_4/project_4.ip_user_files/bd/design_3/ip/design_3_and_gate_0_0/sim/design_3_and_gate_0_0.v" into library xil_defaultlib
INFO: [VRFC 10-311] analyzing module design_3_and_gate_0_0
INFO: [VRFC 10-2263] Analyzing Verilog file "D:/cd4/project_4/project_4.ip_user_files/bd/design_3/ip/design_3_and2_0_0/sim/design_3_and2_0_0.v" into library xil_defaultlib
INFO: [VRFC 10-311] analyzing module design_3_and2_0_0
INFO: [VRFC 10-2263] Analyzing Verilog file "D:/cd4/project_4/project_4.ip_user_files/bd/design_3/ip/design_3_aggregator_4bit_0_2/sim/design_3_aggregator_4bit_0_2.v" into library xil_defaultlib
INFO: [VRFC 10-311] analyzing module design_3_aggregator_4bit_0_2
INFO: [VRFC 10-2263] Analyzing Verilog file "D:/cd4/project_4/project_4.ip_user_files/bd/design_3/ip/design_3_splitter_16bit_16out_0_0/sim/design_3_splitter_16bit_16out_0_0.v" into library xil_defaultlib
INFO: [VRFC 10-311] analyzing module design_3_splitter_16bit_16out_0_0
INFO: [VRFC 10-2263] Analyzing Verilog file "D:/cd4/project_4/project_4.ip_user_files/bd/design_3/sim/design_3.v" into library xil_defaultlib
INFO: [VRFC 10-311] analyzing module ALU_imp_JZDUAB
INFO: [VRFC 10-311] analyzing module PC_imp_1MALNP6
INFO: [VRFC 10-311] analyzing module design_3
INFO: [VRFC 10-2263] Analyzing Verilog file "D:/cd3/design_3/hdl/design_3_wrapper.v" into library xil_defaultlib
INFO: [VRFC 10-311] analyzing module design_3_wrapper
INFO: [VRFC 10-2263] Analyzing Verilog file "D:/cd3/exp3/simple_core_test.v" into library xil_defaultlib
INFO: [VRFC 10-311] analyzing module complete_monitor_test
run_program: Time (s): cpu = 00:00:00 ; elapsed = 00:00:10 . Memory (MB): peak = 2761.301 ; gain = 0.000
INFO: [USF-XSim-69] 'compile' step finished in '10' seconds
INFO: [USF-XSim-3] XSim::Elaborate design
INFO: [USF-XSim-61] Executing 'ELABORATE' step in 'D:/cd4/project_4/project_4.sim/sim_2/behav/xsim'
"xelab --incr --debug typical --relax --mt 2 -L xil_defaultlib -L xlconstant_v1_1_9 -L xlconcat_v2_1_6 -L unisims_ver -L unimacro_ver -L secureip -L xpm --snapshot complete_monitor_test_behav xil_defaultlib.complete_monitor_test xil_defaultlib.glbl -log elaborate.log"
Vivado Simulator v2024.2.0
Copyright 1986-2022 Xilinx, Inc. All Rights Reserved.
Copyright 2022-2024 Advanced Micro Devices, Inc. All Rights Reserved.
Running: D:/Vivado/2024.2/bin/unwrapped/win64.o/xelab.exe --incr --debug typical --relax --mt 2 -L xil_defaultlib -L xlconstant_v1_1_9 -L xlconcat_v2_1_6 -L unisims_ver -L unimacro_ver -L secureip -L xpm --snapshot complete_monitor_test_behav xil_defaultlib.complete_monitor_test xil_defaultlib.glbl -log elaborate.log 
Using 2 slave threads.
Starting static elaboration
Pass Through NonSizing Optimizer
Completed static elaboration
Starting simulation data flow analysis
WARNING: [XSIM 43-4099] "D:/cd3/exp3/aggregate_4x4_to_16bit.v" Line 1. Module aggregate_4x4_to_16bit doesn't have a timescale but at least one module in design has a timescale.
WARNING: [XSIM 43-4099] "D:/cd3/exp3/aggregator_4bit.v" Line 1. Module aggregator_4bit doesn't have a timescale but at least one module in design has a timescale.
WARNING: [XSIM 43-4099] "D:/cd3/exp3/aggregator_4bit.v" Line 1. Module aggregator_4bit doesn't have a timescale but at least one module in design has a timescale.
WARNING: [XSIM 43-4099] "D:/cd3/exp3/74181.v" Line 1. Module alu_74181 doesn't have a timescale but at least one module in design has a timescale.
WARNING: [XSIM 43-4099] "D:/cd3/exp3/74181.v" Line 1. Module alu_74181 doesn't have a timescale but at least one module in design has a timescale.
WARNING: [XSIM 43-4099] "D:/cd3/exp3/74181.v" Line 1. Module alu_74181 doesn't have a timescale but at least one module in design has a timescale.
WARNING: [XSIM 43-4099] "D:/cd3/exp3/74181.v" Line 1. Module alu_74181 doesn't have a timescale but at least one module in design has a timescale.
WARNING: [XSIM 43-4099] "D:/cd3/exp3/74182.v" Line 1. Module carry_lookahead_74182 doesn't have a timescale but at least one module in design has a timescale.
WARNING: [XSIM 43-4099] "D:/cd3/exp3/exp14_source.v" Line 309. Module carry_output_splitter doesn't have a timescale but at least one module in design has a timescale.
WARNING: [XSIM 43-4099] "D:/cd3/exp3/not_gate.v" Line 1. Module not_gate doesn't have a timescale but at least one module in design has a timescale.
WARNING: [XSIM 43-4099] "D:/cd3/exp3/the_16bit_to_4x4bit.v" Line 1. Module the_16bit_to_4x4bit doesn't have a timescale but at least one module in design has a timescale.
WARNING: [XSIM 43-4099] "D:/cd3/exp3/the_16bit_to_4x4bit.v" Line 1. Module the_16bit_to_4x4bit doesn't have a timescale but at least one module in design has a timescale.
WARNING: [XSIM 43-4099] "D:/cd3/exp3/16bit_reg.v" Line 1. Module register_16bit doesn't have a timescale but at least one module in design has a timescale.
WARNING: [XSIM 43-4099] "D:/cd3/exp3/12bit_reg.v" Line 1. Module register_12bit doesn't have a timescale but at least one module in design has a timescale.
WARNING: [XSIM 43-4099] "D:/cd3/exp3/16bit_reg.v" Line 1. Module register_16bit doesn't have a timescale but at least one module in design has a timescale.
WARNING: [XSIM 43-4099] "D:/cd3/exp3/16bit_reg.v" Line 1. Module register_16bit doesn't have a timescale but at least one module in design has a timescale.
WARNING: [XSIM 43-4099] "D:/cd3/exp3/16bit_reg.v" Line 1. Module register_16bit doesn't have a timescale but at least one module in design has a timescale.
WARNING: [XSIM 43-4099] "D:/cd3/exp3/74161.v" Line 1. Module ic_74161 doesn't have a timescale but at least one module in design has a timescale.
WARNING: [XSIM 43-4099] "D:/cd3/exp3/74161.v" Line 1. Module ic_74161 doesn't have a timescale but at least one module in design has a timescale.
WARNING: [XSIM 43-4099] "D:/cd3/exp3/74161.v" Line 1. Module ic_74161 doesn't have a timescale but at least one module in design has a timescale.
WARNING: [XSIM 43-4099] "D:/cd3/exp3/exp14_source.v" Line 326. Module the_12bit_to_3x4bit doesn't have a timescale but at least one module in design has a timescale.
WARNING: [XSIM 43-4099] "D:/cd3/exp3/16bit_reg.v" Line 1. Module register_16bit doesn't have a timescale but at least one module in design has a timescale.
WARNING: [XSIM 43-4099] "D:/cd3/exp3/16bit_reg.v" Line 1. Module register_16bit doesn't have a timescale but at least one module in design has a timescale.
WARNING: [XSIM 43-4099] "D:/cd3/exp3/16bit_reg.v" Line 1. Module register_16bit doesn't have a timescale but at least one module in design has a timescale.
WARNING: [XSIM 43-4099] "D:/cd4/exp/plusv.v" Line 54. Module RTI doesn't have a timescale but at least one module in design has a timescale.
WARNING: [XSIM 43-4099] "D:/cd3/exp3/16bit_reg.v" Line 1. Module register_16bit doesn't have a timescale but at least one module in design has a timescale.
WARNING: [XSIM 43-4099] "D:/cd3/exp3/16bit_reg.v" Line 1. Module register_16bit doesn't have a timescale but at least one module in design has a timescale.
WARNING: [XSIM 43-4099] "D:/cd3/exp3/exp14_source.v" Line 1. Module adpt_in doesn't have a timescale but at least one module in design has a timescale.
WARNING: [XSIM 43-4099] "D:/cd3/exp3/aggregator_4bit.v" Line 1. Module aggregator_4bit doesn't have a timescale but at least one module in design has a timescale.
WARNING: [XSIM 43-4099] "D:/cd3/exp3/exp14_source.v" Line 76. Module and2 doesn't have a timescale but at least one module in design has a timescale.
WARNING: [XSIM 43-4099] "D:/cd3/exp3/and_gate.v" Line 1. Module and_gate doesn't have a timescale but at least one module in design has a timescale.
WARNING: [XSIM 43-4099] "D:/cd3/exp3/exp14_source.v" Line 459. Module bus_slicer_16to12 doesn't have a timescale but at least one module in design has a timescale.
WARNING: [XSIM 43-4099] "D:/cd4/exp/plusv.v" Line 83. Module control doesn't have a timescale but at least one module in design has a timescale.
WARNING: [XSIM 43-4099] "D:/cd4/exp/plusv.v" Line 1. Module mod5_timing_generator doesn't have a timescale but at least one module in design has a timescale.
WARNING: [XSIM 43-4099] "D:/cd3/exp3/exp14_source.v" Line 479. Module multiplier_8x8 doesn't have a timescale but at least one module in design has a timescale.
WARNING: [XSIM 43-4099] "D:/cd3/exp3/mix5to1.v" Line 1. Module mux_5to1_16bit doesn't have a timescale but at least one module in design has a timescale.
WARNING: [XSIM 43-4099] "D:/cd3/exp3/not_gate.v" Line 1. Module not_gate doesn't have a timescale but at least one module in design has a timescale.
WARNING: [XSIM 43-4099] "D:/cd3/exp3/not_gate.v" Line 1. Module not_gate doesn't have a timescale but at least one module in design has a timescale.
WARNING: [XSIM 43-4099] "D:/cd3/exp3/ram.v" Line 1. Module ram doesn't have a timescale but at least one module in design has a timescale.
WARNING: [XSIM 43-4099] "D:/cd3/exp3/exp14_source.v" Line 490. Module split_16to8 doesn't have a timescale but at least one module in design has a timescale.
WARNING: [XSIM 43-4099] "D:/cd3/exp3/exp14_source.v" Line 501. Module splitter_16bit_16outputs doesn't have a timescale but at least one module in design has a timescale.
WARNING: [XSIM 43-4099] "D:/cd3/exp3/aggregate_4x4_to_16bit.v" Line 1. Module aggregate_4x4_to_16bit doesn't have a timescale but at least one module in design has a timescale.
WARNING: [XSIM 43-4099] "D:/cd3/exp3/aggregator_4bit.v" Line 1. Module aggregator_4bit doesn't have a timescale but at least one module in design has a timescale.
WARNING: [XSIM 43-4099] "D:/cd3/exp3/aggregator_4bit.v" Line 1. Module aggregator_4bit doesn't have a timescale but at least one module in design has a timescale.
WARNING: [XSIM 43-4099] "D:/cd3/exp3/74181.v" Line 1. Module alu_74181 doesn't have a timescale but at least one module in design has a timescale.
WARNING: [XSIM 43-4099] "D:/cd3/exp3/74181.v" Line 1. Module alu_74181 doesn't have a timescale but at least one module in design has a timescale.
WARNING: [XSIM 43-4099] "D:/cd3/exp3/74181.v" Line 1. Module alu_74181 doesn't have a timescale but at least one module in design has a timescale.
WARNING: [XSIM 43-4099] "D:/cd3/exp3/74181.v" Line 1. Module alu_74181 doesn't have a timescale but at least one module in design has a timescale.
WARNING: [XSIM 43-4099] "D:/cd3/exp3/74182.v" Line 1. Module carry_lookahead_74182 doesn't have a timescale but at least one module in design has a timescale.
WARNING: [XSIM 43-4099] "D:/cd3/exp3/exp14_source.v" Line 309. Module carry_output_splitter doesn't have a timescale but at least one module in design has a timescale.
WARNING: [XSIM 43-4099] "D:/cd3/exp3/not_gate.v" Line 1. Module not_gate doesn't have a timescale but at least one module in design has a timescale.
WARNING: [XSIM 43-4099] "D:/cd3/exp3/the_16bit_to_4x4bit.v" Line 1. Module the_16bit_to_4x4bit doesn't have a timescale but at least one module in design has a timescale.
WARNING: [XSIM 43-4099] "D:/cd3/exp3/the_16bit_to_4x4bit.v" Line 1. Module the_16bit_to_4x4bit doesn't have a timescale but at least one module in design has a timescale.
WARNING: [XSIM 43-4099] "D:/cd3/exp3/16bit_reg.v" Line 1. Module register_16bit doesn't have a timescale but at least one module in design has a timescale.
WARNING: [XSIM 43-4099] "D:/cd3/exp3/12bit_reg.v" Line 1. Module register_12bit doesn't have a timescale but at least one module in design has a timescale.
WARNING: [XSIM 43-4099] "D:/cd3/exp3/16bit_reg.v" Line 1. Module register_16bit doesn't have a timescale but at least one module in design has a timescale.
WARNING: [XSIM 43-4099] "D:/cd3/exp3/16bit_reg.v" Line 1. Module register_16bit doesn't have a timescale but at least one module in design has a timescale.
WARNING: [XSIM 43-4099] "D:/cd3/exp3/16bit_reg.v" Line 1. Module register_16bit doesn't have a timescale but at least one module in design has a timescale.
WARNING: [XSIM 43-4099] "D:/cd3/exp3/74161.v" Line 1. Module ic_74161 doesn't have a timescale but at least one module in design has a timescale.
WARNING: [XSIM 43-4099] "D:/cd3/exp3/74161.v" Line 1. Module ic_74161 doesn't have a timescale but at least one module in design has a timescale.
WARNING: [XSIM 43-4099] "D:/cd3/exp3/74161.v" Line 1. Module ic_74161 doesn't have a timescale but at least one module in design has a timescale.
WARNING: [XSIM 43-4099] "D:/cd3/exp3/exp14_source.v" Line 326. Module the_12bit_to_3x4bit doesn't have a timescale but at least one module in design has a timescale.
WARNING: [XSIM 43-4099] "D:/cd3/exp3/16bit_reg.v" Line 1. Module register_16bit doesn't have a timescale but at least one module in design has a timescale.
WARNING: [XSIM 43-4099] "D:/cd3/exp3/16bit_reg.v" Line 1. Module register_16bit doesn't have a timescale but at least one module in design has a timescale.
WARNING: [XSIM 43-4099] "D:/cd3/exp3/16bit_reg.v" Line 1. Module register_16bit doesn't have a timescale but at least one module in design has a timescale.
WARNING: [XSIM 43-4099] "D:/cd4/exp/plusv.v" Line 54. Module RTI doesn't have a timescale but at least one module in design has a timescale.
WARNING: [XSIM 43-4099] "D:/cd3/exp3/16bit_reg.v" Line 1. Module register_16bit doesn't have a timescale but at least one module in design has a timescale.
WARNING: [XSIM 43-4099] "D:/cd3/exp3/16bit_reg.v" Line 1. Module register_16bit doesn't have a timescale but at least one module in design has a timescale.
WARNING: [XSIM 43-4099] "D:/cd3/exp3/exp14_source.v" Line 1. Module adpt_in doesn't have a timescale but at least one module in design has a timescale.
WARNING: [XSIM 43-4099] "D:/cd3/exp3/aggregator_4bit.v" Line 1. Module aggregator_4bit doesn't have a timescale but at least one module in design has a timescale.
WARNING: [XSIM 43-4099] "D:/cd3/exp3/exp14_source.v" Line 76. Module and2 doesn't have a timescale but at least one module in design has a timescale.
WARNING: [XSIM 43-4099] "D:/cd3/exp3/and_gate.v" Line 1. Module and_gate doesn't have a timescale but at least one module in design has a timescale.
WARNING: [XSIM 43-4099] "D:/cd3/exp3/exp14_source.v" Line 459. Module bus_slicer_16to12 doesn't have a timescale but at least one module in design has a timescale.
WARNING: [XSIM 43-4099] "D:/cd4/exp/plusv.v" Line 83. Module control doesn't have a timescale but at least one module in design has a timescale.
WARNING: [XSIM 43-4099] "D:/cd4/exp/plusv.v" Line 1. Module mod5_timing_generator doesn't have a timescale but at least one module in design has a timescale.
WARNING: [XSIM 43-4099] "D:/cd3/exp3/exp14_source.v" Line 479. Module multiplier_8x8 doesn't have a timescale but at least one module in design has a timescale.
WARNING: [XSIM 43-4099] "D:/cd3/exp3/mix5to1.v" Line 1. Module mux_5to1_16bit doesn't have a timescale but at least one module in design has a timescale.
WARNING: [XSIM 43-4099] "D:/cd3/exp3/not_gate.v" Line 1. Module not_gate doesn't have a timescale but at least one module in design has a timescale.
WARNING: [XSIM 43-4099] "D:/cd3/exp3/not_gate.v" Line 1. Module not_gate doesn't have a timescale but at least one module in design has a timescale.
WARNING: [XSIM 43-4099] "D:/cd3/exp3/ram.v" Line 1. Module ram doesn't have a timescale but at least one module in design has a timescale.
WARNING: [XSIM 43-4099] "D:/cd3/exp3/exp14_source.v" Line 490. Module split_16to8 doesn't have a timescale but at least one module in design has a timescale.
WARNING: [XSIM 43-4099] "D:/cd3/exp3/exp14_source.v" Line 501. Module splitter_16bit_16outputs doesn't have a timescale but at least one module in design has a timescale.
Completed simulation data flow analysis
Time Resolution for simulation is 1ps
Compiling module xil_defaultlib.aggregate_4x4_to_16bit
Compiling module xil_defaultlib.design_3_aggregate_4x4_to_16b_0_...
Compiling module xil_defaultlib.aggregator_4bit
Compiling module xil_defaultlib.design_3_aggregator_4bit_0_1
Compiling module xil_defaultlib.design_3_aggregator_4bit_1_0
Compiling module xil_defaultlib.alu_74181
Compiling module xil_defaultlib.design_3_alu_74181_0_0
Compiling module xil_defaultlib.design_3_alu_74181_1_0
Compiling module xil_defaultlib.design_3_alu_74181_2_0
Compiling module xil_defaultlib.design_3_alu_74181_3_0
Compiling module xil_defaultlib.carry_lookahead_74182
Compiling module xil_defaultlib.design_3_carry_lookahead_74182_0...
Compiling module xil_defaultlib.carry_output_splitter
Compiling module xil_defaultlib.design_3_carry_output_splitter_0...
Compiling module xil_defaultlib.not_gate
Compiling module xil_defaultlib.design_3_not_gate_1_0
Compiling module xil_defaultlib.the_16bit_to_4x4bit
Compiling module xil_defaultlib.design_3_the_16bit_to_4x4bit_0_1
Compiling module xil_defaultlib.design_3_the_16bit_to_4x4bit_2_0
Compiling module xil_defaultlib.ALU_imp_JZDUAB
Compiling module xil_defaultlib.register_16bit
Compiling module xil_defaultlib.design_3_register_16bit_0_1
Compiling module xil_defaultlib.register_12bit
Compiling module xil_defaultlib.design_3_register_12bit_0_0
Compiling module xil_defaultlib.design_3_register_16bit_3_1
Compiling module xil_defaultlib.design_3_MDR_0
Compiling module xil_defaultlib.design_3_R0_0
Compiling module xil_defaultlib.ic_74161
Compiling module xil_defaultlib.design_3_ic_74161_0_0
Compiling module xil_defaultlib.design_3_ic_74161_1_0
Compiling module xil_defaultlib.design_3_ic_74161_2_0
Compiling module xil_defaultlib.the_12bit_to_3x4bit
Compiling module xil_defaultlib.design_3_the_12bit_to_3x4bit_0_1
Compiling module xlconcat_v2_1_6.xlconcat_v2_1_6_xlconcat(IN0_WID...
Compiling module xil_defaultlib.design_3_xlconcat_0_0
Compiling module xil_defaultlib.PC_imp_1MALNP6
Compiling module xil_defaultlib.design_3_register_16bit_0_0
Compiling module xil_defaultlib.design_3_register_16bit_1_0
Compiling module xil_defaultlib.design_3_register_16bit_2_0
Compiling module xil_defaultlib.RTI
Compiling module xil_defaultlib.design_3_RTI_0_0
Compiling module xil_defaultlib.design_3_register_16bit_3_0
Compiling module xil_defaultlib.design_3_register_16bit_4_0
Compiling module xil_defaultlib.adpt_in
Compiling module xil_defaultlib.design_3_adpt_in_0_0
Compiling module xil_defaultlib.design_3_aggregator_4bit_0_2
Compiling module xil_defaultlib.and2
Compiling module xil_defaultlib.design_3_and2_0_0
Compiling module xil_defaultlib.and_gate
Compiling module xil_defaultlib.design_3_and_gate_0_0
Compiling module xil_defaultlib.bus_slicer_16to12
Compiling module xil_defaultlib.design_3_bus_slicer_16to12_0_0
Compiling module xil_defaultlib.control
Compiling module xil_defaultlib.design_3_control_0_0
Compiling module xil_defaultlib.mod5_timing_generator
Compiling module xil_defaultlib.design_3_mod5_timing_generator_0...
Compiling module xil_defaultlib.multiplier_8x8
Compiling module xil_defaultlib.design_3_multiplier_8x8_0_0
Compiling module xil_defaultlib.mux_5to1_16bit
Compiling module xil_defaultlib.design_3_mux_5to1_16bit_0_0
Compiling module xil_defaultlib.design_3_not_gate_0_0
Compiling module xil_defaultlib.design_3_not_gate_1_1
Compiling module xil_defaultlib.ram
Compiling module xil_defaultlib.design_3_ram_0_0
Compiling module xil_defaultlib.split_16to8
Compiling module xil_defaultlib.design_3_split_16to8_0_0
Compiling module xil_defaultlib.splitter_16bit_16outputs
Compiling module xil_defaultlib.design_3_splitter_16bit_16out_0_...
Compiling module xlconstant_v1_1_9.xlconstant_v1_1_9_xlconstant(CON...
Compiling module xil_defaultlib.design_3_xlconstant_0_1
Compiling module xil_defaultlib.design_3
Compiling module xil_defaultlib.design_3_wrapper
Compiling module xil_defaultlib.complete_monitor_test
Compiling module xil_defaultlib.glbl
Built simulation snapshot complete_monitor_test_behav
run_program: Time (s): cpu = 00:00:01 ; elapsed = 00:00:16 . Memory (MB): peak = 2761.301 ; gain = 0.000
INFO: [USF-XSim-69] 'elaborate' step finished in '15' seconds
INFO: [USF-XSim-4] XSim::Simulate design
INFO: [USF-XSim-61] Executing 'SIMULATE' step in 'D:/cd4/project_4/project_4.sim/sim_2/behav/xsim'
INFO: [USF-XSim-98] *** Running xsim
   with args "complete_monitor_test_behav -key {Behavioral:sim_2:Functional:complete_monitor_test} -tclbatch {complete_monitor_test.tcl} -protoinst "protoinst_files/design_3.protoinst" -log {simulate.log}"
INFO: [USF-XSim-8] Loading simulator feature
INFO: [Wavedata 42-565] Reading protoinst file protoinst_files/design_3.protoinst
Time resolution is 1 ps
source complete_monitor_test.tcl
# set curr_wave [current_wave_config]
# if { [string length $curr_wave] == 0 } {
#   if { [llength [get_objects]] > 0} {
#     add_wave /
#     set_property needs_save false [current_wave_config]
#   } else {
#      send_msg_id Add_Wave-1 WARNING "No top level signals found. Simulator will start without a wave window. If you want to open a wave window go to 'File->New Waveform Configuration' or type 'create_wave_config' in the TCL console."
#   }
# }
# run 1000ns
============== 完整监控测试 ==============
仿真时间: 20000 ns, 时钟周期: 10 ns
时间(ns)	复位	uPC		Crom		Bus		MAR
----------------------------------------------------------------
10000		0	0xzzz	0xzzzzzz	0x0000	0x000
100000		1	0xzzz	0xzzzzzz	0x0000	0x000 <- 复位释放
105000		1	0xzzz	0xzzzzzz	0x0000	0x000
205000		1	0xzzz	0xzzzzzz	0x0000	0x002
305000		1	0xzzz	0xzzzzzz	0x0000	0x004
405000		1	0xzzz	0xzzzzzz	0x0000	0x005
505000		1	0xzzz	0xzzzzzz	0x0000	0x007
605000		1	0xzzz	0xzzzzzz	0x0000	0x008
705000		1	0xzzz	0xzzzzzz	0x0000	0x009
805000		1	0xzzz	0xzzzzzz	0x0000	0x00a
905000		1	0xzzz	0xzzzzzz	0x0000	0x00b
xsim: Time (s): cpu = 00:00:03 ; elapsed = 00:00:05 . Memory (MB): peak = 2761.301 ; gain = 0.000
INFO: [USF-XSim-96] XSim completed. Design snapshot 'complete_monitor_test_behav' loaded.
INFO: [USF-XSim-97] XSim simulation ran for 1000ns
launch_simulation: Time (s): cpu = 00:00:05 ; elapsed = 00:00:33 . Memory (MB): peak = 2761.301 ; gain = 0.000
WARNING: [filemgmt 56-199] Attempt to get parsing info during refresh. "On-the-fly" syntax checking information may be incorrect. [D:\cd3\exp3\exp14_source.v:]
WARNING: [filemgmt 56-199] Attempt to get parsing info during refresh. "On-the-fly" syntax checking information may be incorrect. [D:\cd4\exp\plusv.v:]
WARNING: [filemgmt 56-199] Attempt to get parsing info during refresh. "On-the-fly" syntax checking information may be incorrect. [D:\cd3\exp3\exp14_source.v:]
WARNING: [filemgmt 56-199] Attempt to get parsing info during refresh. "On-the-fly" syntax checking information may be incorrect. [D:\cd3\exp3\exp14_source.v:]
ERROR: [Common 17-180] Spawn failed: No error
run all
1005000		1	0xzzz	0xzzzzzz	0x0000	0x00c
1105000		1	0xzzz	0xzzzzzz	0x0000	0x00d
1205000		1	0xzzz	0xzzzzzz	0x0000	0x00e
1305000		1	0xzzz	0xzzzzzz	0x0000	0x00f
1405000		1	0xzzz	0xzzzzzz	0x0000	0x010
1505000		1	0xzzz	0xzzzzzz	0x0000	0x011
1605000		1	0xzzz	0xzzzzzz	0x0000	0x012
1705000		1	0xzzz	0xzzzzzz	0x0000	0x013
1805000		1	0xzzz	0xzzzzzz	0x0000	0x014
1905000		1	0xzzz	0xzzzzzz	0x0000	0x015
2005000		1	0xzzz	0xzzzzzz	0x0000	0x016
2105000		1	0xzzz	0xzzzzzz	0x0000	0x017
2205000		1	0xzzz	0xzzzzzz	0x0000	0x018
2305000		1	0xzzz	0xzzzzzz	0x0000	0x019
2405000		1	0xzzz	0xzzzzzz	0x0000	0x01a
2505000		1	0xzzz	0xzzzzzz	0x0000	0x01b
2605000		1	0xzzz	0xzzzzzz	0x0000	0x01c
2705000		1	0xzzz	0xzzzzzz	0x0000	0x01d
2805000		1	0xzzz	0xzzzzzz	0x0000	0x01e
2905000		1	0xzzz	0xzzzzzz	0x0000	0x01f
3005000		1	0xzzz	0xzzzzzz	0x0000	0x020
3105000		1	0xzzz	0xzzzzzz	0x0000	0x021
3205000		1	0xzzz	0xzzzzzz	0x0000	0x022
3305000		1	0xzzz	0xzzzzzz	0x55aa	0x001
3405000		1	0xzzz	0xzzzzzz	0x00a0	0x0a0
3505000		1	0xzzz	0xzzzzzz	0x66bb	0x004
3605000		1	0xzzz	0xzzzzzz	0x00fa	0x006
3705000		1	0xzzz	0xzzzzzz	0x0000	0x0fa
3805000		1	0xzzz	0xzzzzzz	0x120b	0x008
3905000		1	0xzzz	0xzzzzzz	0xab50	0x009
4005000		1	0xzzz	0xzzzzzz	0x0000	0x0fa
4105000		1	0xzzz	0xzzzzzz	0x0000	0x00b
4205000		1	0xzzz	0xzzzzzz	0x0000	0x00c
4305000		1	0xzzz	0xzzzzzz	0x0000	0x00d
4405000		1	0xzzz	0xzzzzzz	0x0001	0x00e
4505000		1	0xzzz	0xzzzzzz	0x0020	0x010
4605000		1	0xzzz	0xzzzzzz	0x0000	0x010
4705000		1	0xzzz	0xzzzzzz	0x0000	0x011
4805000		1	0xzzz	0xzzzzzz	0x0000	0x012
4905000		1	0xzzz	0xzzzzzz	0x0000	0x013
5005000		1	0xzzz	0xzzzzzz	0x0000	0x014
5105000		1	0xzzz	0xzzzzzz	0x0000	0x015
5205000		1	0xzzz	0xzzzzzz	0x0000	0x016
5305000		1	0xzzz	0xzzzzzz	0x0000	0x017
5405000		1	0xzzz	0xzzzzzz	0x0000	0x018
5505000		1	0xzzz	0xzzzzzz	0x0000	0x019
5605000		1	0xzzz	0xzzzzzz	0x0000	0x01a
5705000		1	0xzzz	0xzzzzzz	0x0000	0x01b
5805000		1	0xzzz	0xzzzzzz	0x0000	0x01c
5905000		1	0xzzz	0xzzzzzz	0x0000	0x01d
6005000		1	0xzzz	0xzzzzzz	0x0000	0x01e
6105000		1	0xzzz	0xzzzzzz	0x0000	0x01f
6205000		1	0xzzz	0xzzzzzz	0x0000	0x020
6305000		1	0xzzz	0xzzzzzz	0x0000	0x021
6405000		1	0xzzz	0xzzzzzz	0x0000	0x000
6505000		1	0xzzz	0xzzzzzz	0x0000	0x002
6605000		1	0xzzz	0xzzzzzz	0x0000	0x004
6705000		1	0xzzz	0xzzzzzz	0x0000	0x005
6805000		1	0xzzz	0xzzzzzz	0x0000	0x007
6905000		1	0xzzz	0xzzzzzz	0x0000	0x008
7005000		1	0xzzz	0xzzzzzz	0x0000	0x009
7105000		1	0xzzz	0xzzzzzz	0x0000	0x00a
7205000		1	0xzzz	0xzzzzzz	0x0000	0x00b
7305000		1	0xzzz	0xzzzzzz	0x0000	0x00c
7405000		1	0xzzz	0xzzzzzz	0x0000	0x00d
7505000		1	0xzzz	0xzzzzzz	0x0000	0x00e
7605000		1	0xzzz	0xzzzzzz	0x0000	0x00f
7705000		1	0xzzz	0xzzzzzz	0x0000	0x010
7805000		1	0xzzz	0xzzzzzz	0x0000	0x011
7905000		1	0xzzz	0xzzzzzz	0x0000	0x012
8005000		1	0xzzz	0xzzzzzz	0x0000	0x013
8105000		1	0xzzz	0xzzzzzz	0x0000	0x014
8205000		1	0xzzz	0xzzzzzz	0x0000	0x015
8305000		1	0xzzz	0xzzzzzz	0x0000	0x016
8405000		1	0xzzz	0xzzzzzz	0x0000	0x017
8505000		1	0xzzz	0xzzzzzz	0x0000	0x018
8605000		1	0xzzz	0xzzzzzz	0x0000	0x019
8705000		1	0xzzz	0xzzzzzz	0x0000	0x01a
8805000		1	0xzzz	0xzzzzzz	0x0000	0x01b
8905000		1	0xzzz	0xzzzzzz	0x0000	0x01c
9005000		1	0xzzz	0xzzzzzz	0x0000	0x01d
9105000		1	0xzzz	0xzzzzzz	0x0000	0x01e
9205000		1	0xzzz	0xzzzzzz	0x0000	0x01f
9305000		1	0xzzz	0xzzzzzz	0x0000	0x020
9405000		1	0xzzz	0xzzzzzz	0x0000	0x021
9505000		1	0xzzz	0xzzzzzz	0x0000	0x022
9605000		1	0xzzz	0xzzzzzz	0x0000	0x001
9705000		1	0xzzz	0xzzzzzz	0x1111	0x0a0
9805000		1	0xzzz	0xzzzzzz	0x0000	0x004
9905000		1	0xzzz	0xzzzzzz	0x0000	0x006
10005000		1	0xzzz	0xzzzzzz	0x0000	0x0fa
10105000		1	0xzzz	0xzzzzzz	0x0000	0x008
10205000		1	0xzzz	0xzzzzzz	0x0000	0x009
10305000		1	0xzzz	0xzzzzzz	0x0000	0x0fa
10405000		1	0xzzz	0xzzzzzz	0x0000	0x00b
10505000		1	0xzzz	0xzzzzzz	0x0000	0x00c
10605000		1	0xzzz	0xzzzzzz	0x0000	0x00d
10705000		1	0xzzz	0xzzzzzz	0x0000	0x00e
10805000		1	0xzzz	0xzzzzzz	0x0000	0x010
10905000		1	0xzzz	0xzzzzzz	0x0000	0x010
11005000		1	0xzzz	0xzzzzzz	0x0000	0x011
11105000		1	0xzzz	0xzzzzzz	0x0000	0x012
11205000		1	0xzzz	0xzzzzzz	0x0000	0x013
11305000		1	0xzzz	0xzzzzzz	0x0000	0x014
11405000		1	0xzzz	0xzzzzzz	0x0000	0x015
11505000		1	0xzzz	0xzzzzzz	0x0000	0x016
11605000		1	0xzzz	0xzzzzzz	0x0000	0x017
11705000		1	0xzzz	0xzzzzzz	0x0000	0x018
11805000		1	0xzzz	0xzzzzzz	0x0000	0x019
11905000		1	0xzzz	0xzzzzzz	0x0000	0x01a
12005000		1	0xzzz	0xzzzzzz	0x0000	0x01b
12105000		1	0xzzz	0xzzzzzz	0x0000	0x01c
12205000		1	0xzzz	0xzzzzzz	0x0000	0x01d
12305000		1	0xzzz	0xzzzzzz	0x0000	0x01e
12405000		1	0xzzz	0xzzzzzz	0x0000	0x01f
12505000		1	0xzzz	0xzzzzzz	0x0000	0x020
12605000		1	0xzzz	0xzzzzzz	0x0000	0x021
12705000		1	0xzzz	0xzzzzzz	0x0001	0x001
12805000		1	0xzzz	0xzzzzzz	0x0003	0x003
12905000		1	0xzzz	0xzzzzzz	0x55aa	0x004
13005000		1	0xzzz	0xzzzzzz	0x0006	0x006
13105000		1	0xzzz	0xzzzzzz	0x00fa	0x0fa
13205000		1	0xzzz	0xzzzzzz	0x1111	0x008
13305000		1	0xzzz	0xzzzzzz	0x66bb	0x009
13405000		1	0xzzz	0xzzzzzz	0x00fa	0x0fa
13505000		1	0xzzz	0xzzzzzz	0xab50	0x00b
13605000		1	0xzzz	0xzzzzzz	0x0000	0x00c
13705000		1	0xzzz	0xzzzzzz	0xab50	0x00d
13805000		1	0xzzz	0xzzzzzz	0x0000	0x00e
13905000		1	0xzzz	0xzzzzzz	0x0010	0x010
14005000		1	0xzzz	0xzzzzzz	0x0000	0x010
14105000		1	0xzzz	0xzzzzzz	0x0000	0x011
14205000		1	0xzzz	0xzzzzzz	0x0000	0x012
14305000		1	0xzzz	0xzzzzzz	0x0000	0x013
14405000		1	0xzzz	0xzzzzzz	0x0000	0x014
14505000		1	0xzzz	0xzzzzzz	0x0000	0x015
14605000		1	0xzzz	0xzzzzzz	0x0000	0x016
14705000		1	0xzzz	0xzzzzzz	0x0000	0x017
14805000		1	0xzzz	0xzzzzzz	0x0000	0x018
14905000		1	0xzzz	0xzzzzzz	0x0000	0x019
15005000		1	0xzzz	0xzzzzzz	0x0000	0x01a
15105000		1	0xzzz	0xzzzzzz	0x0000	0x01b
15205000		1	0xzzz	0xzzzzzz	0x0000	0x01c
15305000		1	0xzzz	0xzzzzzz	0x0000	0x01d
15405000		1	0xzzz	0xzzzzzz	0x0000	0x01e
15505000		1	0xzzz	0xzzzzzz	0x0000	0x01f
15605000		1	0xzzz	0xzzzzzz	0x0000	0x020
15705000		1	0xzzz	0xzzzzzz	0x0001	0x021
15805000		1	0xzzz	0xzzzzzz	0x0000	0x000
15905000		1	0xzzz	0xzzzzzz	0x0000	0x002
16005000		1	0xzzz	0xzzzzzz	0x0000	0x004
16105000		1	0xzzz	0xzzzzzz	0x0000	0x005
16205000		1	0xzzz	0xzzzzzz	0x0000	0x007
16305000		1	0xzzz	0xzzzzzz	0x0000	0x008
16405000		1	0xzzz	0xzzzzzz	0x0000	0x009
16505000		1	0xzzz	0xzzzzzz	0x0000	0x00a
16605000		1	0xzzz	0xzzzzzz	0x0000	0x00b
16705000		1	0xzzz	0xzzzzzz	0x0000	0x00c
16805000		1	0xzzz	0xzzzzzz	0x0000	0x00d
16905000		1	0xzzz	0xzzzzzz	0x0000	0x00e
17005000		1	0xzzz	0xzzzzzz	0x0000	0x00f
17105000		1	0xzzz	0xzzzzzz	0x0000	0x010
17205000		1	0xzzz	0xzzzzzz	0x0000	0x011
17305000		1	0xzzz	0xzzzzzz	0x0000	0x012
17405000		1	0xzzz	0xzzzzzz	0x0000	0x013
17505000		1	0xzzz	0xzzzzzz	0x0000	0x014
17605000		1	0xzzz	0xzzzzzz	0x0000	0x015
17705000		1	0xzzz	0xzzzzzz	0x0000	0x016
17805000		1	0xzzz	0xzzzzzz	0x0000	0x017
17905000		1	0xzzz	0xzzzzzz	0x0000	0x018
18005000		1	0xzzz	0xzzzzzz	0x0000	0x019
18105000		1	0xzzz	0xzzzzzz	0x0000	0x01a
18205000		1	0xzzz	0xzzzzzz	0x0000	0x01b
18305000		1	0xzzz	0xzzzzzz	0x0000	0x01c
18405000		1	0xzzz	0xzzzzzz	0x0000	0x01d
18505000		1	0xzzz	0xzzzzzz	0x0000	0x01e
18605000		1	0xzzz	0xzzzzzz	0x0000	0x01f
18705000		1	0xzzz	0xzzzzzz	0x0000	0x020
18805000		1	0xzzz	0xzzzzzz	0x0000	0x021
18905000		1	0xzzz	0xzzzzzz	0x0000	0x022
19005000		1	0xzzz	0xzzzzzz	0x55aa	0x001
19105000		1	0xzzz	0xzzzzzz	0x00a0	0x0a0
19205000		1	0xzzz	0xzzzzzz	0x66bb	0x004
19305000		1	0xzzz	0xzzzzzz	0x00fa	0x006
19405000		1	0xzzz	0xzzzzzz	0x0000	0x0fa
19505000		1	0xzzz	0xzzzzzz	0x120b	0x008
19605000		1	0xzzz	0xzzzzzz	0xab50	0x009
19705000		1	0xzzz	0xzzzzzz	0x0000	0x0fa
19805000		1	0xzzz	0xzzzzzz	0x0000	0x00b
19905000		1	0xzzz	0xzzzzzz	0x0000	0x00c
============== 测试完成，总仿真时间 20000 ns ==============
$finish called at time : 20 us : File "D:/cd3/exp3/simple_core_test.v" Line 98
close_sim
INFO: [Simtcl 6-16] Simulation closed
connect_bd_net [get_bd_pins control_0/MULin] [get_bd_pins MUL/read_en]
connect_bd_net [get_bd_pins control_0/MULout] [get_bd_pins mux_5to1_16bit_0/selMUL]
WARNING: [filemgmt 56-199] Attempt to get parsing info during refresh. "On-the-fly" syntax checking information may be incorrect. [D:\cd3\exp3\simple_core_test.v:]
WARNING: [filemgmt 56-199] Attempt to get parsing info during refresh. "On-the-fly" syntax checking information may be incorrect. [D:\cd3\exp3\exp14_source.v:]
WARNING: [filemgmt 56-199] Attempt to get parsing info during refresh. "On-the-fly" syntax checking information may be incorrect. [D:\cd4\exp\plusv.v:]
WARNING: [filemgmt 56-199] Attempt to get parsing info during refresh. "On-the-fly" syntax checking information may be incorrect. [D:\cd3\exp3\exp14_source.v:]
WARNING: [filemgmt 56-199] Attempt to get parsing info during refresh. "On-the-fly" syntax checking information may be incorrect. [D:\cd3\exp3\exp14_source.v:]
WARNING: [filemgmt 56-199] Attempt to get parsing info during refresh. "On-the-fly" syntax checking information may be incorrect. [D:\cd3\exp3\simple_core_test.v:]
WARNING: [filemgmt 56-199] Attempt to get parsing info during refresh. "On-the-fly" syntax checking information may be incorrect. [D:\cd3\exp3\exp14_source.v:]
WARNING: [filemgmt 56-199] Attempt to get parsing info during refresh. "On-the-fly" syntax checking information may be incorrect. [D:\cd4\exp\plusv.v:]
WARNING: [filemgmt 56-199] Attempt to get parsing info during refresh. "On-the-fly" syntax checking information may be incorrect. [D:\cd4\exp\plusv.v:]
WARNING: [filemgmt 56-199] Attempt to get parsing info during refresh. "On-the-fly" syntax checking information may be incorrect. [D:\cd4\exp\plusv.v:]
report_ip_status -name ip_status 
update_module_reference [get_ips  {design_3_control_0_0 design_3_mod5_timing_generator_0_0 design_3_RTI_0_0}]
INFO: [IP_Flow 19-5107] Inferred bus interface 'rst_n' of definition 'xilinx.com:signal:reset:1.0' (from Xilinx Repository).
INFO: [IP_Flow 19-5107] Inferred bus interface 'clk' of definition 'xilinx.com:signal:clock:1.0' (from Xilinx Repository).
INFO: [IP_Flow 19-4728] Bus Interface 'rst_n': Added interface parameter 'POLARITY' with value 'ACTIVE_LOW'.
WARNING: [IP_Flow 19-5661] Bus Interface 'clk' does not have any bus interfaces associated with it.
WARNING: [IP_Flow 19-11770] Clock interface 'clk' has no FREQ_HZ parameter.
INFO: [IP_Flow 19-5107] Inferred bus interface 'rst_n' of definition 'xilinx.com:signal:reset:1.0' (from Xilinx Repository).
INFO: [IP_Flow 19-5107] Inferred bus interface 'clk' of definition 'xilinx.com:signal:clock:1.0' (from Xilinx Repository).
INFO: [IP_Flow 19-4728] Bus Interface 'rst_n': Added interface parameter 'POLARITY' with value 'ACTIVE_LOW'.
WARNING: [IP_Flow 19-5661] Bus Interface 'clk' does not have any bus interfaces associated with it.
WARNING: [IP_Flow 19-11770] Clock interface 'clk' has no FREQ_HZ parameter.
Upgrading 'D:/cd3/design_3/design_3.bd'
INFO: [IP_Flow 19-3420] Updated design_3_RTI_0_0 to use current project options
INFO: [IP_Flow 19-3420] Updated design_3_control_0_0 to use current project options
WARNING: [IP_Flow 19-4698] Upgrade has added port 'PCin'
WARNING: [IP_Flow 19-3298] Detected external port differences while upgrading 'design_3_control_0_0'. These changes may impact your design.
INFO: [IP_Flow 19-3420] Updated design_3_mod5_timing_generator_0_0 to use current project options
CRITICAL WARNING: [Coretcl 2-1280] The upgrade of 'design_3_control_0_0' has identified issues that may require user intervention. Please verify that the instance is correctly configured, and review any upgrade messages.
Wrote  : <D:\cd3\design_3\design_3.bd> 
Wrote  : <D:/cd3/design_3/ui/bd_205a0ed2.ui> 
disconnect_bd_net /xlconstant_0_dout [get_bd_pins PC/LD]
connect_bd_net [get_bd_pins PC/LD] [get_bd_pins control_0/PCin]
save_bd_design
Wrote  : <D:\cd3\design_3\design_3.bd> 
Wrote  : <D:/cd3/design_3/ui/bd_205a0ed2.ui> 
generate_target Simulation [get_files D:/cd3/design_3/design_3.bd]
CRITICAL WARNING: [BD 41-1367] The port name 'out' of cell '/mux_5to1_16bit_0' is a reserved keyword in a Hardware Description Language. Please consider renaming the port.
CRITICAL WARNING: [BD 41-1367] The port name 'AND' of cell '/RTI_0' is a reserved keyword in a Hardware Description Language. Please consider renaming the port.
CRITICAL WARNING: [BD 41-1367] The port name 'OR' of cell '/RTI_0' is a reserved keyword in a Hardware Description Language. Please consider renaming the port.
CRITICAL WARNING: [BD 41-1367] The port name 'AND' of cell '/control_0' is a reserved keyword in a Hardware Description Language. Please consider renaming the port.
CRITICAL WARNING: [BD 41-1367] The port name 'OR' of cell '/control_0' is a reserved keyword in a Hardware Description Language. Please consider renaming the port.
CRITICAL WARNING: [BD 41-759] The input pins (listed below) are either not connected or do not have a source port, and they don't have a tie-off specified. These pins are tied-off to all 0's to avoid error in Implementation flow.
Please check your design and connect them as needed: 
/mux_5to1_16bit_0/selIR

Wrote  : <D:\cd3\design_3\design_3.bd> 
CRITICAL WARNING: [BD 41-2383] Width mismatch when connecting input pin '/mux_5to1_16bit_0/PC'(16) to pin '/PC/dout'(12) - Only lower order bits will be connected, and other input bits of this pin will be left unconnected.
Verilog Output written to : D:/cd3/design_3/synth/design_3.v
CRITICAL WARNING: [BD 41-2383] Width mismatch when connecting input pin '/mux_5to1_16bit_0/PC'(16) to pin '/PC/dout'(12) - Only lower order bits will be connected, and other input bits of this pin will be left unconnected.
Verilog Output written to : D:/cd3/design_3/sim/design_3.v
Verilog Output written to : D:/cd3/design_3/hdl/design_3_wrapper.v
INFO: [BD 41-1029] Generation completed for the IP Integrator block mod5_timing_generator_0 .
INFO: [BD 41-1029] Generation completed for the IP Integrator block RTI_0 .
INFO: [BD 41-1029] Generation completed for the IP Integrator block control_0 .
Exporting to file D:/cd3/design_3/hw_handoff/design_3.hwh
Generated Hardware Definition File D:/cd3/design_3/synth/design_3.hwdef
export_ip_user_files -of_objects [get_files D:/cd3/design_3/design_3.bd] -no_script -sync -force -quiet
export_simulation -of_objects [get_files D:/cd3/design_3/design_3.bd] -directory D:/cd4/project_4/project_4.ip_user_files/sim_scripts -ip_user_files_dir D:/cd4/project_4/project_4.ip_user_files -ipstatic_source_dir D:/cd4/project_4/project_4.ip_user_files/ipstatic -lib_map_path [list {modelsim=D:/cd4/project_4/project_4.cache/compile_simlib/modelsim} {questa=D:/cd4/project_4/project_4.cache/compile_simlib/questa} {riviera=D:/cd4/project_4/project_4.cache/compile_simlib/riviera} {activehdl=D:/cd4/project_4/project_4.cache/compile_simlib/activehdl}] -use_ip_compiled_libs -force -quiet
launch_simulation -simset [get_filesets sim_2 ]
Command: launch_simulation  -simset sim_2
INFO: [Vivado 12-12493] Simulation top is 'complete_monitor_test'
WARNING: [Vivado 12-13340] Unable to auto find GCC executables from simulator install path! (path not set)
INFO: [Vivado 12-5698] Checking validity of IPs in the design for the 'XSim' simulator...
INFO: [Vivado 12-5682] Launching behavioral simulation in 'D:/cd4/project_4/project_4.sim/sim_2/behav/xsim'
INFO: [Vivado 12-13660] Precompiled IP simulation library mode is enabled (default). The design IP libraries will be referenced from the compiled library path. Please note that if the precompiled version of the library is not found from the path or the IP is in locked state, then the library source files for these IPs will be compiled locally as part of the compile order.
INFO: [Vivado 12-4795] Using compiled simulation libraries for IPs
INFO: [SIM-utils-51] Simulation object is 'sim_2'
INFO: [SIM-utils-72] Using boost library from 'D:/Vivado/2024.2/tps/boost_1_72_0'
INFO: [USF-XSim-7] Finding pre-compiled libraries...
INFO: [USF-XSim-11] File 'D:/Vivado/2024.2/data/xsim/xsim.ini' copied to run dir:'D:/cd4/project_4/project_4.sim/sim_2/behav/xsim'
INFO: [SIM-utils-54] Inspecting design source files for 'complete_monitor_test' in fileset 'sim_2'...
INFO: [USF-XSim-97] Finding global include files...
INFO: [USF-XSim-98] Fetching design files from 'sim_2'...
INFO: [USF-XSim-2] XSim::Compile design
INFO: [USF-XSim-61] Executing 'COMPILE and ANALYZE' step in 'D:/cd4/project_4/project_4.sim/sim_2/behav/xsim'
"xvlog --incr --relax -prj complete_monitor_test_vlog.prj"
INFO: [VRFC 10-2263] Analyzing Verilog file "D:/cd3/exp3/exp14_source.v" into library xil_defaultlib
INFO: [VRFC 10-311] analyzing module adpt_in
INFO: [VRFC 10-311] analyzing module adpt_out
INFO: [VRFC 10-311] analyzing module adpt_out8
INFO: [VRFC 10-311] analyzing module adpt_out12
INFO: [VRFC 10-311] analyzing module adpt_out16
INFO: [VRFC 10-311] analyzing module adpt_out23
INFO: [VRFC 10-311] analyzing module and2
INFO: [VRFC 10-311] analyzing module not1
INFO: [VRFC 10-311] analyzing module addr_adpt
INFO: [VRFC 10-311] analyzing module UIR
INFO: [VRFC 10-311] analyzing module m74LS161
INFO: [VRFC 10-311] analyzing module rom1_256x24
INFO: [VRFC 10-311] analyzing module rom2_4Kx16
INFO: [VRFC 10-311] analyzing module adder4
INFO: [VRFC 10-311] analyzing module dff4
WARNING: [VRFC 10-9336] redeclaration of ANSI port 'Q3' is not allowed [D:/cd3/exp3/exp14_source.v:265]
INFO: [VRFC 10-311] analyzing module shifter
INFO: [VRFC 10-311] analyzing module carry_output_splitter
INFO: [VRFC 10-311] analyzing module the_12bit_to_3x4bit
INFO: [VRFC 10-311] analyzing module four_bit_checker
INFO: [VRFC 10-311] analyzing module or3_gate
INFO: [VRFC 10-311] analyzing module aggregator_12inputs_to_12bit_sync
INFO: [VRFC 10-311] analyzing module splitter_16bit_to_16outputs
INFO: [VRFC 10-311] analyzing module splitter_12bit_to_12outputs
INFO: [VRFC 10-311] analyzing module bus_slicer_16to12
INFO: [VRFC 10-311] analyzing module register_temp
INFO: [VRFC 10-311] analyzing module multiplier_8x8
INFO: [VRFC 10-311] analyzing module split_16to8
INFO: [VRFC 10-311] analyzing module splitter_16bit_16outputs
INFO: [VRFC 10-2263] Analyzing Verilog file "D:/cd3/exp3/74161.v" into library xil_defaultlib
INFO: [VRFC 10-311] analyzing module ic_74161
INFO: [VRFC 10-2263] Analyzing Verilog file "D:/cd3/exp3/ram.v" into library xil_defaultlib
INFO: [VRFC 10-311] analyzing module ram
INFO: [VRFC 10-2263] Analyzing Verilog file "D:/cd3/exp3/16bit_reg.v" into library xil_defaultlib
INFO: [VRFC 10-311] analyzing module register_16bit
INFO: [VRFC 10-2263] Analyzing Verilog file "D:/cd3/exp3/12bit_reg.v" into library xil_defaultlib
INFO: [VRFC 10-311] analyzing module register_12bit
INFO: [VRFC 10-2263] Analyzing Verilog file "D:/cd3/exp3/mix5to1.v" into library xil_defaultlib
INFO: [VRFC 10-311] analyzing module mux_5to1_16bit
INFO: [VRFC 10-2263] Analyzing Verilog file "D:/cd3/exp3/aggregator_4bit.v" into library xil_defaultlib
INFO: [VRFC 10-311] analyzing module aggregator_4bit
INFO: [VRFC 10-2263] Analyzing Verilog file "D:/cd3/exp3/74182.v" into library xil_defaultlib
INFO: [VRFC 10-311] analyzing module carry_lookahead_74182
INFO: [VRFC 10-2263] Analyzing Verilog file "D:/cd3/exp3/74181.v" into library xil_defaultlib
INFO: [VRFC 10-311] analyzing module alu_74181
INFO: [VRFC 10-2263] Analyzing Verilog file "D:/cd3/exp3/aggregate_4x4_to_16bit.v" into library xil_defaultlib
INFO: [VRFC 10-311] analyzing module aggregate_4x4_to_16bit
INFO: [VRFC 10-311] analyzing module adpt_out_16bit
INFO: [VRFC 10-2263] Analyzing Verilog file "D:/cd3/exp3/the_16bit_to_4x4bit.v" into library xil_defaultlib
INFO: [VRFC 10-311] analyzing module the_16bit_to_4x4bit
INFO: [VRFC 10-2263] Analyzing Verilog file "D:/cd3/exp3/not_gate.v" into library xil_defaultlib
INFO: [VRFC 10-311] analyzing module not_gate
INFO: [VRFC 10-2263] Analyzing Verilog file "D:/cd4/exp/plusv.v" into library xil_defaultlib
INFO: [VRFC 10-311] analyzing module mod5_timing_generator
INFO: [VRFC 10-311] analyzing module RTI
INFO: [VRFC 10-311] analyzing module control
INFO: [VRFC 10-2263] Analyzing Verilog file "D:/cd3/exp3/and_gate.v" into library xil_defaultlib
INFO: [VRFC 10-311] analyzing module and_gate
INFO: [VRFC 10-2263] Analyzing Verilog file "D:/cd4/project_4/project_4.ip_user_files/bd/design_3/ip/design_3_adpt_in_0_0/sim/design_3_adpt_in_0_0.v" into library xil_defaultlib
INFO: [VRFC 10-311] analyzing module design_3_adpt_in_0_0
INFO: [VRFC 10-2263] Analyzing Verilog file "D:/cd4/project_4/project_4.ip_user_files/bd/design_3/ip/design_3_xlconstant_0_1/sim/design_3_xlconstant_0_1.v" into library xil_defaultlib
INFO: [VRFC 10-311] analyzing module design_3_xlconstant_0_1
INFO: [VRFC 10-2263] Analyzing Verilog file "D:/cd4/project_4/project_4.ip_user_files/bd/design_3/ip/design_3_ic_74161_0_0/sim/design_3_ic_74161_0_0.v" into library xil_defaultlib
INFO: [VRFC 10-311] analyzing module design_3_ic_74161_0_0
INFO: [VRFC 10-2263] Analyzing Verilog file "D:/cd4/project_4/project_4.ip_user_files/bd/design_3/ip/design_3_ic_74161_1_0/sim/design_3_ic_74161_1_0.v" into library xil_defaultlib
INFO: [VRFC 10-311] analyzing module design_3_ic_74161_1_0
INFO: [VRFC 10-2263] Analyzing Verilog file "D:/cd4/project_4/project_4.ip_user_files/bd/design_3/ip/design_3_ic_74161_2_0/sim/design_3_ic_74161_2_0.v" into library xil_defaultlib
INFO: [VRFC 10-311] analyzing module design_3_ic_74161_2_0
INFO: [VRFC 10-2263] Analyzing Verilog file "D:/cd4/project_4/project_4.ip_user_files/bd/design_3/ip/design_3_xlconcat_0_0/sim/design_3_xlconcat_0_0.v" into library xil_defaultlib
INFO: [VRFC 10-311] analyzing module design_3_xlconcat_0_0
INFO: [VRFC 10-2263] Analyzing Verilog file "D:/cd4/project_4/project_4.ip_user_files/bd/design_3/ip/design_3_the_12bit_to_3x4bit_0_1/sim/design_3_the_12bit_to_3x4bit_0_1.v" into library xil_defaultlib
INFO: [VRFC 10-311] analyzing module design_3_the_12bit_to_3x4bit_0_1
INFO: [VRFC 10-2263] Analyzing Verilog file "D:/cd4/project_4/project_4.ip_user_files/bd/design_3/ip/design_3_ram_0_0/sim/design_3_ram_0_0.v" into library xil_defaultlib
INFO: [VRFC 10-311] analyzing module design_3_ram_0_0
INFO: [VRFC 10-2263] Analyzing Verilog file "D:/cd4/project_4/project_4.ip_user_files/bd/design_3/ip/design_3_register_16bit_0_0/sim/design_3_register_16bit_0_0.v" into library xil_defaultlib
INFO: [VRFC 10-311] analyzing module design_3_register_16bit_0_0
INFO: [VRFC 10-2263] Analyzing Verilog file "D:/cd4/project_4/project_4.ip_user_files/bd/design_3/ip/design_3_register_16bit_1_0/sim/design_3_register_16bit_1_0.v" into library xil_defaultlib
INFO: [VRFC 10-311] analyzing module design_3_register_16bit_1_0
INFO: [VRFC 10-2263] Analyzing Verilog file "D:/cd4/project_4/project_4.ip_user_files/bd/design_3/ip/design_3_register_16bit_2_0/sim/design_3_register_16bit_2_0.v" into library xil_defaultlib
INFO: [VRFC 10-311] analyzing module design_3_register_16bit_2_0
INFO: [VRFC 10-2263] Analyzing Verilog file "D:/cd4/project_4/project_4.ip_user_files/bd/design_3/ip/design_3_register_16bit_3_0/sim/design_3_register_16bit_3_0.v" into library xil_defaultlib
INFO: [VRFC 10-311] analyzing module design_3_register_16bit_3_0
INFO: [VRFC 10-2263] Analyzing Verilog file "D:/cd4/project_4/project_4.ip_user_files/bd/design_3/ip/design_3_register_16bit_4_0/sim/design_3_register_16bit_4_0.v" into library xil_defaultlib
INFO: [VRFC 10-311] analyzing module design_3_register_16bit_4_0
INFO: [VRFC 10-2263] Analyzing Verilog file "D:/cd4/project_4/project_4.ip_user_files/bd/design_3/ip/design_3_register_12bit_0_0/sim/design_3_register_12bit_0_0.v" into library xil_defaultlib
INFO: [VRFC 10-311] analyzing module design_3_register_12bit_0_0
INFO: [VRFC 10-2263] Analyzing Verilog file "D:/cd4/project_4/project_4.ip_user_files/bd/design_3/ip/design_3_register_16bit_3_1/sim/design_3_register_16bit_3_1.v" into library xil_defaultlib
INFO: [VRFC 10-311] analyzing module design_3_register_16bit_3_1
INFO: [VRFC 10-2263] Analyzing Verilog file "D:/cd4/project_4/project_4.ip_user_files/bd/design_3/ip/design_3_MDR_0/sim/design_3_MDR_0.v" into library xil_defaultlib
INFO: [VRFC 10-311] analyzing module design_3_MDR_0
INFO: [VRFC 10-2263] Analyzing Verilog file "D:/cd4/project_4/project_4.ip_user_files/bd/design_3/ip/design_3_register_16bit_0_1/sim/design_3_register_16bit_0_1.v" into library xil_defaultlib
INFO: [VRFC 10-311] analyzing module design_3_register_16bit_0_1
INFO: [VRFC 10-2263] Analyzing Verilog file "D:/cd4/project_4/project_4.ip_user_files/bd/design_3/ip/design_3_mux_5to1_16bit_0_0/sim/design_3_mux_5to1_16bit_0_0.v" into library xil_defaultlib
INFO: [VRFC 10-311] analyzing module design_3_mux_5to1_16bit_0_0
INFO: [VRFC 10-2263] Analyzing Verilog file "D:/cd4/project_4/project_4.ip_user_files/bd/design_3/ip/design_3_aggregator_4bit_0_1/sim/design_3_aggregator_4bit_0_1.v" into library xil_defaultlib
INFO: [VRFC 10-311] analyzing module design_3_aggregator_4bit_0_1
INFO: [VRFC 10-2263] Analyzing Verilog file "D:/cd4/project_4/project_4.ip_user_files/bd/design_3/ip/design_3_carry_lookahead_74182_0_0/sim/design_3_carry_lookahead_74182_0_0.v" into library xil_defaultlib
INFO: [VRFC 10-311] analyzing module design_3_carry_lookahead_74182_0_0
INFO: [VRFC 10-2263] Analyzing Verilog file "D:/cd4/project_4/project_4.ip_user_files/bd/design_3/ip/design_3_aggregator_4bit_1_0/sim/design_3_aggregator_4bit_1_0.v" into library xil_defaultlib
INFO: [VRFC 10-311] analyzing module design_3_aggregator_4bit_1_0
INFO: [VRFC 10-2263] Analyzing Verilog file "D:/cd4/project_4/project_4.ip_user_files/bd/design_3/ip/design_3_alu_74181_0_0/sim/design_3_alu_74181_0_0.v" into library xil_defaultlib
INFO: [VRFC 10-311] analyzing module design_3_alu_74181_0_0
INFO: [VRFC 10-2263] Analyzing Verilog file "D:/cd4/project_4/project_4.ip_user_files/bd/design_3/ip/design_3_alu_74181_1_0/sim/design_3_alu_74181_1_0.v" into library xil_defaultlib
INFO: [VRFC 10-311] analyzing module design_3_alu_74181_1_0
INFO: [VRFC 10-2263] Analyzing Verilog file "D:/cd4/project_4/project_4.ip_user_files/bd/design_3/ip/design_3_alu_74181_2_0/sim/design_3_alu_74181_2_0.v" into library xil_defaultlib
INFO: [VRFC 10-311] analyzing module design_3_alu_74181_2_0
INFO: [VRFC 10-2263] Analyzing Verilog file "D:/cd4/project_4/project_4.ip_user_files/bd/design_3/ip/design_3_aggregate_4x4_to_16b_0_0/sim/design_3_aggregate_4x4_to_16b_0_0.v" into library xil_defaultlib
INFO: [VRFC 10-311] analyzing module design_3_aggregate_4x4_to_16b_0_0
INFO: [VRFC 10-2263] Analyzing Verilog file "D:/cd4/project_4/project_4.ip_user_files/bd/design_3/ip/design_3_the_16bit_to_4x4bit_2_0/sim/design_3_the_16bit_to_4x4bit_2_0.v" into library xil_defaultlib
INFO: [VRFC 10-311] analyzing module design_3_the_16bit_to_4x4bit_2_0
INFO: [VRFC 10-2263] Analyzing Verilog file "D:/cd4/project_4/project_4.ip_user_files/bd/design_3/ip/design_3_the_16bit_to_4x4bit_0_1/sim/design_3_the_16bit_to_4x4bit_0_1.v" into library xil_defaultlib
INFO: [VRFC 10-311] analyzing module design_3_the_16bit_to_4x4bit_0_1
INFO: [VRFC 10-2263] Analyzing Verilog file "D:/cd4/project_4/project_4.ip_user_files/bd/design_3/ip/design_3_alu_74181_3_0/sim/design_3_alu_74181_3_0.v" into library xil_defaultlib
INFO: [VRFC 10-311] analyzing module design_3_alu_74181_3_0
INFO: [VRFC 10-2263] Analyzing Verilog file "D:/cd4/project_4/project_4.ip_user_files/bd/design_3/ip/design_3_carry_output_splitter_0_0/sim/design_3_carry_output_splitter_0_0.v" into library xil_defaultlib
INFO: [VRFC 10-311] analyzing module design_3_carry_output_splitter_0_0
INFO: [VRFC 10-2263] Analyzing Verilog file "D:/cd4/project_4/project_4.ip_user_files/bd/design_3/ip/design_3_not_gate_1_0/sim/design_3_not_gate_1_0.v" into library xil_defaultlib
INFO: [VRFC 10-311] analyzing module design_3_not_gate_1_0
INFO: [VRFC 10-2263] Analyzing Verilog file "D:/cd4/project_4/project_4.ip_user_files/bd/design_3/ip/design_3_bus_slicer_16to12_0_0/sim/design_3_bus_slicer_16to12_0_0.v" into library xil_defaultlib
INFO: [VRFC 10-311] analyzing module design_3_bus_slicer_16to12_0_0
INFO: [VRFC 10-2263] Analyzing Verilog file "D:/cd4/project_4/project_4.ip_user_files/bd/design_3/ip/design_3_multiplier_8x8_0_0/sim/design_3_multiplier_8x8_0_0.v" into library xil_defaultlib
INFO: [VRFC 10-311] analyzing module design_3_multiplier_8x8_0_0
INFO: [VRFC 10-2263] Analyzing Verilog file "D:/cd4/project_4/project_4.ip_user_files/bd/design_3/ip/design_3_split_16to8_0_0/sim/design_3_split_16to8_0_0.v" into library xil_defaultlib
INFO: [VRFC 10-311] analyzing module design_3_split_16to8_0_0
INFO: [VRFC 10-2263] Analyzing Verilog file "D:/cd4/project_4/project_4.ip_user_files/bd/design_3/ip/design_3_R0_0/sim/design_3_R0_0.v" into library xil_defaultlib
INFO: [VRFC 10-311] analyzing module design_3_R0_0
INFO: [VRFC 10-2263] Analyzing Verilog file "D:/cd4/project_4/project_4.ip_user_files/bd/design_3/ip/design_3_mod5_timing_generator_0_0/sim/design_3_mod5_timing_generator_0_0.v" into library xil_defaultlib
INFO: [VRFC 10-311] analyzing module design_3_mod5_timing_generator_0_0
INFO: [VRFC 10-2263] Analyzing Verilog file "D:/cd4/project_4/project_4.ip_user_files/bd/design_3/ip/design_3_not_gate_0_0/sim/design_3_not_gate_0_0.v" into library xil_defaultlib
INFO: [VRFC 10-311] analyzing module design_3_not_gate_0_0
INFO: [VRFC 10-2263] Analyzing Verilog file "D:/cd4/project_4/project_4.ip_user_files/bd/design_3/ip/design_3_RTI_0_0/sim/design_3_RTI_0_0.v" into library xil_defaultlib
INFO: [VRFC 10-311] analyzing module design_3_RTI_0_0
INFO: [VRFC 10-2263] Analyzing Verilog file "D:/cd4/project_4/project_4.ip_user_files/bd/design_3/ip/design_3_control_0_0/sim/design_3_control_0_0.v" into library xil_defaultlib
INFO: [VRFC 10-311] analyzing module design_3_control_0_0
INFO: [VRFC 10-2263] Analyzing Verilog file "D:/cd4/project_4/project_4.ip_user_files/bd/design_3/ip/design_3_not_gate_1_1/sim/design_3_not_gate_1_1.v" into library xil_defaultlib
INFO: [VRFC 10-311] analyzing module design_3_not_gate_1_1
INFO: [VRFC 10-2263] Analyzing Verilog file "D:/cd4/project_4/project_4.ip_user_files/bd/design_3/ip/design_3_and_gate_0_0/sim/design_3_and_gate_0_0.v" into library xil_defaultlib
INFO: [VRFC 10-311] analyzing module design_3_and_gate_0_0
INFO: [VRFC 10-2263] Analyzing Verilog file "D:/cd4/project_4/project_4.ip_user_files/bd/design_3/ip/design_3_and2_0_0/sim/design_3_and2_0_0.v" into library xil_defaultlib
INFO: [VRFC 10-311] analyzing module design_3_and2_0_0
INFO: [VRFC 10-2263] Analyzing Verilog file "D:/cd4/project_4/project_4.ip_user_files/bd/design_3/ip/design_3_aggregator_4bit_0_2/sim/design_3_aggregator_4bit_0_2.v" into library xil_defaultlib
INFO: [VRFC 10-311] analyzing module design_3_aggregator_4bit_0_2
INFO: [VRFC 10-2263] Analyzing Verilog file "D:/cd4/project_4/project_4.ip_user_files/bd/design_3/ip/design_3_splitter_16bit_16out_0_0/sim/design_3_splitter_16bit_16out_0_0.v" into library xil_defaultlib
INFO: [VRFC 10-311] analyzing module design_3_splitter_16bit_16out_0_0
INFO: [VRFC 10-2263] Analyzing Verilog file "D:/cd4/project_4/project_4.ip_user_files/bd/design_3/sim/design_3.v" into library xil_defaultlib
INFO: [VRFC 10-311] analyzing module ALU_imp_JZDUAB
INFO: [VRFC 10-311] analyzing module PC_imp_1MALNP6
INFO: [VRFC 10-311] analyzing module design_3
INFO: [VRFC 10-2263] Analyzing Verilog file "D:/cd3/design_3/hdl/design_3_wrapper.v" into library xil_defaultlib
INFO: [VRFC 10-311] analyzing module design_3_wrapper
INFO: [VRFC 10-2263] Analyzing Verilog file "D:/cd3/exp3/simple_core_test.v" into library xil_defaultlib
INFO: [VRFC 10-311] analyzing module complete_monitor_test
run_program: Time (s): cpu = 00:00:00 ; elapsed = 00:00:14 . Memory (MB): peak = 2792.605 ; gain = 0.000
INFO: [USF-XSim-69] 'compile' step finished in '15' seconds
INFO: [USF-XSim-3] XSim::Elaborate design
INFO: [USF-XSim-61] Executing 'ELABORATE' step in 'D:/cd4/project_4/project_4.sim/sim_2/behav/xsim'
"xelab --incr --debug typical --relax --mt 2 -L xil_defaultlib -L xlconstant_v1_1_9 -L xlconcat_v2_1_6 -L unisims_ver -L unimacro_ver -L secureip -L xpm --snapshot complete_monitor_test_behav xil_defaultlib.complete_monitor_test xil_defaultlib.glbl -log elaborate.log"
Vivado Simulator v2024.2.0
Copyright 1986-2022 Xilinx, Inc. All Rights Reserved.
Copyright 2022-2024 Advanced Micro Devices, Inc. All Rights Reserved.
Running: D:/Vivado/2024.2/bin/unwrapped/win64.o/xelab.exe --incr --debug typical --relax --mt 2 -L xil_defaultlib -L xlconstant_v1_1_9 -L xlconcat_v2_1_6 -L unisims_ver -L unimacro_ver -L secureip -L xpm --snapshot complete_monitor_test_behav xil_defaultlib.complete_monitor_test xil_defaultlib.glbl -log elaborate.log 
Using 2 slave threads.
Starting static elaboration
Pass Through NonSizing Optimizer
Completed static elaboration
Starting simulation data flow analysis
WARNING: [XSIM 43-4099] "D:/cd3/exp3/aggregate_4x4_to_16bit.v" Line 1. Module aggregate_4x4_to_16bit doesn't have a timescale but at least one module in design has a timescale.
WARNING: [XSIM 43-4099] "D:/cd3/exp3/aggregator_4bit.v" Line 1. Module aggregator_4bit doesn't have a timescale but at least one module in design has a timescale.
WARNING: [XSIM 43-4099] "D:/cd3/exp3/aggregator_4bit.v" Line 1. Module aggregator_4bit doesn't have a timescale but at least one module in design has a timescale.
WARNING: [XSIM 43-4099] "D:/cd3/exp3/74181.v" Line 1. Module alu_74181 doesn't have a timescale but at least one module in design has a timescale.
WARNING: [XSIM 43-4099] "D:/cd3/exp3/74181.v" Line 1. Module alu_74181 doesn't have a timescale but at least one module in design has a timescale.
WARNING: [XSIM 43-4099] "D:/cd3/exp3/74181.v" Line 1. Module alu_74181 doesn't have a timescale but at least one module in design has a timescale.
WARNING: [XSIM 43-4099] "D:/cd3/exp3/74181.v" Line 1. Module alu_74181 doesn't have a timescale but at least one module in design has a timescale.
WARNING: [XSIM 43-4099] "D:/cd3/exp3/74182.v" Line 1. Module carry_lookahead_74182 doesn't have a timescale but at least one module in design has a timescale.
WARNING: [XSIM 43-4099] "D:/cd3/exp3/exp14_source.v" Line 309. Module carry_output_splitter doesn't have a timescale but at least one module in design has a timescale.
WARNING: [XSIM 43-4099] "D:/cd3/exp3/not_gate.v" Line 1. Module not_gate doesn't have a timescale but at least one module in design has a timescale.
WARNING: [XSIM 43-4099] "D:/cd3/exp3/the_16bit_to_4x4bit.v" Line 1. Module the_16bit_to_4x4bit doesn't have a timescale but at least one module in design has a timescale.
WARNING: [XSIM 43-4099] "D:/cd3/exp3/the_16bit_to_4x4bit.v" Line 1. Module the_16bit_to_4x4bit doesn't have a timescale but at least one module in design has a timescale.
WARNING: [XSIM 43-4099] "D:/cd3/exp3/16bit_reg.v" Line 1. Module register_16bit doesn't have a timescale but at least one module in design has a timescale.
WARNING: [XSIM 43-4099] "D:/cd3/exp3/12bit_reg.v" Line 1. Module register_12bit doesn't have a timescale but at least one module in design has a timescale.
WARNING: [XSIM 43-4099] "D:/cd3/exp3/16bit_reg.v" Line 1. Module register_16bit doesn't have a timescale but at least one module in design has a timescale.
WARNING: [XSIM 43-4099] "D:/cd3/exp3/16bit_reg.v" Line 1. Module register_16bit doesn't have a timescale but at least one module in design has a timescale.
WARNING: [XSIM 43-4099] "D:/cd3/exp3/16bit_reg.v" Line 1. Module register_16bit doesn't have a timescale but at least one module in design has a timescale.
WARNING: [XSIM 43-4099] "D:/cd3/exp3/74161.v" Line 1. Module ic_74161 doesn't have a timescale but at least one module in design has a timescale.
WARNING: [XSIM 43-4099] "D:/cd3/exp3/74161.v" Line 1. Module ic_74161 doesn't have a timescale but at least one module in design has a timescale.
WARNING: [XSIM 43-4099] "D:/cd3/exp3/74161.v" Line 1. Module ic_74161 doesn't have a timescale but at least one module in design has a timescale.
WARNING: [XSIM 43-4099] "D:/cd3/exp3/exp14_source.v" Line 326. Module the_12bit_to_3x4bit doesn't have a timescale but at least one module in design has a timescale.
WARNING: [XSIM 43-4099] "D:/cd3/exp3/16bit_reg.v" Line 1. Module register_16bit doesn't have a timescale but at least one module in design has a timescale.
WARNING: [XSIM 43-4099] "D:/cd3/exp3/16bit_reg.v" Line 1. Module register_16bit doesn't have a timescale but at least one module in design has a timescale.
WARNING: [XSIM 43-4099] "D:/cd3/exp3/16bit_reg.v" Line 1. Module register_16bit doesn't have a timescale but at least one module in design has a timescale.
WARNING: [XSIM 43-4099] "D:/cd4/exp/plusv.v" Line 54. Module RTI doesn't have a timescale but at least one module in design has a timescale.
WARNING: [XSIM 43-4099] "D:/cd3/exp3/16bit_reg.v" Line 1. Module register_16bit doesn't have a timescale but at least one module in design has a timescale.
WARNING: [XSIM 43-4099] "D:/cd3/exp3/16bit_reg.v" Line 1. Module register_16bit doesn't have a timescale but at least one module in design has a timescale.
WARNING: [XSIM 43-4099] "D:/cd3/exp3/exp14_source.v" Line 1. Module adpt_in doesn't have a timescale but at least one module in design has a timescale.
WARNING: [XSIM 43-4099] "D:/cd3/exp3/aggregator_4bit.v" Line 1. Module aggregator_4bit doesn't have a timescale but at least one module in design has a timescale.
WARNING: [XSIM 43-4099] "D:/cd3/exp3/exp14_source.v" Line 76. Module and2 doesn't have a timescale but at least one module in design has a timescale.
WARNING: [XSIM 43-4099] "D:/cd3/exp3/and_gate.v" Line 1. Module and_gate doesn't have a timescale but at least one module in design has a timescale.
WARNING: [XSIM 43-4099] "D:/cd3/exp3/exp14_source.v" Line 459. Module bus_slicer_16to12 doesn't have a timescale but at least one module in design has a timescale.
WARNING: [XSIM 43-4099] "D:/cd4/exp/plusv.v" Line 83. Module control doesn't have a timescale but at least one module in design has a timescale.
WARNING: [XSIM 43-4099] "D:/cd4/exp/plusv.v" Line 1. Module mod5_timing_generator doesn't have a timescale but at least one module in design has a timescale.
WARNING: [XSIM 43-4099] "D:/cd3/exp3/exp14_source.v" Line 479. Module multiplier_8x8 doesn't have a timescale but at least one module in design has a timescale.
WARNING: [XSIM 43-4099] "D:/cd3/exp3/mix5to1.v" Line 1. Module mux_5to1_16bit doesn't have a timescale but at least one module in design has a timescale.
WARNING: [XSIM 43-4099] "D:/cd3/exp3/not_gate.v" Line 1. Module not_gate doesn't have a timescale but at least one module in design has a timescale.
WARNING: [XSIM 43-4099] "D:/cd3/exp3/not_gate.v" Line 1. Module not_gate doesn't have a timescale but at least one module in design has a timescale.
WARNING: [XSIM 43-4099] "D:/cd3/exp3/ram.v" Line 1. Module ram doesn't have a timescale but at least one module in design has a timescale.
WARNING: [XSIM 43-4099] "D:/cd3/exp3/exp14_source.v" Line 490. Module split_16to8 doesn't have a timescale but at least one module in design has a timescale.
WARNING: [XSIM 43-4099] "D:/cd3/exp3/exp14_source.v" Line 501. Module splitter_16bit_16outputs doesn't have a timescale but at least one module in design has a timescale.
WARNING: [XSIM 43-4099] "D:/cd3/exp3/aggregate_4x4_to_16bit.v" Line 1. Module aggregate_4x4_to_16bit doesn't have a timescale but at least one module in design has a timescale.
WARNING: [XSIM 43-4099] "D:/cd3/exp3/aggregator_4bit.v" Line 1. Module aggregator_4bit doesn't have a timescale but at least one module in design has a timescale.
WARNING: [XSIM 43-4099] "D:/cd3/exp3/aggregator_4bit.v" Line 1. Module aggregator_4bit doesn't have a timescale but at least one module in design has a timescale.
WARNING: [XSIM 43-4099] "D:/cd3/exp3/74181.v" Line 1. Module alu_74181 doesn't have a timescale but at least one module in design has a timescale.
WARNING: [XSIM 43-4099] "D:/cd3/exp3/74181.v" Line 1. Module alu_74181 doesn't have a timescale but at least one module in design has a timescale.
WARNING: [XSIM 43-4099] "D:/cd3/exp3/74181.v" Line 1. Module alu_74181 doesn't have a timescale but at least one module in design has a timescale.
WARNING: [XSIM 43-4099] "D:/cd3/exp3/74181.v" Line 1. Module alu_74181 doesn't have a timescale but at least one module in design has a timescale.
WARNING: [XSIM 43-4099] "D:/cd3/exp3/74182.v" Line 1. Module carry_lookahead_74182 doesn't have a timescale but at least one module in design has a timescale.
WARNING: [XSIM 43-4099] "D:/cd3/exp3/exp14_source.v" Line 309. Module carry_output_splitter doesn't have a timescale but at least one module in design has a timescale.
WARNING: [XSIM 43-4099] "D:/cd3/exp3/not_gate.v" Line 1. Module not_gate doesn't have a timescale but at least one module in design has a timescale.
WARNING: [XSIM 43-4099] "D:/cd3/exp3/the_16bit_to_4x4bit.v" Line 1. Module the_16bit_to_4x4bit doesn't have a timescale but at least one module in design has a timescale.
WARNING: [XSIM 43-4099] "D:/cd3/exp3/the_16bit_to_4x4bit.v" Line 1. Module the_16bit_to_4x4bit doesn't have a timescale but at least one module in design has a timescale.
WARNING: [XSIM 43-4099] "D:/cd3/exp3/16bit_reg.v" Line 1. Module register_16bit doesn't have a timescale but at least one module in design has a timescale.
WARNING: [XSIM 43-4099] "D:/cd3/exp3/12bit_reg.v" Line 1. Module register_12bit doesn't have a timescale but at least one module in design has a timescale.
WARNING: [XSIM 43-4099] "D:/cd3/exp3/16bit_reg.v" Line 1. Module register_16bit doesn't have a timescale but at least one module in design has a timescale.
WARNING: [XSIM 43-4099] "D:/cd3/exp3/16bit_reg.v" Line 1. Module register_16bit doesn't have a timescale but at least one module in design has a timescale.
WARNING: [XSIM 43-4099] "D:/cd3/exp3/16bit_reg.v" Line 1. Module register_16bit doesn't have a timescale but at least one module in design has a timescale.
WARNING: [XSIM 43-4099] "D:/cd3/exp3/74161.v" Line 1. Module ic_74161 doesn't have a timescale but at least one module in design has a timescale.
WARNING: [XSIM 43-4099] "D:/cd3/exp3/74161.v" Line 1. Module ic_74161 doesn't have a timescale but at least one module in design has a timescale.
WARNING: [XSIM 43-4099] "D:/cd3/exp3/74161.v" Line 1. Module ic_74161 doesn't have a timescale but at least one module in design has a timescale.
WARNING: [XSIM 43-4099] "D:/cd3/exp3/exp14_source.v" Line 326. Module the_12bit_to_3x4bit doesn't have a timescale but at least one module in design has a timescale.
WARNING: [XSIM 43-4099] "D:/cd3/exp3/16bit_reg.v" Line 1. Module register_16bit doesn't have a timescale but at least one module in design has a timescale.
WARNING: [XSIM 43-4099] "D:/cd3/exp3/16bit_reg.v" Line 1. Module register_16bit doesn't have a timescale but at least one module in design has a timescale.
WARNING: [XSIM 43-4099] "D:/cd3/exp3/16bit_reg.v" Line 1. Module register_16bit doesn't have a timescale but at least one module in design has a timescale.
WARNING: [XSIM 43-4099] "D:/cd4/exp/plusv.v" Line 54. Module RTI doesn't have a timescale but at least one module in design has a timescale.
WARNING: [XSIM 43-4099] "D:/cd3/exp3/16bit_reg.v" Line 1. Module register_16bit doesn't have a timescale but at least one module in design has a timescale.
WARNING: [XSIM 43-4099] "D:/cd3/exp3/16bit_reg.v" Line 1. Module register_16bit doesn't have a timescale but at least one module in design has a timescale.
WARNING: [XSIM 43-4099] "D:/cd3/exp3/exp14_source.v" Line 1. Module adpt_in doesn't have a timescale but at least one module in design has a timescale.
WARNING: [XSIM 43-4099] "D:/cd3/exp3/aggregator_4bit.v" Line 1. Module aggregator_4bit doesn't have a timescale but at least one module in design has a timescale.
WARNING: [XSIM 43-4099] "D:/cd3/exp3/exp14_source.v" Line 76. Module and2 doesn't have a timescale but at least one module in design has a timescale.
WARNING: [XSIM 43-4099] "D:/cd3/exp3/and_gate.v" Line 1. Module and_gate doesn't have a timescale but at least one module in design has a timescale.
WARNING: [XSIM 43-4099] "D:/cd3/exp3/exp14_source.v" Line 459. Module bus_slicer_16to12 doesn't have a timescale but at least one module in design has a timescale.
WARNING: [XSIM 43-4099] "D:/cd4/exp/plusv.v" Line 83. Module control doesn't have a timescale but at least one module in design has a timescale.
WARNING: [XSIM 43-4099] "D:/cd4/exp/plusv.v" Line 1. Module mod5_timing_generator doesn't have a timescale but at least one module in design has a timescale.
WARNING: [XSIM 43-4099] "D:/cd3/exp3/exp14_source.v" Line 479. Module multiplier_8x8 doesn't have a timescale but at least one module in design has a timescale.
WARNING: [XSIM 43-4099] "D:/cd3/exp3/mix5to1.v" Line 1. Module mux_5to1_16bit doesn't have a timescale but at least one module in design has a timescale.
WARNING: [XSIM 43-4099] "D:/cd3/exp3/not_gate.v" Line 1. Module not_gate doesn't have a timescale but at least one module in design has a timescale.
WARNING: [XSIM 43-4099] "D:/cd3/exp3/not_gate.v" Line 1. Module not_gate doesn't have a timescale but at least one module in design has a timescale.
WARNING: [XSIM 43-4099] "D:/cd3/exp3/ram.v" Line 1. Module ram doesn't have a timescale but at least one module in design has a timescale.
WARNING: [XSIM 43-4099] "D:/cd3/exp3/exp14_source.v" Line 490. Module split_16to8 doesn't have a timescale but at least one module in design has a timescale.
WARNING: [XSIM 43-4099] "D:/cd3/exp3/exp14_source.v" Line 501. Module splitter_16bit_16outputs doesn't have a timescale but at least one module in design has a timescale.
Completed simulation data flow analysis
Time Resolution for simulation is 1ps
Compiling module xil_defaultlib.aggregate_4x4_to_16bit
Compiling module xil_defaultlib.design_3_aggregate_4x4_to_16b_0_...
Compiling module xil_defaultlib.aggregator_4bit
Compiling module xil_defaultlib.design_3_aggregator_4bit_0_1
Compiling module xil_defaultlib.design_3_aggregator_4bit_1_0
Compiling module xil_defaultlib.alu_74181
Compiling module xil_defaultlib.design_3_alu_74181_0_0
Compiling module xil_defaultlib.design_3_alu_74181_1_0
Compiling module xil_defaultlib.design_3_alu_74181_2_0
Compiling module xil_defaultlib.design_3_alu_74181_3_0
Compiling module xil_defaultlib.carry_lookahead_74182
Compiling module xil_defaultlib.design_3_carry_lookahead_74182_0...
Compiling module xil_defaultlib.carry_output_splitter
Compiling module xil_defaultlib.design_3_carry_output_splitter_0...
Compiling module xil_defaultlib.not_gate
Compiling module xil_defaultlib.design_3_not_gate_1_0
Compiling module xil_defaultlib.the_16bit_to_4x4bit
Compiling module xil_defaultlib.design_3_the_16bit_to_4x4bit_0_1
Compiling module xil_defaultlib.design_3_the_16bit_to_4x4bit_2_0
Compiling module xil_defaultlib.ALU_imp_JZDUAB
Compiling module xil_defaultlib.register_16bit
Compiling module xil_defaultlib.design_3_register_16bit_0_1
Compiling module xil_defaultlib.register_12bit
Compiling module xil_defaultlib.design_3_register_12bit_0_0
Compiling module xil_defaultlib.design_3_register_16bit_3_1
Compiling module xil_defaultlib.design_3_MDR_0
Compiling module xil_defaultlib.design_3_R0_0
Compiling module xil_defaultlib.ic_74161
Compiling module xil_defaultlib.design_3_ic_74161_0_0
Compiling module xil_defaultlib.design_3_ic_74161_1_0
Compiling module xil_defaultlib.design_3_ic_74161_2_0
Compiling module xil_defaultlib.the_12bit_to_3x4bit
Compiling module xil_defaultlib.design_3_the_12bit_to_3x4bit_0_1
Compiling module xlconcat_v2_1_6.xlconcat_v2_1_6_xlconcat(IN0_WID...
Compiling module xil_defaultlib.design_3_xlconcat_0_0
Compiling module xil_defaultlib.PC_imp_1MALNP6
Compiling module xil_defaultlib.design_3_register_16bit_0_0
Compiling module xil_defaultlib.design_3_register_16bit_1_0
Compiling module xil_defaultlib.design_3_register_16bit_2_0
Compiling module xil_defaultlib.RTI
Compiling module xil_defaultlib.design_3_RTI_0_0
Compiling module xil_defaultlib.design_3_register_16bit_3_0
Compiling module xil_defaultlib.design_3_register_16bit_4_0
Compiling module xil_defaultlib.adpt_in
Compiling module xil_defaultlib.design_3_adpt_in_0_0
Compiling module xil_defaultlib.design_3_aggregator_4bit_0_2
Compiling module xil_defaultlib.and2
Compiling module xil_defaultlib.design_3_and2_0_0
Compiling module xil_defaultlib.and_gate
Compiling module xil_defaultlib.design_3_and_gate_0_0
Compiling module xil_defaultlib.bus_slicer_16to12
Compiling module xil_defaultlib.design_3_bus_slicer_16to12_0_0
Compiling module xil_defaultlib.control
Compiling module xil_defaultlib.design_3_control_0_0
Compiling module xil_defaultlib.mod5_timing_generator
Compiling module xil_defaultlib.design_3_mod5_timing_generator_0...
Compiling module xil_defaultlib.multiplier_8x8
Compiling module xil_defaultlib.design_3_multiplier_8x8_0_0
Compiling module xil_defaultlib.mux_5to1_16bit
Compiling module xil_defaultlib.design_3_mux_5to1_16bit_0_0
Compiling module xil_defaultlib.design_3_not_gate_0_0
Compiling module xil_defaultlib.design_3_not_gate_1_1
Compiling module xil_defaultlib.ram
Compiling module xil_defaultlib.design_3_ram_0_0
Compiling module xil_defaultlib.split_16to8
Compiling module xil_defaultlib.design_3_split_16to8_0_0
Compiling module xil_defaultlib.splitter_16bit_16outputs
Compiling module xil_defaultlib.design_3_splitter_16bit_16out_0_...
Compiling module xlconstant_v1_1_9.xlconstant_v1_1_9_xlconstant(CON...
Compiling module xil_defaultlib.design_3_xlconstant_0_1
Compiling module xil_defaultlib.design_3
Compiling module xil_defaultlib.design_3_wrapper
Compiling module xil_defaultlib.complete_monitor_test
Compiling module xil_defaultlib.glbl
Built simulation snapshot complete_monitor_test_behav
run_program: Time (s): cpu = 00:00:01 ; elapsed = 00:00:12 . Memory (MB): peak = 2792.605 ; gain = 0.000
INFO: [USF-XSim-69] 'elaborate' step finished in '12' seconds
INFO: [USF-XSim-4] XSim::Simulate design
INFO: [USF-XSim-61] Executing 'SIMULATE' step in 'D:/cd4/project_4/project_4.sim/sim_2/behav/xsim'
INFO: [USF-XSim-98] *** Running xsim
   with args "complete_monitor_test_behav -key {Behavioral:sim_2:Functional:complete_monitor_test} -tclbatch {complete_monitor_test.tcl} -protoinst "protoinst_files/design_3.protoinst" -log {simulate.log}"
INFO: [USF-XSim-8] Loading simulator feature
INFO: [Wavedata 42-565] Reading protoinst file protoinst_files/design_3.protoinst
Time resolution is 1 ps
source complete_monitor_test.tcl
# set curr_wave [current_wave_config]
# if { [string length $curr_wave] == 0 } {
#   if { [llength [get_objects]] > 0} {
#     add_wave /
#     set_property needs_save false [current_wave_config]
#   } else {
#      send_msg_id Add_Wave-1 WARNING "No top level signals found. Simulator will start without a wave window. If you want to open a wave window go to 'File->New Waveform Configuration' or type 'create_wave_config' in the TCL console."
#   }
# }
# run 1000ns
============== 完整监控测试 ==============
仿真时间: 20000 ns, 时钟周期: 10 ns
时间(ns)	复位	uPC		Crom		Bus		MAR
----------------------------------------------------------------
10000		0	0xzzz	0xzzzzzz	0x0000	0x000
100000		1	0xzzz	0xzzzzzz	0x0000	0x000 <- 复位释放
105000		1	0xzzz	0xzzzzzz	0x0000	0x000
205000		1	0xzzz	0xzzzzzz	0x0000	0x000
305000		1	0xzzz	0xzzzzzz	0x0000	0x000
405000		1	0xzzz	0xzzzzzz	0x0000	0x000
505000		1	0xzzz	0xzzzzzz	0x0000	0x000
605000		1	0xzzz	0xzzzzzz	0x0000	0x000
705000		1	0xzzz	0xzzzzzz	0x0000	0x000
805000		1	0xzzz	0xzzzzzz	0x0000	0x000
905000		1	0xzzz	0xzzzzzz	0x0000	0x000
INFO: [USF-XSim-96] XSim completed. Design snapshot 'complete_monitor_test_behav' loaded.
INFO: [USF-XSim-97] XSim simulation ran for 1000ns
launch_simulation: Time (s): cpu = 00:00:05 ; elapsed = 00:00:34 . Memory (MB): peak = 2792.605 ; gain = 0.000
WARNING: [filemgmt 56-199] Attempt to get parsing info during refresh. "On-the-fly" syntax checking information may be incorrect. [D:\cd3\exp3\simple_core_test.v:]
WARNING: [filemgmt 56-199] Attempt to get parsing info during refresh. "On-the-fly" syntax checking information may be incorrect. [D:\cd3\exp3\exp14_source.v:]
WARNING: [filemgmt 56-199] Attempt to get parsing info during refresh. "On-the-fly" syntax checking information may be incorrect. [D:\cd4\exp\plusv.v:]
WARNING: [filemgmt 56-199] Attempt to get parsing info during refresh. "On-the-fly" syntax checking information may be incorrect. [D:\cd3\exp3\exp14_source.v:]
WARNING: [filemgmt 56-199] Attempt to get parsing info during refresh. "On-the-fly" syntax checking information may be incorrect. [D:\cd3\exp3\exp14_source.v:]
WARNING: [filemgmt 56-199] Attempt to get parsing info during refresh. "On-the-fly" syntax checking information may be incorrect. [D:\cd3\exp3\simple_core_test.v:]
WARNING: [filemgmt 56-199] Attempt to get parsing info during refresh. "On-the-fly" syntax checking information may be incorrect. [D:\cd3\exp3\exp14_source.v:]
WARNING: [filemgmt 56-199] Attempt to get parsing info during refresh. "On-the-fly" syntax checking information may be incorrect. [D:\cd4\exp\plusv.v:]
WARNING: [filemgmt 56-199] Attempt to get parsing info during refresh. "On-the-fly" syntax checking information may be incorrect. [D:\cd4\exp\plusv.v:]
WARNING: [filemgmt 56-199] Attempt to get parsing info during refresh. "On-the-fly" syntax checking information may be incorrect. [D:\cd4\exp\plusv.v:]
ERROR: [Common 17-180] Spawn failed: No error
close_sim
INFO: [Simtcl 6-16] Simulation closed
create_bd_cell -type module -reference not_gate not_gate_2
delete_bd_objs [get_bd_nets LD_1]
connect_bd_net [get_bd_pins control_0/PCin] [get_bd_pins not_gate_2/a]
connect_bd_net [get_bd_pins not_gate_2/y] [get_bd_pins PC/LD]
save_bd_design
Wrote  : <D:\cd3\design_3\design_3.bd> 
Wrote  : <D:/cd3/design_3/ui/bd_205a0ed2.ui> 
generate_target Simulation [get_files D:/cd3/design_3/design_3.bd]
CRITICAL WARNING: [BD 41-1367] The port name 'out' of cell '/mux_5to1_16bit_0' is a reserved keyword in a Hardware Description Language. Please consider renaming the port.
CRITICAL WARNING: [BD 41-1367] The port name 'AND' of cell '/RTI_0' is a reserved keyword in a Hardware Description Language. Please consider renaming the port.
CRITICAL WARNING: [BD 41-1367] The port name 'OR' of cell '/RTI_0' is a reserved keyword in a Hardware Description Language. Please consider renaming the port.
CRITICAL WARNING: [BD 41-1367] The port name 'AND' of cell '/control_0' is a reserved keyword in a Hardware Description Language. Please consider renaming the port.
CRITICAL WARNING: [BD 41-1367] The port name 'OR' of cell '/control_0' is a reserved keyword in a Hardware Description Language. Please consider renaming the port.
CRITICAL WARNING: [BD 41-759] The input pins (listed below) are either not connected or do not have a source port, and they don't have a tie-off specified. These pins are tied-off to all 0's to avoid error in Implementation flow.
Please check your design and connect them as needed: 
/mux_5to1_16bit_0/selIR

Wrote  : <D:\cd3\design_3\design_3.bd> 
CRITICAL WARNING: [BD 41-2383] Width mismatch when connecting input pin '/mux_5to1_16bit_0/PC'(16) to pin '/PC/dout'(12) - Only lower order bits will be connected, and other input bits of this pin will be left unconnected.
Verilog Output written to : D:/cd3/design_3/synth/design_3.v
CRITICAL WARNING: [BD 41-2383] Width mismatch when connecting input pin '/mux_5to1_16bit_0/PC'(16) to pin '/PC/dout'(12) - Only lower order bits will be connected, and other input bits of this pin will be left unconnected.
Verilog Output written to : D:/cd3/design_3/sim/design_3.v
Verilog Output written to : D:/cd3/design_3/hdl/design_3_wrapper.v
INFO: [BD 41-1029] Generation completed for the IP Integrator block not_gate_2 .
Exporting to file D:/cd3/design_3/hw_handoff/design_3.hwh
Generated Hardware Definition File D:/cd3/design_3/synth/design_3.hwdef
export_ip_user_files -of_objects [get_files D:/cd3/design_3/design_3.bd] -no_script -sync -force -quiet
export_simulation -of_objects [get_files D:/cd3/design_3/design_3.bd] -directory D:/cd4/project_4/project_4.ip_user_files/sim_scripts -ip_user_files_dir D:/cd4/project_4/project_4.ip_user_files -ipstatic_source_dir D:/cd4/project_4/project_4.ip_user_files/ipstatic -lib_map_path [list {modelsim=D:/cd4/project_4/project_4.cache/compile_simlib/modelsim} {questa=D:/cd4/project_4/project_4.cache/compile_simlib/questa} {riviera=D:/cd4/project_4/project_4.cache/compile_simlib/riviera} {activehdl=D:/cd4/project_4/project_4.cache/compile_simlib/activehdl}] -use_ip_compiled_libs -force -quiet
launch_simulation -simset [get_filesets sim_2 ]
Command: launch_simulation  -simset sim_2
INFO: [Vivado 12-12493] Simulation top is 'complete_monitor_test'
WARNING: [Vivado 12-13340] Unable to auto find GCC executables from simulator install path! (path not set)
INFO: [Vivado 12-12490] The selected simulation model for 'design_3_not_gate_2_0' IP changed to 'rtl' from '', the simulation run directory will be deleted.
INFO: [Vivado 12-5698] Checking validity of IPs in the design for the 'XSim' simulator...
INFO: [Vivado 12-5682] Launching behavioral simulation in 'D:/cd4/project_4/project_4.sim/sim_2/behav/xsim'
INFO: [Vivado 12-13660] Precompiled IP simulation library mode is enabled (default). The design IP libraries will be referenced from the compiled library path. Please note that if the precompiled version of the library is not found from the path or the IP is in locked state, then the library source files for these IPs will be compiled locally as part of the compile order.
INFO: [Vivado 12-4795] Using compiled simulation libraries for IPs
INFO: [SIM-utils-51] Simulation object is 'sim_2'
INFO: [SIM-utils-72] Using boost library from 'D:/Vivado/2024.2/tps/boost_1_72_0'
INFO: [USF-XSim-7] Finding pre-compiled libraries...
INFO: [USF-XSim-11] File 'D:/Vivado/2024.2/data/xsim/xsim.ini' copied to run dir:'D:/cd4/project_4/project_4.sim/sim_2/behav/xsim'
INFO: [SIM-utils-54] Inspecting design source files for 'complete_monitor_test' in fileset 'sim_2'...
INFO: [USF-XSim-97] Finding global include files...
INFO: [USF-XSim-98] Fetching design files from 'sim_2'...
INFO: [USF-XSim-2] XSim::Compile design
INFO: [USF-XSim-61] Executing 'COMPILE and ANALYZE' step in 'D:/cd4/project_4/project_4.sim/sim_2/behav/xsim'
"xvlog --incr --relax -prj complete_monitor_test_vlog.prj"
INFO: [VRFC 10-2263] Analyzing Verilog file "D:/cd3/exp3/exp14_source.v" into library xil_defaultlib
INFO: [VRFC 10-311] analyzing module adpt_in
INFO: [VRFC 10-311] analyzing module adpt_out
INFO: [VRFC 10-311] analyzing module adpt_out8
INFO: [VRFC 10-311] analyzing module adpt_out12
INFO: [VRFC 10-311] analyzing module adpt_out16
INFO: [VRFC 10-311] analyzing module adpt_out23
INFO: [VRFC 10-311] analyzing module and2
INFO: [VRFC 10-311] analyzing module not1
INFO: [VRFC 10-311] analyzing module addr_adpt
INFO: [VRFC 10-311] analyzing module UIR
INFO: [VRFC 10-311] analyzing module m74LS161
INFO: [VRFC 10-311] analyzing module rom1_256x24
INFO: [VRFC 10-311] analyzing module rom2_4Kx16
INFO: [VRFC 10-311] analyzing module adder4
INFO: [VRFC 10-311] analyzing module dff4
WARNING: [VRFC 10-9336] redeclaration of ANSI port 'Q3' is not allowed [D:/cd3/exp3/exp14_source.v:265]
INFO: [VRFC 10-311] analyzing module shifter
INFO: [VRFC 10-311] analyzing module carry_output_splitter
INFO: [VRFC 10-311] analyzing module the_12bit_to_3x4bit
INFO: [VRFC 10-311] analyzing module four_bit_checker
INFO: [VRFC 10-311] analyzing module or3_gate
INFO: [VRFC 10-311] analyzing module aggregator_12inputs_to_12bit_sync
INFO: [VRFC 10-311] analyzing module splitter_16bit_to_16outputs
INFO: [VRFC 10-311] analyzing module splitter_12bit_to_12outputs
INFO: [VRFC 10-311] analyzing module bus_slicer_16to12
INFO: [VRFC 10-311] analyzing module register_temp
INFO: [VRFC 10-311] analyzing module multiplier_8x8
INFO: [VRFC 10-311] analyzing module split_16to8
INFO: [VRFC 10-311] analyzing module splitter_16bit_16outputs
INFO: [VRFC 10-2263] Analyzing Verilog file "D:/cd3/exp3/74161.v" into library xil_defaultlib
INFO: [VRFC 10-311] analyzing module ic_74161
INFO: [VRFC 10-2263] Analyzing Verilog file "D:/cd3/exp3/ram.v" into library xil_defaultlib
INFO: [VRFC 10-311] analyzing module ram
INFO: [VRFC 10-2263] Analyzing Verilog file "D:/cd3/exp3/16bit_reg.v" into library xil_defaultlib
INFO: [VRFC 10-311] analyzing module register_16bit
INFO: [VRFC 10-2263] Analyzing Verilog file "D:/cd3/exp3/12bit_reg.v" into library xil_defaultlib
INFO: [VRFC 10-311] analyzing module register_12bit
INFO: [VRFC 10-2263] Analyzing Verilog file "D:/cd3/exp3/mix5to1.v" into library xil_defaultlib
INFO: [VRFC 10-311] analyzing module mux_5to1_16bit
INFO: [VRFC 10-2263] Analyzing Verilog file "D:/cd3/exp3/aggregator_4bit.v" into library xil_defaultlib
INFO: [VRFC 10-311] analyzing module aggregator_4bit
INFO: [VRFC 10-2263] Analyzing Verilog file "D:/cd3/exp3/74182.v" into library xil_defaultlib
INFO: [VRFC 10-311] analyzing module carry_lookahead_74182
INFO: [VRFC 10-2263] Analyzing Verilog file "D:/cd3/exp3/74181.v" into library xil_defaultlib
INFO: [VRFC 10-311] analyzing module alu_74181
INFO: [VRFC 10-2263] Analyzing Verilog file "D:/cd3/exp3/aggregate_4x4_to_16bit.v" into library xil_defaultlib
INFO: [VRFC 10-311] analyzing module aggregate_4x4_to_16bit
INFO: [VRFC 10-311] analyzing module adpt_out_16bit
INFO: [VRFC 10-2263] Analyzing Verilog file "D:/cd3/exp3/the_16bit_to_4x4bit.v" into library xil_defaultlib
INFO: [VRFC 10-311] analyzing module the_16bit_to_4x4bit
INFO: [VRFC 10-2263] Analyzing Verilog file "D:/cd3/exp3/not_gate.v" into library xil_defaultlib
INFO: [VRFC 10-311] analyzing module not_gate
INFO: [VRFC 10-2263] Analyzing Verilog file "D:/cd4/exp/plusv.v" into library xil_defaultlib
INFO: [VRFC 10-311] analyzing module mod5_timing_generator
INFO: [VRFC 10-311] analyzing module RTI
INFO: [VRFC 10-311] analyzing module control
INFO: [VRFC 10-2263] Analyzing Verilog file "D:/cd3/exp3/and_gate.v" into library xil_defaultlib
INFO: [VRFC 10-311] analyzing module and_gate
INFO: [VRFC 10-2263] Analyzing Verilog file "D:/cd4/project_4/project_4.ip_user_files/bd/design_3/ip/design_3_adpt_in_0_0/sim/design_3_adpt_in_0_0.v" into library xil_defaultlib
INFO: [VRFC 10-311] analyzing module design_3_adpt_in_0_0
INFO: [VRFC 10-2263] Analyzing Verilog file "D:/cd4/project_4/project_4.ip_user_files/bd/design_3/ip/design_3_xlconstant_0_1/sim/design_3_xlconstant_0_1.v" into library xil_defaultlib
INFO: [VRFC 10-311] analyzing module design_3_xlconstant_0_1
INFO: [VRFC 10-2263] Analyzing Verilog file "D:/cd4/project_4/project_4.ip_user_files/bd/design_3/ip/design_3_ic_74161_0_0/sim/design_3_ic_74161_0_0.v" into library xil_defaultlib
INFO: [VRFC 10-311] analyzing module design_3_ic_74161_0_0
INFO: [VRFC 10-2263] Analyzing Verilog file "D:/cd4/project_4/project_4.ip_user_files/bd/design_3/ip/design_3_ic_74161_1_0/sim/design_3_ic_74161_1_0.v" into library xil_defaultlib
INFO: [VRFC 10-311] analyzing module design_3_ic_74161_1_0
INFO: [VRFC 10-2263] Analyzing Verilog file "D:/cd4/project_4/project_4.ip_user_files/bd/design_3/ip/design_3_ic_74161_2_0/sim/design_3_ic_74161_2_0.v" into library xil_defaultlib
INFO: [VRFC 10-311] analyzing module design_3_ic_74161_2_0
INFO: [VRFC 10-2263] Analyzing Verilog file "D:/cd4/project_4/project_4.ip_user_files/bd/design_3/ip/design_3_xlconcat_0_0/sim/design_3_xlconcat_0_0.v" into library xil_defaultlib
INFO: [VRFC 10-311] analyzing module design_3_xlconcat_0_0
INFO: [VRFC 10-2263] Analyzing Verilog file "D:/cd4/project_4/project_4.ip_user_files/bd/design_3/ip/design_3_the_12bit_to_3x4bit_0_1/sim/design_3_the_12bit_to_3x4bit_0_1.v" into library xil_defaultlib
INFO: [VRFC 10-311] analyzing module design_3_the_12bit_to_3x4bit_0_1
INFO: [VRFC 10-2263] Analyzing Verilog file "D:/cd4/project_4/project_4.ip_user_files/bd/design_3/ip/design_3_ram_0_0/sim/design_3_ram_0_0.v" into library xil_defaultlib
INFO: [VRFC 10-311] analyzing module design_3_ram_0_0
INFO: [VRFC 10-2263] Analyzing Verilog file "D:/cd4/project_4/project_4.ip_user_files/bd/design_3/ip/design_3_register_16bit_0_0/sim/design_3_register_16bit_0_0.v" into library xil_defaultlib
INFO: [VRFC 10-311] analyzing module design_3_register_16bit_0_0
INFO: [VRFC 10-2263] Analyzing Verilog file "D:/cd4/project_4/project_4.ip_user_files/bd/design_3/ip/design_3_register_16bit_1_0/sim/design_3_register_16bit_1_0.v" into library xil_defaultlib
INFO: [VRFC 10-311] analyzing module design_3_register_16bit_1_0
INFO: [VRFC 10-2263] Analyzing Verilog file "D:/cd4/project_4/project_4.ip_user_files/bd/design_3/ip/design_3_register_16bit_2_0/sim/design_3_register_16bit_2_0.v" into library xil_defaultlib
INFO: [VRFC 10-311] analyzing module design_3_register_16bit_2_0
INFO: [VRFC 10-2263] Analyzing Verilog file "D:/cd4/project_4/project_4.ip_user_files/bd/design_3/ip/design_3_register_16bit_3_0/sim/design_3_register_16bit_3_0.v" into library xil_defaultlib
INFO: [VRFC 10-311] analyzing module design_3_register_16bit_3_0
INFO: [VRFC 10-2263] Analyzing Verilog file "D:/cd4/project_4/project_4.ip_user_files/bd/design_3/ip/design_3_register_16bit_4_0/sim/design_3_register_16bit_4_0.v" into library xil_defaultlib
INFO: [VRFC 10-311] analyzing module design_3_register_16bit_4_0
INFO: [VRFC 10-2263] Analyzing Verilog file "D:/cd4/project_4/project_4.ip_user_files/bd/design_3/ip/design_3_register_12bit_0_0/sim/design_3_register_12bit_0_0.v" into library xil_defaultlib
INFO: [VRFC 10-311] analyzing module design_3_register_12bit_0_0
INFO: [VRFC 10-2263] Analyzing Verilog file "D:/cd4/project_4/project_4.ip_user_files/bd/design_3/ip/design_3_register_16bit_3_1/sim/design_3_register_16bit_3_1.v" into library xil_defaultlib
INFO: [VRFC 10-311] analyzing module design_3_register_16bit_3_1
INFO: [VRFC 10-2263] Analyzing Verilog file "D:/cd4/project_4/project_4.ip_user_files/bd/design_3/ip/design_3_MDR_0/sim/design_3_MDR_0.v" into library xil_defaultlib
INFO: [VRFC 10-311] analyzing module design_3_MDR_0
INFO: [VRFC 10-2263] Analyzing Verilog file "D:/cd4/project_4/project_4.ip_user_files/bd/design_3/ip/design_3_register_16bit_0_1/sim/design_3_register_16bit_0_1.v" into library xil_defaultlib
INFO: [VRFC 10-311] analyzing module design_3_register_16bit_0_1
INFO: [VRFC 10-2263] Analyzing Verilog file "D:/cd4/project_4/project_4.ip_user_files/bd/design_3/ip/design_3_mux_5to1_16bit_0_0/sim/design_3_mux_5to1_16bit_0_0.v" into library xil_defaultlib
INFO: [VRFC 10-311] analyzing module design_3_mux_5to1_16bit_0_0
INFO: [VRFC 10-2263] Analyzing Verilog file "D:/cd4/project_4/project_4.ip_user_files/bd/design_3/ip/design_3_aggregator_4bit_0_1/sim/design_3_aggregator_4bit_0_1.v" into library xil_defaultlib
INFO: [VRFC 10-311] analyzing module design_3_aggregator_4bit_0_1
INFO: [VRFC 10-2263] Analyzing Verilog file "D:/cd4/project_4/project_4.ip_user_files/bd/design_3/ip/design_3_carry_lookahead_74182_0_0/sim/design_3_carry_lookahead_74182_0_0.v" into library xil_defaultlib
INFO: [VRFC 10-311] analyzing module design_3_carry_lookahead_74182_0_0
INFO: [VRFC 10-2263] Analyzing Verilog file "D:/cd4/project_4/project_4.ip_user_files/bd/design_3/ip/design_3_aggregator_4bit_1_0/sim/design_3_aggregator_4bit_1_0.v" into library xil_defaultlib
INFO: [VRFC 10-311] analyzing module design_3_aggregator_4bit_1_0
INFO: [VRFC 10-2263] Analyzing Verilog file "D:/cd4/project_4/project_4.ip_user_files/bd/design_3/ip/design_3_alu_74181_0_0/sim/design_3_alu_74181_0_0.v" into library xil_defaultlib
INFO: [VRFC 10-311] analyzing module design_3_alu_74181_0_0
INFO: [VRFC 10-2263] Analyzing Verilog file "D:/cd4/project_4/project_4.ip_user_files/bd/design_3/ip/design_3_alu_74181_1_0/sim/design_3_alu_74181_1_0.v" into library xil_defaultlib
INFO: [VRFC 10-311] analyzing module design_3_alu_74181_1_0
INFO: [VRFC 10-2263] Analyzing Verilog file "D:/cd4/project_4/project_4.ip_user_files/bd/design_3/ip/design_3_alu_74181_2_0/sim/design_3_alu_74181_2_0.v" into library xil_defaultlib
INFO: [VRFC 10-311] analyzing module design_3_alu_74181_2_0
INFO: [VRFC 10-2263] Analyzing Verilog file "D:/cd4/project_4/project_4.ip_user_files/bd/design_3/ip/design_3_aggregate_4x4_to_16b_0_0/sim/design_3_aggregate_4x4_to_16b_0_0.v" into library xil_defaultlib
INFO: [VRFC 10-311] analyzing module design_3_aggregate_4x4_to_16b_0_0
INFO: [VRFC 10-2263] Analyzing Verilog file "D:/cd4/project_4/project_4.ip_user_files/bd/design_3/ip/design_3_the_16bit_to_4x4bit_2_0/sim/design_3_the_16bit_to_4x4bit_2_0.v" into library xil_defaultlib
INFO: [VRFC 10-311] analyzing module design_3_the_16bit_to_4x4bit_2_0
INFO: [VRFC 10-2263] Analyzing Verilog file "D:/cd4/project_4/project_4.ip_user_files/bd/design_3/ip/design_3_the_16bit_to_4x4bit_0_1/sim/design_3_the_16bit_to_4x4bit_0_1.v" into library xil_defaultlib
INFO: [VRFC 10-311] analyzing module design_3_the_16bit_to_4x4bit_0_1
INFO: [VRFC 10-2263] Analyzing Verilog file "D:/cd4/project_4/project_4.ip_user_files/bd/design_3/ip/design_3_alu_74181_3_0/sim/design_3_alu_74181_3_0.v" into library xil_defaultlib
INFO: [VRFC 10-311] analyzing module design_3_alu_74181_3_0
INFO: [VRFC 10-2263] Analyzing Verilog file "D:/cd4/project_4/project_4.ip_user_files/bd/design_3/ip/design_3_carry_output_splitter_0_0/sim/design_3_carry_output_splitter_0_0.v" into library xil_defaultlib
INFO: [VRFC 10-311] analyzing module design_3_carry_output_splitter_0_0
INFO: [VRFC 10-2263] Analyzing Verilog file "D:/cd4/project_4/project_4.ip_user_files/bd/design_3/ip/design_3_not_gate_1_0/sim/design_3_not_gate_1_0.v" into library xil_defaultlib
INFO: [VRFC 10-311] analyzing module design_3_not_gate_1_0
INFO: [VRFC 10-2263] Analyzing Verilog file "D:/cd4/project_4/project_4.ip_user_files/bd/design_3/ip/design_3_bus_slicer_16to12_0_0/sim/design_3_bus_slicer_16to12_0_0.v" into library xil_defaultlib
INFO: [VRFC 10-311] analyzing module design_3_bus_slicer_16to12_0_0
INFO: [VRFC 10-2263] Analyzing Verilog file "D:/cd4/project_4/project_4.ip_user_files/bd/design_3/ip/design_3_multiplier_8x8_0_0/sim/design_3_multiplier_8x8_0_0.v" into library xil_defaultlib
INFO: [VRFC 10-311] analyzing module design_3_multiplier_8x8_0_0
INFO: [VRFC 10-2263] Analyzing Verilog file "D:/cd4/project_4/project_4.ip_user_files/bd/design_3/ip/design_3_split_16to8_0_0/sim/design_3_split_16to8_0_0.v" into library xil_defaultlib
INFO: [VRFC 10-311] analyzing module design_3_split_16to8_0_0
INFO: [VRFC 10-2263] Analyzing Verilog file "D:/cd4/project_4/project_4.ip_user_files/bd/design_3/ip/design_3_R0_0/sim/design_3_R0_0.v" into library xil_defaultlib
INFO: [VRFC 10-311] analyzing module design_3_R0_0
INFO: [VRFC 10-2263] Analyzing Verilog file "D:/cd4/project_4/project_4.ip_user_files/bd/design_3/ip/design_3_mod5_timing_generator_0_0/sim/design_3_mod5_timing_generator_0_0.v" into library xil_defaultlib
INFO: [VRFC 10-311] analyzing module design_3_mod5_timing_generator_0_0
INFO: [VRFC 10-2263] Analyzing Verilog file "D:/cd4/project_4/project_4.ip_user_files/bd/design_3/ip/design_3_not_gate_0_0/sim/design_3_not_gate_0_0.v" into library xil_defaultlib
INFO: [VRFC 10-311] analyzing module design_3_not_gate_0_0
INFO: [VRFC 10-2263] Analyzing Verilog file "D:/cd4/project_4/project_4.ip_user_files/bd/design_3/ip/design_3_RTI_0_0/sim/design_3_RTI_0_0.v" into library xil_defaultlib
INFO: [VRFC 10-311] analyzing module design_3_RTI_0_0
INFO: [VRFC 10-2263] Analyzing Verilog file "D:/cd4/project_4/project_4.ip_user_files/bd/design_3/ip/design_3_control_0_0/sim/design_3_control_0_0.v" into library xil_defaultlib
INFO: [VRFC 10-311] analyzing module design_3_control_0_0
INFO: [VRFC 10-2263] Analyzing Verilog file "D:/cd4/project_4/project_4.ip_user_files/bd/design_3/ip/design_3_not_gate_1_1/sim/design_3_not_gate_1_1.v" into library xil_defaultlib
INFO: [VRFC 10-311] analyzing module design_3_not_gate_1_1
INFO: [VRFC 10-2263] Analyzing Verilog file "D:/cd4/project_4/project_4.ip_user_files/bd/design_3/ip/design_3_and_gate_0_0/sim/design_3_and_gate_0_0.v" into library xil_defaultlib
INFO: [VRFC 10-311] analyzing module design_3_and_gate_0_0
INFO: [VRFC 10-2263] Analyzing Verilog file "D:/cd4/project_4/project_4.ip_user_files/bd/design_3/ip/design_3_and2_0_0/sim/design_3_and2_0_0.v" into library xil_defaultlib
INFO: [VRFC 10-311] analyzing module design_3_and2_0_0
INFO: [VRFC 10-2263] Analyzing Verilog file "D:/cd4/project_4/project_4.ip_user_files/bd/design_3/ip/design_3_aggregator_4bit_0_2/sim/design_3_aggregator_4bit_0_2.v" into library xil_defaultlib
INFO: [VRFC 10-311] analyzing module design_3_aggregator_4bit_0_2
INFO: [VRFC 10-2263] Analyzing Verilog file "D:/cd4/project_4/project_4.ip_user_files/bd/design_3/ip/design_3_splitter_16bit_16out_0_0/sim/design_3_splitter_16bit_16out_0_0.v" into library xil_defaultlib
INFO: [VRFC 10-311] analyzing module design_3_splitter_16bit_16out_0_0
INFO: [VRFC 10-2263] Analyzing Verilog file "D:/cd4/project_4/project_4.ip_user_files/bd/design_3/sim/design_3.v" into library xil_defaultlib
INFO: [VRFC 10-311] analyzing module ALU_imp_JZDUAB
INFO: [VRFC 10-311] analyzing module PC_imp_1MALNP6
INFO: [VRFC 10-311] analyzing module design_3
INFO: [VRFC 10-2263] Analyzing Verilog file "D:/cd4/project_4/project_4.ip_user_files/bd/design_3/ip/design_3_not_gate_2_0/sim/design_3_not_gate_2_0.v" into library xil_defaultlib
INFO: [VRFC 10-311] analyzing module design_3_not_gate_2_0
INFO: [VRFC 10-2263] Analyzing Verilog file "D:/cd3/design_3/hdl/design_3_wrapper.v" into library xil_defaultlib
INFO: [VRFC 10-311] analyzing module design_3_wrapper
INFO: [VRFC 10-2263] Analyzing Verilog file "D:/cd3/exp3/simple_core_test.v" into library xil_defaultlib
INFO: [VRFC 10-311] analyzing module complete_monitor_test
INFO: [VRFC 10-2263] Analyzing Verilog file "D:/cd4/project_4/project_4.sim/sim_2/behav/xsim/glbl.v" into library xil_defaultlib
INFO: [VRFC 10-311] analyzing module glbl
run_program: Time (s): cpu = 00:00:00 ; elapsed = 00:00:14 . Memory (MB): peak = 2796.312 ; gain = 0.000
INFO: [USF-XSim-69] 'compile' step finished in '14' seconds
INFO: [USF-XSim-3] XSim::Elaborate design
INFO: [USF-XSim-61] Executing 'ELABORATE' step in 'D:/cd4/project_4/project_4.sim/sim_2/behav/xsim'
"xelab --incr --debug typical --relax --mt 2 -L xil_defaultlib -L xlconstant_v1_1_9 -L xlconcat_v2_1_6 -L unisims_ver -L unimacro_ver -L secureip -L xpm --snapshot complete_monitor_test_behav xil_defaultlib.complete_monitor_test xil_defaultlib.glbl -log elaborate.log"
Vivado Simulator v2024.2.0
Copyright 1986-2022 Xilinx, Inc. All Rights Reserved.
Copyright 2022-2024 Advanced Micro Devices, Inc. All Rights Reserved.
Running: D:/Vivado/2024.2/bin/unwrapped/win64.o/xelab.exe --incr --debug typical --relax --mt 2 -L xil_defaultlib -L xlconstant_v1_1_9 -L xlconcat_v2_1_6 -L unisims_ver -L unimacro_ver -L secureip -L xpm --snapshot complete_monitor_test_behav xil_defaultlib.complete_monitor_test xil_defaultlib.glbl -log elaborate.log 
Using 2 slave threads.
Starting static elaboration
Pass Through NonSizing Optimizer
Completed static elaboration
Starting simulation data flow analysis
WARNING: [XSIM 43-4099] "D:/cd3/exp3/aggregate_4x4_to_16bit.v" Line 1. Module aggregate_4x4_to_16bit doesn't have a timescale but at least one module in design has a timescale.
WARNING: [XSIM 43-4099] "D:/cd3/exp3/aggregator_4bit.v" Line 1. Module aggregator_4bit doesn't have a timescale but at least one module in design has a timescale.
WARNING: [XSIM 43-4099] "D:/cd3/exp3/aggregator_4bit.v" Line 1. Module aggregator_4bit doesn't have a timescale but at least one module in design has a timescale.
WARNING: [XSIM 43-4099] "D:/cd3/exp3/74181.v" Line 1. Module alu_74181 doesn't have a timescale but at least one module in design has a timescale.
WARNING: [XSIM 43-4099] "D:/cd3/exp3/74181.v" Line 1. Module alu_74181 doesn't have a timescale but at least one module in design has a timescale.
WARNING: [XSIM 43-4099] "D:/cd3/exp3/74181.v" Line 1. Module alu_74181 doesn't have a timescale but at least one module in design has a timescale.
WARNING: [XSIM 43-4099] "D:/cd3/exp3/74181.v" Line 1. Module alu_74181 doesn't have a timescale but at least one module in design has a timescale.
WARNING: [XSIM 43-4099] "D:/cd3/exp3/74182.v" Line 1. Module carry_lookahead_74182 doesn't have a timescale but at least one module in design has a timescale.
WARNING: [XSIM 43-4099] "D:/cd3/exp3/exp14_source.v" Line 309. Module carry_output_splitter doesn't have a timescale but at least one module in design has a timescale.
WARNING: [XSIM 43-4099] "D:/cd3/exp3/not_gate.v" Line 1. Module not_gate doesn't have a timescale but at least one module in design has a timescale.
WARNING: [XSIM 43-4099] "D:/cd3/exp3/the_16bit_to_4x4bit.v" Line 1. Module the_16bit_to_4x4bit doesn't have a timescale but at least one module in design has a timescale.
WARNING: [XSIM 43-4099] "D:/cd3/exp3/the_16bit_to_4x4bit.v" Line 1. Module the_16bit_to_4x4bit doesn't have a timescale but at least one module in design has a timescale.
WARNING: [XSIM 43-4099] "D:/cd3/exp3/16bit_reg.v" Line 1. Module register_16bit doesn't have a timescale but at least one module in design has a timescale.
WARNING: [XSIM 43-4099] "D:/cd3/exp3/12bit_reg.v" Line 1. Module register_12bit doesn't have a timescale but at least one module in design has a timescale.
WARNING: [XSIM 43-4099] "D:/cd3/exp3/16bit_reg.v" Line 1. Module register_16bit doesn't have a timescale but at least one module in design has a timescale.
WARNING: [XSIM 43-4099] "D:/cd3/exp3/16bit_reg.v" Line 1. Module register_16bit doesn't have a timescale but at least one module in design has a timescale.
WARNING: [XSIM 43-4099] "D:/cd3/exp3/16bit_reg.v" Line 1. Module register_16bit doesn't have a timescale but at least one module in design has a timescale.
WARNING: [XSIM 43-4099] "D:/cd3/exp3/74161.v" Line 1. Module ic_74161 doesn't have a timescale but at least one module in design has a timescale.
WARNING: [XSIM 43-4099] "D:/cd3/exp3/74161.v" Line 1. Module ic_74161 doesn't have a timescale but at least one module in design has a timescale.
WARNING: [XSIM 43-4099] "D:/cd3/exp3/74161.v" Line 1. Module ic_74161 doesn't have a timescale but at least one module in design has a timescale.
WARNING: [XSIM 43-4099] "D:/cd3/exp3/exp14_source.v" Line 326. Module the_12bit_to_3x4bit doesn't have a timescale but at least one module in design has a timescale.
WARNING: [XSIM 43-4099] "D:/cd3/exp3/16bit_reg.v" Line 1. Module register_16bit doesn't have a timescale but at least one module in design has a timescale.
WARNING: [XSIM 43-4099] "D:/cd3/exp3/16bit_reg.v" Line 1. Module register_16bit doesn't have a timescale but at least one module in design has a timescale.
WARNING: [XSIM 43-4099] "D:/cd3/exp3/16bit_reg.v" Line 1. Module register_16bit doesn't have a timescale but at least one module in design has a timescale.
WARNING: [XSIM 43-4099] "D:/cd4/exp/plusv.v" Line 54. Module RTI doesn't have a timescale but at least one module in design has a timescale.
WARNING: [XSIM 43-4099] "D:/cd3/exp3/16bit_reg.v" Line 1. Module register_16bit doesn't have a timescale but at least one module in design has a timescale.
WARNING: [XSIM 43-4099] "D:/cd3/exp3/16bit_reg.v" Line 1. Module register_16bit doesn't have a timescale but at least one module in design has a timescale.
WARNING: [XSIM 43-4099] "D:/cd3/exp3/exp14_source.v" Line 1. Module adpt_in doesn't have a timescale but at least one module in design has a timescale.
WARNING: [XSIM 43-4099] "D:/cd3/exp3/aggregator_4bit.v" Line 1. Module aggregator_4bit doesn't have a timescale but at least one module in design has a timescale.
WARNING: [XSIM 43-4099] "D:/cd3/exp3/exp14_source.v" Line 76. Module and2 doesn't have a timescale but at least one module in design has a timescale.
WARNING: [XSIM 43-4099] "D:/cd3/exp3/and_gate.v" Line 1. Module and_gate doesn't have a timescale but at least one module in design has a timescale.
WARNING: [XSIM 43-4099] "D:/cd3/exp3/exp14_source.v" Line 459. Module bus_slicer_16to12 doesn't have a timescale but at least one module in design has a timescale.
WARNING: [XSIM 43-4099] "D:/cd4/exp/plusv.v" Line 83. Module control doesn't have a timescale but at least one module in design has a timescale.
WARNING: [XSIM 43-4099] "D:/cd4/exp/plusv.v" Line 1. Module mod5_timing_generator doesn't have a timescale but at least one module in design has a timescale.
WARNING: [XSIM 43-4099] "D:/cd3/exp3/exp14_source.v" Line 479. Module multiplier_8x8 doesn't have a timescale but at least one module in design has a timescale.
WARNING: [XSIM 43-4099] "D:/cd3/exp3/mix5to1.v" Line 1. Module mux_5to1_16bit doesn't have a timescale but at least one module in design has a timescale.
WARNING: [XSIM 43-4099] "D:/cd3/exp3/not_gate.v" Line 1. Module not_gate doesn't have a timescale but at least one module in design has a timescale.
WARNING: [XSIM 43-4099] "D:/cd3/exp3/not_gate.v" Line 1. Module not_gate doesn't have a timescale but at least one module in design has a timescale.
WARNING: [XSIM 43-4099] "D:/cd3/exp3/not_gate.v" Line 1. Module not_gate doesn't have a timescale but at least one module in design has a timescale.
WARNING: [XSIM 43-4099] "D:/cd3/exp3/ram.v" Line 1. Module ram doesn't have a timescale but at least one module in design has a timescale.
WARNING: [XSIM 43-4099] "D:/cd3/exp3/exp14_source.v" Line 490. Module split_16to8 doesn't have a timescale but at least one module in design has a timescale.
WARNING: [XSIM 43-4099] "D:/cd3/exp3/exp14_source.v" Line 501. Module splitter_16bit_16outputs doesn't have a timescale but at least one module in design has a timescale.
WARNING: [XSIM 43-4099] "D:/cd3/exp3/aggregate_4x4_to_16bit.v" Line 1. Module aggregate_4x4_to_16bit doesn't have a timescale but at least one module in design has a timescale.
WARNING: [XSIM 43-4099] "D:/cd3/exp3/aggregator_4bit.v" Line 1. Module aggregator_4bit doesn't have a timescale but at least one module in design has a timescale.
WARNING: [XSIM 43-4099] "D:/cd3/exp3/aggregator_4bit.v" Line 1. Module aggregator_4bit doesn't have a timescale but at least one module in design has a timescale.
WARNING: [XSIM 43-4099] "D:/cd3/exp3/74181.v" Line 1. Module alu_74181 doesn't have a timescale but at least one module in design has a timescale.
WARNING: [XSIM 43-4099] "D:/cd3/exp3/74181.v" Line 1. Module alu_74181 doesn't have a timescale but at least one module in design has a timescale.
WARNING: [XSIM 43-4099] "D:/cd3/exp3/74181.v" Line 1. Module alu_74181 doesn't have a timescale but at least one module in design has a timescale.
WARNING: [XSIM 43-4099] "D:/cd3/exp3/74181.v" Line 1. Module alu_74181 doesn't have a timescale but at least one module in design has a timescale.
WARNING: [XSIM 43-4099] "D:/cd3/exp3/74182.v" Line 1. Module carry_lookahead_74182 doesn't have a timescale but at least one module in design has a timescale.
WARNING: [XSIM 43-4099] "D:/cd3/exp3/exp14_source.v" Line 309. Module carry_output_splitter doesn't have a timescale but at least one module in design has a timescale.
WARNING: [XSIM 43-4099] "D:/cd3/exp3/not_gate.v" Line 1. Module not_gate doesn't have a timescale but at least one module in design has a timescale.
WARNING: [XSIM 43-4099] "D:/cd3/exp3/the_16bit_to_4x4bit.v" Line 1. Module the_16bit_to_4x4bit doesn't have a timescale but at least one module in design has a timescale.
WARNING: [XSIM 43-4099] "D:/cd3/exp3/the_16bit_to_4x4bit.v" Line 1. Module the_16bit_to_4x4bit doesn't have a timescale but at least one module in design has a timescale.
WARNING: [XSIM 43-4099] "D:/cd3/exp3/16bit_reg.v" Line 1. Module register_16bit doesn't have a timescale but at least one module in design has a timescale.
WARNING: [XSIM 43-4099] "D:/cd3/exp3/12bit_reg.v" Line 1. Module register_12bit doesn't have a timescale but at least one module in design has a timescale.
WARNING: [XSIM 43-4099] "D:/cd3/exp3/16bit_reg.v" Line 1. Module register_16bit doesn't have a timescale but at least one module in design has a timescale.
WARNING: [XSIM 43-4099] "D:/cd3/exp3/16bit_reg.v" Line 1. Module register_16bit doesn't have a timescale but at least one module in design has a timescale.
WARNING: [XSIM 43-4099] "D:/cd3/exp3/16bit_reg.v" Line 1. Module register_16bit doesn't have a timescale but at least one module in design has a timescale.
WARNING: [XSIM 43-4099] "D:/cd3/exp3/74161.v" Line 1. Module ic_74161 doesn't have a timescale but at least one module in design has a timescale.
WARNING: [XSIM 43-4099] "D:/cd3/exp3/74161.v" Line 1. Module ic_74161 doesn't have a timescale but at least one module in design has a timescale.
WARNING: [XSIM 43-4099] "D:/cd3/exp3/74161.v" Line 1. Module ic_74161 doesn't have a timescale but at least one module in design has a timescale.
WARNING: [XSIM 43-4099] "D:/cd3/exp3/exp14_source.v" Line 326. Module the_12bit_to_3x4bit doesn't have a timescale but at least one module in design has a timescale.
WARNING: [XSIM 43-4099] "D:/cd3/exp3/16bit_reg.v" Line 1. Module register_16bit doesn't have a timescale but at least one module in design has a timescale.
WARNING: [XSIM 43-4099] "D:/cd3/exp3/16bit_reg.v" Line 1. Module register_16bit doesn't have a timescale but at least one module in design has a timescale.
WARNING: [XSIM 43-4099] "D:/cd3/exp3/16bit_reg.v" Line 1. Module register_16bit doesn't have a timescale but at least one module in design has a timescale.
WARNING: [XSIM 43-4099] "D:/cd4/exp/plusv.v" Line 54. Module RTI doesn't have a timescale but at least one module in design has a timescale.
WARNING: [XSIM 43-4099] "D:/cd3/exp3/16bit_reg.v" Line 1. Module register_16bit doesn't have a timescale but at least one module in design has a timescale.
WARNING: [XSIM 43-4099] "D:/cd3/exp3/16bit_reg.v" Line 1. Module register_16bit doesn't have a timescale but at least one module in design has a timescale.
WARNING: [XSIM 43-4099] "D:/cd3/exp3/exp14_source.v" Line 1. Module adpt_in doesn't have a timescale but at least one module in design has a timescale.
WARNING: [XSIM 43-4099] "D:/cd3/exp3/aggregator_4bit.v" Line 1. Module aggregator_4bit doesn't have a timescale but at least one module in design has a timescale.
WARNING: [XSIM 43-4099] "D:/cd3/exp3/exp14_source.v" Line 76. Module and2 doesn't have a timescale but at least one module in design has a timescale.
WARNING: [XSIM 43-4099] "D:/cd3/exp3/and_gate.v" Line 1. Module and_gate doesn't have a timescale but at least one module in design has a timescale.
WARNING: [XSIM 43-4099] "D:/cd3/exp3/exp14_source.v" Line 459. Module bus_slicer_16to12 doesn't have a timescale but at least one module in design has a timescale.
WARNING: [XSIM 43-4099] "D:/cd4/exp/plusv.v" Line 83. Module control doesn't have a timescale but at least one module in design has a timescale.
WARNING: [XSIM 43-4099] "D:/cd4/exp/plusv.v" Line 1. Module mod5_timing_generator doesn't have a timescale but at least one module in design has a timescale.
WARNING: [XSIM 43-4099] "D:/cd3/exp3/exp14_source.v" Line 479. Module multiplier_8x8 doesn't have a timescale but at least one module in design has a timescale.
WARNING: [XSIM 43-4099] "D:/cd3/exp3/mix5to1.v" Line 1. Module mux_5to1_16bit doesn't have a timescale but at least one module in design has a timescale.
WARNING: [XSIM 43-4099] "D:/cd3/exp3/not_gate.v" Line 1. Module not_gate doesn't have a timescale but at least one module in design has a timescale.
WARNING: [XSIM 43-4099] "D:/cd3/exp3/not_gate.v" Line 1. Module not_gate doesn't have a timescale but at least one module in design has a timescale.
WARNING: [XSIM 43-4099] "D:/cd3/exp3/not_gate.v" Line 1. Module not_gate doesn't have a timescale but at least one module in design has a timescale.
WARNING: [XSIM 43-4099] "D:/cd3/exp3/ram.v" Line 1. Module ram doesn't have a timescale but at least one module in design has a timescale.
WARNING: [XSIM 43-4099] "D:/cd3/exp3/exp14_source.v" Line 490. Module split_16to8 doesn't have a timescale but at least one module in design has a timescale.
WARNING: [XSIM 43-4099] "D:/cd3/exp3/exp14_source.v" Line 501. Module splitter_16bit_16outputs doesn't have a timescale but at least one module in design has a timescale.
Completed simulation data flow analysis
Time Resolution for simulation is 1ps
Compiling module xil_defaultlib.aggregate_4x4_to_16bit
Compiling module xil_defaultlib.design_3_aggregate_4x4_to_16b_0_...
Compiling module xil_defaultlib.aggregator_4bit
Compiling module xil_defaultlib.design_3_aggregator_4bit_0_1
Compiling module xil_defaultlib.design_3_aggregator_4bit_1_0
Compiling module xil_defaultlib.alu_74181
Compiling module xil_defaultlib.design_3_alu_74181_0_0
Compiling module xil_defaultlib.design_3_alu_74181_1_0
Compiling module xil_defaultlib.design_3_alu_74181_2_0
Compiling module xil_defaultlib.design_3_alu_74181_3_0
Compiling module xil_defaultlib.carry_lookahead_74182
Compiling module xil_defaultlib.design_3_carry_lookahead_74182_0...
Compiling module xil_defaultlib.carry_output_splitter
Compiling module xil_defaultlib.design_3_carry_output_splitter_0...
Compiling module xil_defaultlib.not_gate
Compiling module xil_defaultlib.design_3_not_gate_1_0
Compiling module xil_defaultlib.the_16bit_to_4x4bit
Compiling module xil_defaultlib.design_3_the_16bit_to_4x4bit_0_1
Compiling module xil_defaultlib.design_3_the_16bit_to_4x4bit_2_0
Compiling module xil_defaultlib.ALU_imp_JZDUAB
Compiling module xil_defaultlib.register_16bit
Compiling module xil_defaultlib.design_3_register_16bit_0_1
Compiling module xil_defaultlib.register_12bit
Compiling module xil_defaultlib.design_3_register_12bit_0_0
Compiling module xil_defaultlib.design_3_register_16bit_3_1
Compiling module xil_defaultlib.design_3_MDR_0
Compiling module xil_defaultlib.design_3_R0_0
Compiling module xil_defaultlib.ic_74161
Compiling module xil_defaultlib.design_3_ic_74161_0_0
Compiling module xil_defaultlib.design_3_ic_74161_1_0
Compiling module xil_defaultlib.design_3_ic_74161_2_0
Compiling module xil_defaultlib.the_12bit_to_3x4bit
Compiling module xil_defaultlib.design_3_the_12bit_to_3x4bit_0_1
Compiling module xlconcat_v2_1_6.xlconcat_v2_1_6_xlconcat(IN0_WID...
Compiling module xil_defaultlib.design_3_xlconcat_0_0
Compiling module xil_defaultlib.PC_imp_1MALNP6
Compiling module xil_defaultlib.design_3_register_16bit_0_0
Compiling module xil_defaultlib.design_3_register_16bit_1_0
Compiling module xil_defaultlib.design_3_register_16bit_2_0
Compiling module xil_defaultlib.RTI
Compiling module xil_defaultlib.design_3_RTI_0_0
Compiling module xil_defaultlib.design_3_register_16bit_3_0
Compiling module xil_defaultlib.design_3_register_16bit_4_0
Compiling module xil_defaultlib.adpt_in
Compiling module xil_defaultlib.design_3_adpt_in_0_0
Compiling module xil_defaultlib.design_3_aggregator_4bit_0_2
Compiling module xil_defaultlib.and2
Compiling module xil_defaultlib.design_3_and2_0_0
Compiling module xil_defaultlib.and_gate
Compiling module xil_defaultlib.design_3_and_gate_0_0
Compiling module xil_defaultlib.bus_slicer_16to12
Compiling module xil_defaultlib.design_3_bus_slicer_16to12_0_0
Compiling module xil_defaultlib.control
Compiling module xil_defaultlib.design_3_control_0_0
Compiling module xil_defaultlib.mod5_timing_generator
Compiling module xil_defaultlib.design_3_mod5_timing_generator_0...
Compiling module xil_defaultlib.multiplier_8x8
Compiling module xil_defaultlib.design_3_multiplier_8x8_0_0
Compiling module xil_defaultlib.mux_5to1_16bit
Compiling module xil_defaultlib.design_3_mux_5to1_16bit_0_0
Compiling module xil_defaultlib.design_3_not_gate_0_0
Compiling module xil_defaultlib.design_3_not_gate_1_1
Compiling module xil_defaultlib.design_3_not_gate_2_0
Compiling module xil_defaultlib.ram
Compiling module xil_defaultlib.design_3_ram_0_0
Compiling module xil_defaultlib.split_16to8
Compiling module xil_defaultlib.design_3_split_16to8_0_0
Compiling module xil_defaultlib.splitter_16bit_16outputs
Compiling module xil_defaultlib.design_3_splitter_16bit_16out_0_...
Compiling module xlconstant_v1_1_9.xlconstant_v1_1_9_xlconstant(CON...
Compiling module xil_defaultlib.design_3_xlconstant_0_1
Compiling module xil_defaultlib.design_3
Compiling module xil_defaultlib.design_3_wrapper
Compiling module xil_defaultlib.complete_monitor_test
Compiling module xil_defaultlib.glbl
Built simulation snapshot complete_monitor_test_behav
run_program: Time (s): cpu = 00:00:01 ; elapsed = 00:00:13 . Memory (MB): peak = 2796.312 ; gain = 0.000
INFO: [USF-XSim-69] 'elaborate' step finished in '12' seconds
INFO: [USF-XSim-4] XSim::Simulate design
INFO: [USF-XSim-61] Executing 'SIMULATE' step in 'D:/cd4/project_4/project_4.sim/sim_2/behav/xsim'
INFO: [USF-XSim-98] *** Running xsim
   with args "complete_monitor_test_behav -key {Behavioral:sim_2:Functional:complete_monitor_test} -tclbatch {complete_monitor_test.tcl} -protoinst "protoinst_files/design_3.protoinst" -log {simulate.log}"
INFO: [USF-XSim-8] Loading simulator feature
INFO: [Wavedata 42-565] Reading protoinst file protoinst_files/design_3.protoinst
Time resolution is 1 ps
source complete_monitor_test.tcl
# set curr_wave [current_wave_config]
# if { [string length $curr_wave] == 0 } {
#   if { [llength [get_objects]] > 0} {
#     add_wave /
#     set_property needs_save false [current_wave_config]
#   } else {
#      send_msg_id Add_Wave-1 WARNING "No top level signals found. Simulator will start without a wave window. If you want to open a wave window go to 'File->New Waveform Configuration' or type 'create_wave_config' in the TCL console."
#   }
# }
# run 1000ns
============== 完整监控测试 ==============
仿真时间: 20000 ns, 时钟周期: 10 ns
时间(ns)	复位	uPC		Crom		Bus		MAR
----------------------------------------------------------------
10000		0	0xzzz	0xzzzzzz	0x0000	0x000
100000		1	0xzzz	0xzzzzzz	0x0000	0x000 <- 复位释放
105000		1	0xzzz	0xzzzzzz	0x0000	0x000
205000		1	0xzzz	0xzzzzzz	0x0000	0x002
305000		1	0xzzz	0xzzzzzz	0x0000	0x004
405000		1	0xzzz	0xzzzzzz	0x0000	0x005
505000		1	0xzzz	0xzzzzzz	0x0000	0x007
605000		1	0xzzz	0xzzzzzz	0x0000	0x008
705000		1	0xzzz	0xzzzzzz	0x0000	0x009
805000		1	0xzzz	0xzzzzzz	0x0000	0x00a
905000		1	0xzzz	0xzzzzzz	0x0000	0x00b
INFO: [USF-XSim-96] XSim completed. Design snapshot 'complete_monitor_test_behav' loaded.
INFO: [USF-XSim-97] XSim simulation ran for 1000ns
launch_simulation: Time (s): cpu = 00:00:03 ; elapsed = 00:00:34 . Memory (MB): peak = 2796.312 ; gain = 0.000
WARNING: [filemgmt 56-199] Attempt to get parsing info during refresh. "On-the-fly" syntax checking information may be incorrect. [D:\cd3\exp3\simple_core_test.v:]
WARNING: [filemgmt 56-199] Attempt to get parsing info during refresh. "On-the-fly" syntax checking information may be incorrect. [D:\cd3\exp3\exp14_source.v:]
WARNING: [filemgmt 56-199] Attempt to get parsing info during refresh. "On-the-fly" syntax checking information may be incorrect. [D:\cd4\exp\plusv.v:]
WARNING: [filemgmt 56-199] Attempt to get parsing info during refresh. "On-the-fly" syntax checking information may be incorrect. [D:\cd3\exp3\exp14_source.v:]
WARNING: [filemgmt 56-199] Attempt to get parsing info during refresh. "On-the-fly" syntax checking information may be incorrect. [D:\cd3\exp3\exp14_source.v:]
WARNING: [filemgmt 56-199] Attempt to get parsing info during refresh. "On-the-fly" syntax checking information may be incorrect. [D:\cd3\exp3\simple_core_test.v:]
WARNING: [filemgmt 56-199] Attempt to get parsing info during refresh. "On-the-fly" syntax checking information may be incorrect. [D:\cd3\exp3\exp14_source.v:]
WARNING: [filemgmt 56-199] Attempt to get parsing info during refresh. "On-the-fly" syntax checking information may be incorrect. [D:\cd4\exp\plusv.v:]
WARNING: [filemgmt 56-199] Attempt to get parsing info during refresh. "On-the-fly" syntax checking information may be incorrect. [D:\cd4\exp\plusv.v:]
WARNING: [filemgmt 56-199] Attempt to get parsing info during refresh. "On-the-fly" syntax checking information may be incorrect. [D:\cd4\exp\plusv.v:]
run all
1005000		1	0xzzz	0xzzzzzz	0x0000	0x00c
1105000		1	0xzzz	0xzzzzzz	0x0000	0x00d
1205000		1	0xzzz	0xzzzzzz	0x0000	0x00e
1305000		1	0xzzz	0xzzzzzz	0x0000	0x00f
1405000		1	0xzzz	0xzzzzzz	0x0000	0x010
1505000		1	0xzzz	0xzzzzzz	0x0000	0x011
1605000		1	0xzzz	0xzzzzzz	0x0000	0x012
1705000		1	0xzzz	0xzzzzzz	0x0000	0x013
1805000		1	0xzzz	0xzzzzzz	0x0000	0x014
1905000		1	0xzzz	0xzzzzzz	0x0000	0x015
2005000		1	0xzzz	0xzzzzzz	0x0000	0x016
2105000		1	0xzzz	0xzzzzzz	0x0000	0x017
2205000		1	0xzzz	0xzzzzzz	0x0000	0x018
2305000		1	0xzzz	0xzzzzzz	0x0000	0x019
2405000		1	0xzzz	0xzzzzzz	0x0000	0x01a
2505000		1	0xzzz	0xzzzzzz	0x0000	0x01b
2605000		1	0xzzz	0xzzzzzz	0x0000	0x01c
2705000		1	0xzzz	0xzzzzzz	0x0000	0x01d
2805000		1	0xzzz	0xzzzzzz	0x0000	0x01e
2905000		1	0xzzz	0xzzzzzz	0x0000	0x01f
3005000		1	0xzzz	0xzzzzzz	0x0000	0x020
3105000		1	0xzzz	0xzzzzzz	0x0000	0x021
3205000		1	0xzzz	0xzzzzzz	0x0000	0x022
3305000		1	0xzzz	0xzzzzzz	0x55aa	0x001
3405000		1	0xzzz	0xzzzzzz	0x00a0	0x0a0
3505000		1	0xzzz	0xzzzzzz	0x66bb	0x004
3605000		1	0xzzz	0xzzzzzz	0x00fa	0x006
3705000		1	0xzzz	0xzzzzzz	0x0000	0x0fa
3805000		1	0xzzz	0xzzzzzz	0x120b	0x008
3905000		1	0xzzz	0xzzzzzz	0xab50	0x009
4005000		1	0xzzz	0xzzzzzz	0x0000	0x0fa
4105000		1	0xzzz	0xzzzzzz	0x0000	0x00b
4205000		1	0xzzz	0xzzzzzz	0x0000	0x00c
4305000		1	0xzzz	0xzzzzzz	0x0000	0x00d
4405000		1	0xzzz	0xzzzzzz	0x3571	0x00e
4505000		1	0xzzz	0xzzzzzz	0x0020	0x010
4605000		1	0xzzz	0xzzzzzz	0x0000	0x010
4705000		1	0xzzz	0xzzzzzz	0x0000	0x011
4805000		1	0xzzz	0xzzzzzz	0x0000	0x012
4905000		1	0xzzz	0xzzzzzz	0x0000	0x013
5005000		1	0xzzz	0xzzzzzz	0x0000	0x014
5105000		1	0xzzz	0xzzzzzz	0x0000	0x015
5205000		1	0xzzz	0xzzzzzz	0x0000	0x016
5305000		1	0xzzz	0xzzzzzz	0x0000	0x017
5405000		1	0xzzz	0xzzzzzz	0x0000	0x018
5505000		1	0xzzz	0xzzzzzz	0x0000	0x019
5605000		1	0xzzz	0xzzzzzz	0x0000	0x01a
5705000		1	0xzzz	0xzzzzzz	0x0000	0x01b
5805000		1	0xzzz	0xzzzzzz	0x0000	0x01c
5905000		1	0xzzz	0xzzzzzz	0x0000	0x01d
6005000		1	0xzzz	0xzzzzzz	0x0000	0x01e
6105000		1	0xzzz	0xzzzzzz	0x0000	0x01f
6205000		1	0xzzz	0xzzzzzz	0x0000	0x020
6305000		1	0xzzz	0xzzzzzz	0x0000	0x021
6405000		1	0xzzz	0xzzzzzz	0x0000	0x000
6505000		1	0xzzz	0xzzzzzz	0x0000	0x002
6605000		1	0xzzz	0xzzzzzz	0x0000	0x004
6705000		1	0xzzz	0xzzzzzz	0x0000	0x005
6805000		1	0xzzz	0xzzzzzz	0x0000	0x007
6905000		1	0xzzz	0xzzzzzz	0x0000	0x008
7005000		1	0xzzz	0xzzzzzz	0x0000	0x009
7105000		1	0xzzz	0xzzzzzz	0x0000	0x00a
7205000		1	0xzzz	0xzzzzzz	0x0000	0x00b
7305000		1	0xzzz	0xzzzzzz	0x0000	0x00c
7405000		1	0xzzz	0xzzzzzz	0x0000	0x00d
7505000		1	0xzzz	0xzzzzzz	0x0000	0x00e
7605000		1	0xzzz	0xzzzzzz	0x0000	0x00f
7705000		1	0xzzz	0xzzzzzz	0x0000	0x010
7805000		1	0xzzz	0xzzzzzz	0x0000	0x011
7905000		1	0xzzz	0xzzzzzz	0x0000	0x012
8005000		1	0xzzz	0xzzzzzz	0x0000	0x013
8105000		1	0xzzz	0xzzzzzz	0x0000	0x014
8205000		1	0xzzz	0xzzzzzz	0x0000	0x015
8305000		1	0xzzz	0xzzzzzz	0x0000	0x016
8405000		1	0xzzz	0xzzzzzz	0x0000	0x017
8505000		1	0xzzz	0xzzzzzz	0x0000	0x018
8605000		1	0xzzz	0xzzzzzz	0x0000	0x019
8705000		1	0xzzz	0xzzzzzz	0x0000	0x01a
8805000		1	0xzzz	0xzzzzzz	0x0000	0x01b
8905000		1	0xzzz	0xzzzzzz	0x0000	0x01c
9005000		1	0xzzz	0xzzzzzz	0x0000	0x01d
9105000		1	0xzzz	0xzzzzzz	0x0000	0x01e
9205000		1	0xzzz	0xzzzzzz	0x0000	0x01f
9305000		1	0xzzz	0xzzzzzz	0x0000	0x020
9405000		1	0xzzz	0xzzzzzz	0x0000	0x021
9505000		1	0xzzz	0xzzzzzz	0x0000	0x022
9605000		1	0xzzz	0xzzzzzz	0x0000	0x001
9705000		1	0xzzz	0xzzzzzz	0x1111	0x0a0
9805000		1	0xzzz	0xzzzzzz	0x0000	0x004
9905000		1	0xzzz	0xzzzzzz	0x0000	0x006
10005000		1	0xzzz	0xzzzzzz	0x0000	0x0fa
10105000		1	0xzzz	0xzzzzzz	0x0000	0x008
10205000		1	0xzzz	0xzzzzzz	0x0000	0x009
10305000		1	0xzzz	0xzzzzzz	0x0000	0x0fa
10405000		1	0xzzz	0xzzzzzz	0x0000	0x00b
10505000		1	0xzzz	0xzzzzzz	0x0000	0x00c
10605000		1	0xzzz	0xzzzzzz	0x0000	0x00d
10705000		1	0xzzz	0xzzzzzz	0x0000	0x00e
10805000		1	0xzzz	0xzzzzzz	0x0000	0x010
10905000		1	0xzzz	0xzzzzzz	0x0000	0x010
11005000		1	0xzzz	0xzzzzzz	0x0000	0x011
11105000		1	0xzzz	0xzzzzzz	0x0000	0x012
11205000		1	0xzzz	0xzzzzzz	0x0000	0x013
11305000		1	0xzzz	0xzzzzzz	0x0000	0x014
11405000		1	0xzzz	0xzzzzzz	0x0000	0x015
11505000		1	0xzzz	0xzzzzzz	0x0000	0x016
11605000		1	0xzzz	0xzzzzzz	0x0000	0x017
11705000		1	0xzzz	0xzzzzzz	0x0000	0x018
11805000		1	0xzzz	0xzzzzzz	0x0000	0x019
11905000		1	0xzzz	0xzzzzzz	0x0000	0x01a
12005000		1	0xzzz	0xzzzzzz	0x0000	0x01b
12105000		1	0xzzz	0xzzzzzz	0x0000	0x01c
12205000		1	0xzzz	0xzzzzzz	0x0000	0x01d
12305000		1	0xzzz	0xzzzzzz	0x0000	0x01e
12405000		1	0xzzz	0xzzzzzz	0x0000	0x01f
12505000		1	0xzzz	0xzzzzzz	0x0000	0x020
12605000		1	0xzzz	0xzzzzzz	0x0000	0x021
12705000		1	0xzzz	0xzzzzzz	0x0001	0x001
12805000		1	0xzzz	0xzzzzzz	0x0003	0x003
12905000		1	0xzzz	0xzzzzzz	0x55aa	0x004
13005000		1	0xzzz	0xzzzzzz	0x0006	0x006
13105000		1	0xzzz	0xzzzzzz	0x00fa	0x0fa
13205000		1	0xzzz	0xzzzzzz	0x1111	0x008
13305000		1	0xzzz	0xzzzzzz	0x66bb	0x009
13405000		1	0xzzz	0xzzzzzz	0x00fa	0x0fa
13505000		1	0xzzz	0xzzzzzz	0xab50	0x00b
13605000		1	0xzzz	0xzzzzzz	0x0000	0x00c
13705000		1	0xzzz	0xzzzzzz	0xab50	0x00d
13805000		1	0xzzz	0xzzzzzz	0x0000	0x00e
13905000		1	0xzzz	0xzzzzzz	0x0010	0x010
14005000		1	0xzzz	0xzzzzzz	0x0000	0x010
14105000		1	0xzzz	0xzzzzzz	0x0000	0x011
14205000		1	0xzzz	0xzzzzzz	0x0000	0x012
14305000		1	0xzzz	0xzzzzzz	0x0000	0x013
14405000		1	0xzzz	0xzzzzzz	0x0000	0x014
14505000		1	0xzzz	0xzzzzzz	0x0000	0x015
14605000		1	0xzzz	0xzzzzzz	0x0000	0x016
14705000		1	0xzzz	0xzzzzzz	0x0000	0x017
14805000		1	0xzzz	0xzzzzzz	0x0000	0x018
14905000		1	0xzzz	0xzzzzzz	0x0000	0x019
15005000		1	0xzzz	0xzzzzzz	0x0000	0x01a
15105000		1	0xzzz	0xzzzzzz	0x0000	0x01b
15205000		1	0xzzz	0xzzzzzz	0x0000	0x01c
15305000		1	0xzzz	0xzzzzzz	0x0000	0x01d
15405000		1	0xzzz	0xzzzzzz	0x0000	0x01e
15505000		1	0xzzz	0xzzzzzz	0x0000	0x01f
15605000		1	0xzzz	0xzzzzzz	0x0000	0x020
15705000		1	0xzzz	0xzzzzzz	0x3571	0x021
15805000		1	0xzzz	0xzzzzzz	0x0000	0x000
15905000		1	0xzzz	0xzzzzzz	0x0000	0x002
16005000		1	0xzzz	0xzzzzzz	0x0000	0x004
16105000		1	0xzzz	0xzzzzzz	0x0000	0x005
16205000		1	0xzzz	0xzzzzzz	0x0000	0x007
16305000		1	0xzzz	0xzzzzzz	0x0000	0x008
16405000		1	0xzzz	0xzzzzzz	0x0000	0x009
16505000		1	0xzzz	0xzzzzzz	0x0000	0x00a
16605000		1	0xzzz	0xzzzzzz	0x0000	0x00b
16705000		1	0xzzz	0xzzzzzz	0x0000	0x00c
16805000		1	0xzzz	0xzzzzzz	0x0000	0x00d
16905000		1	0xzzz	0xzzzzzz	0x0000	0x00e
17005000		1	0xzzz	0xzzzzzz	0x0000	0x00f
17105000		1	0xzzz	0xzzzzzz	0x0000	0x010
17205000		1	0xzzz	0xzzzzzz	0x0000	0x011
17305000		1	0xzzz	0xzzzzzz	0x0000	0x012
17405000		1	0xzzz	0xzzzzzz	0x0000	0x013
17505000		1	0xzzz	0xzzzzzz	0x0000	0x014
17605000		1	0xzzz	0xzzzzzz	0x0000	0x015
17705000		1	0xzzz	0xzzzzzz	0x0000	0x016
17805000		1	0xzzz	0xzzzzzz	0x0000	0x017
17905000		1	0xzzz	0xzzzzzz	0x0000	0x018
18005000		1	0xzzz	0xzzzzzz	0x0000	0x019
18105000		1	0xzzz	0xzzzzzz	0x0000	0x01a
18205000		1	0xzzz	0xzzzzzz	0x0000	0x01b
18305000		1	0xzzz	0xzzzzzz	0x0000	0x01c
18405000		1	0xzzz	0xzzzzzz	0x0000	0x01d
18505000		1	0xzzz	0xzzzzzz	0x0000	0x01e
18605000		1	0xzzz	0xzzzzzz	0x0000	0x01f
18705000		1	0xzzz	0xzzzzzz	0x0000	0x020
18805000		1	0xzzz	0xzzzzzz	0x0000	0x021
18905000		1	0xzzz	0xzzzzzz	0x0000	0x022
19005000		1	0xzzz	0xzzzzzz	0x55aa	0x001
19105000		1	0xzzz	0xzzzzzz	0x00a0	0x0a0
19205000		1	0xzzz	0xzzzzzz	0x66bb	0x004
19305000		1	0xzzz	0xzzzzzz	0x00fa	0x006
19405000		1	0xzzz	0xzzzzzz	0x0000	0x0fa
19505000		1	0xzzz	0xzzzzzz	0x120b	0x008
19605000		1	0xzzz	0xzzzzzz	0xab50	0x009
19705000		1	0xzzz	0xzzzzzz	0x0000	0x0fa
19805000		1	0xzzz	0xzzzzzz	0x0000	0x00b
19905000		1	0xzzz	0xzzzzzz	0x0000	0x00c
============== 测试完成，总仿真时间 20000 ns ==============
$finish called at time : 20 us : File "D:/cd3/exp3/simple_core_test.v" Line 98
close_sim
INFO: [Simtcl 6-16] Simulation closed
create_bd_cell -type module -reference or_gate or_gate_0
connect_bd_net [get_bd_pins control_0/AD] [get_bd_pins or_gate_0/a]
connect_bd_net [get_bd_pins control_0/PCin] [get_bd_pins or_gate_0/b]
disconnect_bd_net /clk_2 [get_bd_pins PC/clk]
connect_bd_net [get_bd_pins PC/clk] [get_bd_pins or_gate_0/y]
save_bd_design
Wrote  : <D:\cd3\design_3\design_3.bd> 
Wrote  : <D:/cd3/design_3/ui/bd_205a0ed2.ui> 
generate_target Simulation [get_files D:/cd3/design_3/design_3.bd]
CRITICAL WARNING: [BD 41-1367] The port name 'out' of cell '/mux_5to1_16bit_0' is a reserved keyword in a Hardware Description Language. Please consider renaming the port.
CRITICAL WARNING: [BD 41-1367] The port name 'AND' of cell '/RTI_0' is a reserved keyword in a Hardware Description Language. Please consider renaming the port.
CRITICAL WARNING: [BD 41-1367] The port name 'OR' of cell '/RTI_0' is a reserved keyword in a Hardware Description Language. Please consider renaming the port.
CRITICAL WARNING: [BD 41-1367] The port name 'AND' of cell '/control_0' is a reserved keyword in a Hardware Description Language. Please consider renaming the port.
CRITICAL WARNING: [BD 41-1367] The port name 'OR' of cell '/control_0' is a reserved keyword in a Hardware Description Language. Please consider renaming the port.
CRITICAL WARNING: [BD 41-759] The input pins (listed below) are either not connected or do not have a source port, and they don't have a tie-off specified. These pins are tied-off to all 0's to avoid error in Implementation flow.
Please check your design and connect them as needed: 
/mux_5to1_16bit_0/selIR

Wrote  : <D:\cd3\design_3\design_3.bd> 
CRITICAL WARNING: [BD 41-2383] Width mismatch when connecting input pin '/mux_5to1_16bit_0/PC'(16) to pin '/PC/dout'(12) - Only lower order bits will be connected, and other input bits of this pin will be left unconnected.
Verilog Output written to : D:/cd3/design_3/synth/design_3.v
CRITICAL WARNING: [BD 41-2383] Width mismatch when connecting input pin '/mux_5to1_16bit_0/PC'(16) to pin '/PC/dout'(12) - Only lower order bits will be connected, and other input bits of this pin will be left unconnected.
Verilog Output written to : D:/cd3/design_3/sim/design_3.v
Verilog Output written to : D:/cd3/design_3/hdl/design_3_wrapper.v
INFO: [BD 41-1029] Generation completed for the IP Integrator block or_gate_0 .
Exporting to file D:/cd3/design_3/hw_handoff/design_3.hwh
Generated Hardware Definition File D:/cd3/design_3/synth/design_3.hwdef
export_ip_user_files -of_objects [get_files D:/cd3/design_3/design_3.bd] -no_script -sync -force -quiet
export_simulation -of_objects [get_files D:/cd3/design_3/design_3.bd] -directory D:/cd4/project_4/project_4.ip_user_files/sim_scripts -ip_user_files_dir D:/cd4/project_4/project_4.ip_user_files -ipstatic_source_dir D:/cd4/project_4/project_4.ip_user_files/ipstatic -lib_map_path [list {modelsim=D:/cd4/project_4/project_4.cache/compile_simlib/modelsim} {questa=D:/cd4/project_4/project_4.cache/compile_simlib/questa} {riviera=D:/cd4/project_4/project_4.cache/compile_simlib/riviera} {activehdl=D:/cd4/project_4/project_4.cache/compile_simlib/activehdl}] -use_ip_compiled_libs -force -quiet
launch_simulation -simset [get_filesets sim_2 ]
Command: launch_simulation  -simset sim_2
INFO: [Vivado 12-12493] Simulation top is 'complete_monitor_test'
WARNING: [Vivado 12-13340] Unable to auto find GCC executables from simulator install path! (path not set)
INFO: [Vivado 12-12490] The selected simulation model for 'design_3_or_gate_0_0' IP changed to 'rtl' from '', the simulation run directory will be deleted.
INFO: [Vivado 12-5698] Checking validity of IPs in the design for the 'XSim' simulator...
INFO: [Vivado 12-5682] Launching behavioral simulation in 'D:/cd4/project_4/project_4.sim/sim_2/behav/xsim'
INFO: [Vivado 12-13660] Precompiled IP simulation library mode is enabled (default). The design IP libraries will be referenced from the compiled library path. Please note that if the precompiled version of the library is not found from the path or the IP is in locked state, then the library source files for these IPs will be compiled locally as part of the compile order.
INFO: [Vivado 12-4795] Using compiled simulation libraries for IPs
INFO: [SIM-utils-51] Simulation object is 'sim_2'
INFO: [SIM-utils-72] Using boost library from 'D:/Vivado/2024.2/tps/boost_1_72_0'
INFO: [USF-XSim-7] Finding pre-compiled libraries...
INFO: [USF-XSim-11] File 'D:/Vivado/2024.2/data/xsim/xsim.ini' copied to run dir:'D:/cd4/project_4/project_4.sim/sim_2/behav/xsim'
INFO: [SIM-utils-54] Inspecting design source files for 'complete_monitor_test' in fileset 'sim_2'...
INFO: [USF-XSim-97] Finding global include files...
INFO: [USF-XSim-98] Fetching design files from 'sim_2'...
INFO: [USF-XSim-2] XSim::Compile design
INFO: [USF-XSim-61] Executing 'COMPILE and ANALYZE' step in 'D:/cd4/project_4/project_4.sim/sim_2/behav/xsim'
"xvlog --incr --relax -prj complete_monitor_test_vlog.prj"
INFO: [VRFC 10-2263] Analyzing Verilog file "D:/cd3/exp3/exp14_source.v" into library xil_defaultlib
INFO: [VRFC 10-311] analyzing module adpt_in
INFO: [VRFC 10-311] analyzing module adpt_out
INFO: [VRFC 10-311] analyzing module adpt_out8
INFO: [VRFC 10-311] analyzing module adpt_out12
INFO: [VRFC 10-311] analyzing module adpt_out16
INFO: [VRFC 10-311] analyzing module adpt_out23
INFO: [VRFC 10-311] analyzing module and2
INFO: [VRFC 10-311] analyzing module not1
INFO: [VRFC 10-311] analyzing module addr_adpt
INFO: [VRFC 10-311] analyzing module UIR
INFO: [VRFC 10-311] analyzing module m74LS161
INFO: [VRFC 10-311] analyzing module rom1_256x24
INFO: [VRFC 10-311] analyzing module rom2_4Kx16
INFO: [VRFC 10-311] analyzing module adder4
INFO: [VRFC 10-311] analyzing module dff4
WARNING: [VRFC 10-9336] redeclaration of ANSI port 'Q3' is not allowed [D:/cd3/exp3/exp14_source.v:265]
INFO: [VRFC 10-311] analyzing module shifter
INFO: [VRFC 10-311] analyzing module carry_output_splitter
INFO: [VRFC 10-311] analyzing module the_12bit_to_3x4bit
INFO: [VRFC 10-311] analyzing module four_bit_checker
INFO: [VRFC 10-311] analyzing module or3_gate
INFO: [VRFC 10-311] analyzing module aggregator_12inputs_to_12bit_sync
INFO: [VRFC 10-311] analyzing module splitter_16bit_to_16outputs
INFO: [VRFC 10-311] analyzing module splitter_12bit_to_12outputs
INFO: [VRFC 10-311] analyzing module bus_slicer_16to12
INFO: [VRFC 10-311] analyzing module register_temp
INFO: [VRFC 10-311] analyzing module multiplier_8x8
INFO: [VRFC 10-311] analyzing module split_16to8
INFO: [VRFC 10-311] analyzing module splitter_16bit_16outputs
INFO: [VRFC 10-2263] Analyzing Verilog file "D:/cd3/exp3/74161.v" into library xil_defaultlib
INFO: [VRFC 10-311] analyzing module ic_74161
INFO: [VRFC 10-2263] Analyzing Verilog file "D:/cd3/exp3/ram.v" into library xil_defaultlib
INFO: [VRFC 10-311] analyzing module ram
INFO: [VRFC 10-2263] Analyzing Verilog file "D:/cd3/exp3/16bit_reg.v" into library xil_defaultlib
INFO: [VRFC 10-311] analyzing module register_16bit
INFO: [VRFC 10-2263] Analyzing Verilog file "D:/cd3/exp3/12bit_reg.v" into library xil_defaultlib
INFO: [VRFC 10-311] analyzing module register_12bit
INFO: [VRFC 10-2263] Analyzing Verilog file "D:/cd3/exp3/mix5to1.v" into library xil_defaultlib
INFO: [VRFC 10-311] analyzing module mux_5to1_16bit
INFO: [VRFC 10-2263] Analyzing Verilog file "D:/cd3/exp3/aggregator_4bit.v" into library xil_defaultlib
INFO: [VRFC 10-311] analyzing module aggregator_4bit
INFO: [VRFC 10-2263] Analyzing Verilog file "D:/cd3/exp3/74182.v" into library xil_defaultlib
INFO: [VRFC 10-311] analyzing module carry_lookahead_74182
INFO: [VRFC 10-2263] Analyzing Verilog file "D:/cd3/exp3/74181.v" into library xil_defaultlib
INFO: [VRFC 10-311] analyzing module alu_74181
INFO: [VRFC 10-2263] Analyzing Verilog file "D:/cd3/exp3/aggregate_4x4_to_16bit.v" into library xil_defaultlib
INFO: [VRFC 10-311] analyzing module aggregate_4x4_to_16bit
INFO: [VRFC 10-311] analyzing module adpt_out_16bit
INFO: [VRFC 10-2263] Analyzing Verilog file "D:/cd3/exp3/the_16bit_to_4x4bit.v" into library xil_defaultlib
INFO: [VRFC 10-311] analyzing module the_16bit_to_4x4bit
INFO: [VRFC 10-2263] Analyzing Verilog file "D:/cd3/exp3/not_gate.v" into library xil_defaultlib
INFO: [VRFC 10-311] analyzing module not_gate
INFO: [VRFC 10-2263] Analyzing Verilog file "D:/cd4/exp/plusv.v" into library xil_defaultlib
INFO: [VRFC 10-311] analyzing module mod5_timing_generator
INFO: [VRFC 10-311] analyzing module RTI
INFO: [VRFC 10-311] analyzing module control
INFO: [VRFC 10-2263] Analyzing Verilog file "D:/cd3/exp3/and_gate.v" into library xil_defaultlib
INFO: [VRFC 10-311] analyzing module and_gate
INFO: [VRFC 10-2263] Analyzing Verilog file "D:/cd3/exp3/or_gate.v" into library xil_defaultlib
INFO: [VRFC 10-311] analyzing module or_gate
INFO: [VRFC 10-2263] Analyzing Verilog file "D:/cd4/project_4/project_4.ip_user_files/bd/design_3/ip/design_3_adpt_in_0_0/sim/design_3_adpt_in_0_0.v" into library xil_defaultlib
INFO: [VRFC 10-311] analyzing module design_3_adpt_in_0_0
INFO: [VRFC 10-2263] Analyzing Verilog file "D:/cd4/project_4/project_4.ip_user_files/bd/design_3/ip/design_3_xlconstant_0_1/sim/design_3_xlconstant_0_1.v" into library xil_defaultlib
INFO: [VRFC 10-311] analyzing module design_3_xlconstant_0_1
INFO: [VRFC 10-2263] Analyzing Verilog file "D:/cd4/project_4/project_4.ip_user_files/bd/design_3/ip/design_3_ic_74161_0_0/sim/design_3_ic_74161_0_0.v" into library xil_defaultlib
INFO: [VRFC 10-311] analyzing module design_3_ic_74161_0_0
INFO: [VRFC 10-2263] Analyzing Verilog file "D:/cd4/project_4/project_4.ip_user_files/bd/design_3/ip/design_3_ic_74161_1_0/sim/design_3_ic_74161_1_0.v" into library xil_defaultlib
INFO: [VRFC 10-311] analyzing module design_3_ic_74161_1_0
INFO: [VRFC 10-2263] Analyzing Verilog file "D:/cd4/project_4/project_4.ip_user_files/bd/design_3/ip/design_3_ic_74161_2_0/sim/design_3_ic_74161_2_0.v" into library xil_defaultlib
INFO: [VRFC 10-311] analyzing module design_3_ic_74161_2_0
INFO: [VRFC 10-2263] Analyzing Verilog file "D:/cd4/project_4/project_4.ip_user_files/bd/design_3/ip/design_3_xlconcat_0_0/sim/design_3_xlconcat_0_0.v" into library xil_defaultlib
INFO: [VRFC 10-311] analyzing module design_3_xlconcat_0_0
INFO: [VRFC 10-2263] Analyzing Verilog file "D:/cd4/project_4/project_4.ip_user_files/bd/design_3/ip/design_3_the_12bit_to_3x4bit_0_1/sim/design_3_the_12bit_to_3x4bit_0_1.v" into library xil_defaultlib
INFO: [VRFC 10-311] analyzing module design_3_the_12bit_to_3x4bit_0_1
INFO: [VRFC 10-2263] Analyzing Verilog file "D:/cd4/project_4/project_4.ip_user_files/bd/design_3/ip/design_3_ram_0_0/sim/design_3_ram_0_0.v" into library xil_defaultlib
INFO: [VRFC 10-311] analyzing module design_3_ram_0_0
INFO: [VRFC 10-2263] Analyzing Verilog file "D:/cd4/project_4/project_4.ip_user_files/bd/design_3/ip/design_3_register_16bit_0_0/sim/design_3_register_16bit_0_0.v" into library xil_defaultlib
INFO: [VRFC 10-311] analyzing module design_3_register_16bit_0_0
INFO: [VRFC 10-2263] Analyzing Verilog file "D:/cd4/project_4/project_4.ip_user_files/bd/design_3/ip/design_3_register_16bit_1_0/sim/design_3_register_16bit_1_0.v" into library xil_defaultlib
INFO: [VRFC 10-311] analyzing module design_3_register_16bit_1_0
INFO: [VRFC 10-2263] Analyzing Verilog file "D:/cd4/project_4/project_4.ip_user_files/bd/design_3/ip/design_3_register_16bit_2_0/sim/design_3_register_16bit_2_0.v" into library xil_defaultlib
INFO: [VRFC 10-311] analyzing module design_3_register_16bit_2_0
INFO: [VRFC 10-2263] Analyzing Verilog file "D:/cd4/project_4/project_4.ip_user_files/bd/design_3/ip/design_3_register_16bit_3_0/sim/design_3_register_16bit_3_0.v" into library xil_defaultlib
INFO: [VRFC 10-311] analyzing module design_3_register_16bit_3_0
INFO: [VRFC 10-2263] Analyzing Verilog file "D:/cd4/project_4/project_4.ip_user_files/bd/design_3/ip/design_3_register_16bit_4_0/sim/design_3_register_16bit_4_0.v" into library xil_defaultlib
INFO: [VRFC 10-311] analyzing module design_3_register_16bit_4_0
INFO: [VRFC 10-2263] Analyzing Verilog file "D:/cd4/project_4/project_4.ip_user_files/bd/design_3/ip/design_3_register_12bit_0_0/sim/design_3_register_12bit_0_0.v" into library xil_defaultlib
INFO: [VRFC 10-311] analyzing module design_3_register_12bit_0_0
INFO: [VRFC 10-2263] Analyzing Verilog file "D:/cd4/project_4/project_4.ip_user_files/bd/design_3/ip/design_3_register_16bit_3_1/sim/design_3_register_16bit_3_1.v" into library xil_defaultlib
INFO: [VRFC 10-311] analyzing module design_3_register_16bit_3_1
INFO: [VRFC 10-2263] Analyzing Verilog file "D:/cd4/project_4/project_4.ip_user_files/bd/design_3/ip/design_3_MDR_0/sim/design_3_MDR_0.v" into library xil_defaultlib
INFO: [VRFC 10-311] analyzing module design_3_MDR_0
INFO: [VRFC 10-2263] Analyzing Verilog file "D:/cd4/project_4/project_4.ip_user_files/bd/design_3/ip/design_3_register_16bit_0_1/sim/design_3_register_16bit_0_1.v" into library xil_defaultlib
INFO: [VRFC 10-311] analyzing module design_3_register_16bit_0_1
INFO: [VRFC 10-2263] Analyzing Verilog file "D:/cd4/project_4/project_4.ip_user_files/bd/design_3/ip/design_3_mux_5to1_16bit_0_0/sim/design_3_mux_5to1_16bit_0_0.v" into library xil_defaultlib
INFO: [VRFC 10-311] analyzing module design_3_mux_5to1_16bit_0_0
INFO: [VRFC 10-2263] Analyzing Verilog file "D:/cd4/project_4/project_4.ip_user_files/bd/design_3/ip/design_3_aggregator_4bit_0_1/sim/design_3_aggregator_4bit_0_1.v" into library xil_defaultlib
INFO: [VRFC 10-311] analyzing module design_3_aggregator_4bit_0_1
INFO: [VRFC 10-2263] Analyzing Verilog file "D:/cd4/project_4/project_4.ip_user_files/bd/design_3/ip/design_3_carry_lookahead_74182_0_0/sim/design_3_carry_lookahead_74182_0_0.v" into library xil_defaultlib
INFO: [VRFC 10-311] analyzing module design_3_carry_lookahead_74182_0_0
INFO: [VRFC 10-2263] Analyzing Verilog file "D:/cd4/project_4/project_4.ip_user_files/bd/design_3/ip/design_3_aggregator_4bit_1_0/sim/design_3_aggregator_4bit_1_0.v" into library xil_defaultlib
INFO: [VRFC 10-311] analyzing module design_3_aggregator_4bit_1_0
INFO: [VRFC 10-2263] Analyzing Verilog file "D:/cd4/project_4/project_4.ip_user_files/bd/design_3/ip/design_3_alu_74181_0_0/sim/design_3_alu_74181_0_0.v" into library xil_defaultlib
INFO: [VRFC 10-311] analyzing module design_3_alu_74181_0_0
INFO: [VRFC 10-2263] Analyzing Verilog file "D:/cd4/project_4/project_4.ip_user_files/bd/design_3/ip/design_3_alu_74181_1_0/sim/design_3_alu_74181_1_0.v" into library xil_defaultlib
INFO: [VRFC 10-311] analyzing module design_3_alu_74181_1_0
INFO: [VRFC 10-2263] Analyzing Verilog file "D:/cd4/project_4/project_4.ip_user_files/bd/design_3/ip/design_3_alu_74181_2_0/sim/design_3_alu_74181_2_0.v" into library xil_defaultlib
INFO: [VRFC 10-311] analyzing module design_3_alu_74181_2_0
INFO: [VRFC 10-2263] Analyzing Verilog file "D:/cd4/project_4/project_4.ip_user_files/bd/design_3/ip/design_3_aggregate_4x4_to_16b_0_0/sim/design_3_aggregate_4x4_to_16b_0_0.v" into library xil_defaultlib
INFO: [VRFC 10-311] analyzing module design_3_aggregate_4x4_to_16b_0_0
INFO: [VRFC 10-2263] Analyzing Verilog file "D:/cd4/project_4/project_4.ip_user_files/bd/design_3/ip/design_3_the_16bit_to_4x4bit_2_0/sim/design_3_the_16bit_to_4x4bit_2_0.v" into library xil_defaultlib
INFO: [VRFC 10-311] analyzing module design_3_the_16bit_to_4x4bit_2_0
INFO: [VRFC 10-2263] Analyzing Verilog file "D:/cd4/project_4/project_4.ip_user_files/bd/design_3/ip/design_3_the_16bit_to_4x4bit_0_1/sim/design_3_the_16bit_to_4x4bit_0_1.v" into library xil_defaultlib
INFO: [VRFC 10-311] analyzing module design_3_the_16bit_to_4x4bit_0_1
INFO: [VRFC 10-2263] Analyzing Verilog file "D:/cd4/project_4/project_4.ip_user_files/bd/design_3/ip/design_3_alu_74181_3_0/sim/design_3_alu_74181_3_0.v" into library xil_defaultlib
INFO: [VRFC 10-311] analyzing module design_3_alu_74181_3_0
INFO: [VRFC 10-2263] Analyzing Verilog file "D:/cd4/project_4/project_4.ip_user_files/bd/design_3/ip/design_3_carry_output_splitter_0_0/sim/design_3_carry_output_splitter_0_0.v" into library xil_defaultlib
INFO: [VRFC 10-311] analyzing module design_3_carry_output_splitter_0_0
INFO: [VRFC 10-2263] Analyzing Verilog file "D:/cd4/project_4/project_4.ip_user_files/bd/design_3/ip/design_3_not_gate_1_0/sim/design_3_not_gate_1_0.v" into library xil_defaultlib
INFO: [VRFC 10-311] analyzing module design_3_not_gate_1_0
INFO: [VRFC 10-2263] Analyzing Verilog file "D:/cd4/project_4/project_4.ip_user_files/bd/design_3/ip/design_3_bus_slicer_16to12_0_0/sim/design_3_bus_slicer_16to12_0_0.v" into library xil_defaultlib
INFO: [VRFC 10-311] analyzing module design_3_bus_slicer_16to12_0_0
INFO: [VRFC 10-2263] Analyzing Verilog file "D:/cd4/project_4/project_4.ip_user_files/bd/design_3/ip/design_3_multiplier_8x8_0_0/sim/design_3_multiplier_8x8_0_0.v" into library xil_defaultlib
INFO: [VRFC 10-311] analyzing module design_3_multiplier_8x8_0_0
INFO: [VRFC 10-2263] Analyzing Verilog file "D:/cd4/project_4/project_4.ip_user_files/bd/design_3/ip/design_3_split_16to8_0_0/sim/design_3_split_16to8_0_0.v" into library xil_defaultlib
INFO: [VRFC 10-311] analyzing module design_3_split_16to8_0_0
INFO: [VRFC 10-2263] Analyzing Verilog file "D:/cd4/project_4/project_4.ip_user_files/bd/design_3/ip/design_3_R0_0/sim/design_3_R0_0.v" into library xil_defaultlib
INFO: [VRFC 10-311] analyzing module design_3_R0_0
INFO: [VRFC 10-2263] Analyzing Verilog file "D:/cd4/project_4/project_4.ip_user_files/bd/design_3/ip/design_3_mod5_timing_generator_0_0/sim/design_3_mod5_timing_generator_0_0.v" into library xil_defaultlib
INFO: [VRFC 10-311] analyzing module design_3_mod5_timing_generator_0_0
INFO: [VRFC 10-2263] Analyzing Verilog file "D:/cd4/project_4/project_4.ip_user_files/bd/design_3/ip/design_3_not_gate_0_0/sim/design_3_not_gate_0_0.v" into library xil_defaultlib
INFO: [VRFC 10-311] analyzing module design_3_not_gate_0_0
INFO: [VRFC 10-2263] Analyzing Verilog file "D:/cd4/project_4/project_4.ip_user_files/bd/design_3/ip/design_3_RTI_0_0/sim/design_3_RTI_0_0.v" into library xil_defaultlib
INFO: [VRFC 10-311] analyzing module design_3_RTI_0_0
INFO: [VRFC 10-2263] Analyzing Verilog file "D:/cd4/project_4/project_4.ip_user_files/bd/design_3/ip/design_3_control_0_0/sim/design_3_control_0_0.v" into library xil_defaultlib
INFO: [VRFC 10-311] analyzing module design_3_control_0_0
INFO: [VRFC 10-2263] Analyzing Verilog file "D:/cd4/project_4/project_4.ip_user_files/bd/design_3/ip/design_3_not_gate_1_1/sim/design_3_not_gate_1_1.v" into library xil_defaultlib
INFO: [VRFC 10-311] analyzing module design_3_not_gate_1_1
INFO: [VRFC 10-2263] Analyzing Verilog file "D:/cd4/project_4/project_4.ip_user_files/bd/design_3/ip/design_3_and_gate_0_0/sim/design_3_and_gate_0_0.v" into library xil_defaultlib
INFO: [VRFC 10-311] analyzing module design_3_and_gate_0_0
INFO: [VRFC 10-2263] Analyzing Verilog file "D:/cd4/project_4/project_4.ip_user_files/bd/design_3/ip/design_3_and2_0_0/sim/design_3_and2_0_0.v" into library xil_defaultlib
INFO: [VRFC 10-311] analyzing module design_3_and2_0_0
INFO: [VRFC 10-2263] Analyzing Verilog file "D:/cd4/project_4/project_4.ip_user_files/bd/design_3/ip/design_3_aggregator_4bit_0_2/sim/design_3_aggregator_4bit_0_2.v" into library xil_defaultlib
INFO: [VRFC 10-311] analyzing module design_3_aggregator_4bit_0_2
INFO: [VRFC 10-2263] Analyzing Verilog file "D:/cd4/project_4/project_4.ip_user_files/bd/design_3/ip/design_3_splitter_16bit_16out_0_0/sim/design_3_splitter_16bit_16out_0_0.v" into library xil_defaultlib
INFO: [VRFC 10-311] analyzing module design_3_splitter_16bit_16out_0_0
INFO: [VRFC 10-2263] Analyzing Verilog file "D:/cd4/project_4/project_4.ip_user_files/bd/design_3/sim/design_3.v" into library xil_defaultlib
INFO: [VRFC 10-311] analyzing module ALU_imp_JZDUAB
INFO: [VRFC 10-311] analyzing module PC_imp_1MALNP6
INFO: [VRFC 10-311] analyzing module design_3
INFO: [VRFC 10-2263] Analyzing Verilog file "D:/cd4/project_4/project_4.ip_user_files/bd/design_3/ip/design_3_not_gate_2_0/sim/design_3_not_gate_2_0.v" into library xil_defaultlib
INFO: [VRFC 10-311] analyzing module design_3_not_gate_2_0
INFO: [VRFC 10-2263] Analyzing Verilog file "D:/cd4/project_4/project_4.ip_user_files/bd/design_3/ip/design_3_or_gate_0_0/sim/design_3_or_gate_0_0.v" into library xil_defaultlib
INFO: [VRFC 10-311] analyzing module design_3_or_gate_0_0
INFO: [VRFC 10-2263] Analyzing Verilog file "D:/cd3/design_3/hdl/design_3_wrapper.v" into library xil_defaultlib
INFO: [VRFC 10-311] analyzing module design_3_wrapper
INFO: [VRFC 10-2263] Analyzing Verilog file "D:/cd3/exp3/simple_core_test.v" into library xil_defaultlib
INFO: [VRFC 10-311] analyzing module complete_monitor_test
INFO: [VRFC 10-2263] Analyzing Verilog file "D:/cd4/project_4/project_4.sim/sim_2/behav/xsim/glbl.v" into library xil_defaultlib
INFO: [VRFC 10-311] analyzing module glbl
run_program: Time (s): cpu = 00:00:00 ; elapsed = 00:00:12 . Memory (MB): peak = 2804.148 ; gain = 0.000
INFO: [USF-XSim-69] 'compile' step finished in '13' seconds
INFO: [USF-XSim-3] XSim::Elaborate design
INFO: [USF-XSim-61] Executing 'ELABORATE' step in 'D:/cd4/project_4/project_4.sim/sim_2/behav/xsim'
"xelab --incr --debug typical --relax --mt 2 -L xil_defaultlib -L xlconstant_v1_1_9 -L xlconcat_v2_1_6 -L unisims_ver -L unimacro_ver -L secureip -L xpm --snapshot complete_monitor_test_behav xil_defaultlib.complete_monitor_test xil_defaultlib.glbl -log elaborate.log"
Vivado Simulator v2024.2.0
Copyright 1986-2022 Xilinx, Inc. All Rights Reserved.
Copyright 2022-2024 Advanced Micro Devices, Inc. All Rights Reserved.
Running: D:/Vivado/2024.2/bin/unwrapped/win64.o/xelab.exe --incr --debug typical --relax --mt 2 -L xil_defaultlib -L xlconstant_v1_1_9 -L xlconcat_v2_1_6 -L unisims_ver -L unimacro_ver -L secureip -L xpm --snapshot complete_monitor_test_behav xil_defaultlib.complete_monitor_test xil_defaultlib.glbl -log elaborate.log 
Using 2 slave threads.
Starting static elaboration
Pass Through NonSizing Optimizer
Completed static elaboration
Starting simulation data flow analysis
WARNING: [XSIM 43-4099] "D:/cd3/exp3/aggregate_4x4_to_16bit.v" Line 1. Module aggregate_4x4_to_16bit doesn't have a timescale but at least one module in design has a timescale.
WARNING: [XSIM 43-4099] "D:/cd3/exp3/aggregator_4bit.v" Line 1. Module aggregator_4bit doesn't have a timescale but at least one module in design has a timescale.
WARNING: [XSIM 43-4099] "D:/cd3/exp3/aggregator_4bit.v" Line 1. Module aggregator_4bit doesn't have a timescale but at least one module in design has a timescale.
WARNING: [XSIM 43-4099] "D:/cd3/exp3/74181.v" Line 1. Module alu_74181 doesn't have a timescale but at least one module in design has a timescale.
WARNING: [XSIM 43-4099] "D:/cd3/exp3/74181.v" Line 1. Module alu_74181 doesn't have a timescale but at least one module in design has a timescale.
WARNING: [XSIM 43-4099] "D:/cd3/exp3/74181.v" Line 1. Module alu_74181 doesn't have a timescale but at least one module in design has a timescale.
WARNING: [XSIM 43-4099] "D:/cd3/exp3/74181.v" Line 1. Module alu_74181 doesn't have a timescale but at least one module in design has a timescale.
WARNING: [XSIM 43-4099] "D:/cd3/exp3/74182.v" Line 1. Module carry_lookahead_74182 doesn't have a timescale but at least one module in design has a timescale.
WARNING: [XSIM 43-4099] "D:/cd3/exp3/exp14_source.v" Line 309. Module carry_output_splitter doesn't have a timescale but at least one module in design has a timescale.
WARNING: [XSIM 43-4099] "D:/cd3/exp3/not_gate.v" Line 1. Module not_gate doesn't have a timescale but at least one module in design has a timescale.
WARNING: [XSIM 43-4099] "D:/cd3/exp3/the_16bit_to_4x4bit.v" Line 1. Module the_16bit_to_4x4bit doesn't have a timescale but at least one module in design has a timescale.
WARNING: [XSIM 43-4099] "D:/cd3/exp3/the_16bit_to_4x4bit.v" Line 1. Module the_16bit_to_4x4bit doesn't have a timescale but at least one module in design has a timescale.
WARNING: [XSIM 43-4099] "D:/cd3/exp3/16bit_reg.v" Line 1. Module register_16bit doesn't have a timescale but at least one module in design has a timescale.
WARNING: [XSIM 43-4099] "D:/cd3/exp3/12bit_reg.v" Line 1. Module register_12bit doesn't have a timescale but at least one module in design has a timescale.
WARNING: [XSIM 43-4099] "D:/cd3/exp3/16bit_reg.v" Line 1. Module register_16bit doesn't have a timescale but at least one module in design has a timescale.
WARNING: [XSIM 43-4099] "D:/cd3/exp3/16bit_reg.v" Line 1. Module register_16bit doesn't have a timescale but at least one module in design has a timescale.
WARNING: [XSIM 43-4099] "D:/cd3/exp3/16bit_reg.v" Line 1. Module register_16bit doesn't have a timescale but at least one module in design has a timescale.
WARNING: [XSIM 43-4099] "D:/cd3/exp3/74161.v" Line 1. Module ic_74161 doesn't have a timescale but at least one module in design has a timescale.
WARNING: [XSIM 43-4099] "D:/cd3/exp3/74161.v" Line 1. Module ic_74161 doesn't have a timescale but at least one module in design has a timescale.
WARNING: [XSIM 43-4099] "D:/cd3/exp3/74161.v" Line 1. Module ic_74161 doesn't have a timescale but at least one module in design has a timescale.
WARNING: [XSIM 43-4099] "D:/cd3/exp3/exp14_source.v" Line 326. Module the_12bit_to_3x4bit doesn't have a timescale but at least one module in design has a timescale.
WARNING: [XSIM 43-4099] "D:/cd3/exp3/16bit_reg.v" Line 1. Module register_16bit doesn't have a timescale but at least one module in design has a timescale.
WARNING: [XSIM 43-4099] "D:/cd3/exp3/16bit_reg.v" Line 1. Module register_16bit doesn't have a timescale but at least one module in design has a timescale.
WARNING: [XSIM 43-4099] "D:/cd3/exp3/16bit_reg.v" Line 1. Module register_16bit doesn't have a timescale but at least one module in design has a timescale.
WARNING: [XSIM 43-4099] "D:/cd4/exp/plusv.v" Line 54. Module RTI doesn't have a timescale but at least one module in design has a timescale.
WARNING: [XSIM 43-4099] "D:/cd3/exp3/16bit_reg.v" Line 1. Module register_16bit doesn't have a timescale but at least one module in design has a timescale.
WARNING: [XSIM 43-4099] "D:/cd3/exp3/16bit_reg.v" Line 1. Module register_16bit doesn't have a timescale but at least one module in design has a timescale.
WARNING: [XSIM 43-4099] "D:/cd3/exp3/exp14_source.v" Line 1. Module adpt_in doesn't have a timescale but at least one module in design has a timescale.
WARNING: [XSIM 43-4099] "D:/cd3/exp3/aggregator_4bit.v" Line 1. Module aggregator_4bit doesn't have a timescale but at least one module in design has a timescale.
WARNING: [XSIM 43-4099] "D:/cd3/exp3/exp14_source.v" Line 76. Module and2 doesn't have a timescale but at least one module in design has a timescale.
WARNING: [XSIM 43-4099] "D:/cd3/exp3/and_gate.v" Line 1. Module and_gate doesn't have a timescale but at least one module in design has a timescale.
WARNING: [XSIM 43-4099] "D:/cd3/exp3/exp14_source.v" Line 459. Module bus_slicer_16to12 doesn't have a timescale but at least one module in design has a timescale.
WARNING: [XSIM 43-4099] "D:/cd4/exp/plusv.v" Line 83. Module control doesn't have a timescale but at least one module in design has a timescale.
WARNING: [XSIM 43-4099] "D:/cd4/exp/plusv.v" Line 1. Module mod5_timing_generator doesn't have a timescale but at least one module in design has a timescale.
WARNING: [XSIM 43-4099] "D:/cd3/exp3/exp14_source.v" Line 479. Module multiplier_8x8 doesn't have a timescale but at least one module in design has a timescale.
WARNING: [XSIM 43-4099] "D:/cd3/exp3/mix5to1.v" Line 1. Module mux_5to1_16bit doesn't have a timescale but at least one module in design has a timescale.
WARNING: [XSIM 43-4099] "D:/cd3/exp3/not_gate.v" Line 1. Module not_gate doesn't have a timescale but at least one module in design has a timescale.
WARNING: [XSIM 43-4099] "D:/cd3/exp3/not_gate.v" Line 1. Module not_gate doesn't have a timescale but at least one module in design has a timescale.
WARNING: [XSIM 43-4099] "D:/cd3/exp3/not_gate.v" Line 1. Module not_gate doesn't have a timescale but at least one module in design has a timescale.
WARNING: [XSIM 43-4099] "D:/cd3/exp3/or_gate.v" Line 1. Module or_gate doesn't have a timescale but at least one module in design has a timescale.
WARNING: [XSIM 43-4099] "D:/cd3/exp3/ram.v" Line 1. Module ram doesn't have a timescale but at least one module in design has a timescale.
WARNING: [XSIM 43-4099] "D:/cd3/exp3/exp14_source.v" Line 490. Module split_16to8 doesn't have a timescale but at least one module in design has a timescale.
WARNING: [XSIM 43-4099] "D:/cd3/exp3/exp14_source.v" Line 501. Module splitter_16bit_16outputs doesn't have a timescale but at least one module in design has a timescale.
WARNING: [XSIM 43-4099] "D:/cd3/exp3/aggregate_4x4_to_16bit.v" Line 1. Module aggregate_4x4_to_16bit doesn't have a timescale but at least one module in design has a timescale.
WARNING: [XSIM 43-4099] "D:/cd3/exp3/aggregator_4bit.v" Line 1. Module aggregator_4bit doesn't have a timescale but at least one module in design has a timescale.
WARNING: [XSIM 43-4099] "D:/cd3/exp3/aggregator_4bit.v" Line 1. Module aggregator_4bit doesn't have a timescale but at least one module in design has a timescale.
WARNING: [XSIM 43-4099] "D:/cd3/exp3/74181.v" Line 1. Module alu_74181 doesn't have a timescale but at least one module in design has a timescale.
WARNING: [XSIM 43-4099] "D:/cd3/exp3/74181.v" Line 1. Module alu_74181 doesn't have a timescale but at least one module in design has a timescale.
WARNING: [XSIM 43-4099] "D:/cd3/exp3/74181.v" Line 1. Module alu_74181 doesn't have a timescale but at least one module in design has a timescale.
WARNING: [XSIM 43-4099] "D:/cd3/exp3/74181.v" Line 1. Module alu_74181 doesn't have a timescale but at least one module in design has a timescale.
WARNING: [XSIM 43-4099] "D:/cd3/exp3/74182.v" Line 1. Module carry_lookahead_74182 doesn't have a timescale but at least one module in design has a timescale.
WARNING: [XSIM 43-4099] "D:/cd3/exp3/exp14_source.v" Line 309. Module carry_output_splitter doesn't have a timescale but at least one module in design has a timescale.
WARNING: [XSIM 43-4099] "D:/cd3/exp3/not_gate.v" Line 1. Module not_gate doesn't have a timescale but at least one module in design has a timescale.
WARNING: [XSIM 43-4099] "D:/cd3/exp3/the_16bit_to_4x4bit.v" Line 1. Module the_16bit_to_4x4bit doesn't have a timescale but at least one module in design has a timescale.
WARNING: [XSIM 43-4099] "D:/cd3/exp3/the_16bit_to_4x4bit.v" Line 1. Module the_16bit_to_4x4bit doesn't have a timescale but at least one module in design has a timescale.
WARNING: [XSIM 43-4099] "D:/cd3/exp3/16bit_reg.v" Line 1. Module register_16bit doesn't have a timescale but at least one module in design has a timescale.
WARNING: [XSIM 43-4099] "D:/cd3/exp3/12bit_reg.v" Line 1. Module register_12bit doesn't have a timescale but at least one module in design has a timescale.
WARNING: [XSIM 43-4099] "D:/cd3/exp3/16bit_reg.v" Line 1. Module register_16bit doesn't have a timescale but at least one module in design has a timescale.
WARNING: [XSIM 43-4099] "D:/cd3/exp3/16bit_reg.v" Line 1. Module register_16bit doesn't have a timescale but at least one module in design has a timescale.
WARNING: [XSIM 43-4099] "D:/cd3/exp3/16bit_reg.v" Line 1. Module register_16bit doesn't have a timescale but at least one module in design has a timescale.
WARNING: [XSIM 43-4099] "D:/cd3/exp3/74161.v" Line 1. Module ic_74161 doesn't have a timescale but at least one module in design has a timescale.
WARNING: [XSIM 43-4099] "D:/cd3/exp3/74161.v" Line 1. Module ic_74161 doesn't have a timescale but at least one module in design has a timescale.
WARNING: [XSIM 43-4099] "D:/cd3/exp3/74161.v" Line 1. Module ic_74161 doesn't have a timescale but at least one module in design has a timescale.
WARNING: [XSIM 43-4099] "D:/cd3/exp3/exp14_source.v" Line 326. Module the_12bit_to_3x4bit doesn't have a timescale but at least one module in design has a timescale.
WARNING: [XSIM 43-4099] "D:/cd3/exp3/16bit_reg.v" Line 1. Module register_16bit doesn't have a timescale but at least one module in design has a timescale.
WARNING: [XSIM 43-4099] "D:/cd3/exp3/16bit_reg.v" Line 1. Module register_16bit doesn't have a timescale but at least one module in design has a timescale.
WARNING: [XSIM 43-4099] "D:/cd3/exp3/16bit_reg.v" Line 1. Module register_16bit doesn't have a timescale but at least one module in design has a timescale.
WARNING: [XSIM 43-4099] "D:/cd4/exp/plusv.v" Line 54. Module RTI doesn't have a timescale but at least one module in design has a timescale.
WARNING: [XSIM 43-4099] "D:/cd3/exp3/16bit_reg.v" Line 1. Module register_16bit doesn't have a timescale but at least one module in design has a timescale.
WARNING: [XSIM 43-4099] "D:/cd3/exp3/16bit_reg.v" Line 1. Module register_16bit doesn't have a timescale but at least one module in design has a timescale.
WARNING: [XSIM 43-4099] "D:/cd3/exp3/exp14_source.v" Line 1. Module adpt_in doesn't have a timescale but at least one module in design has a timescale.
WARNING: [XSIM 43-4099] "D:/cd3/exp3/aggregator_4bit.v" Line 1. Module aggregator_4bit doesn't have a timescale but at least one module in design has a timescale.
WARNING: [XSIM 43-4099] "D:/cd3/exp3/exp14_source.v" Line 76. Module and2 doesn't have a timescale but at least one module in design has a timescale.
WARNING: [XSIM 43-4099] "D:/cd3/exp3/and_gate.v" Line 1. Module and_gate doesn't have a timescale but at least one module in design has a timescale.
WARNING: [XSIM 43-4099] "D:/cd3/exp3/exp14_source.v" Line 459. Module bus_slicer_16to12 doesn't have a timescale but at least one module in design has a timescale.
WARNING: [XSIM 43-4099] "D:/cd4/exp/plusv.v" Line 83. Module control doesn't have a timescale but at least one module in design has a timescale.
WARNING: [XSIM 43-4099] "D:/cd4/exp/plusv.v" Line 1. Module mod5_timing_generator doesn't have a timescale but at least one module in design has a timescale.
WARNING: [XSIM 43-4099] "D:/cd3/exp3/exp14_source.v" Line 479. Module multiplier_8x8 doesn't have a timescale but at least one module in design has a timescale.
WARNING: [XSIM 43-4099] "D:/cd3/exp3/mix5to1.v" Line 1. Module mux_5to1_16bit doesn't have a timescale but at least one module in design has a timescale.
WARNING: [XSIM 43-4099] "D:/cd3/exp3/not_gate.v" Line 1. Module not_gate doesn't have a timescale but at least one module in design has a timescale.
WARNING: [XSIM 43-4099] "D:/cd3/exp3/not_gate.v" Line 1. Module not_gate doesn't have a timescale but at least one module in design has a timescale.
WARNING: [XSIM 43-4099] "D:/cd3/exp3/not_gate.v" Line 1. Module not_gate doesn't have a timescale but at least one module in design has a timescale.
WARNING: [XSIM 43-4099] "D:/cd3/exp3/or_gate.v" Line 1. Module or_gate doesn't have a timescale but at least one module in design has a timescale.
WARNING: [XSIM 43-4099] "D:/cd3/exp3/ram.v" Line 1. Module ram doesn't have a timescale but at least one module in design has a timescale.
WARNING: [XSIM 43-4099] "D:/cd3/exp3/exp14_source.v" Line 490. Module split_16to8 doesn't have a timescale but at least one module in design has a timescale.
WARNING: [XSIM 43-4099] "D:/cd3/exp3/exp14_source.v" Line 501. Module splitter_16bit_16outputs doesn't have a timescale but at least one module in design has a timescale.
Completed simulation data flow analysis
Time Resolution for simulation is 1ps
Compiling module xil_defaultlib.aggregate_4x4_to_16bit
Compiling module xil_defaultlib.design_3_aggregate_4x4_to_16b_0_...
Compiling module xil_defaultlib.aggregator_4bit
Compiling module xil_defaultlib.design_3_aggregator_4bit_0_1
Compiling module xil_defaultlib.design_3_aggregator_4bit_1_0
Compiling module xil_defaultlib.alu_74181
Compiling module xil_defaultlib.design_3_alu_74181_0_0
Compiling module xil_defaultlib.design_3_alu_74181_1_0
Compiling module xil_defaultlib.design_3_alu_74181_2_0
Compiling module xil_defaultlib.design_3_alu_74181_3_0
Compiling module xil_defaultlib.carry_lookahead_74182
Compiling module xil_defaultlib.design_3_carry_lookahead_74182_0...
Compiling module xil_defaultlib.carry_output_splitter
Compiling module xil_defaultlib.design_3_carry_output_splitter_0...
Compiling module xil_defaultlib.not_gate
Compiling module xil_defaultlib.design_3_not_gate_1_0
Compiling module xil_defaultlib.the_16bit_to_4x4bit
Compiling module xil_defaultlib.design_3_the_16bit_to_4x4bit_0_1
Compiling module xil_defaultlib.design_3_the_16bit_to_4x4bit_2_0
Compiling module xil_defaultlib.ALU_imp_JZDUAB
Compiling module xil_defaultlib.register_16bit
Compiling module xil_defaultlib.design_3_register_16bit_0_1
Compiling module xil_defaultlib.register_12bit
Compiling module xil_defaultlib.design_3_register_12bit_0_0
Compiling module xil_defaultlib.design_3_register_16bit_3_1
Compiling module xil_defaultlib.design_3_MDR_0
Compiling module xil_defaultlib.design_3_R0_0
Compiling module xil_defaultlib.ic_74161
Compiling module xil_defaultlib.design_3_ic_74161_0_0
Compiling module xil_defaultlib.design_3_ic_74161_1_0
Compiling module xil_defaultlib.design_3_ic_74161_2_0
Compiling module xil_defaultlib.the_12bit_to_3x4bit
Compiling module xil_defaultlib.design_3_the_12bit_to_3x4bit_0_1
Compiling module xlconcat_v2_1_6.xlconcat_v2_1_6_xlconcat(IN0_WID...
Compiling module xil_defaultlib.design_3_xlconcat_0_0
Compiling module xil_defaultlib.PC_imp_1MALNP6
Compiling module xil_defaultlib.design_3_register_16bit_0_0
Compiling module xil_defaultlib.design_3_register_16bit_1_0
Compiling module xil_defaultlib.design_3_register_16bit_2_0
Compiling module xil_defaultlib.RTI
Compiling module xil_defaultlib.design_3_RTI_0_0
Compiling module xil_defaultlib.design_3_register_16bit_3_0
Compiling module xil_defaultlib.design_3_register_16bit_4_0
Compiling module xil_defaultlib.adpt_in
Compiling module xil_defaultlib.design_3_adpt_in_0_0
Compiling module xil_defaultlib.design_3_aggregator_4bit_0_2
Compiling module xil_defaultlib.and2
Compiling module xil_defaultlib.design_3_and2_0_0
Compiling module xil_defaultlib.and_gate
Compiling module xil_defaultlib.design_3_and_gate_0_0
Compiling module xil_defaultlib.bus_slicer_16to12
Compiling module xil_defaultlib.design_3_bus_slicer_16to12_0_0
Compiling module xil_defaultlib.control
Compiling module xil_defaultlib.design_3_control_0_0
Compiling module xil_defaultlib.mod5_timing_generator
Compiling module xil_defaultlib.design_3_mod5_timing_generator_0...
Compiling module xil_defaultlib.multiplier_8x8
Compiling module xil_defaultlib.design_3_multiplier_8x8_0_0
Compiling module xil_defaultlib.mux_5to1_16bit
Compiling module xil_defaultlib.design_3_mux_5to1_16bit_0_0
Compiling module xil_defaultlib.design_3_not_gate_0_0
Compiling module xil_defaultlib.design_3_not_gate_1_1
Compiling module xil_defaultlib.design_3_not_gate_2_0
Compiling module xil_defaultlib.or_gate
Compiling module xil_defaultlib.design_3_or_gate_0_0
Compiling module xil_defaultlib.ram
Compiling module xil_defaultlib.design_3_ram_0_0
Compiling module xil_defaultlib.split_16to8
Compiling module xil_defaultlib.design_3_split_16to8_0_0
Compiling module xil_defaultlib.splitter_16bit_16outputs
Compiling module xil_defaultlib.design_3_splitter_16bit_16out_0_...
Compiling module xlconstant_v1_1_9.xlconstant_v1_1_9_xlconstant(CON...
Compiling module xil_defaultlib.design_3_xlconstant_0_1
Compiling module xil_defaultlib.design_3
Compiling module xil_defaultlib.design_3_wrapper
Compiling module xil_defaultlib.complete_monitor_test
Compiling module xil_defaultlib.glbl
Built simulation snapshot complete_monitor_test_behav
run_program: Time (s): cpu = 00:00:01 ; elapsed = 00:00:10 . Memory (MB): peak = 2804.148 ; gain = 0.000
INFO: [USF-XSim-69] 'elaborate' step finished in '10' seconds
INFO: [USF-XSim-4] XSim::Simulate design
INFO: [USF-XSim-61] Executing 'SIMULATE' step in 'D:/cd4/project_4/project_4.sim/sim_2/behav/xsim'
INFO: [USF-XSim-98] *** Running xsim
   with args "complete_monitor_test_behav -key {Behavioral:sim_2:Functional:complete_monitor_test} -tclbatch {complete_monitor_test.tcl} -protoinst "protoinst_files/design_3.protoinst" -log {simulate.log}"
INFO: [USF-XSim-8] Loading simulator feature
INFO: [Wavedata 42-565] Reading protoinst file protoinst_files/design_3.protoinst
Time resolution is 1 ps
source complete_monitor_test.tcl
# set curr_wave [current_wave_config]
# if { [string length $curr_wave] == 0 } {
#   if { [llength [get_objects]] > 0} {
#     add_wave /
#     set_property needs_save false [current_wave_config]
#   } else {
#      send_msg_id Add_Wave-1 WARNING "No top level signals found. Simulator will start without a wave window. If you want to open a wave window go to 'File->New Waveform Configuration' or type 'create_wave_config' in the TCL console."
#   }
# }
# run 1000ns
============== 完整监控测试 ==============
仿真时间: 20000 ns, 时钟周期: 10 ns
时间(ns)	复位	uPC		Crom		Bus		MAR
----------------------------------------------------------------
10000		0	0xzzz	0xzzzzzz	0x0000	0x000
100000		1	0xzzz	0xzzzzzz	0x0000	0x000 <- 复位释放
105000		1	0xzzz	0xzzzzzz	0x0000	0x000
205000		1	0xzzz	0xzzzzzz	0x0000	0x002
305000		1	0xzzz	0xzzzzzz	0x0000	0x004
405000		1	0xzzz	0xzzzzzz	0x0000	0x005
505000		1	0xzzz	0xzzzzzz	0x0000	0x007
605000		1	0xzzz	0xzzzzzz	0x0000	0x008
705000		1	0xzzz	0xzzzzzz	0x0000	0x009
805000		1	0xzzz	0xzzzzzz	0x0000	0x00a
905000		1	0xzzz	0xzzzzzz	0x0000	0x00b
INFO: [USF-XSim-96] XSim completed. Design snapshot 'complete_monitor_test_behav' loaded.
INFO: [USF-XSim-97] XSim simulation ran for 1000ns
launch_simulation: Time (s): cpu = 00:00:04 ; elapsed = 00:00:29 . Memory (MB): peak = 2804.148 ; gain = 0.000
WARNING: [filemgmt 56-199] Attempt to get parsing info during refresh. "On-the-fly" syntax checking information may be incorrect. [D:\cd3\exp3\simple_core_test.v:]
WARNING: [filemgmt 56-199] Attempt to get parsing info during refresh. "On-the-fly" syntax checking information may be incorrect. [D:\cd3\exp3\exp14_source.v:]
WARNING: [filemgmt 56-199] Attempt to get parsing info during refresh. "On-the-fly" syntax checking information may be incorrect. [D:\cd4\exp\plusv.v:]
WARNING: [filemgmt 56-199] Attempt to get parsing info during refresh. "On-the-fly" syntax checking information may be incorrect. [D:\cd3\exp3\exp14_source.v:]
WARNING: [filemgmt 56-199] Attempt to get parsing info during refresh. "On-the-fly" syntax checking information may be incorrect. [D:\cd3\exp3\exp14_source.v:]
WARNING: [filemgmt 56-199] Attempt to get parsing info during refresh. "On-the-fly" syntax checking information may be incorrect. [D:\cd3\exp3\simple_core_test.v:]
WARNING: [filemgmt 56-199] Attempt to get parsing info during refresh. "On-the-fly" syntax checking information may be incorrect. [D:\cd3\exp3\exp14_source.v:]
WARNING: [filemgmt 56-199] Attempt to get parsing info during refresh. "On-the-fly" syntax checking information may be incorrect. [D:\cd4\exp\plusv.v:]
WARNING: [filemgmt 56-199] Attempt to get parsing info during refresh. "On-the-fly" syntax checking information may be incorrect. [D:\cd3\exp3\simple_core_test.v:]
WARNING: [filemgmt 56-199] Attempt to get parsing info during refresh. "On-the-fly" syntax checking information may be incorrect. [D:\cd3\exp3\simple_core_test.v:]
update_compile_order -fileset sources_1
WARNING: [filemgmt 56-199] Attempt to get parsing info during refresh. "On-the-fly" syntax checking information may be incorrect. [D:\cd3\exp3\simple_core_test.v:]
WARNING: [filemgmt 56-199] Attempt to get parsing info during refresh. "On-the-fly" syntax checking information may be incorrect. [D:\cd3\exp3\exp14_source.v:]
WARNING: [filemgmt 56-199] Attempt to get parsing info during refresh. "On-the-fly" syntax checking information may be incorrect. [D:\cd4\exp\plusv.v:]
WARNING: [filemgmt 56-199] Attempt to get parsing info during refresh. "On-the-fly" syntax checking information may be incorrect. [D:\cd3\exp3\exp14_source.v:]
WARNING: [filemgmt 56-199] Attempt to get parsing info during refresh. "On-the-fly" syntax checking information may be incorrect. [D:\cd3\exp3\exp14_source.v:]
WARNING: [filemgmt 56-199] Attempt to get parsing info during refresh. "On-the-fly" syntax checking information may be incorrect. [D:\cd3\exp3\simple_core_test.v:]
WARNING: [filemgmt 56-199] Attempt to get parsing info during refresh. "On-the-fly" syntax checking information may be incorrect. [D:\cd3\exp3\exp14_source.v:]
WARNING: [filemgmt 56-199] Attempt to get parsing info during refresh. "On-the-fly" syntax checking information may be incorrect. [D:\cd4\exp\plusv.v:]
WARNING: [filemgmt 56-199] Attempt to get parsing info during refresh. "On-the-fly" syntax checking information may be incorrect. [D:\cd4\exp\plusv.v:]
WARNING: [filemgmt 56-199] Attempt to get parsing info during refresh. "On-the-fly" syntax checking information may be incorrect. [D:\cd4\exp\plusv.v:]
ERROR: [Common 17-180] Spawn failed: No error
WARNING: [filemgmt 56-199] Attempt to get parsing info during refresh. "On-the-fly" syntax checking information may be incorrect. [D:\cd3\exp3\simple_core_test.v:]
WARNING: [filemgmt 56-199] Attempt to get parsing info during refresh. "On-the-fly" syntax checking information may be incorrect. [D:\cd3\exp3\exp14_source.v:]
WARNING: [filemgmt 56-199] Attempt to get parsing info during refresh. "On-the-fly" syntax checking information may be incorrect. [D:\cd4\exp\plusv.v:]
WARNING: [filemgmt 56-199] Attempt to get parsing info during refresh. "On-the-fly" syntax checking information may be incorrect. [D:\cd4\exp\plusv.v:]
WARNING: [filemgmt 56-199] Attempt to get parsing info during refresh. "On-the-fly" syntax checking information may be incorrect. [D:\cd4\exp\plusv.v:]
ERROR: [Common 17-180] Spawn failed: No error
run all
1005000		1	0xzzz	0xzzzzzz	0x0000	0x00c
1105000		1	0xzzz	0xzzzzzz	0x0000	0x00d
1205000		1	0xzzz	0xzzzzzz	0x0000	0x00e
1305000		1	0xzzz	0xzzzzzz	0x0000	0x00f
1405000		1	0xzzz	0xzzzzzz	0x0000	0x000
1505000		1	0xzzz	0xzzzzzz	0x0000	0x002
1605000		1	0xzzz	0xzzzzzz	0x0000	0x004
1705000		1	0xzzz	0xzzzzzz	0x0000	0x005
1805000		1	0xzzz	0xzzzzzz	0x0000	0x007
1905000		1	0xzzz	0xzzzzzz	0x0000	0x008
2005000		1	0xzzz	0xzzzzzz	0x0000	0x009
2105000		1	0xzzz	0xzzzzzz	0x0000	0x00a
2205000		1	0xzzz	0xzzzzzz	0x0000	0x00b
2305000		1	0xzzz	0xzzzzzz	0x0000	0x00c
2405000		1	0xzzz	0xzzzzzz	0x0000	0x00d
2505000		1	0xzzz	0xzzzzzz	0x0000	0x00e
2605000		1	0xzzz	0xzzzzzz	0x0000	0x00f
2705000		1	0xzzz	0xzzzzzz	0x0000	0x000
2805000		1	0xzzz	0xzzzzzz	0x0000	0x002
2905000		1	0xzzz	0xzzzzzz	0x0000	0x004
3005000		1	0xzzz	0xzzzzzz	0x0000	0x005
3105000		1	0xzzz	0xzzzzzz	0x0000	0x007
3205000		1	0xzzz	0xzzzzzz	0x0000	0x008
3305000		1	0xzzz	0xzzzzzz	0x0000	0x009
3405000		1	0xzzz	0xzzzzzz	0x0000	0x00a
3505000		1	0xzzz	0xzzzzzz	0x0000	0x00b
3605000		1	0xzzz	0xzzzzzz	0x0000	0x00c
3705000		1	0xzzz	0xzzzzzz	0x0000	0x00d
3805000		1	0xzzz	0xzzzzzz	0x0000	0x00e
3905000		1	0xzzz	0xzzzzzz	0x0000	0x00f
4005000		1	0xzzz	0xzzzzzz	0x0000	0x000
4105000		1	0xzzz	0xzzzzzz	0x0000	0x002
4205000		1	0xzzz	0xzzzzzz	0x0000	0x004
4305000		1	0xzzz	0xzzzzzz	0x0000	0x005
4405000		1	0xzzz	0xzzzzzz	0x0000	0x007
4505000		1	0xzzz	0xzzzzzz	0x0000	0x008
4605000		1	0xzzz	0xzzzzzz	0x0000	0x009
4705000		1	0xzzz	0xzzzzzz	0x0000	0x00a
4805000		1	0xzzz	0xzzzzzz	0x0000	0x00b
4905000		1	0xzzz	0xzzzzzz	0x0000	0x00c
5005000		1	0xzzz	0xzzzzzz	0x0000	0x00d
5105000		1	0xzzz	0xzzzzzz	0x0000	0x00e
5205000		1	0xzzz	0xzzzzzz	0x0000	0x00f
5305000		1	0xzzz	0xzzzzzz	0x0000	0x000
5405000		1	0xzzz	0xzzzzzz	0x0000	0x002
5505000		1	0xzzz	0xzzzzzz	0x0000	0x004
5605000		1	0xzzz	0xzzzzzz	0x0000	0x005
5705000		1	0xzzz	0xzzzzzz	0x0000	0x007
5805000		1	0xzzz	0xzzzzzz	0x0000	0x008
5905000		1	0xzzz	0xzzzzzz	0x0000	0x009
6005000		1	0xzzz	0xzzzzzz	0x0000	0x00a
6105000		1	0xzzz	0xzzzzzz	0x0000	0x00b
6205000		1	0xzzz	0xzzzzzz	0x0000	0x00c
6305000		1	0xzzz	0xzzzzzz	0x0000	0x00d
6405000		1	0xzzz	0xzzzzzz	0x0000	0x00e
6505000		1	0xzzz	0xzzzzzz	0x0000	0x00f
6605000		1	0xzzz	0xzzzzzz	0x0000	0x000
6705000		1	0xzzz	0xzzzzzz	0x0000	0x002
6805000		1	0xzzz	0xzzzzzz	0x0000	0x004
6905000		1	0xzzz	0xzzzzzz	0x0000	0x005
7005000		1	0xzzz	0xzzzzzz	0x0000	0x007
7105000		1	0xzzz	0xzzzzzz	0x0000	0x008
7205000		1	0xzzz	0xzzzzzz	0x0000	0x009
7305000		1	0xzzz	0xzzzzzz	0x0000	0x00a
7405000		1	0xzzz	0xzzzzzz	0x0000	0x00b
7505000		1	0xzzz	0xzzzzzz	0x0000	0x00c
7605000		1	0xzzz	0xzzzzzz	0x0000	0x00d
7705000		1	0xzzz	0xzzzzzz	0x0000	0x00e
7805000		1	0xzzz	0xzzzzzz	0x0000	0x00f
7905000		1	0xzzz	0xzzzzzz	0x0000	0x000
8005000		1	0xzzz	0xzzzzzz	0x0000	0x002
8105000		1	0xzzz	0xzzzzzz	0x0000	0x004
8205000		1	0xzzz	0xzzzzzz	0x0000	0x005
8305000		1	0xzzz	0xzzzzzz	0x0000	0x007
8405000		1	0xzzz	0xzzzzzz	0x0000	0x008
8505000		1	0xzzz	0xzzzzzz	0x0000	0x009
8605000		1	0xzzz	0xzzzzzz	0x0000	0x00a
8705000		1	0xzzz	0xzzzzzz	0x0000	0x00b
8805000		1	0xzzz	0xzzzzzz	0x0000	0x00c
8905000		1	0xzzz	0xzzzzzz	0x0000	0x00d
9005000		1	0xzzz	0xzzzzzz	0x0000	0x00e
9105000		1	0xzzz	0xzzzzzz	0x0000	0x00f
9205000		1	0xzzz	0xzzzzzz	0x0000	0x000
9305000		1	0xzzz	0xzzzzzz	0x0000	0x002
9405000		1	0xzzz	0xzzzzzz	0x0000	0x004
9505000		1	0xzzz	0xzzzzzz	0x0000	0x005
9605000		1	0xzzz	0xzzzzzz	0x0000	0x007
9705000		1	0xzzz	0xzzzzzz	0x0000	0x008
9805000		1	0xzzz	0xzzzzzz	0x0000	0x009
9905000		1	0xzzz	0xzzzzzz	0x0000	0x00a
10005000		1	0xzzz	0xzzzzzz	0x0000	0x00b
10105000		1	0xzzz	0xzzzzzz	0x0000	0x00c
10205000		1	0xzzz	0xzzzzzz	0x0000	0x00d
10305000		1	0xzzz	0xzzzzzz	0x0000	0x00e
10405000		1	0xzzz	0xzzzzzz	0x0000	0x00f
10505000		1	0xzzz	0xzzzzzz	0x0000	0x000
10605000		1	0xzzz	0xzzzzzz	0x0000	0x002
10705000		1	0xzzz	0xzzzzzz	0x0000	0x004
10805000		1	0xzzz	0xzzzzzz	0x0000	0x005
10905000		1	0xzzz	0xzzzzzz	0x0000	0x007
11005000		1	0xzzz	0xzzzzzz	0x0000	0x008
11105000		1	0xzzz	0xzzzzzz	0x0000	0x009
11205000		1	0xzzz	0xzzzzzz	0x0000	0x00a
11305000		1	0xzzz	0xzzzzzz	0x0000	0x00b
11405000		1	0xzzz	0xzzzzzz	0x0000	0x00c
11505000		1	0xzzz	0xzzzzzz	0x0000	0x00d
11605000		1	0xzzz	0xzzzzzz	0x0000	0x00e
11705000		1	0xzzz	0xzzzzzz	0x0000	0x00f
11805000		1	0xzzz	0xzzzzzz	0x0000	0x000
11905000		1	0xzzz	0xzzzzzz	0x0000	0x002
12005000		1	0xzzz	0xzzzzzz	0x0000	0x004
12105000		1	0xzzz	0xzzzzzz	0x0000	0x005
12205000		1	0xzzz	0xzzzzzz	0x0000	0x007
12305000		1	0xzzz	0xzzzzzz	0x0000	0x008
12405000		1	0xzzz	0xzzzzzz	0x0000	0x009
12505000		1	0xzzz	0xzzzzzz	0x0000	0x00a
12605000		1	0xzzz	0xzzzzzz	0x0000	0x00b
12705000		1	0xzzz	0xzzzzzz	0x0000	0x00c
12805000		1	0xzzz	0xzzzzzz	0x0000	0x00d
12905000		1	0xzzz	0xzzzzzz	0x0000	0x00e
13005000		1	0xzzz	0xzzzzzz	0x0000	0x00f
13105000		1	0xzzz	0xzzzzzz	0x0000	0x000
13205000		1	0xzzz	0xzzzzzz	0x0000	0x002
13305000		1	0xzzz	0xzzzzzz	0x0000	0x004
13405000		1	0xzzz	0xzzzzzz	0x0000	0x005
13505000		1	0xzzz	0xzzzzzz	0x0000	0x007
13605000		1	0xzzz	0xzzzzzz	0x0000	0x008
13705000		1	0xzzz	0xzzzzzz	0x0000	0x009
13805000		1	0xzzz	0xzzzzzz	0x0000	0x00a
13905000		1	0xzzz	0xzzzzzz	0x0000	0x00b
14005000		1	0xzzz	0xzzzzzz	0x0000	0x00c
14105000		1	0xzzz	0xzzzzzz	0x0000	0x00d
14205000		1	0xzzz	0xzzzzzz	0x0000	0x00e
14305000		1	0xzzz	0xzzzzzz	0x0000	0x00f
14405000		1	0xzzz	0xzzzzzz	0x0000	0x000
14505000		1	0xzzz	0xzzzzzz	0x0000	0x002
14605000		1	0xzzz	0xzzzzzz	0x0000	0x004
14705000		1	0xzzz	0xzzzzzz	0x0000	0x005
14805000		1	0xzzz	0xzzzzzz	0x0000	0x007
14905000		1	0xzzz	0xzzzzzz	0x0000	0x008
15005000		1	0xzzz	0xzzzzzz	0x0000	0x009
15105000		1	0xzzz	0xzzzzzz	0x0000	0x00a
15205000		1	0xzzz	0xzzzzzz	0x0000	0x00b
15305000		1	0xzzz	0xzzzzzz	0x0000	0x00c
15405000		1	0xzzz	0xzzzzzz	0x0000	0x00d
15505000		1	0xzzz	0xzzzzzz	0x0000	0x00e
15605000		1	0xzzz	0xzzzzzz	0x0000	0x00f
15705000		1	0xzzz	0xzzzzzz	0x0000	0x000
15805000		1	0xzzz	0xzzzzzz	0x0000	0x002
15905000		1	0xzzz	0xzzzzzz	0x0000	0x004
16005000		1	0xzzz	0xzzzzzz	0x0000	0x005
16105000		1	0xzzz	0xzzzzzz	0x0000	0x007
16205000		1	0xzzz	0xzzzzzz	0x0000	0x008
16305000		1	0xzzz	0xzzzzzz	0x0000	0x009
16405000		1	0xzzz	0xzzzzzz	0x0000	0x00a
16505000		1	0xzzz	0xzzzzzz	0x0000	0x00b
16605000		1	0xzzz	0xzzzzzz	0x0000	0x00c
16705000		1	0xzzz	0xzzzzzz	0x0000	0x00d
16805000		1	0xzzz	0xzzzzzz	0x0000	0x00e
16905000		1	0xzzz	0xzzzzzz	0x0000	0x00f
17005000		1	0xzzz	0xzzzzzz	0x0000	0x000
17105000		1	0xzzz	0xzzzzzz	0x0000	0x002
17205000		1	0xzzz	0xzzzzzz	0x0000	0x004
17305000		1	0xzzz	0xzzzzzz	0x0000	0x005
17405000		1	0xzzz	0xzzzzzz	0x0000	0x007
17505000		1	0xzzz	0xzzzzzz	0x0000	0x008
17605000		1	0xzzz	0xzzzzzz	0x0000	0x009
17705000		1	0xzzz	0xzzzzzz	0x0000	0x00a
17805000		1	0xzzz	0xzzzzzz	0x0000	0x00b
17905000		1	0xzzz	0xzzzzzz	0x0000	0x00c
18005000		1	0xzzz	0xzzzzzz	0x0000	0x00d
18105000		1	0xzzz	0xzzzzzz	0x0000	0x00e
18205000		1	0xzzz	0xzzzzzz	0x0000	0x00f
18305000		1	0xzzz	0xzzzzzz	0x0000	0x000
18405000		1	0xzzz	0xzzzzzz	0x0000	0x002
18505000		1	0xzzz	0xzzzzzz	0x0000	0x004
18605000		1	0xzzz	0xzzzzzz	0x0000	0x005
18705000		1	0xzzz	0xzzzzzz	0x0000	0x007
18805000		1	0xzzz	0xzzzzzz	0x0000	0x008
18905000		1	0xzzz	0xzzzzzz	0x0000	0x009
19005000		1	0xzzz	0xzzzzzz	0x0000	0x00a
19105000		1	0xzzz	0xzzzzzz	0x0000	0x00b
19205000		1	0xzzz	0xzzzzzz	0x0000	0x00c
19305000		1	0xzzz	0xzzzzzz	0x0000	0x00d
19405000		1	0xzzz	0xzzzzzz	0x0000	0x00e
19505000		1	0xzzz	0xzzzzzz	0x0000	0x00f
19605000		1	0xzzz	0xzzzzzz	0x0000	0x000
19705000		1	0xzzz	0xzzzzzz	0x0000	0x002
19805000		1	0xzzz	0xzzzzzz	0x0000	0x004
19905000		1	0xzzz	0xzzzzzz	0x0000	0x005
============== 测试完成，总仿真时间 20000 ns ==============
$finish called at time : 20 us : File "D:/cd3/exp3/simple_core_test.v" Line 98
close_sim
INFO: [Simtcl 6-16] Simulation closed
open_project D:/jzy/cd3/project_3/project_3.xpr
Scanning sources...
Finished scanning sources
WARNING: [filemgmt 56-199] Attempt to get parsing info during refresh. "On-the-fly" syntax checking information may be incorrect. [D:\cd3\exp3\simple_core_test.v:]
WARNING: [filemgmt 56-199] Attempt to get parsing info during refresh. "On-the-fly" syntax checking information may be incorrect. [D:\cd3\exp3\exp14_source.v:]
WARNING: [filemgmt 56-199] Attempt to get parsing info during refresh. "On-the-fly" syntax checking information may be incorrect. [D:\cd4\exp\plusv.v:]
WARNING: [filemgmt 56-199] Attempt to get parsing info during refresh. "On-the-fly" syntax checking information may be incorrect. [D:\cd3\exp3\simple_core_test.v:]
WARNING: [filemgmt 56-199] Attempt to get parsing info during refresh. "On-the-fly" syntax checking information may be incorrect. [D:\cd3\exp3\simple_core_test.v:]
INFO: [IP_Flow 19-234] Refreshing IP repositories
INFO: [IP_Flow 19-1700] Loaded user IP repository 'd:/jzy/ip_repo'.
INFO: [IP_Flow 19-2313] Loaded Vivado IP repository 'D:/Vivado/2024.2/data/ip'.
INFO: [Project 1-5579] Found utility IPs instantiated in one or more block designs which have equivalent inline hdl with improved performance and reduced diskspace. It is recommended to migrate these utility IPs to inline hdl using the command upgrade_project -migrate_to_inline_hdl. The utility IPs may be deprecated in future releases. More information on inline hdl is available in UG994.
open_project: Time (s): cpu = 00:00:04 ; elapsed = 00:00:17 . Memory (MB): peak = 2899.203 ; gain = 0.000
WARNING: [filemgmt 56-199] Attempt to get parsing info during refresh. "On-the-fly" syntax checking information may be incorrect. [D:\cd3\exp3\simple_core_test.v:]
WARNING: [filemgmt 56-199] Attempt to get parsing info during refresh. "On-the-fly" syntax checking information may be incorrect. [D:\cd3\exp3\exp14_source.v:]
WARNING: [filemgmt 56-199] Attempt to get parsing info during refresh. "On-the-fly" syntax checking information may be incorrect. [D:\cd4\exp\plusv.v:]
WARNING: [filemgmt 56-199] Attempt to get parsing info during refresh. "On-the-fly" syntax checking information may be incorrect. [D:\cd4\exp\plusv.v:]
WARNING: [filemgmt 56-199] Attempt to get parsing info during refresh. "On-the-fly" syntax checking information may be incorrect. [D:\cd4\exp\plusv.v:]
WARNING: [filemgmt 56-199] Attempt to get parsing info during refresh. "On-the-fly" syntax checking information may be incorrect. [D:\cd3\exp3\simple_core_test.v:]
WARNING: [filemgmt 56-199] Attempt to get parsing info during refresh. "On-the-fly" syntax checking information may be incorrect. [D:\cd3\exp3\exp14_source.v:]
WARNING: [filemgmt 56-199] Attempt to get parsing info during refresh. "On-the-fly" syntax checking information may be incorrect. [D:\cd4\exp\plusv.v:]
WARNING: [filemgmt 56-199] Attempt to get parsing info during refresh. "On-the-fly" syntax checking information may be incorrect. [D:\cd3\exp3\simple_core_test.v:]
WARNING: [filemgmt 56-199] Attempt to get parsing info during refresh. "On-the-fly" syntax checking information may be incorrect. [D:\cd3\exp3\simple_core_test.v:]
ERROR: [Common 17-180] Spawn failed: No error
WARNING: [filemgmt 56-199] Attempt to get parsing info during refresh. "On-the-fly" syntax checking information may be incorrect. [D:\cd3\exp3\simple_core_test.v:]
WARNING: [filemgmt 56-199] Attempt to get parsing info during refresh. "On-the-fly" syntax checking information may be incorrect. [D:\cd3\exp3\exp14_source.v:]
WARNING: [filemgmt 56-199] Attempt to get parsing info during refresh. "On-the-fly" syntax checking information may be incorrect. [D:\cd4\exp\plusv.v:]
WARNING: [filemgmt 56-199] Attempt to get parsing info during refresh. "On-the-fly" syntax checking information may be incorrect. [D:\cd3\exp3\exp14_source.v:]
WARNING: [filemgmt 56-199] Attempt to get parsing info during refresh. "On-the-fly" syntax checking information may be incorrect. [D:\cd3\exp3\exp14_source.v:]
WARNING: [filemgmt 56-199] Attempt to get parsing info during refresh. "On-the-fly" syntax checking information may be incorrect. [D:\cd3\exp3\simple_core_test.v:]
WARNING: [filemgmt 56-199] Attempt to get parsing info during refresh. "On-the-fly" syntax checking information may be incorrect. [D:\cd3\exp3\exp14_source.v:]
WARNING: [filemgmt 56-199] Attempt to get parsing info during refresh. "On-the-fly" syntax checking information may be incorrect. [D:\cd4\exp\plusv.v:]
WARNING: [filemgmt 56-199] Attempt to get parsing info during refresh. "On-the-fly" syntax checking information may be incorrect. [D:\cd3\exp3\exp14_source.v:]
WARNING: [filemgmt 56-199] Attempt to get parsing info during refresh. "On-the-fly" syntax checking information may be incorrect. [D:\cd3\exp3\exp14_source.v:]
WARNING: [filemgmt 56-199] Attempt to get parsing info during refresh. "On-the-fly" syntax checking information may be incorrect. [D:\cd3\exp3\simple_core_test.v:]
WARNING: [filemgmt 56-199] Attempt to get parsing info during refresh. "On-the-fly" syntax checking information may be incorrect. [D:\cd3\exp3\exp14_source.v:]
WARNING: [filemgmt 56-199] Attempt to get parsing info during refresh. "On-the-fly" syntax checking information may be incorrect. [D:\cd4\exp\plusv.v:]
WARNING: [filemgmt 56-199] Attempt to get parsing info during refresh. "On-the-fly" syntax checking information may be incorrect. [D:\cd3\exp3\simple_core_test.v:]
WARNING: [filemgmt 56-199] Attempt to get parsing info during refresh. "On-the-fly" syntax checking information may be incorrect. [D:\cd3\exp3\simple_core_test.v:]
current_project project_4
current_project project_3
launch_simulation -simset [get_filesets sim_2 ]
Command: launch_simulation  -simset sim_2
INFO: [Vivado 12-12493] Simulation top is 'complete_monitor_test'
WARNING: [Vivado 12-13340] Unable to auto find GCC executables from simulator install path! (path not set)
INFO: [Vivado 12-5698] Checking validity of IPs in the design for the 'XSim' simulator...
INFO: [Vivado 12-5682] Launching behavioral simulation in 'D:/jzy/cd3/project_3/project_3.sim/sim_2/behav/xsim'
INFO: [Vivado 12-13660] Precompiled IP simulation library mode is enabled (default). The design IP libraries will be referenced from the compiled library path. Please note that if the precompiled version of the library is not found from the path or the IP is in locked state, then the library source files for these IPs will be compiled locally as part of the compile order.
INFO: [Vivado 12-4795] Using compiled simulation libraries for IPs
INFO: [SIM-utils-51] Simulation object is 'sim_2'
INFO: [SIM-utils-72] Using boost library from 'D:/Vivado/2024.2/tps/boost_1_72_0'
INFO: [USF-XSim-7] Finding pre-compiled libraries...
INFO: [USF-XSim-11] File 'D:/Vivado/2024.2/data/xsim/xsim.ini' copied to run dir:'D:/jzy/cd3/project_3/project_3.sim/sim_2/behav/xsim'
INFO: [SIM-utils-54] Inspecting design source files for 'complete_monitor_test' in fileset 'sim_2'...
INFO: [USF-XSim-97] Finding global include files...
INFO: [USF-XSim-98] Fetching design files from 'sim_2'...
INFO: [USF-XSim-2] XSim::Compile design
INFO: [USF-XSim-61] Executing 'COMPILE and ANALYZE' step in 'D:/jzy/cd3/project_3/project_3.sim/sim_2/behav/xsim'
"xvlog --incr --relax -prj complete_monitor_test_vlog.prj"
INFO: [USF-XSim-69] 'compile' step finished in '3' seconds
INFO: [USF-XSim-3] XSim::Elaborate design
INFO: [USF-XSim-61] Executing 'ELABORATE' step in 'D:/jzy/cd3/project_3/project_3.sim/sim_2/behav/xsim'
"xelab --incr --debug typical --relax --mt 2 -L xil_defaultlib -L xlconstant_v1_1_9 -L xlconcat_v2_1_6 -L unisims_ver -L unimacro_ver -L secureip -L xpm --snapshot complete_monitor_test_behav xil_defaultlib.complete_monitor_test xil_defaultlib.glbl -log elaborate.log"
Vivado Simulator v2024.2.0
Copyright 1986-2022 Xilinx, Inc. All Rights Reserved.
Copyright 2022-2024 Advanced Micro Devices, Inc. All Rights Reserved.
Running: D:/Vivado/2024.2/bin/unwrapped/win64.o/xelab.exe --incr --debug typical --relax --mt 2 -L xil_defaultlib -L xlconstant_v1_1_9 -L xlconcat_v2_1_6 -L unisims_ver -L unimacro_ver -L secureip -L xpm --snapshot complete_monitor_test_behav xil_defaultlib.complete_monitor_test xil_defaultlib.glbl -log elaborate.log 
Using 2 slave threads.
Starting static elaboration
Pass Through NonSizing Optimizer
Completed static elaboration
INFO: [XSIM 43-4323] No Change in HDL. Linking previously generated obj files to create kernel
INFO: [USF-XSim-69] 'elaborate' step finished in '4' seconds
INFO: [USF-XSim-4] XSim::Simulate design
INFO: [USF-XSim-61] Executing 'SIMULATE' step in 'D:/jzy/cd3/project_3/project_3.sim/sim_2/behav/xsim'
INFO: [USF-XSim-98] *** Running xsim
   with args "complete_monitor_test_behav -key {Behavioral:sim_2:Functional:complete_monitor_test} -tclbatch {complete_monitor_test.tcl} -protoinst "protoinst_files/design_3.protoinst" -log {simulate.log}"
INFO: [USF-XSim-8] Loading simulator feature
INFO: [Wavedata 42-565] Reading protoinst file protoinst_files/design_3.protoinst
Time resolution is 1 ps
source complete_monitor_test.tcl
# set curr_wave [current_wave_config]
# if { [string length $curr_wave] == 0 } {
#   if { [llength [get_objects]] > 0} {
#     add_wave /
#     set_property needs_save false [current_wave_config]
#   } else {
#      send_msg_id Add_Wave-1 WARNING "No top level signals found. Simulator will start without a wave window. If you want to open a wave window go to 'File->New Waveform Configuration' or type 'create_wave_config' in the TCL console."
#   }
# }
# run 1000ns
============== 完整监控测试 ==============
仿真时间: 20000 ns, 时钟周期: 10 ns
时间(ns)	复位	uPC		Crom		Bus		MAR
----------------------------------------------------------------
10000		0	0x000	0x00e181	0x0000	0x000
100000		1	0x000	0x00e181	0x0000	0x000 <- 复位释放
105000		1	0x001	0x00e181	0x0000	0x000
205000		1	0x002	0x000a11	0x0000	0x002
305000		1	0x001	0x00e181	0x0004	0x004
405000		1	0x033	0x00a081	0x66bb	0x004
505000		1	0x000	0x000002	0x0000	0x006
605000		1	0x04d	0x004d02	0x0000	0x0fa
705000		1	0x03b	0x266401	0x1111	0x008
805000		1	0x071	0x007102	0x0000	0x009
905000		1	0x14c	0x000005	0x0000	0x00a
xsim: Time (s): cpu = 00:00:02 ; elapsed = 00:00:05 . Memory (MB): peak = 2899.203 ; gain = 0.000
INFO: [USF-XSim-96] XSim completed. Design snapshot 'complete_monitor_test_behav' loaded.
INFO: [USF-XSim-97] XSim simulation ran for 1000ns
launch_simulation: Time (s): cpu = 00:00:05 ; elapsed = 00:00:19 . Memory (MB): peak = 2899.203 ; gain = 0.000
close_sim
INFO: [Simtcl 6-16] Simulation closed
open_bd_design {D:/jzy/cd3/design_3/design_3.bd}
Reading block design file <D:/jzy/cd3/design_3/design_3.bd>...
Adding component instance block -- xilinx.com:module_ref:adpt_in:1.0 - adpt_in_0
Adding component instance block -- xilinx.com:ip:xlconstant:1.1 - xlconstant_0
Adding component instance block -- xilinx.com:ip:xlconstant:1.1 - xlconstant_1
Adding component instance block -- xilinx.com:module_ref:ic_74161:1.0 - ic_74161_0
Adding component instance block -- xilinx.com:module_ref:ic_74161:1.0 - ic_74161_1
Adding component instance block -- xilinx.com:module_ref:ic_74161:1.0 - ic_74161_2
Adding component instance block -- xilinx.com:ip:xlconcat:2.1 - xlconcat_0
Adding component instance block -- xilinx.com:module_ref:the_12bit_to_3x4bit:1.0 - the_12bit_to_3x4bit_0
Adding component instance block -- xilinx.com:module_ref:ram:1.0 - ram_0
Adding component instance block -- xilinx.com:module_ref:register_16bit:1.0 - R0
Adding component instance block -- xilinx.com:module_ref:register_16bit:1.0 - R1
Adding component instance block -- xilinx.com:module_ref:register_16bit:1.0 - R2
Adding component instance block -- xilinx.com:module_ref:register_16bit:1.0 - X
Adding component instance block -- xilinx.com:module_ref:register_16bit:1.0 - Z
Adding component instance block -- xilinx.com:module_ref:register_12bit:1.0 - MAR
Adding component instance block -- xilinx.com:module_ref:register_16bit:1.0 - MDR
Adding component instance block -- xilinx.com:module_ref:register_16bit:1.0 - MDRE
Adding component instance block -- xilinx.com:module_ref:register_16bit:1.0 - IR
Adding component instance block -- xilinx.com:module_ref:mux_5to1_16bit:1.0 - mux_5to1_16bit_0
Adding component instance block -- xilinx.com:module_ref:aggregator_4bit:1.0 - aggregator_4bit_0
Adding component instance block -- xilinx.com:module_ref:carry_lookahead_74182:1.0 - carry_lookahead_74182_0
Adding component instance block -- xilinx.com:module_ref:aggregator_4bit:1.0 - aggregator_4bit_1
Adding component instance block -- xilinx.com:module_ref:alu_74181:1.0 - alu_74181_0
Adding component instance block -- xilinx.com:module_ref:alu_74181:1.0 - alu_74181_1
Adding component instance block -- xilinx.com:module_ref:alu_74181:1.0 - alu_74181_2
Adding component instance block -- xilinx.com:module_ref:aggregate_4x4_to_16bit:1.0 - aggregate_4x4_to_16b_0
Adding component instance block -- xilinx.com:module_ref:the_16bit_to_4x4bit:1.0 - the_16bit_to_4x4bit_1
Adding component instance block -- xilinx.com:module_ref:the_16bit_to_4x4bit:1.0 - the_16bit_to_4x4bit_0
Adding component instance block -- xilinx.com:module_ref:alu_74181:1.0 - alu_74181_3
Adding component instance block -- xilinx.com:module_ref:carry_output_splitter:1.0 - carry_output_splitter_0
Adding component instance block -- xilinx.com:module_ref:not_gate:1.0 - not_gate_1
Adding component instance block -- xilinx.com:module_ref:ic_74161:1.0 - ic_74161_0
Adding component instance block -- xilinx.com:module_ref:ic_74161:1.0 - ic_74161_1
Adding component instance block -- xilinx.com:module_ref:ic_74161:1.0 - ic_74161_2
Adding component instance block -- xilinx.com:ip:xlconcat:2.1 - xlconcat_0
Adding component instance block -- xilinx.com:module_ref:the_12bit_to_3x4bit:1.0 - the_12bit_to_3x4bit_0
Adding component instance block -- xilinx.com:module_ref:rom_1kx23:1.0 - Crom_1kx23_0
Adding component instance block -- xilinx.com:module_ref:bit_splitter_23:1.0 - bit_splitter_23_0
Adding component instance block -- xilinx.com:module_ref:decoder_3to8:1.0 - decoder_3to8_0
Adding component instance block -- xilinx.com:module_ref:decoder_2to4:1.0 - decoder_2to4_0
Adding component instance block -- xilinx.com:module_ref:decoder_3to8:1.0 - decoder_3to8_1
Adding component instance block -- xilinx.com:module_ref:decoder_2to4:1.0 - decoder_2to4_1
Adding component instance block -- xilinx.com:module_ref:not1:1.0 - not1_0
Adding component instance block -- xilinx.com:module_ref:decoder_3to8:1.0 - decoder_3to8_2
Adding component instance block -- xilinx.com:module_ref:and2:1.0 - and2_1
Adding component instance block -- xilinx.com:module_ref:and2:1.0 - and2_2
Adding component instance block -- xilinx.com:module_ref:or3_gate:1.0 - or3_gate_0
Adding component instance block -- xilinx.com:module_ref:and2:1.0 - and2_0
Adding component instance block -- xilinx.com:module_ref:and2:1.0 - and2_1
Adding component instance block -- xilinx.com:module_ref:and2:1.0 - and2_2
Adding component instance block -- xilinx.com:module_ref:or3_gate:1.0 - or3_gate_0
Adding component instance block -- xilinx.com:module_ref:and2:1.0 - and2_0
Adding component instance block -- xilinx.com:module_ref:and2:1.0 - and2_3
Adding component instance block -- xilinx.com:module_ref:and2:1.0 - and2_1
Adding component instance block -- xilinx.com:module_ref:and2:1.0 - and2_2
Adding component instance block -- xilinx.com:module_ref:or3_gate:1.0 - or3_gate_0
Adding component instance block -- xilinx.com:module_ref:and2:1.0 - and2_0
Adding component instance block -- xilinx.com:module_ref:and2:1.0 - and2_3
Adding component instance block -- xilinx.com:module_ref:and2:1.0 - and2_1
Adding component instance block -- xilinx.com:module_ref:and2:1.0 - and2_2
Adding component instance block -- xilinx.com:module_ref:or3_gate:1.0 - or3_gate_0
Adding component instance block -- xilinx.com:module_ref:and2:1.0 - and2_0
Adding component instance block -- xilinx.com:module_ref:and2:1.0 - and2_3
Adding component instance block -- xilinx.com:module_ref:and2:1.0 - and2_1
Adding component instance block -- xilinx.com:module_ref:and2:1.0 - and2_2
Adding component instance block -- xilinx.com:module_ref:or3_gate:1.0 - or3_gate_0
Adding component instance block -- xilinx.com:module_ref:and2:1.0 - and2_0
Adding component instance block -- xilinx.com:module_ref:and2:1.0 - and2_3
Adding component instance block -- xilinx.com:module_ref:and2:1.0 - and2_1
Adding component instance block -- xilinx.com:module_ref:and2:1.0 - and2_2
Adding component instance block -- xilinx.com:module_ref:or3_gate:1.0 - or3_gate_0
Adding component instance block -- xilinx.com:module_ref:and2:1.0 - and2_0
Adding component instance block -- xilinx.com:module_ref:and2:1.0 - and2_3
Adding component instance block -- xilinx.com:module_ref:and2:1.0 - and2_1
Adding component instance block -- xilinx.com:module_ref:and2:1.0 - and2_2
Adding component instance block -- xilinx.com:module_ref:or3_gate:1.0 - or3_gate_0
Adding component instance block -- xilinx.com:module_ref:and2:1.0 - and2_0
Adding component instance block -- xilinx.com:module_ref:and2:1.0 - and2_3
Adding component instance block -- xilinx.com:module_ref:and2:1.0 - and2_1
Adding component instance block -- xilinx.com:module_ref:and2:1.0 - and2_2
Adding component instance block -- xilinx.com:module_ref:or3_gate:1.0 - or3_gate_0
Adding component instance block -- xilinx.com:module_ref:and2:1.0 - and2_0
Adding component instance block -- xilinx.com:module_ref:and2:1.0 - and2_3
Adding component instance block -- xilinx.com:module_ref:and2:1.0 - and2_1
Adding component instance block -- xilinx.com:module_ref:and2:1.0 - and2_2
Adding component instance block -- xilinx.com:module_ref:or3_gate:1.0 - or3_gate_0
Adding component instance block -- xilinx.com:module_ref:and2:1.0 - and2_0
Adding component instance block -- xilinx.com:module_ref:and2:1.0 - and2_3
Adding component instance block -- xilinx.com:module_ref:and2:1.0 - and2_1
Adding component instance block -- xilinx.com:module_ref:and2:1.0 - and2_2
Adding component instance block -- xilinx.com:module_ref:or3_gate:1.0 - or3_gate_0
Adding component instance block -- xilinx.com:module_ref:and2:1.0 - and2_0
Adding component instance block -- xilinx.com:module_ref:and2:1.0 - and2_3
Adding component instance block -- xilinx.com:module_ref:aggregator_12inputs_to_12bit_sync:1.0 - aggregator_12inputs_0
Adding component instance block -- xilinx.com:module_ref:splitter_16bit_to_16outputs:1.0 - splitter_16bit_to_16_0
Adding component instance block -- xilinx.com:module_ref:not_gate:1.0 - not_gate_0
Adding component instance block -- xilinx.com:module_ref:bus_slicer_16to12:1.0 - bus_slicer_16to12_0
Adding component instance block -- xilinx.com:module_ref:or_gate:1.0 - or_gate_0
Adding component instance block -- xilinx.com:module_ref:and_gate:1.0 - and_gate_0
Adding component instance block -- xilinx.com:module_ref:and_gate:1.0 - and_gate_1
Adding component instance block -- xilinx.com:module_ref:not_gate:1.0 - not_gate_1
Adding component instance block -- xilinx.com:module_ref:or_gate:1.0 - or_gate_1
Adding component instance block -- xilinx.com:module_ref:and2:1.0 - and2_0
Adding component instance block -- xilinx.com:module_ref:splitter_12bit_to_12outputs:1.0 - splitter_12bit_to_12_0
Adding component instance block -- xilinx.com:module_ref:and2:1.0 - and2_1
Adding component instance block -- xilinx.com:module_ref:and2:1.0 - and2_2
Adding component instance block -- xilinx.com:module_ref:multiplier_8x8:1.0 - multiplier_8x8_0
Adding component instance block -- xilinx.com:module_ref:split_16to8:1.0 - split_16to8_0
Adding component instance block -- xilinx.com:module_ref:register_16bit:1.0 - MUL
Adding component instance block -- xilinx.com:module_ref:and2:1.0 - and2_3
Adding component instance block -- xilinx.com:module_ref:and2:1.0 - and2_4
Successfully read diagram <design_3> from block design file <D:/jzy/cd3/design_3/design_3.bd>
open_bd_design: Time (s): cpu = 00:00:06 ; elapsed = 00:00:08 . Memory (MB): peak = 3369.352 ; gain = 0.000
update_compile_order -fileset sources_1
close_project
disconnect_bd_net /adpt_in_0_rst_n1 [get_bd_pins IR/reset]
report_ip_status -name ip_status 
update_module_reference [get_ips  {design_3_mod5_timing_generator_0_0 design_3_control_0_0 design_3_RTI_0_0}]
INFO: [IP_Flow 19-5107] Inferred bus interface 'rst_n' of definition 'xilinx.com:signal:reset:1.0' (from Xilinx Repository).
INFO: [IP_Flow 19-5107] Inferred bus interface 'clk' of definition 'xilinx.com:signal:clock:1.0' (from Xilinx Repository).
INFO: [IP_Flow 19-4728] Bus Interface 'rst_n': Added interface parameter 'POLARITY' with value 'ACTIVE_LOW'.
WARNING: [IP_Flow 19-5661] Bus Interface 'clk' does not have any bus interfaces associated with it.
WARNING: [IP_Flow 19-11770] Clock interface 'clk' has no FREQ_HZ parameter.
INFO: [IP_Flow 19-5107] Inferred bus interface 'rst_n' of definition 'xilinx.com:signal:reset:1.0' (from Xilinx Repository).
INFO: [IP_Flow 19-5107] Inferred bus interface 'clk' of definition 'xilinx.com:signal:clock:1.0' (from Xilinx Repository).
INFO: [IP_Flow 19-4728] Bus Interface 'rst_n': Added interface parameter 'POLARITY' with value 'ACTIVE_LOW'.
WARNING: [IP_Flow 19-5661] Bus Interface 'clk' does not have any bus interfaces associated with it.
WARNING: [IP_Flow 19-11770] Clock interface 'clk' has no FREQ_HZ parameter.
Upgrading 'D:/cd3/design_3/design_3.bd'
INFO: [IP_Flow 19-3420] Updated design_3_RTI_0_0 to use current project options
INFO: [IP_Flow 19-3420] Updated design_3_control_0_0 to use current project options
INFO: [IP_Flow 19-3420] Updated design_3_mod5_timing_generator_0_0 to use current project options
Wrote  : <D:\cd3\design_3\design_3.bd> 
Wrote  : <D:/cd3/design_3/ui/bd_205a0ed2.ui> 
report_ip_status -name ip_status 
generate_target Simulation [get_files D:/cd3/design_3/design_3.bd]
CRITICAL WARNING: [BD 41-1367] The port name 'out' of cell '/mux_5to1_16bit_0' is a reserved keyword in a Hardware Description Language. Please consider renaming the port.
CRITICAL WARNING: [BD 41-1367] The port name 'AND' of cell '/RTI_0' is a reserved keyword in a Hardware Description Language. Please consider renaming the port.
CRITICAL WARNING: [BD 41-1367] The port name 'OR' of cell '/RTI_0' is a reserved keyword in a Hardware Description Language. Please consider renaming the port.
CRITICAL WARNING: [BD 41-1367] The port name 'AND' of cell '/control_0' is a reserved keyword in a Hardware Description Language. Please consider renaming the port.
CRITICAL WARNING: [BD 41-1367] The port name 'OR' of cell '/control_0' is a reserved keyword in a Hardware Description Language. Please consider renaming the port.
CRITICAL WARNING: [BD 41-759] The input pins (listed below) are either not connected or do not have a source port, and they don't have a tie-off specified. These pins are tied-off to all 0's to avoid error in Implementation flow.
Please check your design and connect them as needed: 
/IR/reset
/mux_5to1_16bit_0/selIR

Wrote  : <D:\cd3\design_3\design_3.bd> 
CRITICAL WARNING: [BD 41-2383] Width mismatch when connecting input pin '/mux_5to1_16bit_0/PC'(16) to pin '/PC/dout'(12) - Only lower order bits will be connected, and other input bits of this pin will be left unconnected.
Verilog Output written to : D:/cd3/design_3/synth/design_3.v
CRITICAL WARNING: [BD 41-2383] Width mismatch when connecting input pin '/mux_5to1_16bit_0/PC'(16) to pin '/PC/dout'(12) - Only lower order bits will be connected, and other input bits of this pin will be left unconnected.
Verilog Output written to : D:/cd3/design_3/sim/design_3.v
Verilog Output written to : D:/cd3/design_3/hdl/design_3_wrapper.v
INFO: [BD 41-1029] Generation completed for the IP Integrator block mod5_timing_generator_0 .
INFO: [BD 41-1029] Generation completed for the IP Integrator block RTI_0 .
INFO: [BD 41-1029] Generation completed for the IP Integrator block control_0 .
Exporting to file D:/cd3/design_3/hw_handoff/design_3.hwh
Generated Hardware Definition File D:/cd3/design_3/synth/design_3.hwdef
export_ip_user_files -of_objects [get_files D:/cd3/design_3/design_3.bd] -no_script -sync -force -quiet
export_simulation -of_objects [get_files D:/cd3/design_3/design_3.bd] -directory D:/cd4/project_4/project_4.ip_user_files/sim_scripts -ip_user_files_dir D:/cd4/project_4/project_4.ip_user_files -ipstatic_source_dir D:/cd4/project_4/project_4.ip_user_files/ipstatic -lib_map_path [list {modelsim=D:/cd4/project_4/project_4.cache/compile_simlib/modelsim} {questa=D:/cd4/project_4/project_4.cache/compile_simlib/questa} {riviera=D:/cd4/project_4/project_4.cache/compile_simlib/riviera} {activehdl=D:/cd4/project_4/project_4.cache/compile_simlib/activehdl}] -use_ip_compiled_libs -force -quiet
launch_simulation -simset [get_filesets sim_2 ]
Command: launch_simulation  -simset sim_2
INFO: [Vivado 12-12493] Simulation top is 'complete_monitor_test'
WARNING: [Vivado 12-13340] Unable to auto find GCC executables from simulator install path! (path not set)
INFO: [Vivado 12-5698] Checking validity of IPs in the design for the 'XSim' simulator...
INFO: [Vivado 12-5682] Launching behavioral simulation in 'D:/cd4/project_4/project_4.sim/sim_2/behav/xsim'
INFO: [Vivado 12-13660] Precompiled IP simulation library mode is enabled (default). The design IP libraries will be referenced from the compiled library path. Please note that if the precompiled version of the library is not found from the path or the IP is in locked state, then the library source files for these IPs will be compiled locally as part of the compile order.
INFO: [Vivado 12-4795] Using compiled simulation libraries for IPs
INFO: [SIM-utils-51] Simulation object is 'sim_2'
INFO: [SIM-utils-72] Using boost library from 'D:/Vivado/2024.2/tps/boost_1_72_0'
INFO: [USF-XSim-7] Finding pre-compiled libraries...
INFO: [USF-XSim-11] File 'D:/Vivado/2024.2/data/xsim/xsim.ini' copied to run dir:'D:/cd4/project_4/project_4.sim/sim_2/behav/xsim'
INFO: [SIM-utils-54] Inspecting design source files for 'complete_monitor_test' in fileset 'sim_2'...
INFO: [USF-XSim-97] Finding global include files...
INFO: [USF-XSim-98] Fetching design files from 'sim_2'...
INFO: [USF-XSim-2] XSim::Compile design
INFO: [USF-XSim-61] Executing 'COMPILE and ANALYZE' step in 'D:/cd4/project_4/project_4.sim/sim_2/behav/xsim'
"xvlog --incr --relax -prj complete_monitor_test_vlog.prj"
INFO: [VRFC 10-2263] Analyzing Verilog file "D:/cd3/exp3/exp14_source.v" into library xil_defaultlib
INFO: [VRFC 10-311] analyzing module adpt_in
INFO: [VRFC 10-311] analyzing module adpt_out
INFO: [VRFC 10-311] analyzing module adpt_out8
INFO: [VRFC 10-311] analyzing module adpt_out12
INFO: [VRFC 10-311] analyzing module adpt_out16
INFO: [VRFC 10-311] analyzing module adpt_out23
INFO: [VRFC 10-311] analyzing module and2
INFO: [VRFC 10-311] analyzing module not1
INFO: [VRFC 10-311] analyzing module addr_adpt
INFO: [VRFC 10-311] analyzing module UIR
INFO: [VRFC 10-311] analyzing module m74LS161
INFO: [VRFC 10-311] analyzing module rom1_256x24
INFO: [VRFC 10-311] analyzing module rom2_4Kx16
INFO: [VRFC 10-311] analyzing module adder4
INFO: [VRFC 10-311] analyzing module dff4
WARNING: [VRFC 10-9336] redeclaration of ANSI port 'Q3' is not allowed [D:/cd3/exp3/exp14_source.v:265]
INFO: [VRFC 10-311] analyzing module shifter
INFO: [VRFC 10-311] analyzing module carry_output_splitter
INFO: [VRFC 10-311] analyzing module the_12bit_to_3x4bit
INFO: [VRFC 10-311] analyzing module four_bit_checker
INFO: [VRFC 10-311] analyzing module or3_gate
INFO: [VRFC 10-311] analyzing module aggregator_12inputs_to_12bit_sync
INFO: [VRFC 10-311] analyzing module splitter_16bit_to_16outputs
INFO: [VRFC 10-311] analyzing module splitter_12bit_to_12outputs
INFO: [VRFC 10-311] analyzing module bus_slicer_16to12
INFO: [VRFC 10-311] analyzing module register_temp
INFO: [VRFC 10-311] analyzing module multiplier_8x8
INFO: [VRFC 10-311] analyzing module split_16to8
INFO: [VRFC 10-311] analyzing module splitter_16bit_16outputs
INFO: [VRFC 10-2263] Analyzing Verilog file "D:/cd3/exp3/74161.v" into library xil_defaultlib
INFO: [VRFC 10-311] analyzing module ic_74161
INFO: [VRFC 10-2263] Analyzing Verilog file "D:/cd3/exp3/ram.v" into library xil_defaultlib
INFO: [VRFC 10-311] analyzing module ram
INFO: [VRFC 10-2263] Analyzing Verilog file "D:/cd3/exp3/16bit_reg.v" into library xil_defaultlib
INFO: [VRFC 10-311] analyzing module register_16bit
INFO: [VRFC 10-2263] Analyzing Verilog file "D:/cd3/exp3/12bit_reg.v" into library xil_defaultlib
INFO: [VRFC 10-311] analyzing module register_12bit
INFO: [VRFC 10-2263] Analyzing Verilog file "D:/cd3/exp3/mix5to1.v" into library xil_defaultlib
INFO: [VRFC 10-311] analyzing module mux_5to1_16bit
INFO: [VRFC 10-2263] Analyzing Verilog file "D:/cd3/exp3/aggregator_4bit.v" into library xil_defaultlib
INFO: [VRFC 10-311] analyzing module aggregator_4bit
INFO: [VRFC 10-2263] Analyzing Verilog file "D:/cd3/exp3/74182.v" into library xil_defaultlib
INFO: [VRFC 10-311] analyzing module carry_lookahead_74182
INFO: [VRFC 10-2263] Analyzing Verilog file "D:/cd3/exp3/74181.v" into library xil_defaultlib
INFO: [VRFC 10-311] analyzing module alu_74181
INFO: [VRFC 10-2263] Analyzing Verilog file "D:/cd3/exp3/aggregate_4x4_to_16bit.v" into library xil_defaultlib
INFO: [VRFC 10-311] analyzing module aggregate_4x4_to_16bit
INFO: [VRFC 10-311] analyzing module adpt_out_16bit
INFO: [VRFC 10-2263] Analyzing Verilog file "D:/cd3/exp3/the_16bit_to_4x4bit.v" into library xil_defaultlib
INFO: [VRFC 10-311] analyzing module the_16bit_to_4x4bit
INFO: [VRFC 10-2263] Analyzing Verilog file "D:/cd3/exp3/not_gate.v" into library xil_defaultlib
INFO: [VRFC 10-311] analyzing module not_gate
INFO: [VRFC 10-2263] Analyzing Verilog file "D:/cd4/exp/plusv.v" into library xil_defaultlib
INFO: [VRFC 10-311] analyzing module mod5_timing_generator
INFO: [VRFC 10-311] analyzing module RTI
INFO: [VRFC 10-311] analyzing module control
INFO: [VRFC 10-2263] Analyzing Verilog file "D:/cd3/exp3/and_gate.v" into library xil_defaultlib
INFO: [VRFC 10-311] analyzing module and_gate
INFO: [VRFC 10-2263] Analyzing Verilog file "D:/cd3/exp3/or_gate.v" into library xil_defaultlib
INFO: [VRFC 10-311] analyzing module or_gate
INFO: [VRFC 10-2263] Analyzing Verilog file "D:/cd4/project_4/project_4.ip_user_files/bd/design_3/ip/design_3_adpt_in_0_0/sim/design_3_adpt_in_0_0.v" into library xil_defaultlib
INFO: [VRFC 10-311] analyzing module design_3_adpt_in_0_0
INFO: [VRFC 10-2263] Analyzing Verilog file "D:/cd4/project_4/project_4.ip_user_files/bd/design_3/ip/design_3_xlconstant_0_1/sim/design_3_xlconstant_0_1.v" into library xil_defaultlib
INFO: [VRFC 10-311] analyzing module design_3_xlconstant_0_1
INFO: [VRFC 10-2263] Analyzing Verilog file "D:/cd4/project_4/project_4.ip_user_files/bd/design_3/ip/design_3_ic_74161_0_0/sim/design_3_ic_74161_0_0.v" into library xil_defaultlib
INFO: [VRFC 10-311] analyzing module design_3_ic_74161_0_0
INFO: [VRFC 10-2263] Analyzing Verilog file "D:/cd4/project_4/project_4.ip_user_files/bd/design_3/ip/design_3_ic_74161_1_0/sim/design_3_ic_74161_1_0.v" into library xil_defaultlib
INFO: [VRFC 10-311] analyzing module design_3_ic_74161_1_0
INFO: [VRFC 10-2263] Analyzing Verilog file "D:/cd4/project_4/project_4.ip_user_files/bd/design_3/ip/design_3_ic_74161_2_0/sim/design_3_ic_74161_2_0.v" into library xil_defaultlib
INFO: [VRFC 10-311] analyzing module design_3_ic_74161_2_0
INFO: [VRFC 10-2263] Analyzing Verilog file "D:/cd4/project_4/project_4.ip_user_files/bd/design_3/ip/design_3_xlconcat_0_0/sim/design_3_xlconcat_0_0.v" into library xil_defaultlib
INFO: [VRFC 10-311] analyzing module design_3_xlconcat_0_0
INFO: [VRFC 10-2263] Analyzing Verilog file "D:/cd4/project_4/project_4.ip_user_files/bd/design_3/ip/design_3_the_12bit_to_3x4bit_0_1/sim/design_3_the_12bit_to_3x4bit_0_1.v" into library xil_defaultlib
INFO: [VRFC 10-311] analyzing module design_3_the_12bit_to_3x4bit_0_1
INFO: [VRFC 10-2263] Analyzing Verilog file "D:/cd4/project_4/project_4.ip_user_files/bd/design_3/ip/design_3_ram_0_0/sim/design_3_ram_0_0.v" into library xil_defaultlib
INFO: [VRFC 10-311] analyzing module design_3_ram_0_0
INFO: [VRFC 10-2263] Analyzing Verilog file "D:/cd4/project_4/project_4.ip_user_files/bd/design_3/ip/design_3_register_16bit_0_0/sim/design_3_register_16bit_0_0.v" into library xil_defaultlib
INFO: [VRFC 10-311] analyzing module design_3_register_16bit_0_0
INFO: [VRFC 10-2263] Analyzing Verilog file "D:/cd4/project_4/project_4.ip_user_files/bd/design_3/ip/design_3_register_16bit_1_0/sim/design_3_register_16bit_1_0.v" into library xil_defaultlib
INFO: [VRFC 10-311] analyzing module design_3_register_16bit_1_0
INFO: [VRFC 10-2263] Analyzing Verilog file "D:/cd4/project_4/project_4.ip_user_files/bd/design_3/ip/design_3_register_16bit_2_0/sim/design_3_register_16bit_2_0.v" into library xil_defaultlib
INFO: [VRFC 10-311] analyzing module design_3_register_16bit_2_0
INFO: [VRFC 10-2263] Analyzing Verilog file "D:/cd4/project_4/project_4.ip_user_files/bd/design_3/ip/design_3_register_16bit_3_0/sim/design_3_register_16bit_3_0.v" into library xil_defaultlib
INFO: [VRFC 10-311] analyzing module design_3_register_16bit_3_0
INFO: [VRFC 10-2263] Analyzing Verilog file "D:/cd4/project_4/project_4.ip_user_files/bd/design_3/ip/design_3_register_16bit_4_0/sim/design_3_register_16bit_4_0.v" into library xil_defaultlib
INFO: [VRFC 10-311] analyzing module design_3_register_16bit_4_0
INFO: [VRFC 10-2263] Analyzing Verilog file "D:/cd4/project_4/project_4.ip_user_files/bd/design_3/ip/design_3_register_12bit_0_0/sim/design_3_register_12bit_0_0.v" into library xil_defaultlib
INFO: [VRFC 10-311] analyzing module design_3_register_12bit_0_0
INFO: [VRFC 10-2263] Analyzing Verilog file "D:/cd4/project_4/project_4.ip_user_files/bd/design_3/ip/design_3_register_16bit_3_1/sim/design_3_register_16bit_3_1.v" into library xil_defaultlib
INFO: [VRFC 10-311] analyzing module design_3_register_16bit_3_1
INFO: [VRFC 10-2263] Analyzing Verilog file "D:/cd4/project_4/project_4.ip_user_files/bd/design_3/ip/design_3_MDR_0/sim/design_3_MDR_0.v" into library xil_defaultlib
INFO: [VRFC 10-311] analyzing module design_3_MDR_0
INFO: [VRFC 10-2263] Analyzing Verilog file "D:/cd4/project_4/project_4.ip_user_files/bd/design_3/ip/design_3_register_16bit_0_1/sim/design_3_register_16bit_0_1.v" into library xil_defaultlib
INFO: [VRFC 10-311] analyzing module design_3_register_16bit_0_1
INFO: [VRFC 10-2263] Analyzing Verilog file "D:/cd4/project_4/project_4.ip_user_files/bd/design_3/ip/design_3_mux_5to1_16bit_0_0/sim/design_3_mux_5to1_16bit_0_0.v" into library xil_defaultlib
INFO: [VRFC 10-311] analyzing module design_3_mux_5to1_16bit_0_0
INFO: [VRFC 10-2263] Analyzing Verilog file "D:/cd4/project_4/project_4.ip_user_files/bd/design_3/ip/design_3_aggregator_4bit_0_1/sim/design_3_aggregator_4bit_0_1.v" into library xil_defaultlib
INFO: [VRFC 10-311] analyzing module design_3_aggregator_4bit_0_1
INFO: [VRFC 10-2263] Analyzing Verilog file "D:/cd4/project_4/project_4.ip_user_files/bd/design_3/ip/design_3_carry_lookahead_74182_0_0/sim/design_3_carry_lookahead_74182_0_0.v" into library xil_defaultlib
INFO: [VRFC 10-311] analyzing module design_3_carry_lookahead_74182_0_0
INFO: [VRFC 10-2263] Analyzing Verilog file "D:/cd4/project_4/project_4.ip_user_files/bd/design_3/ip/design_3_aggregator_4bit_1_0/sim/design_3_aggregator_4bit_1_0.v" into library xil_defaultlib
INFO: [VRFC 10-311] analyzing module design_3_aggregator_4bit_1_0
INFO: [VRFC 10-2263] Analyzing Verilog file "D:/cd4/project_4/project_4.ip_user_files/bd/design_3/ip/design_3_alu_74181_0_0/sim/design_3_alu_74181_0_0.v" into library xil_defaultlib
INFO: [VRFC 10-311] analyzing module design_3_alu_74181_0_0
INFO: [VRFC 10-2263] Analyzing Verilog file "D:/cd4/project_4/project_4.ip_user_files/bd/design_3/ip/design_3_alu_74181_1_0/sim/design_3_alu_74181_1_0.v" into library xil_defaultlib
INFO: [VRFC 10-311] analyzing module design_3_alu_74181_1_0
INFO: [VRFC 10-2263] Analyzing Verilog file "D:/cd4/project_4/project_4.ip_user_files/bd/design_3/ip/design_3_alu_74181_2_0/sim/design_3_alu_74181_2_0.v" into library xil_defaultlib
INFO: [VRFC 10-311] analyzing module design_3_alu_74181_2_0
INFO: [VRFC 10-2263] Analyzing Verilog file "D:/cd4/project_4/project_4.ip_user_files/bd/design_3/ip/design_3_aggregate_4x4_to_16b_0_0/sim/design_3_aggregate_4x4_to_16b_0_0.v" into library xil_defaultlib
INFO: [VRFC 10-311] analyzing module design_3_aggregate_4x4_to_16b_0_0
INFO: [VRFC 10-2263] Analyzing Verilog file "D:/cd4/project_4/project_4.ip_user_files/bd/design_3/ip/design_3_the_16bit_to_4x4bit_2_0/sim/design_3_the_16bit_to_4x4bit_2_0.v" into library xil_defaultlib
INFO: [VRFC 10-311] analyzing module design_3_the_16bit_to_4x4bit_2_0
INFO: [VRFC 10-2263] Analyzing Verilog file "D:/cd4/project_4/project_4.ip_user_files/bd/design_3/ip/design_3_the_16bit_to_4x4bit_0_1/sim/design_3_the_16bit_to_4x4bit_0_1.v" into library xil_defaultlib
INFO: [VRFC 10-311] analyzing module design_3_the_16bit_to_4x4bit_0_1
INFO: [VRFC 10-2263] Analyzing Verilog file "D:/cd4/project_4/project_4.ip_user_files/bd/design_3/ip/design_3_alu_74181_3_0/sim/design_3_alu_74181_3_0.v" into library xil_defaultlib
INFO: [VRFC 10-311] analyzing module design_3_alu_74181_3_0
INFO: [VRFC 10-2263] Analyzing Verilog file "D:/cd4/project_4/project_4.ip_user_files/bd/design_3/ip/design_3_carry_output_splitter_0_0/sim/design_3_carry_output_splitter_0_0.v" into library xil_defaultlib
INFO: [VRFC 10-311] analyzing module design_3_carry_output_splitter_0_0
INFO: [VRFC 10-2263] Analyzing Verilog file "D:/cd4/project_4/project_4.ip_user_files/bd/design_3/ip/design_3_not_gate_1_0/sim/design_3_not_gate_1_0.v" into library xil_defaultlib
INFO: [VRFC 10-311] analyzing module design_3_not_gate_1_0
INFO: [VRFC 10-2263] Analyzing Verilog file "D:/cd4/project_4/project_4.ip_user_files/bd/design_3/ip/design_3_bus_slicer_16to12_0_0/sim/design_3_bus_slicer_16to12_0_0.v" into library xil_defaultlib
INFO: [VRFC 10-311] analyzing module design_3_bus_slicer_16to12_0_0
INFO: [VRFC 10-2263] Analyzing Verilog file "D:/cd4/project_4/project_4.ip_user_files/bd/design_3/ip/design_3_multiplier_8x8_0_0/sim/design_3_multiplier_8x8_0_0.v" into library xil_defaultlib
INFO: [VRFC 10-311] analyzing module design_3_multiplier_8x8_0_0
INFO: [VRFC 10-2263] Analyzing Verilog file "D:/cd4/project_4/project_4.ip_user_files/bd/design_3/ip/design_3_split_16to8_0_0/sim/design_3_split_16to8_0_0.v" into library xil_defaultlib
INFO: [VRFC 10-311] analyzing module design_3_split_16to8_0_0
INFO: [VRFC 10-2263] Analyzing Verilog file "D:/cd4/project_4/project_4.ip_user_files/bd/design_3/ip/design_3_R0_0/sim/design_3_R0_0.v" into library xil_defaultlib
INFO: [VRFC 10-311] analyzing module design_3_R0_0
INFO: [VRFC 10-2263] Analyzing Verilog file "D:/cd4/project_4/project_4.ip_user_files/bd/design_3/ip/design_3_mod5_timing_generator_0_0/sim/design_3_mod5_timing_generator_0_0.v" into library xil_defaultlib
INFO: [VRFC 10-311] analyzing module design_3_mod5_timing_generator_0_0
INFO: [VRFC 10-2263] Analyzing Verilog file "D:/cd4/project_4/project_4.ip_user_files/bd/design_3/ip/design_3_not_gate_0_0/sim/design_3_not_gate_0_0.v" into library xil_defaultlib
INFO: [VRFC 10-311] analyzing module design_3_not_gate_0_0
INFO: [VRFC 10-2263] Analyzing Verilog file "D:/cd4/project_4/project_4.ip_user_files/bd/design_3/ip/design_3_RTI_0_0/sim/design_3_RTI_0_0.v" into library xil_defaultlib
INFO: [VRFC 10-311] analyzing module design_3_RTI_0_0
INFO: [VRFC 10-2263] Analyzing Verilog file "D:/cd4/project_4/project_4.ip_user_files/bd/design_3/ip/design_3_control_0_0/sim/design_3_control_0_0.v" into library xil_defaultlib
INFO: [VRFC 10-311] analyzing module design_3_control_0_0
INFO: [VRFC 10-2263] Analyzing Verilog file "D:/cd4/project_4/project_4.ip_user_files/bd/design_3/ip/design_3_not_gate_1_1/sim/design_3_not_gate_1_1.v" into library xil_defaultlib
INFO: [VRFC 10-311] analyzing module design_3_not_gate_1_1
INFO: [VRFC 10-2263] Analyzing Verilog file "D:/cd4/project_4/project_4.ip_user_files/bd/design_3/ip/design_3_and_gate_0_0/sim/design_3_and_gate_0_0.v" into library xil_defaultlib
INFO: [VRFC 10-311] analyzing module design_3_and_gate_0_0
INFO: [VRFC 10-2263] Analyzing Verilog file "D:/cd4/project_4/project_4.ip_user_files/bd/design_3/ip/design_3_and2_0_0/sim/design_3_and2_0_0.v" into library xil_defaultlib
INFO: [VRFC 10-311] analyzing module design_3_and2_0_0
INFO: [VRFC 10-2263] Analyzing Verilog file "D:/cd4/project_4/project_4.ip_user_files/bd/design_3/ip/design_3_aggregator_4bit_0_2/sim/design_3_aggregator_4bit_0_2.v" into library xil_defaultlib
INFO: [VRFC 10-311] analyzing module design_3_aggregator_4bit_0_2
INFO: [VRFC 10-2263] Analyzing Verilog file "D:/cd4/project_4/project_4.ip_user_files/bd/design_3/ip/design_3_splitter_16bit_16out_0_0/sim/design_3_splitter_16bit_16out_0_0.v" into library xil_defaultlib
INFO: [VRFC 10-311] analyzing module design_3_splitter_16bit_16out_0_0
INFO: [VRFC 10-2263] Analyzing Verilog file "D:/cd4/project_4/project_4.ip_user_files/bd/design_3/ip/design_3_not_gate_2_0/sim/design_3_not_gate_2_0.v" into library xil_defaultlib
INFO: [VRFC 10-311] analyzing module design_3_not_gate_2_0
INFO: [VRFC 10-2263] Analyzing Verilog file "D:/cd4/project_4/project_4.ip_user_files/bd/design_3/ip/design_3_or_gate_0_0/sim/design_3_or_gate_0_0.v" into library xil_defaultlib
INFO: [VRFC 10-311] analyzing module design_3_or_gate_0_0
INFO: [VRFC 10-2263] Analyzing Verilog file "D:/cd4/project_4/project_4.ip_user_files/bd/design_3/sim/design_3.v" into library xil_defaultlib
INFO: [VRFC 10-311] analyzing module ALU_imp_JZDUAB
INFO: [VRFC 10-311] analyzing module PC_imp_1MALNP6
INFO: [VRFC 10-311] analyzing module design_3
INFO: [VRFC 10-2263] Analyzing Verilog file "D:/cd3/design_3/hdl/design_3_wrapper.v" into library xil_defaultlib
INFO: [VRFC 10-311] analyzing module design_3_wrapper
INFO: [VRFC 10-2263] Analyzing Verilog file "D:/cd3/exp3/simple_core_test.v" into library xil_defaultlib
INFO: [VRFC 10-311] analyzing module complete_monitor_test
run_program: Time (s): cpu = 00:00:01 ; elapsed = 00:00:08 . Memory (MB): peak = 3369.352 ; gain = 0.000
INFO: [USF-XSim-69] 'compile' step finished in '8' seconds
INFO: [USF-XSim-3] XSim::Elaborate design
INFO: [USF-XSim-61] Executing 'ELABORATE' step in 'D:/cd4/project_4/project_4.sim/sim_2/behav/xsim'
"xelab --incr --debug typical --relax --mt 2 -L xil_defaultlib -L xlconstant_v1_1_9 -L xlconcat_v2_1_6 -L unisims_ver -L unimacro_ver -L secureip -L xpm --snapshot complete_monitor_test_behav xil_defaultlib.complete_monitor_test xil_defaultlib.glbl -log elaborate.log"
Vivado Simulator v2024.2.0
Copyright 1986-2022 Xilinx, Inc. All Rights Reserved.
Copyright 2022-2024 Advanced Micro Devices, Inc. All Rights Reserved.
Running: D:/Vivado/2024.2/bin/unwrapped/win64.o/xelab.exe --incr --debug typical --relax --mt 2 -L xil_defaultlib -L xlconstant_v1_1_9 -L xlconcat_v2_1_6 -L unisims_ver -L unimacro_ver -L secureip -L xpm --snapshot complete_monitor_test_behav xil_defaultlib.complete_monitor_test xil_defaultlib.glbl -log elaborate.log 
Using 2 slave threads.
Starting static elaboration
Pass Through NonSizing Optimizer
Completed static elaboration
Starting simulation data flow analysis
WARNING: [XSIM 43-4099] "D:/cd3/exp3/aggregate_4x4_to_16bit.v" Line 1. Module aggregate_4x4_to_16bit doesn't have a timescale but at least one module in design has a timescale.
WARNING: [XSIM 43-4099] "D:/cd3/exp3/aggregator_4bit.v" Line 1. Module aggregator_4bit doesn't have a timescale but at least one module in design has a timescale.
WARNING: [XSIM 43-4099] "D:/cd3/exp3/aggregator_4bit.v" Line 1. Module aggregator_4bit doesn't have a timescale but at least one module in design has a timescale.
WARNING: [XSIM 43-4099] "D:/cd3/exp3/74181.v" Line 1. Module alu_74181 doesn't have a timescale but at least one module in design has a timescale.
WARNING: [XSIM 43-4099] "D:/cd3/exp3/74181.v" Line 1. Module alu_74181 doesn't have a timescale but at least one module in design has a timescale.
WARNING: [XSIM 43-4099] "D:/cd3/exp3/74181.v" Line 1. Module alu_74181 doesn't have a timescale but at least one module in design has a timescale.
WARNING: [XSIM 43-4099] "D:/cd3/exp3/74181.v" Line 1. Module alu_74181 doesn't have a timescale but at least one module in design has a timescale.
WARNING: [XSIM 43-4099] "D:/cd3/exp3/74182.v" Line 1. Module carry_lookahead_74182 doesn't have a timescale but at least one module in design has a timescale.
WARNING: [XSIM 43-4099] "D:/cd3/exp3/exp14_source.v" Line 309. Module carry_output_splitter doesn't have a timescale but at least one module in design has a timescale.
WARNING: [XSIM 43-4099] "D:/cd3/exp3/not_gate.v" Line 1. Module not_gate doesn't have a timescale but at least one module in design has a timescale.
WARNING: [XSIM 43-4099] "D:/cd3/exp3/the_16bit_to_4x4bit.v" Line 1. Module the_16bit_to_4x4bit doesn't have a timescale but at least one module in design has a timescale.
WARNING: [XSIM 43-4099] "D:/cd3/exp3/the_16bit_to_4x4bit.v" Line 1. Module the_16bit_to_4x4bit doesn't have a timescale but at least one module in design has a timescale.
WARNING: [XSIM 43-4099] "D:/cd3/exp3/16bit_reg.v" Line 1. Module register_16bit doesn't have a timescale but at least one module in design has a timescale.
WARNING: [XSIM 43-4099] "D:/cd3/exp3/12bit_reg.v" Line 1. Module register_12bit doesn't have a timescale but at least one module in design has a timescale.
WARNING: [XSIM 43-4099] "D:/cd3/exp3/16bit_reg.v" Line 1. Module register_16bit doesn't have a timescale but at least one module in design has a timescale.
WARNING: [XSIM 43-4099] "D:/cd3/exp3/16bit_reg.v" Line 1. Module register_16bit doesn't have a timescale but at least one module in design has a timescale.
WARNING: [XSIM 43-4099] "D:/cd3/exp3/16bit_reg.v" Line 1. Module register_16bit doesn't have a timescale but at least one module in design has a timescale.
WARNING: [XSIM 43-4099] "D:/cd3/exp3/74161.v" Line 1. Module ic_74161 doesn't have a timescale but at least one module in design has a timescale.
WARNING: [XSIM 43-4099] "D:/cd3/exp3/74161.v" Line 1. Module ic_74161 doesn't have a timescale but at least one module in design has a timescale.
WARNING: [XSIM 43-4099] "D:/cd3/exp3/74161.v" Line 1. Module ic_74161 doesn't have a timescale but at least one module in design has a timescale.
WARNING: [XSIM 43-4099] "D:/cd3/exp3/exp14_source.v" Line 326. Module the_12bit_to_3x4bit doesn't have a timescale but at least one module in design has a timescale.
WARNING: [XSIM 43-4099] "D:/cd3/exp3/16bit_reg.v" Line 1. Module register_16bit doesn't have a timescale but at least one module in design has a timescale.
WARNING: [XSIM 43-4099] "D:/cd3/exp3/16bit_reg.v" Line 1. Module register_16bit doesn't have a timescale but at least one module in design has a timescale.
WARNING: [XSIM 43-4099] "D:/cd3/exp3/16bit_reg.v" Line 1. Module register_16bit doesn't have a timescale but at least one module in design has a timescale.
WARNING: [XSIM 43-4099] "D:/cd4/exp/plusv.v" Line 54. Module RTI doesn't have a timescale but at least one module in design has a timescale.
WARNING: [XSIM 43-4099] "D:/cd3/exp3/16bit_reg.v" Line 1. Module register_16bit doesn't have a timescale but at least one module in design has a timescale.
WARNING: [XSIM 43-4099] "D:/cd3/exp3/16bit_reg.v" Line 1. Module register_16bit doesn't have a timescale but at least one module in design has a timescale.
WARNING: [XSIM 43-4099] "D:/cd3/exp3/exp14_source.v" Line 1. Module adpt_in doesn't have a timescale but at least one module in design has a timescale.
WARNING: [XSIM 43-4099] "D:/cd3/exp3/aggregator_4bit.v" Line 1. Module aggregator_4bit doesn't have a timescale but at least one module in design has a timescale.
WARNING: [XSIM 43-4099] "D:/cd3/exp3/exp14_source.v" Line 76. Module and2 doesn't have a timescale but at least one module in design has a timescale.
WARNING: [XSIM 43-4099] "D:/cd3/exp3/and_gate.v" Line 1. Module and_gate doesn't have a timescale but at least one module in design has a timescale.
WARNING: [XSIM 43-4099] "D:/cd3/exp3/exp14_source.v" Line 459. Module bus_slicer_16to12 doesn't have a timescale but at least one module in design has a timescale.
WARNING: [XSIM 43-4099] "D:/cd4/exp/plusv.v" Line 83. Module control doesn't have a timescale but at least one module in design has a timescale.
WARNING: [XSIM 43-4099] "D:/cd4/exp/plusv.v" Line 1. Module mod5_timing_generator doesn't have a timescale but at least one module in design has a timescale.
WARNING: [XSIM 43-4099] "D:/cd3/exp3/exp14_source.v" Line 479. Module multiplier_8x8 doesn't have a timescale but at least one module in design has a timescale.
WARNING: [XSIM 43-4099] "D:/cd3/exp3/mix5to1.v" Line 1. Module mux_5to1_16bit doesn't have a timescale but at least one module in design has a timescale.
WARNING: [XSIM 43-4099] "D:/cd3/exp3/not_gate.v" Line 1. Module not_gate doesn't have a timescale but at least one module in design has a timescale.
WARNING: [XSIM 43-4099] "D:/cd3/exp3/not_gate.v" Line 1. Module not_gate doesn't have a timescale but at least one module in design has a timescale.
WARNING: [XSIM 43-4099] "D:/cd3/exp3/not_gate.v" Line 1. Module not_gate doesn't have a timescale but at least one module in design has a timescale.
WARNING: [XSIM 43-4099] "D:/cd3/exp3/or_gate.v" Line 1. Module or_gate doesn't have a timescale but at least one module in design has a timescale.
WARNING: [XSIM 43-4099] "D:/cd3/exp3/ram.v" Line 1. Module ram doesn't have a timescale but at least one module in design has a timescale.
WARNING: [XSIM 43-4099] "D:/cd3/exp3/exp14_source.v" Line 490. Module split_16to8 doesn't have a timescale but at least one module in design has a timescale.
WARNING: [XSIM 43-4099] "D:/cd3/exp3/exp14_source.v" Line 501. Module splitter_16bit_16outputs doesn't have a timescale but at least one module in design has a timescale.
WARNING: [XSIM 43-4099] "D:/cd3/exp3/aggregate_4x4_to_16bit.v" Line 1. Module aggregate_4x4_to_16bit doesn't have a timescale but at least one module in design has a timescale.
WARNING: [XSIM 43-4099] "D:/cd3/exp3/aggregator_4bit.v" Line 1. Module aggregator_4bit doesn't have a timescale but at least one module in design has a timescale.
WARNING: [XSIM 43-4099] "D:/cd3/exp3/aggregator_4bit.v" Line 1. Module aggregator_4bit doesn't have a timescale but at least one module in design has a timescale.
WARNING: [XSIM 43-4099] "D:/cd3/exp3/74181.v" Line 1. Module alu_74181 doesn't have a timescale but at least one module in design has a timescale.
WARNING: [XSIM 43-4099] "D:/cd3/exp3/74181.v" Line 1. Module alu_74181 doesn't have a timescale but at least one module in design has a timescale.
WARNING: [XSIM 43-4099] "D:/cd3/exp3/74181.v" Line 1. Module alu_74181 doesn't have a timescale but at least one module in design has a timescale.
WARNING: [XSIM 43-4099] "D:/cd3/exp3/74181.v" Line 1. Module alu_74181 doesn't have a timescale but at least one module in design has a timescale.
WARNING: [XSIM 43-4099] "D:/cd3/exp3/74182.v" Line 1. Module carry_lookahead_74182 doesn't have a timescale but at least one module in design has a timescale.
WARNING: [XSIM 43-4099] "D:/cd3/exp3/exp14_source.v" Line 309. Module carry_output_splitter doesn't have a timescale but at least one module in design has a timescale.
WARNING: [XSIM 43-4099] "D:/cd3/exp3/not_gate.v" Line 1. Module not_gate doesn't have a timescale but at least one module in design has a timescale.
WARNING: [XSIM 43-4099] "D:/cd3/exp3/the_16bit_to_4x4bit.v" Line 1. Module the_16bit_to_4x4bit doesn't have a timescale but at least one module in design has a timescale.
WARNING: [XSIM 43-4099] "D:/cd3/exp3/the_16bit_to_4x4bit.v" Line 1. Module the_16bit_to_4x4bit doesn't have a timescale but at least one module in design has a timescale.
WARNING: [XSIM 43-4099] "D:/cd3/exp3/16bit_reg.v" Line 1. Module register_16bit doesn't have a timescale but at least one module in design has a timescale.
WARNING: [XSIM 43-4099] "D:/cd3/exp3/12bit_reg.v" Line 1. Module register_12bit doesn't have a timescale but at least one module in design has a timescale.
WARNING: [XSIM 43-4099] "D:/cd3/exp3/16bit_reg.v" Line 1. Module register_16bit doesn't have a timescale but at least one module in design has a timescale.
WARNING: [XSIM 43-4099] "D:/cd3/exp3/16bit_reg.v" Line 1. Module register_16bit doesn't have a timescale but at least one module in design has a timescale.
WARNING: [XSIM 43-4099] "D:/cd3/exp3/16bit_reg.v" Line 1. Module register_16bit doesn't have a timescale but at least one module in design has a timescale.
WARNING: [XSIM 43-4099] "D:/cd3/exp3/74161.v" Line 1. Module ic_74161 doesn't have a timescale but at least one module in design has a timescale.
WARNING: [XSIM 43-4099] "D:/cd3/exp3/74161.v" Line 1. Module ic_74161 doesn't have a timescale but at least one module in design has a timescale.
WARNING: [XSIM 43-4099] "D:/cd3/exp3/74161.v" Line 1. Module ic_74161 doesn't have a timescale but at least one module in design has a timescale.
WARNING: [XSIM 43-4099] "D:/cd3/exp3/exp14_source.v" Line 326. Module the_12bit_to_3x4bit doesn't have a timescale but at least one module in design has a timescale.
WARNING: [XSIM 43-4099] "D:/cd3/exp3/16bit_reg.v" Line 1. Module register_16bit doesn't have a timescale but at least one module in design has a timescale.
WARNING: [XSIM 43-4099] "D:/cd3/exp3/16bit_reg.v" Line 1. Module register_16bit doesn't have a timescale but at least one module in design has a timescale.
WARNING: [XSIM 43-4099] "D:/cd3/exp3/16bit_reg.v" Line 1. Module register_16bit doesn't have a timescale but at least one module in design has a timescale.
WARNING: [XSIM 43-4099] "D:/cd4/exp/plusv.v" Line 54. Module RTI doesn't have a timescale but at least one module in design has a timescale.
WARNING: [XSIM 43-4099] "D:/cd3/exp3/16bit_reg.v" Line 1. Module register_16bit doesn't have a timescale but at least one module in design has a timescale.
WARNING: [XSIM 43-4099] "D:/cd3/exp3/16bit_reg.v" Line 1. Module register_16bit doesn't have a timescale but at least one module in design has a timescale.
WARNING: [XSIM 43-4099] "D:/cd3/exp3/exp14_source.v" Line 1. Module adpt_in doesn't have a timescale but at least one module in design has a timescale.
WARNING: [XSIM 43-4099] "D:/cd3/exp3/aggregator_4bit.v" Line 1. Module aggregator_4bit doesn't have a timescale but at least one module in design has a timescale.
WARNING: [XSIM 43-4099] "D:/cd3/exp3/exp14_source.v" Line 76. Module and2 doesn't have a timescale but at least one module in design has a timescale.
WARNING: [XSIM 43-4099] "D:/cd3/exp3/and_gate.v" Line 1. Module and_gate doesn't have a timescale but at least one module in design has a timescale.
WARNING: [XSIM 43-4099] "D:/cd3/exp3/exp14_source.v" Line 459. Module bus_slicer_16to12 doesn't have a timescale but at least one module in design has a timescale.
WARNING: [XSIM 43-4099] "D:/cd4/exp/plusv.v" Line 83. Module control doesn't have a timescale but at least one module in design has a timescale.
WARNING: [XSIM 43-4099] "D:/cd4/exp/plusv.v" Line 1. Module mod5_timing_generator doesn't have a timescale but at least one module in design has a timescale.
WARNING: [XSIM 43-4099] "D:/cd3/exp3/exp14_source.v" Line 479. Module multiplier_8x8 doesn't have a timescale but at least one module in design has a timescale.
WARNING: [XSIM 43-4099] "D:/cd3/exp3/mix5to1.v" Line 1. Module mux_5to1_16bit doesn't have a timescale but at least one module in design has a timescale.
WARNING: [XSIM 43-4099] "D:/cd3/exp3/not_gate.v" Line 1. Module not_gate doesn't have a timescale but at least one module in design has a timescale.
WARNING: [XSIM 43-4099] "D:/cd3/exp3/not_gate.v" Line 1. Module not_gate doesn't have a timescale but at least one module in design has a timescale.
WARNING: [XSIM 43-4099] "D:/cd3/exp3/not_gate.v" Line 1. Module not_gate doesn't have a timescale but at least one module in design has a timescale.
WARNING: [XSIM 43-4099] "D:/cd3/exp3/or_gate.v" Line 1. Module or_gate doesn't have a timescale but at least one module in design has a timescale.
WARNING: [XSIM 43-4099] "D:/cd3/exp3/ram.v" Line 1. Module ram doesn't have a timescale but at least one module in design has a timescale.
WARNING: [XSIM 43-4099] "D:/cd3/exp3/exp14_source.v" Line 490. Module split_16to8 doesn't have a timescale but at least one module in design has a timescale.
WARNING: [XSIM 43-4099] "D:/cd3/exp3/exp14_source.v" Line 501. Module splitter_16bit_16outputs doesn't have a timescale but at least one module in design has a timescale.
Completed simulation data flow analysis
Time Resolution for simulation is 1ps
Compiling module xil_defaultlib.aggregate_4x4_to_16bit
Compiling module xil_defaultlib.design_3_aggregate_4x4_to_16b_0_...
Compiling module xil_defaultlib.aggregator_4bit
Compiling module xil_defaultlib.design_3_aggregator_4bit_0_1
Compiling module xil_defaultlib.design_3_aggregator_4bit_1_0
Compiling module xil_defaultlib.alu_74181
Compiling module xil_defaultlib.design_3_alu_74181_0_0
Compiling module xil_defaultlib.design_3_alu_74181_1_0
Compiling module xil_defaultlib.design_3_alu_74181_2_0
Compiling module xil_defaultlib.design_3_alu_74181_3_0
Compiling module xil_defaultlib.carry_lookahead_74182
Compiling module xil_defaultlib.design_3_carry_lookahead_74182_0...
Compiling module xil_defaultlib.carry_output_splitter
Compiling module xil_defaultlib.design_3_carry_output_splitter_0...
Compiling module xil_defaultlib.not_gate
Compiling module xil_defaultlib.design_3_not_gate_1_0
Compiling module xil_defaultlib.the_16bit_to_4x4bit
Compiling module xil_defaultlib.design_3_the_16bit_to_4x4bit_0_1
Compiling module xil_defaultlib.design_3_the_16bit_to_4x4bit_2_0
Compiling module xil_defaultlib.ALU_imp_JZDUAB
Compiling module xil_defaultlib.register_16bit
Compiling module xil_defaultlib.design_3_register_16bit_0_1
Compiling module xil_defaultlib.register_12bit
Compiling module xil_defaultlib.design_3_register_12bit_0_0
Compiling module xil_defaultlib.design_3_register_16bit_3_1
Compiling module xil_defaultlib.design_3_MDR_0
Compiling module xil_defaultlib.design_3_R0_0
Compiling module xil_defaultlib.ic_74161
Compiling module xil_defaultlib.design_3_ic_74161_0_0
Compiling module xil_defaultlib.design_3_ic_74161_1_0
Compiling module xil_defaultlib.design_3_ic_74161_2_0
Compiling module xil_defaultlib.the_12bit_to_3x4bit
Compiling module xil_defaultlib.design_3_the_12bit_to_3x4bit_0_1
Compiling module xlconcat_v2_1_6.xlconcat_v2_1_6_xlconcat(IN0_WID...
Compiling module xil_defaultlib.design_3_xlconcat_0_0
Compiling module xil_defaultlib.PC_imp_1MALNP6
Compiling module xil_defaultlib.design_3_register_16bit_0_0
Compiling module xil_defaultlib.design_3_register_16bit_1_0
Compiling module xil_defaultlib.design_3_register_16bit_2_0
Compiling module xil_defaultlib.RTI
Compiling module xil_defaultlib.design_3_RTI_0_0
Compiling module xil_defaultlib.design_3_register_16bit_3_0
Compiling module xil_defaultlib.design_3_register_16bit_4_0
Compiling module xil_defaultlib.adpt_in
Compiling module xil_defaultlib.design_3_adpt_in_0_0
Compiling module xil_defaultlib.design_3_aggregator_4bit_0_2
Compiling module xil_defaultlib.and2
Compiling module xil_defaultlib.design_3_and2_0_0
Compiling module xil_defaultlib.and_gate
Compiling module xil_defaultlib.design_3_and_gate_0_0
Compiling module xil_defaultlib.bus_slicer_16to12
Compiling module xil_defaultlib.design_3_bus_slicer_16to12_0_0
Compiling module xil_defaultlib.control
Compiling module xil_defaultlib.design_3_control_0_0
Compiling module xil_defaultlib.mod5_timing_generator
Compiling module xil_defaultlib.design_3_mod5_timing_generator_0...
Compiling module xil_defaultlib.multiplier_8x8
Compiling module xil_defaultlib.design_3_multiplier_8x8_0_0
Compiling module xil_defaultlib.mux_5to1_16bit
Compiling module xil_defaultlib.design_3_mux_5to1_16bit_0_0
Compiling module xil_defaultlib.design_3_not_gate_0_0
Compiling module xil_defaultlib.design_3_not_gate_1_1
Compiling module xil_defaultlib.design_3_not_gate_2_0
Compiling module xil_defaultlib.or_gate
Compiling module xil_defaultlib.design_3_or_gate_0_0
Compiling module xil_defaultlib.ram
Compiling module xil_defaultlib.design_3_ram_0_0
Compiling module xil_defaultlib.split_16to8
Compiling module xil_defaultlib.design_3_split_16to8_0_0
Compiling module xil_defaultlib.splitter_16bit_16outputs
Compiling module xil_defaultlib.design_3_splitter_16bit_16out_0_...
Compiling module xlconstant_v1_1_9.xlconstant_v1_1_9_xlconstant(CON...
Compiling module xil_defaultlib.design_3_xlconstant_0_1
Compiling module xil_defaultlib.design_3
Compiling module xil_defaultlib.design_3_wrapper
Compiling module xil_defaultlib.complete_monitor_test
Compiling module xil_defaultlib.glbl
Built simulation snapshot complete_monitor_test_behav
run_program: Time (s): cpu = 00:00:01 ; elapsed = 00:00:15 . Memory (MB): peak = 3369.352 ; gain = 0.000
INFO: [USF-XSim-69] 'elaborate' step finished in '15' seconds
INFO: [USF-XSim-4] XSim::Simulate design
INFO: [USF-XSim-61] Executing 'SIMULATE' step in 'D:/cd4/project_4/project_4.sim/sim_2/behav/xsim'
INFO: [USF-XSim-98] *** Running xsim
   with args "complete_monitor_test_behav -key {Behavioral:sim_2:Functional:complete_monitor_test} -tclbatch {complete_monitor_test.tcl} -protoinst "protoinst_files/design_3.protoinst" -log {simulate.log}"
INFO: [USF-XSim-8] Loading simulator feature
INFO: [Wavedata 42-565] Reading protoinst file protoinst_files/design_3.protoinst
Time resolution is 1 ps
source complete_monitor_test.tcl
# set curr_wave [current_wave_config]
# if { [string length $curr_wave] == 0 } {
#   if { [llength [get_objects]] > 0} {
#     add_wave /
#     set_property needs_save false [current_wave_config]
#   } else {
#      send_msg_id Add_Wave-1 WARNING "No top level signals found. Simulator will start without a wave window. If you want to open a wave window go to 'File->New Waveform Configuration' or type 'create_wave_config' in the TCL console."
#   }
# }
# run 1000ns
============== 完整监控测试 ==============
仿真时间: 20000 ns, 时钟周期: 10 ns
时间(ns)	复位	uPC		Crom		Bus		MAR
----------------------------------------------------------------
10000		0	0xzzz	0xzzzzzz	0x0000	0x000
100000		1	0xzzz	0xzzzzzz	0x0000	0x000 <- 复位释放
105000		1	0xzzz	0xzzzzzz	0x0000	0x000
205000		1	0xzzz	0xzzzzzz	0x0000	0x001
305000		1	0xzzz	0xzzzzzz	0x0000	0x002
405000		1	0xzzz	0xzzzzzz	0x0000	0x003
505000		1	0xzzz	0xzzzzzz	0x0000	0x004
605000		1	0xzzz	0xzzzzzz	0x0000	0x005
705000		1	0xzzz	0xzzzzzz	0x0000	0x006
805000		1	0xzzz	0xzzzzzz	0x0000	0x007
905000		1	0xzzz	0xzzzzzz	0x0000	0x008
INFO: [USF-XSim-96] XSim completed. Design snapshot 'complete_monitor_test_behav' loaded.
INFO: [USF-XSim-97] XSim simulation ran for 1000ns
launch_simulation: Time (s): cpu = 00:00:04 ; elapsed = 00:00:30 . Memory (MB): peak = 3369.352 ; gain = 0.000
WARNING: [filemgmt 56-199] Attempt to get parsing info during refresh. "On-the-fly" syntax checking information may be incorrect. [D:\cd3\exp3\simple_core_test.v:]
WARNING: [filemgmt 56-199] Attempt to get parsing info during refresh. "On-the-fly" syntax checking information may be incorrect. [D:\cd3\exp3\exp14_source.v:]
WARNING: [filemgmt 56-199] Attempt to get parsing info during refresh. "On-the-fly" syntax checking information may be incorrect. [D:\cd4\exp\plusv.v:]
WARNING: [filemgmt 56-199] Attempt to get parsing info during refresh. "On-the-fly" syntax checking information may be incorrect. [D:\cd3\exp3\exp14_source.v:]
WARNING: [filemgmt 56-199] Attempt to get parsing info during refresh. "On-the-fly" syntax checking information may be incorrect. [D:\cd3\exp3\exp14_source.v:]
WARNING: [filemgmt 56-199] Attempt to get parsing info during refresh. "On-the-fly" syntax checking information may be incorrect. [D:\cd3\exp3\simple_core_test.v:]
WARNING: [filemgmt 56-199] Attempt to get parsing info during refresh. "On-the-fly" syntax checking information may be incorrect. [D:\cd3\exp3\exp14_source.v:]
WARNING: [filemgmt 56-199] Attempt to get parsing info during refresh. "On-the-fly" syntax checking information may be incorrect. [D:\cd4\exp\plusv.v:]
WARNING: [filemgmt 56-199] Attempt to get parsing info during refresh. "On-the-fly" syntax checking information may be incorrect. [D:\cd4\exp\plusv.v:]
WARNING: [filemgmt 56-199] Attempt to get parsing info during refresh. "On-the-fly" syntax checking information may be incorrect. [D:\cd4\exp\plusv.v:]
run all
1005000		1	0xzzz	0xzzzzzz	0x0000	0x009
1105000		1	0xzzz	0xzzzzzz	0x0000	0x00a
1205000		1	0xzzz	0xzzzzzz	0x0000	0x00b
1305000		1	0xzzz	0xzzzzzz	0x0000	0x00c
1405000		1	0xzzz	0xzzzzzz	0x0000	0x00d
1505000		1	0xzzz	0xzzzzzz	0x0000	0x00e
1605000		1	0xzzz	0xzzzzzz	0x0000	0x00f
1705000		1	0xzzz	0xzzzzzz	0x0000	0x010
1805000		1	0xzzz	0xzzzzzz	0x0000	0x011
1905000		1	0xzzz	0xzzzzzz	0x0000	0x012
2005000		1	0xzzz	0xzzzzzz	0x0000	0x013
2105000		1	0xzzz	0xzzzzzz	0x0000	0x014
2205000		1	0xzzz	0xzzzzzz	0x0000	0x015
2305000		1	0xzzz	0xzzzzzz	0x0000	0x016
2405000		1	0xzzz	0xzzzzzz	0x0000	0x017
2505000		1	0xzzz	0xzzzzzz	0x0000	0x018
2605000		1	0xzzz	0xzzzzzz	0x0000	0x019
2705000		1	0xzzz	0xzzzzzz	0x0000	0x01a
2805000		1	0xzzz	0xzzzzzz	0x0000	0x01b
2905000		1	0xzzz	0xzzzzzz	0x0000	0x01c
3005000		1	0xzzz	0xzzzzzz	0x0000	0x01d
3105000		1	0xzzz	0xzzzzzz	0x0000	0x01e
3205000		1	0xzzz	0xzzzzzz	0x0000	0x01f
3305000		1	0xzzz	0xzzzzzz	0x0000	0x020
3405000		1	0xzzz	0xzzzzzz	0x0000	0x021
3505000		1	0xzzz	0xzzzzzz	0x0000	0x022
3605000		1	0xzzz	0xzzzzzz	0x0000	0x023
3705000		1	0xzzz	0xzzzzzz	0x0000	0x024
3805000		1	0xzzz	0xzzzzzz	0x0000	0x025
3905000		1	0xzzz	0xzzzzzz	0x0000	0x026
4005000		1	0xzzz	0xzzzzzz	0x0000	0x027
4105000		1	0xzzz	0xzzzzzz	0x0000	0x028
4205000		1	0xzzz	0xzzzzzz	0x0000	0x029
4305000		1	0xzzz	0xzzzzzz	0x0000	0x02a
4405000		1	0xzzz	0xzzzzzz	0x0000	0x02b
4505000		1	0xzzz	0xzzzzzz	0x0000	0x02c
4605000		1	0xzzz	0xzzzzzz	0x0000	0x02d
4705000		1	0xzzz	0xzzzzzz	0x0000	0x02e
4805000		1	0xzzz	0xzzzzzz	0x0000	0x02f
4905000		1	0xzzz	0xzzzzzz	0x0000	0x030
5005000		1	0xzzz	0xzzzzzz	0x0000	0x031
5105000		1	0xzzz	0xzzzzzz	0x0000	0x032
5205000		1	0xzzz	0xzzzzzz	0x0000	0x033
5305000		1	0xzzz	0xzzzzzz	0x0000	0x034
5405000		1	0xzzz	0xzzzzzz	0x0000	0x035
5505000		1	0xzzz	0xzzzzzz	0x0000	0x036
5605000		1	0xzzz	0xzzzzzz	0x0000	0x037
5705000		1	0xzzz	0xzzzzzz	0x0000	0x038
5805000		1	0xzzz	0xzzzzzz	0x0000	0x039
5905000		1	0xzzz	0xzzzzzz	0x0000	0x03a
6005000		1	0xzzz	0xzzzzzz	0x0000	0x03b
6105000		1	0xzzz	0xzzzzzz	0x0000	0x03c
6205000		1	0xzzz	0xzzzzzz	0x0000	0x03d
6305000		1	0xzzz	0xzzzzzz	0x0000	0x03e
6405000		1	0xzzz	0xzzzzzz	0x0000	0x03f
6505000		1	0xzzz	0xzzzzzz	0x0000	0x040
6605000		1	0xzzz	0xzzzzzz	0x0000	0x041
6705000		1	0xzzz	0xzzzzzz	0x0000	0x042
6805000		1	0xzzz	0xzzzzzz	0x0000	0x043
6905000		1	0xzzz	0xzzzzzz	0x0000	0x044
7005000		1	0xzzz	0xzzzzzz	0x0000	0x045
7105000		1	0xzzz	0xzzzzzz	0x0000	0x046
7205000		1	0xzzz	0xzzzzzz	0x0000	0x047
7305000		1	0xzzz	0xzzzzzz	0x0000	0x048
7405000		1	0xzzz	0xzzzzzz	0x0000	0x049
7505000		1	0xzzz	0xzzzzzz	0x0000	0x04a
7605000		1	0xzzz	0xzzzzzz	0x0000	0x04b
7705000		1	0xzzz	0xzzzzzz	0x0000	0x04c
7805000		1	0xzzz	0xzzzzzz	0x0000	0x04d
7905000		1	0xzzz	0xzzzzzz	0x0000	0x04e
8005000		1	0xzzz	0xzzzzzz	0x0000	0x04f
8105000		1	0xzzz	0xzzzzzz	0x0000	0x050
8205000		1	0xzzz	0xzzzzzz	0x0000	0x051
8305000		1	0xzzz	0xzzzzzz	0x0000	0x052
8405000		1	0xzzz	0xzzzzzz	0x0000	0x053
8505000		1	0xzzz	0xzzzzzz	0x0000	0x054
8605000		1	0xzzz	0xzzzzzz	0x0000	0x055
8705000		1	0xzzz	0xzzzzzz	0x0000	0x056
8805000		1	0xzzz	0xzzzzzz	0x0000	0x057
8905000		1	0xzzz	0xzzzzzz	0x0000	0x058
9005000		1	0xzzz	0xzzzzzz	0x0000	0x059
9105000		1	0xzzz	0xzzzzzz	0x0000	0x05a
9205000		1	0xzzz	0xzzzzzz	0x0000	0x05b
9305000		1	0xzzz	0xzzzzzz	0x0000	0x05c
9405000		1	0xzzz	0xzzzzzz	0x0000	0x05d
9505000		1	0xzzz	0xzzzzzz	0x0000	0x05e
9605000		1	0xzzz	0xzzzzzz	0x0000	0x05f
9705000		1	0xzzz	0xzzzzzz	0x0000	0x060
9805000		1	0xzzz	0xzzzzzz	0x0000	0x061
9905000		1	0xzzz	0xzzzzzz	0x0000	0x062
10005000		1	0xzzz	0xzzzzzz	0x0000	0x063
10105000		1	0xzzz	0xzzzzzz	0x0000	0x064
10205000		1	0xzzz	0xzzzzzz	0x0000	0x065
10305000		1	0xzzz	0xzzzzzz	0x0000	0x066
10405000		1	0xzzz	0xzzzzzz	0x0000	0x067
10505000		1	0xzzz	0xzzzzzz	0x0000	0x068
10605000		1	0xzzz	0xzzzzzz	0x0000	0x069
10705000		1	0xzzz	0xzzzzzz	0x0000	0x06a
10805000		1	0xzzz	0xzzzzzz	0x0000	0x06b
10905000		1	0xzzz	0xzzzzzz	0x0000	0x06c
11005000		1	0xzzz	0xzzzzzz	0x0000	0x06d
11105000		1	0xzzz	0xzzzzzz	0x0000	0x06e
11205000		1	0xzzz	0xzzzzzz	0x0000	0x06f
11305000		1	0xzzz	0xzzzzzz	0x0000	0x070
11405000		1	0xzzz	0xzzzzzz	0x0000	0x071
11505000		1	0xzzz	0xzzzzzz	0x0000	0x072
11605000		1	0xzzz	0xzzzzzz	0x0000	0x073
11705000		1	0xzzz	0xzzzzzz	0x0000	0x074
11805000		1	0xzzz	0xzzzzzz	0x0000	0x075
11905000		1	0xzzz	0xzzzzzz	0x0000	0x076
12005000		1	0xzzz	0xzzzzzz	0x0000	0x077
12105000		1	0xzzz	0xzzzzzz	0x0000	0x078
12205000		1	0xzzz	0xzzzzzz	0x0000	0x079
12305000		1	0xzzz	0xzzzzzz	0x0000	0x07a
12405000		1	0xzzz	0xzzzzzz	0x0000	0x07b
12505000		1	0xzzz	0xzzzzzz	0x0000	0x07c
12605000		1	0xzzz	0xzzzzzz	0x0000	0x07d
12705000		1	0xzzz	0xzzzzzz	0x0000	0x07e
12805000		1	0xzzz	0xzzzzzz	0x0000	0x07f
12905000		1	0xzzz	0xzzzzzz	0x0000	0x080
13005000		1	0xzzz	0xzzzzzz	0x0000	0x081
13105000		1	0xzzz	0xzzzzzz	0x0000	0x082
13205000		1	0xzzz	0xzzzzzz	0x0000	0x083
13305000		1	0xzzz	0xzzzzzz	0x0000	0x084
13405000		1	0xzzz	0xzzzzzz	0x0000	0x085
13505000		1	0xzzz	0xzzzzzz	0x0000	0x086
13605000		1	0xzzz	0xzzzzzz	0x0000	0x087
13705000		1	0xzzz	0xzzzzzz	0x0000	0x088
13805000		1	0xzzz	0xzzzzzz	0x0000	0x089
13905000		1	0xzzz	0xzzzzzz	0x0000	0x08a
14005000		1	0xzzz	0xzzzzzz	0x0000	0x08b
14105000		1	0xzzz	0xzzzzzz	0x0000	0x08c
14205000		1	0xzzz	0xzzzzzz	0x0000	0x08d
14305000		1	0xzzz	0xzzzzzz	0x0000	0x08e
14405000		1	0xzzz	0xzzzzzz	0x0000	0x08f
14505000		1	0xzzz	0xzzzzzz	0x0000	0x090
14605000		1	0xzzz	0xzzzzzz	0x0000	0x091
14705000		1	0xzzz	0xzzzzzz	0x0000	0x092
14805000		1	0xzzz	0xzzzzzz	0x0000	0x093
14905000		1	0xzzz	0xzzzzzz	0x0000	0x094
15005000		1	0xzzz	0xzzzzzz	0x0000	0x095
15105000		1	0xzzz	0xzzzzzz	0x0000	0x096
15205000		1	0xzzz	0xzzzzzz	0x0000	0x097
15305000		1	0xzzz	0xzzzzzz	0x0000	0x098
15405000		1	0xzzz	0xzzzzzz	0x0000	0x099
15505000		1	0xzzz	0xzzzzzz	0x0000	0x09a
15605000		1	0xzzz	0xzzzzzz	0x0000	0x09b
15705000		1	0xzzz	0xzzzzzz	0x0000	0x09c
15805000		1	0xzzz	0xzzzzzz	0x0000	0x09d
15905000		1	0xzzz	0xzzzzzz	0x0000	0x09e
16005000		1	0xzzz	0xzzzzzz	0x0000	0x09f
16105000		1	0xzzz	0xzzzzzz	0x0000	0x0a0
16205000		1	0xzzz	0xzzzzzz	0x0000	0x0a1
16305000		1	0xzzz	0xzzzzzz	0x0000	0x0a2
16405000		1	0xzzz	0xzzzzzz	0x0000	0x0a3
16505000		1	0xzzz	0xzzzzzz	0x0000	0x0a4
16605000		1	0xzzz	0xzzzzzz	0x0000	0x0a5
16705000		1	0xzzz	0xzzzzzz	0x0000	0x0a6
16805000		1	0xzzz	0xzzzzzz	0x0000	0x0a7
16905000		1	0xzzz	0xzzzzzz	0x0000	0x0a8
17005000		1	0xzzz	0xzzzzzz	0x0000	0x0a9
17105000		1	0xzzz	0xzzzzzz	0x0000	0x0aa
17205000		1	0xzzz	0xzzzzzz	0x0000	0x0ab
17305000		1	0xzzz	0xzzzzzz	0x0000	0x0ac
17405000		1	0xzzz	0xzzzzzz	0x0000	0x0ad
17505000		1	0xzzz	0xzzzzzz	0x0000	0x0ae
17605000		1	0xzzz	0xzzzzzz	0x0000	0x0af
17705000		1	0xzzz	0xzzzzzz	0x0000	0x0b0
17805000		1	0xzzz	0xzzzzzz	0x0000	0x0b1
17905000		1	0xzzz	0xzzzzzz	0x0000	0x0b2
18005000		1	0xzzz	0xzzzzzz	0x0000	0x0b3
18105000		1	0xzzz	0xzzzzzz	0x0000	0x0b4
18205000		1	0xzzz	0xzzzzzz	0x0000	0x0b5
18305000		1	0xzzz	0xzzzzzz	0x0000	0x0b6
18405000		1	0xzzz	0xzzzzzz	0x0000	0x0b7
18505000		1	0xzzz	0xzzzzzz	0x0000	0x0b8
18605000		1	0xzzz	0xzzzzzz	0x0000	0x0b9
18705000		1	0xzzz	0xzzzzzz	0x0000	0x0ba
18805000		1	0xzzz	0xzzzzzz	0x0000	0x0bb
18905000		1	0xzzz	0xzzzzzz	0x0000	0x0bc
19005000		1	0xzzz	0xzzzzzz	0x0000	0x0bd
19105000		1	0xzzz	0xzzzzzz	0x0000	0x0be
19205000		1	0xzzz	0xzzzzzz	0x0000	0x0bf
19305000		1	0xzzz	0xzzzzzz	0x0000	0x0c0
19405000		1	0xzzz	0xzzzzzz	0x0000	0x0c1
19505000		1	0xzzz	0xzzzzzz	0x0000	0x0c2
19605000		1	0xzzz	0xzzzzzz	0x0000	0x0c3
19705000		1	0xzzz	0xzzzzzz	0x0000	0x0c4
19805000		1	0xzzz	0xzzzzzz	0x0000	0x0c5
19905000		1	0xzzz	0xzzzzzz	0x0000	0x0c6
============== 测试完成，总仿真时间 20000 ns ==============
$finish called at time : 20 us : File "D:/cd3/exp3/simple_core_test.v" Line 98
close_sim
INFO: [Simtcl 6-16] Simulation closed
connect_bd_net [get_bd_pins IR/reset] [get_bd_pins xlconstant_1/dout]
save_bd_design
Wrote  : <D:\cd3\design_3\design_3.bd> 
Wrote  : <D:/cd3/design_3/ui/bd_205a0ed2.ui> 
generate_target Simulation [get_files D:/cd3/design_3/design_3.bd]
CRITICAL WARNING: [BD 41-1367] The port name 'out' of cell '/mux_5to1_16bit_0' is a reserved keyword in a Hardware Description Language. Please consider renaming the port.
CRITICAL WARNING: [BD 41-1367] The port name 'AND' of cell '/RTI_0' is a reserved keyword in a Hardware Description Language. Please consider renaming the port.
CRITICAL WARNING: [BD 41-1367] The port name 'OR' of cell '/RTI_0' is a reserved keyword in a Hardware Description Language. Please consider renaming the port.
CRITICAL WARNING: [BD 41-1367] The port name 'AND' of cell '/control_0' is a reserved keyword in a Hardware Description Language. Please consider renaming the port.
CRITICAL WARNING: [BD 41-1367] The port name 'OR' of cell '/control_0' is a reserved keyword in a Hardware Description Language. Please consider renaming the port.
CRITICAL WARNING: [BD 41-759] The input pins (listed below) are either not connected or do not have a source port, and they don't have a tie-off specified. These pins are tied-off to all 0's to avoid error in Implementation flow.
Please check your design and connect them as needed: 
/mux_5to1_16bit_0/selIR

Wrote  : <D:\cd3\design_3\design_3.bd> 
CRITICAL WARNING: [BD 41-2383] Width mismatch when connecting input pin '/mux_5to1_16bit_0/PC'(16) to pin '/PC/dout'(12) - Only lower order bits will be connected, and other input bits of this pin will be left unconnected.
Verilog Output written to : D:/cd3/design_3/synth/design_3.v
CRITICAL WARNING: [BD 41-2383] Width mismatch when connecting input pin '/mux_5to1_16bit_0/PC'(16) to pin '/PC/dout'(12) - Only lower order bits will be connected, and other input bits of this pin will be left unconnected.
Verilog Output written to : D:/cd3/design_3/sim/design_3.v
Verilog Output written to : D:/cd3/design_3/hdl/design_3_wrapper.v
Exporting to file D:/cd3/design_3/hw_handoff/design_3.hwh
Generated Hardware Definition File D:/cd3/design_3/synth/design_3.hwdef
export_ip_user_files -of_objects [get_files D:/cd3/design_3/design_3.bd] -no_script -sync -force -quiet
export_simulation -of_objects [get_files D:/cd3/design_3/design_3.bd] -directory D:/cd4/project_4/project_4.ip_user_files/sim_scripts -ip_user_files_dir D:/cd4/project_4/project_4.ip_user_files -ipstatic_source_dir D:/cd4/project_4/project_4.ip_user_files/ipstatic -lib_map_path [list {modelsim=D:/cd4/project_4/project_4.cache/compile_simlib/modelsim} {questa=D:/cd4/project_4/project_4.cache/compile_simlib/questa} {riviera=D:/cd4/project_4/project_4.cache/compile_simlib/riviera} {activehdl=D:/cd4/project_4/project_4.cache/compile_simlib/activehdl}] -use_ip_compiled_libs -force -quiet
launch_simulation -simset [get_filesets sim_2 ]
Command: launch_simulation  -simset sim_2
INFO: [Vivado 12-12493] Simulation top is 'complete_monitor_test'
WARNING: [Vivado 12-13340] Unable to auto find GCC executables from simulator install path! (path not set)
INFO: [Vivado 12-5698] Checking validity of IPs in the design for the 'XSim' simulator...
INFO: [Vivado 12-5682] Launching behavioral simulation in 'D:/cd4/project_4/project_4.sim/sim_2/behav/xsim'
INFO: [Vivado 12-13660] Precompiled IP simulation library mode is enabled (default). The design IP libraries will be referenced from the compiled library path. Please note that if the precompiled version of the library is not found from the path or the IP is in locked state, then the library source files for these IPs will be compiled locally as part of the compile order.
INFO: [Vivado 12-4795] Using compiled simulation libraries for IPs
INFO: [SIM-utils-51] Simulation object is 'sim_2'
INFO: [SIM-utils-72] Using boost library from 'D:/Vivado/2024.2/tps/boost_1_72_0'
INFO: [USF-XSim-7] Finding pre-compiled libraries...
INFO: [USF-XSim-11] File 'D:/Vivado/2024.2/data/xsim/xsim.ini' copied to run dir:'D:/cd4/project_4/project_4.sim/sim_2/behav/xsim'
INFO: [SIM-utils-54] Inspecting design source files for 'complete_monitor_test' in fileset 'sim_2'...
INFO: [USF-XSim-97] Finding global include files...
INFO: [USF-XSim-98] Fetching design files from 'sim_2'...
INFO: [USF-XSim-2] XSim::Compile design
INFO: [USF-XSim-61] Executing 'COMPILE and ANALYZE' step in 'D:/cd4/project_4/project_4.sim/sim_2/behav/xsim'
"xvlog --incr --relax -prj complete_monitor_test_vlog.prj"
INFO: [VRFC 10-2263] Analyzing Verilog file "D:/cd3/exp3/exp14_source.v" into library xil_defaultlib
INFO: [VRFC 10-311] analyzing module adpt_in
INFO: [VRFC 10-311] analyzing module adpt_out
INFO: [VRFC 10-311] analyzing module adpt_out8
INFO: [VRFC 10-311] analyzing module adpt_out12
INFO: [VRFC 10-311] analyzing module adpt_out16
INFO: [VRFC 10-311] analyzing module adpt_out23
INFO: [VRFC 10-311] analyzing module and2
INFO: [VRFC 10-311] analyzing module not1
INFO: [VRFC 10-311] analyzing module addr_adpt
INFO: [VRFC 10-311] analyzing module UIR
INFO: [VRFC 10-311] analyzing module m74LS161
INFO: [VRFC 10-311] analyzing module rom1_256x24
INFO: [VRFC 10-311] analyzing module rom2_4Kx16
INFO: [VRFC 10-311] analyzing module adder4
INFO: [VRFC 10-311] analyzing module dff4
WARNING: [VRFC 10-9336] redeclaration of ANSI port 'Q3' is not allowed [D:/cd3/exp3/exp14_source.v:265]
INFO: [VRFC 10-311] analyzing module shifter
INFO: [VRFC 10-311] analyzing module carry_output_splitter
INFO: [VRFC 10-311] analyzing module the_12bit_to_3x4bit
INFO: [VRFC 10-311] analyzing module four_bit_checker
INFO: [VRFC 10-311] analyzing module or3_gate
INFO: [VRFC 10-311] analyzing module aggregator_12inputs_to_12bit_sync
INFO: [VRFC 10-311] analyzing module splitter_16bit_to_16outputs
INFO: [VRFC 10-311] analyzing module splitter_12bit_to_12outputs
INFO: [VRFC 10-311] analyzing module bus_slicer_16to12
INFO: [VRFC 10-311] analyzing module register_temp
INFO: [VRFC 10-311] analyzing module multiplier_8x8
INFO: [VRFC 10-311] analyzing module split_16to8
INFO: [VRFC 10-311] analyzing module splitter_16bit_16outputs
INFO: [VRFC 10-2263] Analyzing Verilog file "D:/cd3/exp3/74161.v" into library xil_defaultlib
INFO: [VRFC 10-311] analyzing module ic_74161
INFO: [VRFC 10-2263] Analyzing Verilog file "D:/cd3/exp3/ram.v" into library xil_defaultlib
INFO: [VRFC 10-311] analyzing module ram
INFO: [VRFC 10-2263] Analyzing Verilog file "D:/cd3/exp3/16bit_reg.v" into library xil_defaultlib
INFO: [VRFC 10-311] analyzing module register_16bit
INFO: [VRFC 10-2263] Analyzing Verilog file "D:/cd3/exp3/12bit_reg.v" into library xil_defaultlib
INFO: [VRFC 10-311] analyzing module register_12bit
INFO: [VRFC 10-2263] Analyzing Verilog file "D:/cd3/exp3/mix5to1.v" into library xil_defaultlib
INFO: [VRFC 10-311] analyzing module mux_5to1_16bit
INFO: [VRFC 10-2263] Analyzing Verilog file "D:/cd3/exp3/aggregator_4bit.v" into library xil_defaultlib
INFO: [VRFC 10-311] analyzing module aggregator_4bit
INFO: [VRFC 10-2263] Analyzing Verilog file "D:/cd3/exp3/74182.v" into library xil_defaultlib
INFO: [VRFC 10-311] analyzing module carry_lookahead_74182
INFO: [VRFC 10-2263] Analyzing Verilog file "D:/cd3/exp3/74181.v" into library xil_defaultlib
INFO: [VRFC 10-311] analyzing module alu_74181
INFO: [VRFC 10-2263] Analyzing Verilog file "D:/cd3/exp3/aggregate_4x4_to_16bit.v" into library xil_defaultlib
INFO: [VRFC 10-311] analyzing module aggregate_4x4_to_16bit
INFO: [VRFC 10-311] analyzing module adpt_out_16bit
INFO: [VRFC 10-2263] Analyzing Verilog file "D:/cd3/exp3/the_16bit_to_4x4bit.v" into library xil_defaultlib
INFO: [VRFC 10-311] analyzing module the_16bit_to_4x4bit
INFO: [VRFC 10-2263] Analyzing Verilog file "D:/cd3/exp3/not_gate.v" into library xil_defaultlib
INFO: [VRFC 10-311] analyzing module not_gate
INFO: [VRFC 10-2263] Analyzing Verilog file "D:/cd4/exp/plusv.v" into library xil_defaultlib
INFO: [VRFC 10-311] analyzing module mod5_timing_generator
INFO: [VRFC 10-311] analyzing module RTI
INFO: [VRFC 10-311] analyzing module control
INFO: [VRFC 10-2263] Analyzing Verilog file "D:/cd3/exp3/and_gate.v" into library xil_defaultlib
INFO: [VRFC 10-311] analyzing module and_gate
INFO: [VRFC 10-2263] Analyzing Verilog file "D:/cd3/exp3/or_gate.v" into library xil_defaultlib
INFO: [VRFC 10-311] analyzing module or_gate
INFO: [VRFC 10-2263] Analyzing Verilog file "D:/cd4/project_4/project_4.ip_user_files/bd/design_3/ip/design_3_adpt_in_0_0/sim/design_3_adpt_in_0_0.v" into library xil_defaultlib
INFO: [VRFC 10-311] analyzing module design_3_adpt_in_0_0
INFO: [VRFC 10-2263] Analyzing Verilog file "D:/cd4/project_4/project_4.ip_user_files/bd/design_3/ip/design_3_xlconstant_0_1/sim/design_3_xlconstant_0_1.v" into library xil_defaultlib
INFO: [VRFC 10-311] analyzing module design_3_xlconstant_0_1
INFO: [VRFC 10-2263] Analyzing Verilog file "D:/cd4/project_4/project_4.ip_user_files/bd/design_3/ip/design_3_ic_74161_0_0/sim/design_3_ic_74161_0_0.v" into library xil_defaultlib
INFO: [VRFC 10-311] analyzing module design_3_ic_74161_0_0
INFO: [VRFC 10-2263] Analyzing Verilog file "D:/cd4/project_4/project_4.ip_user_files/bd/design_3/ip/design_3_ic_74161_1_0/sim/design_3_ic_74161_1_0.v" into library xil_defaultlib
INFO: [VRFC 10-311] analyzing module design_3_ic_74161_1_0
INFO: [VRFC 10-2263] Analyzing Verilog file "D:/cd4/project_4/project_4.ip_user_files/bd/design_3/ip/design_3_ic_74161_2_0/sim/design_3_ic_74161_2_0.v" into library xil_defaultlib
INFO: [VRFC 10-311] analyzing module design_3_ic_74161_2_0
INFO: [VRFC 10-2263] Analyzing Verilog file "D:/cd4/project_4/project_4.ip_user_files/bd/design_3/ip/design_3_xlconcat_0_0/sim/design_3_xlconcat_0_0.v" into library xil_defaultlib
INFO: [VRFC 10-311] analyzing module design_3_xlconcat_0_0
INFO: [VRFC 10-2263] Analyzing Verilog file "D:/cd4/project_4/project_4.ip_user_files/bd/design_3/ip/design_3_the_12bit_to_3x4bit_0_1/sim/design_3_the_12bit_to_3x4bit_0_1.v" into library xil_defaultlib
INFO: [VRFC 10-311] analyzing module design_3_the_12bit_to_3x4bit_0_1
INFO: [VRFC 10-2263] Analyzing Verilog file "D:/cd4/project_4/project_4.ip_user_files/bd/design_3/ip/design_3_ram_0_0/sim/design_3_ram_0_0.v" into library xil_defaultlib
INFO: [VRFC 10-311] analyzing module design_3_ram_0_0
INFO: [VRFC 10-2263] Analyzing Verilog file "D:/cd4/project_4/project_4.ip_user_files/bd/design_3/ip/design_3_register_16bit_0_0/sim/design_3_register_16bit_0_0.v" into library xil_defaultlib
INFO: [VRFC 10-311] analyzing module design_3_register_16bit_0_0
INFO: [VRFC 10-2263] Analyzing Verilog file "D:/cd4/project_4/project_4.ip_user_files/bd/design_3/ip/design_3_register_16bit_1_0/sim/design_3_register_16bit_1_0.v" into library xil_defaultlib
INFO: [VRFC 10-311] analyzing module design_3_register_16bit_1_0
INFO: [VRFC 10-2263] Analyzing Verilog file "D:/cd4/project_4/project_4.ip_user_files/bd/design_3/ip/design_3_register_16bit_2_0/sim/design_3_register_16bit_2_0.v" into library xil_defaultlib
INFO: [VRFC 10-311] analyzing module design_3_register_16bit_2_0
INFO: [VRFC 10-2263] Analyzing Verilog file "D:/cd4/project_4/project_4.ip_user_files/bd/design_3/ip/design_3_register_16bit_3_0/sim/design_3_register_16bit_3_0.v" into library xil_defaultlib
INFO: [VRFC 10-311] analyzing module design_3_register_16bit_3_0
INFO: [VRFC 10-2263] Analyzing Verilog file "D:/cd4/project_4/project_4.ip_user_files/bd/design_3/ip/design_3_register_16bit_4_0/sim/design_3_register_16bit_4_0.v" into library xil_defaultlib
INFO: [VRFC 10-311] analyzing module design_3_register_16bit_4_0
INFO: [VRFC 10-2263] Analyzing Verilog file "D:/cd4/project_4/project_4.ip_user_files/bd/design_3/ip/design_3_register_12bit_0_0/sim/design_3_register_12bit_0_0.v" into library xil_defaultlib
INFO: [VRFC 10-311] analyzing module design_3_register_12bit_0_0
INFO: [VRFC 10-2263] Analyzing Verilog file "D:/cd4/project_4/project_4.ip_user_files/bd/design_3/ip/design_3_register_16bit_3_1/sim/design_3_register_16bit_3_1.v" into library xil_defaultlib
INFO: [VRFC 10-311] analyzing module design_3_register_16bit_3_1
INFO: [VRFC 10-2263] Analyzing Verilog file "D:/cd4/project_4/project_4.ip_user_files/bd/design_3/ip/design_3_MDR_0/sim/design_3_MDR_0.v" into library xil_defaultlib
INFO: [VRFC 10-311] analyzing module design_3_MDR_0
INFO: [VRFC 10-2263] Analyzing Verilog file "D:/cd4/project_4/project_4.ip_user_files/bd/design_3/ip/design_3_register_16bit_0_1/sim/design_3_register_16bit_0_1.v" into library xil_defaultlib
INFO: [VRFC 10-311] analyzing module design_3_register_16bit_0_1
INFO: [VRFC 10-2263] Analyzing Verilog file "D:/cd4/project_4/project_4.ip_user_files/bd/design_3/ip/design_3_mux_5to1_16bit_0_0/sim/design_3_mux_5to1_16bit_0_0.v" into library xil_defaultlib
INFO: [VRFC 10-311] analyzing module design_3_mux_5to1_16bit_0_0
INFO: [VRFC 10-2263] Analyzing Verilog file "D:/cd4/project_4/project_4.ip_user_files/bd/design_3/ip/design_3_aggregator_4bit_0_1/sim/design_3_aggregator_4bit_0_1.v" into library xil_defaultlib
INFO: [VRFC 10-311] analyzing module design_3_aggregator_4bit_0_1
INFO: [VRFC 10-2263] Analyzing Verilog file "D:/cd4/project_4/project_4.ip_user_files/bd/design_3/ip/design_3_carry_lookahead_74182_0_0/sim/design_3_carry_lookahead_74182_0_0.v" into library xil_defaultlib
INFO: [VRFC 10-311] analyzing module design_3_carry_lookahead_74182_0_0
INFO: [VRFC 10-2263] Analyzing Verilog file "D:/cd4/project_4/project_4.ip_user_files/bd/design_3/ip/design_3_aggregator_4bit_1_0/sim/design_3_aggregator_4bit_1_0.v" into library xil_defaultlib
INFO: [VRFC 10-311] analyzing module design_3_aggregator_4bit_1_0
INFO: [VRFC 10-2263] Analyzing Verilog file "D:/cd4/project_4/project_4.ip_user_files/bd/design_3/ip/design_3_alu_74181_0_0/sim/design_3_alu_74181_0_0.v" into library xil_defaultlib
INFO: [VRFC 10-311] analyzing module design_3_alu_74181_0_0
INFO: [VRFC 10-2263] Analyzing Verilog file "D:/cd4/project_4/project_4.ip_user_files/bd/design_3/ip/design_3_alu_74181_1_0/sim/design_3_alu_74181_1_0.v" into library xil_defaultlib
INFO: [VRFC 10-311] analyzing module design_3_alu_74181_1_0
INFO: [VRFC 10-2263] Analyzing Verilog file "D:/cd4/project_4/project_4.ip_user_files/bd/design_3/ip/design_3_alu_74181_2_0/sim/design_3_alu_74181_2_0.v" into library xil_defaultlib
INFO: [VRFC 10-311] analyzing module design_3_alu_74181_2_0
INFO: [VRFC 10-2263] Analyzing Verilog file "D:/cd4/project_4/project_4.ip_user_files/bd/design_3/ip/design_3_aggregate_4x4_to_16b_0_0/sim/design_3_aggregate_4x4_to_16b_0_0.v" into library xil_defaultlib
INFO: [VRFC 10-311] analyzing module design_3_aggregate_4x4_to_16b_0_0
INFO: [VRFC 10-2263] Analyzing Verilog file "D:/cd4/project_4/project_4.ip_user_files/bd/design_3/ip/design_3_the_16bit_to_4x4bit_2_0/sim/design_3_the_16bit_to_4x4bit_2_0.v" into library xil_defaultlib
INFO: [VRFC 10-311] analyzing module design_3_the_16bit_to_4x4bit_2_0
INFO: [VRFC 10-2263] Analyzing Verilog file "D:/cd4/project_4/project_4.ip_user_files/bd/design_3/ip/design_3_the_16bit_to_4x4bit_0_1/sim/design_3_the_16bit_to_4x4bit_0_1.v" into library xil_defaultlib
INFO: [VRFC 10-311] analyzing module design_3_the_16bit_to_4x4bit_0_1
INFO: [VRFC 10-2263] Analyzing Verilog file "D:/cd4/project_4/project_4.ip_user_files/bd/design_3/ip/design_3_alu_74181_3_0/sim/design_3_alu_74181_3_0.v" into library xil_defaultlib
INFO: [VRFC 10-311] analyzing module design_3_alu_74181_3_0
INFO: [VRFC 10-2263] Analyzing Verilog file "D:/cd4/project_4/project_4.ip_user_files/bd/design_3/ip/design_3_carry_output_splitter_0_0/sim/design_3_carry_output_splitter_0_0.v" into library xil_defaultlib
INFO: [VRFC 10-311] analyzing module design_3_carry_output_splitter_0_0
INFO: [VRFC 10-2263] Analyzing Verilog file "D:/cd4/project_4/project_4.ip_user_files/bd/design_3/ip/design_3_not_gate_1_0/sim/design_3_not_gate_1_0.v" into library xil_defaultlib
INFO: [VRFC 10-311] analyzing module design_3_not_gate_1_0
INFO: [VRFC 10-2263] Analyzing Verilog file "D:/cd4/project_4/project_4.ip_user_files/bd/design_3/ip/design_3_bus_slicer_16to12_0_0/sim/design_3_bus_slicer_16to12_0_0.v" into library xil_defaultlib
INFO: [VRFC 10-311] analyzing module design_3_bus_slicer_16to12_0_0
INFO: [VRFC 10-2263] Analyzing Verilog file "D:/cd4/project_4/project_4.ip_user_files/bd/design_3/ip/design_3_multiplier_8x8_0_0/sim/design_3_multiplier_8x8_0_0.v" into library xil_defaultlib
INFO: [VRFC 10-311] analyzing module design_3_multiplier_8x8_0_0
INFO: [VRFC 10-2263] Analyzing Verilog file "D:/cd4/project_4/project_4.ip_user_files/bd/design_3/ip/design_3_split_16to8_0_0/sim/design_3_split_16to8_0_0.v" into library xil_defaultlib
INFO: [VRFC 10-311] analyzing module design_3_split_16to8_0_0
INFO: [VRFC 10-2263] Analyzing Verilog file "D:/cd4/project_4/project_4.ip_user_files/bd/design_3/ip/design_3_R0_0/sim/design_3_R0_0.v" into library xil_defaultlib
INFO: [VRFC 10-311] analyzing module design_3_R0_0
INFO: [VRFC 10-2263] Analyzing Verilog file "D:/cd4/project_4/project_4.ip_user_files/bd/design_3/ip/design_3_mod5_timing_generator_0_0/sim/design_3_mod5_timing_generator_0_0.v" into library xil_defaultlib
INFO: [VRFC 10-311] analyzing module design_3_mod5_timing_generator_0_0
INFO: [VRFC 10-2263] Analyzing Verilog file "D:/cd4/project_4/project_4.ip_user_files/bd/design_3/ip/design_3_not_gate_0_0/sim/design_3_not_gate_0_0.v" into library xil_defaultlib
INFO: [VRFC 10-311] analyzing module design_3_not_gate_0_0
INFO: [VRFC 10-2263] Analyzing Verilog file "D:/cd4/project_4/project_4.ip_user_files/bd/design_3/ip/design_3_RTI_0_0/sim/design_3_RTI_0_0.v" into library xil_defaultlib
INFO: [VRFC 10-311] analyzing module design_3_RTI_0_0
INFO: [VRFC 10-2263] Analyzing Verilog file "D:/cd4/project_4/project_4.ip_user_files/bd/design_3/ip/design_3_control_0_0/sim/design_3_control_0_0.v" into library xil_defaultlib
INFO: [VRFC 10-311] analyzing module design_3_control_0_0
INFO: [VRFC 10-2263] Analyzing Verilog file "D:/cd4/project_4/project_4.ip_user_files/bd/design_3/ip/design_3_not_gate_1_1/sim/design_3_not_gate_1_1.v" into library xil_defaultlib
INFO: [VRFC 10-311] analyzing module design_3_not_gate_1_1
INFO: [VRFC 10-2263] Analyzing Verilog file "D:/cd4/project_4/project_4.ip_user_files/bd/design_3/ip/design_3_and_gate_0_0/sim/design_3_and_gate_0_0.v" into library xil_defaultlib
INFO: [VRFC 10-311] analyzing module design_3_and_gate_0_0
INFO: [VRFC 10-2263] Analyzing Verilog file "D:/cd4/project_4/project_4.ip_user_files/bd/design_3/ip/design_3_and2_0_0/sim/design_3_and2_0_0.v" into library xil_defaultlib
INFO: [VRFC 10-311] analyzing module design_3_and2_0_0
INFO: [VRFC 10-2263] Analyzing Verilog file "D:/cd4/project_4/project_4.ip_user_files/bd/design_3/ip/design_3_aggregator_4bit_0_2/sim/design_3_aggregator_4bit_0_2.v" into library xil_defaultlib
INFO: [VRFC 10-311] analyzing module design_3_aggregator_4bit_0_2
INFO: [VRFC 10-2263] Analyzing Verilog file "D:/cd4/project_4/project_4.ip_user_files/bd/design_3/ip/design_3_splitter_16bit_16out_0_0/sim/design_3_splitter_16bit_16out_0_0.v" into library xil_defaultlib
INFO: [VRFC 10-311] analyzing module design_3_splitter_16bit_16out_0_0
INFO: [VRFC 10-2263] Analyzing Verilog file "D:/cd4/project_4/project_4.ip_user_files/bd/design_3/ip/design_3_not_gate_2_0/sim/design_3_not_gate_2_0.v" into library xil_defaultlib
INFO: [VRFC 10-311] analyzing module design_3_not_gate_2_0
INFO: [VRFC 10-2263] Analyzing Verilog file "D:/cd4/project_4/project_4.ip_user_files/bd/design_3/ip/design_3_or_gate_0_0/sim/design_3_or_gate_0_0.v" into library xil_defaultlib
INFO: [VRFC 10-311] analyzing module design_3_or_gate_0_0
INFO: [VRFC 10-2263] Analyzing Verilog file "D:/cd4/project_4/project_4.ip_user_files/bd/design_3/sim/design_3.v" into library xil_defaultlib
INFO: [VRFC 10-311] analyzing module ALU_imp_JZDUAB
INFO: [VRFC 10-311] analyzing module PC_imp_1MALNP6
INFO: [VRFC 10-311] analyzing module design_3
INFO: [VRFC 10-2263] Analyzing Verilog file "D:/cd3/design_3/hdl/design_3_wrapper.v" into library xil_defaultlib
INFO: [VRFC 10-311] analyzing module design_3_wrapper
INFO: [VRFC 10-2263] Analyzing Verilog file "D:/cd3/exp3/simple_core_test.v" into library xil_defaultlib
INFO: [VRFC 10-311] analyzing module complete_monitor_test
run_program: Time (s): cpu = 00:00:01 ; elapsed = 00:00:08 . Memory (MB): peak = 3369.352 ; gain = 0.000
INFO: [USF-XSim-69] 'compile' step finished in '8' seconds
INFO: [USF-XSim-3] XSim::Elaborate design
INFO: [USF-XSim-61] Executing 'ELABORATE' step in 'D:/cd4/project_4/project_4.sim/sim_2/behav/xsim'
"xelab --incr --debug typical --relax --mt 2 -L xil_defaultlib -L xlconstant_v1_1_9 -L xlconcat_v2_1_6 -L unisims_ver -L unimacro_ver -L secureip -L xpm --snapshot complete_monitor_test_behav xil_defaultlib.complete_monitor_test xil_defaultlib.glbl -log elaborate.log"
Vivado Simulator v2024.2.0
Copyright 1986-2022 Xilinx, Inc. All Rights Reserved.
Copyright 2022-2024 Advanced Micro Devices, Inc. All Rights Reserved.
Running: D:/Vivado/2024.2/bin/unwrapped/win64.o/xelab.exe --incr --debug typical --relax --mt 2 -L xil_defaultlib -L xlconstant_v1_1_9 -L xlconcat_v2_1_6 -L unisims_ver -L unimacro_ver -L secureip -L xpm --snapshot complete_monitor_test_behav xil_defaultlib.complete_monitor_test xil_defaultlib.glbl -log elaborate.log 
Using 2 slave threads.
Starting static elaboration
Pass Through NonSizing Optimizer
Completed static elaboration
Starting simulation data flow analysis
WARNING: [XSIM 43-4099] "D:/cd3/exp3/aggregate_4x4_to_16bit.v" Line 1. Module aggregate_4x4_to_16bit doesn't have a timescale but at least one module in design has a timescale.
WARNING: [XSIM 43-4099] "D:/cd3/exp3/aggregator_4bit.v" Line 1. Module aggregator_4bit doesn't have a timescale but at least one module in design has a timescale.
WARNING: [XSIM 43-4099] "D:/cd3/exp3/aggregator_4bit.v" Line 1. Module aggregator_4bit doesn't have a timescale but at least one module in design has a timescale.
WARNING: [XSIM 43-4099] "D:/cd3/exp3/74181.v" Line 1. Module alu_74181 doesn't have a timescale but at least one module in design has a timescale.
WARNING: [XSIM 43-4099] "D:/cd3/exp3/74181.v" Line 1. Module alu_74181 doesn't have a timescale but at least one module in design has a timescale.
WARNING: [XSIM 43-4099] "D:/cd3/exp3/74181.v" Line 1. Module alu_74181 doesn't have a timescale but at least one module in design has a timescale.
WARNING: [XSIM 43-4099] "D:/cd3/exp3/74181.v" Line 1. Module alu_74181 doesn't have a timescale but at least one module in design has a timescale.
WARNING: [XSIM 43-4099] "D:/cd3/exp3/74182.v" Line 1. Module carry_lookahead_74182 doesn't have a timescale but at least one module in design has a timescale.
WARNING: [XSIM 43-4099] "D:/cd3/exp3/exp14_source.v" Line 309. Module carry_output_splitter doesn't have a timescale but at least one module in design has a timescale.
WARNING: [XSIM 43-4099] "D:/cd3/exp3/not_gate.v" Line 1. Module not_gate doesn't have a timescale but at least one module in design has a timescale.
WARNING: [XSIM 43-4099] "D:/cd3/exp3/the_16bit_to_4x4bit.v" Line 1. Module the_16bit_to_4x4bit doesn't have a timescale but at least one module in design has a timescale.
WARNING: [XSIM 43-4099] "D:/cd3/exp3/the_16bit_to_4x4bit.v" Line 1. Module the_16bit_to_4x4bit doesn't have a timescale but at least one module in design has a timescale.
WARNING: [XSIM 43-4099] "D:/cd3/exp3/16bit_reg.v" Line 1. Module register_16bit doesn't have a timescale but at least one module in design has a timescale.
WARNING: [XSIM 43-4099] "D:/cd3/exp3/12bit_reg.v" Line 1. Module register_12bit doesn't have a timescale but at least one module in design has a timescale.
WARNING: [XSIM 43-4099] "D:/cd3/exp3/16bit_reg.v" Line 1. Module register_16bit doesn't have a timescale but at least one module in design has a timescale.
WARNING: [XSIM 43-4099] "D:/cd3/exp3/16bit_reg.v" Line 1. Module register_16bit doesn't have a timescale but at least one module in design has a timescale.
WARNING: [XSIM 43-4099] "D:/cd3/exp3/16bit_reg.v" Line 1. Module register_16bit doesn't have a timescale but at least one module in design has a timescale.
WARNING: [XSIM 43-4099] "D:/cd3/exp3/74161.v" Line 1. Module ic_74161 doesn't have a timescale but at least one module in design has a timescale.
WARNING: [XSIM 43-4099] "D:/cd3/exp3/74161.v" Line 1. Module ic_74161 doesn't have a timescale but at least one module in design has a timescale.
WARNING: [XSIM 43-4099] "D:/cd3/exp3/74161.v" Line 1. Module ic_74161 doesn't have a timescale but at least one module in design has a timescale.
WARNING: [XSIM 43-4099] "D:/cd3/exp3/exp14_source.v" Line 326. Module the_12bit_to_3x4bit doesn't have a timescale but at least one module in design has a timescale.
WARNING: [XSIM 43-4099] "D:/cd3/exp3/16bit_reg.v" Line 1. Module register_16bit doesn't have a timescale but at least one module in design has a timescale.
WARNING: [XSIM 43-4099] "D:/cd3/exp3/16bit_reg.v" Line 1. Module register_16bit doesn't have a timescale but at least one module in design has a timescale.
WARNING: [XSIM 43-4099] "D:/cd3/exp3/16bit_reg.v" Line 1. Module register_16bit doesn't have a timescale but at least one module in design has a timescale.
WARNING: [XSIM 43-4099] "D:/cd4/exp/plusv.v" Line 54. Module RTI doesn't have a timescale but at least one module in design has a timescale.
WARNING: [XSIM 43-4099] "D:/cd3/exp3/16bit_reg.v" Line 1. Module register_16bit doesn't have a timescale but at least one module in design has a timescale.
WARNING: [XSIM 43-4099] "D:/cd3/exp3/16bit_reg.v" Line 1. Module register_16bit doesn't have a timescale but at least one module in design has a timescale.
WARNING: [XSIM 43-4099] "D:/cd3/exp3/exp14_source.v" Line 1. Module adpt_in doesn't have a timescale but at least one module in design has a timescale.
WARNING: [XSIM 43-4099] "D:/cd3/exp3/aggregator_4bit.v" Line 1. Module aggregator_4bit doesn't have a timescale but at least one module in design has a timescale.
WARNING: [XSIM 43-4099] "D:/cd3/exp3/exp14_source.v" Line 76. Module and2 doesn't have a timescale but at least one module in design has a timescale.
WARNING: [XSIM 43-4099] "D:/cd3/exp3/and_gate.v" Line 1. Module and_gate doesn't have a timescale but at least one module in design has a timescale.
WARNING: [XSIM 43-4099] "D:/cd3/exp3/exp14_source.v" Line 459. Module bus_slicer_16to12 doesn't have a timescale but at least one module in design has a timescale.
WARNING: [XSIM 43-4099] "D:/cd4/exp/plusv.v" Line 83. Module control doesn't have a timescale but at least one module in design has a timescale.
WARNING: [XSIM 43-4099] "D:/cd4/exp/plusv.v" Line 1. Module mod5_timing_generator doesn't have a timescale but at least one module in design has a timescale.
WARNING: [XSIM 43-4099] "D:/cd3/exp3/exp14_source.v" Line 479. Module multiplier_8x8 doesn't have a timescale but at least one module in design has a timescale.
WARNING: [XSIM 43-4099] "D:/cd3/exp3/mix5to1.v" Line 1. Module mux_5to1_16bit doesn't have a timescale but at least one module in design has a timescale.
WARNING: [XSIM 43-4099] "D:/cd3/exp3/not_gate.v" Line 1. Module not_gate doesn't have a timescale but at least one module in design has a timescale.
WARNING: [XSIM 43-4099] "D:/cd3/exp3/not_gate.v" Line 1. Module not_gate doesn't have a timescale but at least one module in design has a timescale.
WARNING: [XSIM 43-4099] "D:/cd3/exp3/not_gate.v" Line 1. Module not_gate doesn't have a timescale but at least one module in design has a timescale.
WARNING: [XSIM 43-4099] "D:/cd3/exp3/or_gate.v" Line 1. Module or_gate doesn't have a timescale but at least one module in design has a timescale.
WARNING: [XSIM 43-4099] "D:/cd3/exp3/ram.v" Line 1. Module ram doesn't have a timescale but at least one module in design has a timescale.
WARNING: [XSIM 43-4099] "D:/cd3/exp3/exp14_source.v" Line 490. Module split_16to8 doesn't have a timescale but at least one module in design has a timescale.
WARNING: [XSIM 43-4099] "D:/cd3/exp3/exp14_source.v" Line 501. Module splitter_16bit_16outputs doesn't have a timescale but at least one module in design has a timescale.
WARNING: [XSIM 43-4099] "D:/cd3/exp3/aggregate_4x4_to_16bit.v" Line 1. Module aggregate_4x4_to_16bit doesn't have a timescale but at least one module in design has a timescale.
WARNING: [XSIM 43-4099] "D:/cd3/exp3/aggregator_4bit.v" Line 1. Module aggregator_4bit doesn't have a timescale but at least one module in design has a timescale.
WARNING: [XSIM 43-4099] "D:/cd3/exp3/aggregator_4bit.v" Line 1. Module aggregator_4bit doesn't have a timescale but at least one module in design has a timescale.
WARNING: [XSIM 43-4099] "D:/cd3/exp3/74181.v" Line 1. Module alu_74181 doesn't have a timescale but at least one module in design has a timescale.
WARNING: [XSIM 43-4099] "D:/cd3/exp3/74181.v" Line 1. Module alu_74181 doesn't have a timescale but at least one module in design has a timescale.
WARNING: [XSIM 43-4099] "D:/cd3/exp3/74181.v" Line 1. Module alu_74181 doesn't have a timescale but at least one module in design has a timescale.
WARNING: [XSIM 43-4099] "D:/cd3/exp3/74181.v" Line 1. Module alu_74181 doesn't have a timescale but at least one module in design has a timescale.
WARNING: [XSIM 43-4099] "D:/cd3/exp3/74182.v" Line 1. Module carry_lookahead_74182 doesn't have a timescale but at least one module in design has a timescale.
WARNING: [XSIM 43-4099] "D:/cd3/exp3/exp14_source.v" Line 309. Module carry_output_splitter doesn't have a timescale but at least one module in design has a timescale.
WARNING: [XSIM 43-4099] "D:/cd3/exp3/not_gate.v" Line 1. Module not_gate doesn't have a timescale but at least one module in design has a timescale.
WARNING: [XSIM 43-4099] "D:/cd3/exp3/the_16bit_to_4x4bit.v" Line 1. Module the_16bit_to_4x4bit doesn't have a timescale but at least one module in design has a timescale.
WARNING: [XSIM 43-4099] "D:/cd3/exp3/the_16bit_to_4x4bit.v" Line 1. Module the_16bit_to_4x4bit doesn't have a timescale but at least one module in design has a timescale.
WARNING: [XSIM 43-4099] "D:/cd3/exp3/16bit_reg.v" Line 1. Module register_16bit doesn't have a timescale but at least one module in design has a timescale.
WARNING: [XSIM 43-4099] "D:/cd3/exp3/12bit_reg.v" Line 1. Module register_12bit doesn't have a timescale but at least one module in design has a timescale.
WARNING: [XSIM 43-4099] "D:/cd3/exp3/16bit_reg.v" Line 1. Module register_16bit doesn't have a timescale but at least one module in design has a timescale.
WARNING: [XSIM 43-4099] "D:/cd3/exp3/16bit_reg.v" Line 1. Module register_16bit doesn't have a timescale but at least one module in design has a timescale.
WARNING: [XSIM 43-4099] "D:/cd3/exp3/16bit_reg.v" Line 1. Module register_16bit doesn't have a timescale but at least one module in design has a timescale.
WARNING: [XSIM 43-4099] "D:/cd3/exp3/74161.v" Line 1. Module ic_74161 doesn't have a timescale but at least one module in design has a timescale.
WARNING: [XSIM 43-4099] "D:/cd3/exp3/74161.v" Line 1. Module ic_74161 doesn't have a timescale but at least one module in design has a timescale.
WARNING: [XSIM 43-4099] "D:/cd3/exp3/74161.v" Line 1. Module ic_74161 doesn't have a timescale but at least one module in design has a timescale.
WARNING: [XSIM 43-4099] "D:/cd3/exp3/exp14_source.v" Line 326. Module the_12bit_to_3x4bit doesn't have a timescale but at least one module in design has a timescale.
WARNING: [XSIM 43-4099] "D:/cd3/exp3/16bit_reg.v" Line 1. Module register_16bit doesn't have a timescale but at least one module in design has a timescale.
WARNING: [XSIM 43-4099] "D:/cd3/exp3/16bit_reg.v" Line 1. Module register_16bit doesn't have a timescale but at least one module in design has a timescale.
WARNING: [XSIM 43-4099] "D:/cd3/exp3/16bit_reg.v" Line 1. Module register_16bit doesn't have a timescale but at least one module in design has a timescale.
WARNING: [XSIM 43-4099] "D:/cd4/exp/plusv.v" Line 54. Module RTI doesn't have a timescale but at least one module in design has a timescale.
WARNING: [XSIM 43-4099] "D:/cd3/exp3/16bit_reg.v" Line 1. Module register_16bit doesn't have a timescale but at least one module in design has a timescale.
WARNING: [XSIM 43-4099] "D:/cd3/exp3/16bit_reg.v" Line 1. Module register_16bit doesn't have a timescale but at least one module in design has a timescale.
WARNING: [XSIM 43-4099] "D:/cd3/exp3/exp14_source.v" Line 1. Module adpt_in doesn't have a timescale but at least one module in design has a timescale.
WARNING: [XSIM 43-4099] "D:/cd3/exp3/aggregator_4bit.v" Line 1. Module aggregator_4bit doesn't have a timescale but at least one module in design has a timescale.
WARNING: [XSIM 43-4099] "D:/cd3/exp3/exp14_source.v" Line 76. Module and2 doesn't have a timescale but at least one module in design has a timescale.
WARNING: [XSIM 43-4099] "D:/cd3/exp3/and_gate.v" Line 1. Module and_gate doesn't have a timescale but at least one module in design has a timescale.
WARNING: [XSIM 43-4099] "D:/cd3/exp3/exp14_source.v" Line 459. Module bus_slicer_16to12 doesn't have a timescale but at least one module in design has a timescale.
WARNING: [XSIM 43-4099] "D:/cd4/exp/plusv.v" Line 83. Module control doesn't have a timescale but at least one module in design has a timescale.
WARNING: [XSIM 43-4099] "D:/cd4/exp/plusv.v" Line 1. Module mod5_timing_generator doesn't have a timescale but at least one module in design has a timescale.
WARNING: [XSIM 43-4099] "D:/cd3/exp3/exp14_source.v" Line 479. Module multiplier_8x8 doesn't have a timescale but at least one module in design has a timescale.
WARNING: [XSIM 43-4099] "D:/cd3/exp3/mix5to1.v" Line 1. Module mux_5to1_16bit doesn't have a timescale but at least one module in design has a timescale.
WARNING: [XSIM 43-4099] "D:/cd3/exp3/not_gate.v" Line 1. Module not_gate doesn't have a timescale but at least one module in design has a timescale.
WARNING: [XSIM 43-4099] "D:/cd3/exp3/not_gate.v" Line 1. Module not_gate doesn't have a timescale but at least one module in design has a timescale.
WARNING: [XSIM 43-4099] "D:/cd3/exp3/not_gate.v" Line 1. Module not_gate doesn't have a timescale but at least one module in design has a timescale.
WARNING: [XSIM 43-4099] "D:/cd3/exp3/or_gate.v" Line 1. Module or_gate doesn't have a timescale but at least one module in design has a timescale.
WARNING: [XSIM 43-4099] "D:/cd3/exp3/ram.v" Line 1. Module ram doesn't have a timescale but at least one module in design has a timescale.
WARNING: [XSIM 43-4099] "D:/cd3/exp3/exp14_source.v" Line 490. Module split_16to8 doesn't have a timescale but at least one module in design has a timescale.
WARNING: [XSIM 43-4099] "D:/cd3/exp3/exp14_source.v" Line 501. Module splitter_16bit_16outputs doesn't have a timescale but at least one module in design has a timescale.
Completed simulation data flow analysis
Time Resolution for simulation is 1ps
Compiling module xil_defaultlib.aggregate_4x4_to_16bit
Compiling module xil_defaultlib.design_3_aggregate_4x4_to_16b_0_...
Compiling module xil_defaultlib.aggregator_4bit
Compiling module xil_defaultlib.design_3_aggregator_4bit_0_1
Compiling module xil_defaultlib.design_3_aggregator_4bit_1_0
Compiling module xil_defaultlib.alu_74181
Compiling module xil_defaultlib.design_3_alu_74181_0_0
Compiling module xil_defaultlib.design_3_alu_74181_1_0
Compiling module xil_defaultlib.design_3_alu_74181_2_0
Compiling module xil_defaultlib.design_3_alu_74181_3_0
Compiling module xil_defaultlib.carry_lookahead_74182
Compiling module xil_defaultlib.design_3_carry_lookahead_74182_0...
Compiling module xil_defaultlib.carry_output_splitter
Compiling module xil_defaultlib.design_3_carry_output_splitter_0...
Compiling module xil_defaultlib.not_gate
Compiling module xil_defaultlib.design_3_not_gate_1_0
Compiling module xil_defaultlib.the_16bit_to_4x4bit
Compiling module xil_defaultlib.design_3_the_16bit_to_4x4bit_0_1
Compiling module xil_defaultlib.design_3_the_16bit_to_4x4bit_2_0
Compiling module xil_defaultlib.ALU_imp_JZDUAB
Compiling module xil_defaultlib.register_16bit
Compiling module xil_defaultlib.design_3_register_16bit_0_1
Compiling module xil_defaultlib.register_12bit
Compiling module xil_defaultlib.design_3_register_12bit_0_0
Compiling module xil_defaultlib.design_3_register_16bit_3_1
Compiling module xil_defaultlib.design_3_MDR_0
Compiling module xil_defaultlib.design_3_R0_0
Compiling module xil_defaultlib.ic_74161
Compiling module xil_defaultlib.design_3_ic_74161_0_0
Compiling module xil_defaultlib.design_3_ic_74161_1_0
Compiling module xil_defaultlib.design_3_ic_74161_2_0
Compiling module xil_defaultlib.the_12bit_to_3x4bit
Compiling module xil_defaultlib.design_3_the_12bit_to_3x4bit_0_1
Compiling module xlconcat_v2_1_6.xlconcat_v2_1_6_xlconcat(IN0_WID...
Compiling module xil_defaultlib.design_3_xlconcat_0_0
Compiling module xil_defaultlib.PC_imp_1MALNP6
Compiling module xil_defaultlib.design_3_register_16bit_0_0
Compiling module xil_defaultlib.design_3_register_16bit_1_0
Compiling module xil_defaultlib.design_3_register_16bit_2_0
Compiling module xil_defaultlib.RTI
Compiling module xil_defaultlib.design_3_RTI_0_0
Compiling module xil_defaultlib.design_3_register_16bit_3_0
Compiling module xil_defaultlib.design_3_register_16bit_4_0
Compiling module xil_defaultlib.adpt_in
Compiling module xil_defaultlib.design_3_adpt_in_0_0
Compiling module xil_defaultlib.design_3_aggregator_4bit_0_2
Compiling module xil_defaultlib.and2
Compiling module xil_defaultlib.design_3_and2_0_0
Compiling module xil_defaultlib.and_gate
Compiling module xil_defaultlib.design_3_and_gate_0_0
Compiling module xil_defaultlib.bus_slicer_16to12
Compiling module xil_defaultlib.design_3_bus_slicer_16to12_0_0
Compiling module xil_defaultlib.control
Compiling module xil_defaultlib.design_3_control_0_0
Compiling module xil_defaultlib.mod5_timing_generator
Compiling module xil_defaultlib.design_3_mod5_timing_generator_0...
Compiling module xil_defaultlib.multiplier_8x8
Compiling module xil_defaultlib.design_3_multiplier_8x8_0_0
Compiling module xil_defaultlib.mux_5to1_16bit
Compiling module xil_defaultlib.design_3_mux_5to1_16bit_0_0
Compiling module xil_defaultlib.design_3_not_gate_0_0
Compiling module xil_defaultlib.design_3_not_gate_1_1
Compiling module xil_defaultlib.design_3_not_gate_2_0
Compiling module xil_defaultlib.or_gate
Compiling module xil_defaultlib.design_3_or_gate_0_0
Compiling module xil_defaultlib.ram
Compiling module xil_defaultlib.design_3_ram_0_0
Compiling module xil_defaultlib.split_16to8
Compiling module xil_defaultlib.design_3_split_16to8_0_0
Compiling module xil_defaultlib.splitter_16bit_16outputs
Compiling module xil_defaultlib.design_3_splitter_16bit_16out_0_...
Compiling module xlconstant_v1_1_9.xlconstant_v1_1_9_xlconstant(CON...
Compiling module xil_defaultlib.design_3_xlconstant_0_1
Compiling module xil_defaultlib.design_3
Compiling module xil_defaultlib.design_3_wrapper
Compiling module xil_defaultlib.complete_monitor_test
Compiling module xil_defaultlib.glbl
Built simulation snapshot complete_monitor_test_behav
run_program: Time (s): cpu = 00:00:01 ; elapsed = 00:00:20 . Memory (MB): peak = 3369.352 ; gain = 0.000
INFO: [USF-XSim-69] 'elaborate' step finished in '20' seconds
INFO: [USF-XSim-4] XSim::Simulate design
INFO: [USF-XSim-61] Executing 'SIMULATE' step in 'D:/cd4/project_4/project_4.sim/sim_2/behav/xsim'
INFO: [USF-XSim-98] *** Running xsim
   with args "complete_monitor_test_behav -key {Behavioral:sim_2:Functional:complete_monitor_test} -tclbatch {complete_monitor_test.tcl} -protoinst "protoinst_files/design_3.protoinst" -log {simulate.log}"
INFO: [USF-XSim-8] Loading simulator feature
INFO: [Wavedata 42-565] Reading protoinst file protoinst_files/design_3.protoinst
Time resolution is 1 ps
source complete_monitor_test.tcl
# set curr_wave [current_wave_config]
# if { [string length $curr_wave] == 0 } {
#   if { [llength [get_objects]] > 0} {
#     add_wave /
#     set_property needs_save false [current_wave_config]
#   } else {
#      send_msg_id Add_Wave-1 WARNING "No top level signals found. Simulator will start without a wave window. If you want to open a wave window go to 'File->New Waveform Configuration' or type 'create_wave_config' in the TCL console."
#   }
# }
# run 1000ns
============== 完整监控测试 ==============
仿真时间: 20000 ns, 时钟周期: 10 ns
时间(ns)	复位	uPC		Crom		Bus		MAR
----------------------------------------------------------------
10000		0	0xzzz	0xzzzzzz	0x0000	0x000
100000		1	0xzzz	0xzzzzzz	0x0000	0x000 <- 复位释放
105000		1	0xzzz	0xzzzzzz	0x0000	0x000
205000		1	0xzzz	0xzzzzzz	0x0000	0x002
305000		1	0xzzz	0xzzzzzz	0x0000	0x004
405000		1	0xzzz	0xzzzzzz	0x0000	0x005
505000		1	0xzzz	0xzzzzzz	0x0000	0x007
605000		1	0xzzz	0xzzzzzz	0x0000	0x008
705000		1	0xzzz	0xzzzzzz	0x0000	0x009
805000		1	0xzzz	0xzzzzzz	0x0000	0x00a
905000		1	0xzzz	0xzzzzzz	0x0000	0x00b
INFO: [USF-XSim-96] XSim completed. Design snapshot 'complete_monitor_test_behav' loaded.
INFO: [USF-XSim-97] XSim simulation ran for 1000ns
launch_simulation: Time (s): cpu = 00:00:05 ; elapsed = 00:00:33 . Memory (MB): peak = 3369.352 ; gain = 0.000
WARNING: [filemgmt 56-199] Attempt to get parsing info during refresh. "On-the-fly" syntax checking information may be incorrect. [D:\cd3\exp3\simple_core_test.v:]
WARNING: [filemgmt 56-199] Attempt to get parsing info during refresh. "On-the-fly" syntax checking information may be incorrect. [D:\cd3\exp3\exp14_source.v:]
WARNING: [filemgmt 56-199] Attempt to get parsing info during refresh. "On-the-fly" syntax checking information may be incorrect. [D:\cd4\exp\plusv.v:]
WARNING: [filemgmt 56-199] Attempt to get parsing info during refresh. "On-the-fly" syntax checking information may be incorrect. [D:\cd3\exp3\exp14_source.v:]
WARNING: [filemgmt 56-199] Attempt to get parsing info during refresh. "On-the-fly" syntax checking information may be incorrect. [D:\cd3\exp3\exp14_source.v:]
WARNING: [filemgmt 56-199] Attempt to get parsing info during refresh. "On-the-fly" syntax checking information may be incorrect. [D:\cd3\exp3\simple_core_test.v:]
WARNING: [filemgmt 56-199] Attempt to get parsing info during refresh. "On-the-fly" syntax checking information may be incorrect. [D:\cd3\exp3\exp14_source.v:]
run all
1005000		1	0xzzz	0xzzzzzz	0x0000	0x00c
1105000		1	0xzzz	0xzzzzzz	0x0000	0x00d
1205000		1	0xzzz	0xzzzzzz	0x0000	0x00e
1305000		1	0xzzz	0xzzzzzz	0x0000	0x00f
1405000		1	0xzzz	0xzzzzzz	0x0000	0x020
1505000		1	0xzzz	0xzzzzzz	0x0000	0x021
1605000		1	0xzzz	0xzzzzzz	0x0000	0x022
1705000		1	0xzzz	0xzzzzzz	0x55aa	0x001
1805000		1	0xzzz	0xzzzzzz	0x00a0	0x0a0
1905000		1	0xzzz	0xzzzzzz	0x66bb	0x004
2005000		1	0xzzz	0xzzzzzz	0x00fa	0x006
2105000		1	0xzzz	0xzzzzzz	0x0000	0x0fa
2205000		1	0xzzz	0xzzzzzz	0x120b	0x008
2305000		1	0xzzz	0xzzzzzz	0xab50	0x009
2405000		1	0xzzz	0xzzzzzz	0x0000	0x0fa
2505000		1	0xzzz	0xzzzzzz	0x0000	0x00b
2605000		1	0xzzz	0xzzzzzz	0x0000	0x00c
2705000		1	0xzzz	0xzzzzzz	0x0000	0x00d
2805000		1	0xzzz	0xzzzzzz	0x3571	0x00e
2905000		1	0xzzz	0xzzzzzz	0x0020	0x010
3005000		1	0xzzz	0xzzzzzz	0x0000	0x020
3105000		1	0xzzz	0xzzzzzz	0x0000	0x021
3205000		1	0xzzz	0xzzzzzz	0x0000	0x000
3305000		1	0xzzz	0xzzzzzz	0x0000	0x002
3405000		1	0xzzz	0xzzzzzz	0x0000	0x004
3505000		1	0xzzz	0xzzzzzz	0x0000	0x005
3605000		1	0xzzz	0xzzzzzz	0x0000	0x007
3705000		1	0xzzz	0xzzzzzz	0x0000	0x008
3805000		1	0xzzz	0xzzzzzz	0x0000	0x009
3905000		1	0xzzz	0xzzzzzz	0x0000	0x00a
4005000		1	0xzzz	0xzzzzzz	0x0000	0x00b
4105000		1	0xzzz	0xzzzzzz	0x0000	0x00c
4205000		1	0xzzz	0xzzzzzz	0x0000	0x00d
4305000		1	0xzzz	0xzzzzzz	0x0000	0x00e
4405000		1	0xzzz	0xzzzzzz	0x0000	0x00f
4505000		1	0xzzz	0xzzzzzz	0x0000	0x020
4605000		1	0xzzz	0xzzzzzz	0x0000	0x021
4705000		1	0xzzz	0xzzzzzz	0x0000	0x022
4805000		1	0xzzz	0xzzzzzz	0x0000	0x001
4905000		1	0xzzz	0xzzzzzz	0x1111	0x0a0
5005000		1	0xzzz	0xzzzzzz	0x0000	0x004
5105000		1	0xzzz	0xzzzzzz	0x0000	0x006
5205000		1	0xzzz	0xzzzzzz	0x0000	0x0fa
5305000		1	0xzzz	0xzzzzzz	0x0000	0x008
5405000		1	0xzzz	0xzzzzzz	0x0000	0x009
5505000		1	0xzzz	0xzzzzzz	0x0000	0x0fa
5605000		1	0xzzz	0xzzzzzz	0x0000	0x00b
5705000		1	0xzzz	0xzzzzzz	0x0000	0x00c
5805000		1	0xzzz	0xzzzzzz	0x0000	0x00d
5905000		1	0xzzz	0xzzzzzz	0x0000	0x00e
6005000		1	0xzzz	0xzzzzzz	0x0000	0x010
6105000		1	0xzzz	0xzzzzzz	0x0000	0x020
6205000		1	0xzzz	0xzzzzzz	0x0000	0x021
6305000		1	0xzzz	0xzzzzzz	0x0001	0x001
6405000		1	0xzzz	0xzzzzzz	0x0003	0x003
6505000		1	0xzzz	0xzzzzzz	0x55aa	0x004
6605000		1	0xzzz	0xzzzzzz	0x0006	0x006
6705000		1	0xzzz	0xzzzzzz	0x00fa	0x0fa
6805000		1	0xzzz	0xzzzzzz	0x1111	0x008
6905000		1	0xzzz	0xzzzzzz	0x66bb	0x009
7005000		1	0xzzz	0xzzzzzz	0x00fa	0x0fa
7105000		1	0xzzz	0xzzzzzz	0xab50	0x00b
7205000		1	0xzzz	0xzzzzzz	0x0000	0x00c
7305000		1	0xzzz	0xzzzzzz	0xab50	0x00d
7405000		1	0xzzz	0xzzzzzz	0x0000	0x00e
7505000		1	0xzzz	0xzzzzzz	0x0010	0x010
7605000		1	0xzzz	0xzzzzzz	0x0000	0x020
7705000		1	0xzzz	0xzzzzzz	0x3571	0x021
7805000		1	0xzzz	0xzzzzzz	0x0000	0x000
7905000		1	0xzzz	0xzzzzzz	0x0000	0x002
8005000		1	0xzzz	0xzzzzzz	0x0000	0x004
8105000		1	0xzzz	0xzzzzzz	0x0000	0x005
8205000		1	0xzzz	0xzzzzzz	0x0000	0x007
8305000		1	0xzzz	0xzzzzzz	0x0000	0x008
8405000		1	0xzzz	0xzzzzzz	0x0000	0x009
8505000		1	0xzzz	0xzzzzzz	0x0000	0x00a
8605000		1	0xzzz	0xzzzzzz	0x0000	0x00b
8705000		1	0xzzz	0xzzzzzz	0x0000	0x00c
8805000		1	0xzzz	0xzzzzzz	0x0000	0x00d
8905000		1	0xzzz	0xzzzzzz	0x0000	0x00e
9005000		1	0xzzz	0xzzzzzz	0x0000	0x00f
9105000		1	0xzzz	0xzzzzzz	0x0000	0x020
9205000		1	0xzzz	0xzzzzzz	0x0000	0x021
9305000		1	0xzzz	0xzzzzzz	0x0000	0x022
9405000		1	0xzzz	0xzzzzzz	0x55aa	0x001
9505000		1	0xzzz	0xzzzzzz	0x00a0	0x0a0
9605000		1	0xzzz	0xzzzzzz	0x66bb	0x004
9705000		1	0xzzz	0xzzzzzz	0x00fa	0x006
9805000		1	0xzzz	0xzzzzzz	0x0000	0x0fa
9905000		1	0xzzz	0xzzzzzz	0x120b	0x008
10005000		1	0xzzz	0xzzzzzz	0xab50	0x009
10105000		1	0xzzz	0xzzzzzz	0x0000	0x0fa
10205000		1	0xzzz	0xzzzzzz	0x0000	0x00b
10305000		1	0xzzz	0xzzzzzz	0x0000	0x00c
10405000		1	0xzzz	0xzzzzzz	0x0000	0x00d
10505000		1	0xzzz	0xzzzzzz	0x3571	0x00e
10605000		1	0xzzz	0xzzzzzz	0x0020	0x010
10705000		1	0xzzz	0xzzzzzz	0x0000	0x020
10805000		1	0xzzz	0xzzzzzz	0x0000	0x021
10905000		1	0xzzz	0xzzzzzz	0x0000	0x000
11005000		1	0xzzz	0xzzzzzz	0x0000	0x002
11105000		1	0xzzz	0xzzzzzz	0x0000	0x004
11205000		1	0xzzz	0xzzzzzz	0x0000	0x005
11305000		1	0xzzz	0xzzzzzz	0x0000	0x007
11405000		1	0xzzz	0xzzzzzz	0x0000	0x008
11505000		1	0xzzz	0xzzzzzz	0x0000	0x009
11605000		1	0xzzz	0xzzzzzz	0x0000	0x00a
11705000		1	0xzzz	0xzzzzzz	0x0000	0x00b
11805000		1	0xzzz	0xzzzzzz	0x0000	0x00c
11905000		1	0xzzz	0xzzzzzz	0x0000	0x00d
12005000		1	0xzzz	0xzzzzzz	0x0000	0x00e
12105000		1	0xzzz	0xzzzzzz	0x0000	0x00f
12205000		1	0xzzz	0xzzzzzz	0x0000	0x020
12305000		1	0xzzz	0xzzzzzz	0x0000	0x021
12405000		1	0xzzz	0xzzzzzz	0x0000	0x022
12505000		1	0xzzz	0xzzzzzz	0x0000	0x001
12605000		1	0xzzz	0xzzzzzz	0x1111	0x0a0
12705000		1	0xzzz	0xzzzzzz	0x0000	0x004
12805000		1	0xzzz	0xzzzzzz	0x0000	0x006
12905000		1	0xzzz	0xzzzzzz	0x0000	0x0fa
13005000		1	0xzzz	0xzzzzzz	0x0000	0x008
13105000		1	0xzzz	0xzzzzzz	0x0000	0x009
13205000		1	0xzzz	0xzzzzzz	0x0000	0x0fa
13305000		1	0xzzz	0xzzzzzz	0x0000	0x00b
13405000		1	0xzzz	0xzzzzzz	0x0000	0x00c
13505000		1	0xzzz	0xzzzzzz	0x0000	0x00d
13605000		1	0xzzz	0xzzzzzz	0x0000	0x00e
13705000		1	0xzzz	0xzzzzzz	0x0000	0x010
13805000		1	0xzzz	0xzzzzzz	0x0000	0x020
13905000		1	0xzzz	0xzzzzzz	0x0000	0x021
14005000		1	0xzzz	0xzzzzzz	0x0001	0x001
14105000		1	0xzzz	0xzzzzzz	0x0003	0x003
14205000		1	0xzzz	0xzzzzzz	0x55aa	0x004
14305000		1	0xzzz	0xzzzzzz	0x0006	0x006
14405000		1	0xzzz	0xzzzzzz	0x00fa	0x0fa
14505000		1	0xzzz	0xzzzzzz	0x1111	0x008
14605000		1	0xzzz	0xzzzzzz	0x66bb	0x009
14705000		1	0xzzz	0xzzzzzz	0x00fa	0x0fa
14805000		1	0xzzz	0xzzzzzz	0xab50	0x00b
14905000		1	0xzzz	0xzzzzzz	0x0000	0x00c
15005000		1	0xzzz	0xzzzzzz	0xab50	0x00d
15105000		1	0xzzz	0xzzzzzz	0x0000	0x00e
15205000		1	0xzzz	0xzzzzzz	0x0010	0x010
15305000		1	0xzzz	0xzzzzzz	0x0000	0x020
15405000		1	0xzzz	0xzzzzzz	0x3571	0x021
15505000		1	0xzzz	0xzzzzzz	0x0000	0x000
15605000		1	0xzzz	0xzzzzzz	0x0000	0x002
15705000		1	0xzzz	0xzzzzzz	0x0000	0x004
15805000		1	0xzzz	0xzzzzzz	0x0000	0x005
15905000		1	0xzzz	0xzzzzzz	0x0000	0x007
16005000		1	0xzzz	0xzzzzzz	0x0000	0x008
16105000		1	0xzzz	0xzzzzzz	0x0000	0x009
16205000		1	0xzzz	0xzzzzzz	0x0000	0x00a
16305000		1	0xzzz	0xzzzzzz	0x0000	0x00b
16405000		1	0xzzz	0xzzzzzz	0x0000	0x00c
16505000		1	0xzzz	0xzzzzzz	0x0000	0x00d
16605000		1	0xzzz	0xzzzzzz	0x0000	0x00e
16705000		1	0xzzz	0xzzzzzz	0x0000	0x00f
16805000		1	0xzzz	0xzzzzzz	0x0000	0x020
16905000		1	0xzzz	0xzzzzzz	0x0000	0x021
17005000		1	0xzzz	0xzzzzzz	0x0000	0x022
17105000		1	0xzzz	0xzzzzzz	0x55aa	0x001
17205000		1	0xzzz	0xzzzzzz	0x00a0	0x0a0
17305000		1	0xzzz	0xzzzzzz	0x66bb	0x004
17405000		1	0xzzz	0xzzzzzz	0x00fa	0x006
17505000		1	0xzzz	0xzzzzzz	0x0000	0x0fa
17605000		1	0xzzz	0xzzzzzz	0x120b	0x008
17705000		1	0xzzz	0xzzzzzz	0xab50	0x009
17805000		1	0xzzz	0xzzzzzz	0x0000	0x0fa
17905000		1	0xzzz	0xzzzzzz	0x0000	0x00b
18005000		1	0xzzz	0xzzzzzz	0x0000	0x00c
18105000		1	0xzzz	0xzzzzzz	0x0000	0x00d
18205000		1	0xzzz	0xzzzzzz	0x3571	0x00e
18305000		1	0xzzz	0xzzzzzz	0x0020	0x010
18405000		1	0xzzz	0xzzzzzz	0x0000	0x020
18505000		1	0xzzz	0xzzzzzz	0x0000	0x021
18605000		1	0xzzz	0xzzzzzz	0x0000	0x000
18705000		1	0xzzz	0xzzzzzz	0x0000	0x002
18805000		1	0xzzz	0xzzzzzz	0x0000	0x004
18905000		1	0xzzz	0xzzzzzz	0x0000	0x005
19005000		1	0xzzz	0xzzzzzz	0x0000	0x007
19105000		1	0xzzz	0xzzzzzz	0x0000	0x008
19205000		1	0xzzz	0xzzzzzz	0x0000	0x009
19305000		1	0xzzz	0xzzzzzz	0x0000	0x00a
19405000		1	0xzzz	0xzzzzzz	0x0000	0x00b
19505000		1	0xzzz	0xzzzzzz	0x0000	0x00c
19605000		1	0xzzz	0xzzzzzz	0x0000	0x00d
19705000		1	0xzzz	0xzzzzzz	0x0000	0x00e
19805000		1	0xzzz	0xzzzzzz	0x0000	0x00f
19905000		1	0xzzz	0xzzzzzz	0x0000	0x020
============== 测试完成，总仿真时间 20000 ns ==============
$finish called at time : 20 us : File "D:/cd3/exp3/simple_core_test.v" Line 98
close_sim
INFO: [Simtcl 6-16] Simulation closed
exit
INFO: [Common 17-206] Exiting Vivado at Wed Nov 26 22:43:23 2025...
