Copyright 1986-2022 Xilinx, Inc. All Rights Reserved. Copyright 2022-2024 Advanced Micro Devices, Inc. All Rights Reserved.
---------------------------------------------------------------------------------------------------------------------------------------------------------------------------------------------------------------------------------------------
| Tool Version : Vivado v.2024.2 (win64) Build 5239630 Fri Nov 08 22:35:27 MST 2024
| Date         : Fri Oct 10 11:21:29 2025
| Host         : jyx running 64-bit major release  (build 9200)
| Command      : report_timing_summary -max_paths 10 -report_unconstrained -file design_2_wrapper_timing_summary_routed.rpt -pb design_2_wrapper_timing_summary_routed.pb -rpx design_2_wrapper_timing_summary_routed.rpx -warn_on_violation
| Design       : design_2_wrapper
| Device       : 7z020-clg400
| Speed File   : -1  PRODUCTION 1.12 2019-11-22
| Design State : Routed
---------------------------------------------------------------------------------------------------------------------------------------------------------------------------------------------------------------------------------------------

Timing Summary Report

------------------------------------------------------------------------------------------------
| Timer Settings
| --------------
------------------------------------------------------------------------------------------------

  Enable Multi Corner Analysis               :  Yes
  Enable Pessimism Removal                   :  Yes
  Pessimism Removal Resolution               :  Nearest Common Node
  Enable Input Delay Default Clock           :  No
  Enable Preset / Clear Arcs                 :  No
  Disable Flight Delays                      :  No
  Ignore I/O Paths                           :  No
  Timing Early Launch at Borrowing Latches   :  No
  Borrow Time for Max Delay Exceptions       :  Yes
  Merge Timing Exceptions                    :  Yes
  Inter-SLR Compensation                     :  Conservative

  Corner  Analyze    Analyze    
  Name    Max Paths  Min Paths  
  ------  ---------  ---------  
  Slow    Yes        Yes        
  Fast    Yes        Yes        


------------------------------------------------------------------------------------------------
| Report Methodology
| ------------------
------------------------------------------------------------------------------------------------

Rule     Severity  Description                   Violations  
-------  --------  ----------------------------  ----------  
LUTAR-1  Warning   LUT drives async reset alert  3           

Note: This report is based on the most recent report_methodology run and may not be up-to-date. Run report_methodology on the current design for the latest report.



check_timing report

Table of Contents
-----------------
1. checking no_clock (0)
2. checking constant_clock (0)
3. checking pulse_width_clock (0)
4. checking unconstrained_internal_endpoints (0)
5. checking no_input_delay (0)
6. checking no_output_delay (0)
7. checking multiple_clock (0)
8. checking generated_clocks (0)
9. checking loops (0)
10. checking partial_input_delay (0)
11. checking partial_output_delay (0)
12. checking latch_loops (0)

1. checking no_clock (0)
------------------------
 There are 0 register/latch pins with no clock.


2. checking constant_clock (0)
------------------------------
 There are 0 register/latch pins with constant_clock.


3. checking pulse_width_clock (0)
---------------------------------
 There are 0 register/latch pins which need pulse_width check


4. checking unconstrained_internal_endpoints (0)
------------------------------------------------
 There are 0 pins that are not constrained for maximum delay.

 There are 0 pins that are not constrained for maximum delay due to constant clock.


5. checking no_input_delay (0)
------------------------------
 There are 0 input ports with no input delay specified.

 There are 0 input ports with no input delay but user has a false path constraint.


6. checking no_output_delay (0)
-------------------------------
 There are 0 ports with no output delay specified.

 There are 0 ports with no output delay but user has a false path constraint

 There are 0 ports with no output delay but with a timing clock defined on it or propagating through it


7. checking multiple_clock (0)
------------------------------
 There are 0 register/latch pins with multiple clocks.


8. checking generated_clocks (0)
--------------------------------
 There are 0 generated clocks that are not connected to a clock source.


9. checking loops (0)
---------------------
 There are 0 combinational loops in the design.


10. checking partial_input_delay (0)
------------------------------------
 There are 0 input ports with partial input delay specified.


11. checking partial_output_delay (0)
-------------------------------------
 There are 0 ports with partial output delay specified.


12. checking latch_loops (0)
----------------------------
 There are 0 combinational latch loops in the design through latch input



------------------------------------------------------------------------------------------------
| Design Timing Summary
| ---------------------
------------------------------------------------------------------------------------------------

    WNS(ns)      TNS(ns)  TNS Failing Endpoints  TNS Total Endpoints      WHS(ns)      THS(ns)  THS Failing Endpoints  THS Total Endpoints     WPWS(ns)     TPWS(ns)  TPWS Failing Endpoints  TPWS Total Endpoints  
    -------      -------  ---------------------  -------------------      -------      -------  ---------------------  -------------------     --------     --------  ----------------------  --------------------  
      2.590        0.000                      0                15874        0.030        0.000                      0                15874        3.750        0.000                       0                  6934  


All user specified timing constraints are met.


------------------------------------------------------------------------------------------------
| Clock Summary
| -------------
------------------------------------------------------------------------------------------------

Clock       Waveform(ns)       Period(ns)      Frequency(MHz)
-----       ------------       ----------      --------------
clk_fpga_0  {0.000 5.000}      10.000          100.000         


------------------------------------------------------------------------------------------------
| Intra Clock Table
| -----------------
------------------------------------------------------------------------------------------------

Clock             WNS(ns)      TNS(ns)  TNS Failing Endpoints  TNS Total Endpoints      WHS(ns)      THS(ns)  THS Failing Endpoints  THS Total Endpoints     WPWS(ns)     TPWS(ns)  TPWS Failing Endpoints  TPWS Total Endpoints  
-----             -------      -------  ---------------------  -------------------      -------      -------  ---------------------  -------------------     --------     --------  ----------------------  --------------------  
clk_fpga_0          2.590        0.000                      0                15778        0.030        0.000                      0                15778        3.750        0.000                       0                  6934  


------------------------------------------------------------------------------------------------
| Inter Clock Table
| -----------------
------------------------------------------------------------------------------------------------

From Clock    To Clock          WNS(ns)      TNS(ns)  TNS Failing Endpoints  TNS Total Endpoints      WHS(ns)      THS(ns)  THS Failing Endpoints  THS Total Endpoints  
----------    --------          -------      -------  ---------------------  -------------------      -------      -------  ---------------------  -------------------  


------------------------------------------------------------------------------------------------
| Other Path Groups Table
| -----------------------
------------------------------------------------------------------------------------------------

Path Group         From Clock         To Clock               WNS(ns)      TNS(ns)  TNS Failing Endpoints  TNS Total Endpoints      WHS(ns)      THS(ns)  THS Failing Endpoints  THS Total Endpoints  
----------         ----------         --------               -------      -------  ---------------------  -------------------      -------      -------  ---------------------  -------------------  
**async_default**  clk_fpga_0         clk_fpga_0               6.523        0.000                      0                   96        0.652        0.000                      0                   96  


------------------------------------------------------------------------------------------------
| User Ignored Path Table
| -----------------------
------------------------------------------------------------------------------------------------

Path Group    From Clock    To Clock    
----------    ----------    --------    
(none)                      clk_fpga_0    
(none)        clk_fpga_0    clk_fpga_0    


------------------------------------------------------------------------------------------------
| Unconstrained Path Table
| ------------------------
------------------------------------------------------------------------------------------------

Path Group    From Clock    To Clock    
----------    ----------    --------    


------------------------------------------------------------------------------------------------
| Timing Details
| --------------
------------------------------------------------------------------------------------------------


---------------------------------------------------------------------------------------------------
From Clock:  clk_fpga_0
  To Clock:  clk_fpga_0

Setup :            0  Failing Endpoints,  Worst Slack        2.590ns,  Total Violation        0.000ns
Hold  :            0  Failing Endpoints,  Worst Slack        0.030ns,  Total Violation        0.000ns
PW    :            0  Failing Endpoints,  Worst Slack        3.750ns,  Total Violation        0.000ns
---------------------------------------------------------------------------------------------------


Max Delay Paths
--------------------------------------------------------------------------------------
Slack (MET) :             2.590ns  (required time - arrival time)
  Source:                 design_2_i/cg_fpga_0/inst/axi_mem_intercon/xbar/inst/gen_samd.crossbar_samd/gen_master_slots[0].gen_mi_write.wdata_mux_w/gen_wmux.wmux_aw_fifo/storage_data1_reg[0]/C
                            (rising edge-triggered cell FDRE clocked by clk_fpga_0  {rise@0.000ns fall@5.000ns period=10.000ns})
  Destination:            design_2_i/cg_fpga_0/inst/axi_mem_intercon/xbar/inst/gen_samd.crossbar_samd/gen_slave_slots[1].gen_si_write.wdata_router_w/wrouter_aw_fifo/FSM_onehot_state_reg[0]/CE
                            (rising edge-triggered cell FDRE clocked by clk_fpga_0  {rise@0.000ns fall@5.000ns period=10.000ns})
  Path Group:             clk_fpga_0
  Path Type:              Setup (Max at Slow Process Corner)
  Requirement:            10.000ns  (clk_fpga_0 rise@10.000ns - clk_fpga_0 rise@0.000ns)
  Data Path Delay:        6.989ns  (logic 1.528ns (21.862%)  route 5.461ns (78.138%))
  Logic Levels:           5  (LUT3=1 LUT4=1 LUT5=2 LUT6=1)
  Clock Path Skew:        -0.062ns (DCD - SCD + CPR)
    Destination Clock Delay (DCD):    2.758ns = ( 12.759 - 10.000 ) 
    Source Clock Delay      (SCD):    3.050ns
    Clock Pessimism Removal (CPR):    0.230ns
  Clock Uncertainty:      0.154ns  ((TSJ^2 + TIJ^2)^1/2 + DJ) / 2 + PE
    Total System Jitter     (TSJ):    0.071ns
    Total Input Jitter      (TIJ):    0.300ns
    Discrete Jitter          (DJ):    0.000ns
    Phase Error              (PE):    0.000ns

    Location             Delay type                Incr(ns)  Path(ns)    Netlist Resource(s)
  -------------------------------------------------------------------    -------------------
                         (clock clk_fpga_0 rise edge)
                                                      0.000     0.000 r  
    PS7_X0Y0             PS7                          0.000     0.000 r  design_2_i/cg_fpga_0/inst/processing_system7_0/inst/PS7_i/FCLKCLK[0]
                         net (fo=1, routed)           1.193     1.193    design_2_i/cg_fpga_0/inst/processing_system7_0/inst/FCLK_CLK_unbuffered[0]
    BUFGCTRL_X0Y16       BUFG (Prop_bufg_I_O)         0.101     1.294 r  design_2_i/cg_fpga_0/inst/processing_system7_0/inst/buffer_fclk_clk_0.FCLK_CLK_0_BUFG/O
                         net (fo=6935, routed)        1.756     3.050    design_2_i/cg_fpga_0/inst/axi_mem_intercon/xbar/inst/gen_samd.crossbar_samd/gen_master_slots[0].gen_mi_write.wdata_mux_w/gen_wmux.wmux_aw_fifo/aclk
    SLICE_X19Y46         FDRE                                         r  design_2_i/cg_fpga_0/inst/axi_mem_intercon/xbar/inst/gen_samd.crossbar_samd/gen_master_slots[0].gen_mi_write.wdata_mux_w/gen_wmux.wmux_aw_fifo/storage_data1_reg[0]/C
  -------------------------------------------------------------------    -------------------
    SLICE_X19Y46         FDRE (Prop_fdre_C_Q)         0.456     3.506 r  design_2_i/cg_fpga_0/inst/axi_mem_intercon/xbar/inst/gen_samd.crossbar_samd/gen_master_slots[0].gen_mi_write.wdata_mux_w/gen_wmux.wmux_aw_fifo/storage_data1_reg[0]/Q
                         net (fo=77, routed)          1.015     4.521    design_2_i/cg_fpga_0/inst/axi_mem_intercon/xbar/inst/gen_samd.crossbar_samd/gen_master_slots[0].gen_mi_write.wdata_mux_w/gen_wmux.wmux_aw_fifo/gen_srls[0].gen_rep[0].srl_nx1/gen_primitive_shifter.gen_srls[0].srl_inst_0
    SLICE_X18Y44         LUT5 (Prop_lut5_I0_O)        0.124     4.645 r  design_2_i/cg_fpga_0/inst/axi_mem_intercon/xbar/inst/gen_samd.crossbar_samd/gen_master_slots[0].gen_mi_write.wdata_mux_w/gen_wmux.wmux_aw_fifo/gen_srls[0].gen_rep[0].srl_nx1/m_axi_wvalid[0]_INST_0/O
                         net (fo=5, routed)           1.097     5.741    design_2_i/cg_fpga_0/inst/axi_mem_intercon/m00_couplers/auto_pc/inst/gen_axi4_axi3.axi3_conv_inst/USE_WRITE.write_addr_inst/USE_BURSTS.cmd_queue/inst/s_axi_wvalid
    SLICE_X27Y55         LUT3 (Prop_lut3_I2_O)        0.118     5.859 r  design_2_i/cg_fpga_0/inst/axi_mem_intercon/m00_couplers/auto_pc/inst/gen_axi4_axi3.axi3_conv_inst/USE_WRITE.write_addr_inst/USE_BURSTS.cmd_queue/inst/s_axi_wready_INST_0/O
                         net (fo=12, routed)          1.274     7.133    design_2_i/cg_fpga_0/inst/axi_mem_intercon/xbar/inst/gen_samd.crossbar_samd/gen_master_slots[0].gen_mi_write.wdata_mux_w/gen_wmux.wmux_aw_fifo/m_axi_wready[0]
    SLICE_X18Y47         LUT4 (Prop_lut4_I2_O)        0.351     7.484 r  design_2_i/cg_fpga_0/inst/axi_mem_intercon/xbar/inst/gen_samd.crossbar_samd/gen_master_slots[0].gen_mi_write.wdata_mux_w/gen_wmux.wmux_aw_fifo/s_axi_wready[1]_INST_0_i_1/O
                         net (fo=7, routed)           0.857     8.340    design_2_i/cg_fpga_0/inst/axi_mem_intercon/xbar/inst/gen_samd.crossbar_samd/gen_slave_slots[1].gen_si_write.wdata_router_w/wrouter_aw_fifo/gen_primitive_shifter.gen_srls[0].srl_inst_1
    SLICE_X20Y44         LUT5 (Prop_lut5_I3_O)        0.355     8.695 r  design_2_i/cg_fpga_0/inst/axi_mem_intercon/xbar/inst/gen_samd.crossbar_samd/gen_slave_slots[1].gen_si_write.wdata_router_w/wrouter_aw_fifo/FSM_onehot_state[2]_i_4/O
                         net (fo=5, routed)           0.597     9.293    design_2_i/cg_fpga_0/inst/axi_mem_intercon/xbar/inst/gen_samd.crossbar_samd/gen_slave_slots[1].gen_si_write.wdata_router_w/wrouter_aw_fifo/sig_last_reg_out_reg
    SLICE_X20Y46         LUT6 (Prop_lut6_I4_O)        0.124     9.417 r  design_2_i/cg_fpga_0/inst/axi_mem_intercon/xbar/inst/gen_samd.crossbar_samd/gen_slave_slots[1].gen_si_write.wdata_router_w/wrouter_aw_fifo/FSM_onehot_state[2]_i_1/O
                         net (fo=4, routed)           0.622    10.039    design_2_i/cg_fpga_0/inst/axi_mem_intercon/xbar/inst/gen_samd.crossbar_samd/gen_slave_slots[1].gen_si_write.wdata_router_w/wrouter_aw_fifo/m_valid_i
    SLICE_X21Y46         FDRE                                         r  design_2_i/cg_fpga_0/inst/axi_mem_intercon/xbar/inst/gen_samd.crossbar_samd/gen_slave_slots[1].gen_si_write.wdata_router_w/wrouter_aw_fifo/FSM_onehot_state_reg[0]/CE
  -------------------------------------------------------------------    -------------------

                         (clock clk_fpga_0 rise edge)
                                                     10.000    10.000 r  
    PS7_X0Y0             PS7                          0.000    10.000 r  design_2_i/cg_fpga_0/inst/processing_system7_0/inst/PS7_i/FCLKCLK[0]
                         net (fo=1, routed)           1.088    11.088    design_2_i/cg_fpga_0/inst/processing_system7_0/inst/FCLK_CLK_unbuffered[0]
    BUFGCTRL_X0Y16       BUFG (Prop_bufg_I_O)         0.091    11.179 r  design_2_i/cg_fpga_0/inst/processing_system7_0/inst/buffer_fclk_clk_0.FCLK_CLK_0_BUFG/O
                         net (fo=6935, routed)        1.579    12.759    design_2_i/cg_fpga_0/inst/axi_mem_intercon/xbar/inst/gen_samd.crossbar_samd/gen_slave_slots[1].gen_si_write.wdata_router_w/wrouter_aw_fifo/aclk
    SLICE_X21Y46         FDRE                                         r  design_2_i/cg_fpga_0/inst/axi_mem_intercon/xbar/inst/gen_samd.crossbar_samd/gen_slave_slots[1].gen_si_write.wdata_router_w/wrouter_aw_fifo/FSM_onehot_state_reg[0]/C
                         clock pessimism              0.230    12.988    
                         clock uncertainty           -0.154    12.834    
    SLICE_X21Y46         FDRE (Setup_fdre_C_CE)      -0.205    12.629    design_2_i/cg_fpga_0/inst/axi_mem_intercon/xbar/inst/gen_samd.crossbar_samd/gen_slave_slots[1].gen_si_write.wdata_router_w/wrouter_aw_fifo/FSM_onehot_state_reg[0]
  -------------------------------------------------------------------
                         required time                         12.629    
                         arrival time                         -10.039    
  -------------------------------------------------------------------
                         slack                                  2.590    

Slack (MET) :             2.590ns  (required time - arrival time)
  Source:                 design_2_i/cg_fpga_0/inst/axi_mem_intercon/xbar/inst/gen_samd.crossbar_samd/gen_master_slots[0].gen_mi_write.wdata_mux_w/gen_wmux.wmux_aw_fifo/storage_data1_reg[0]/C
                            (rising edge-triggered cell FDRE clocked by clk_fpga_0  {rise@0.000ns fall@5.000ns period=10.000ns})
  Destination:            design_2_i/cg_fpga_0/inst/axi_mem_intercon/xbar/inst/gen_samd.crossbar_samd/gen_slave_slots[1].gen_si_write.wdata_router_w/wrouter_aw_fifo/FSM_onehot_state_reg[1]/CE
                            (rising edge-triggered cell FDRE clocked by clk_fpga_0  {rise@0.000ns fall@5.000ns period=10.000ns})
  Path Group:             clk_fpga_0
  Path Type:              Setup (Max at Slow Process Corner)
  Requirement:            10.000ns  (clk_fpga_0 rise@10.000ns - clk_fpga_0 rise@0.000ns)
  Data Path Delay:        6.989ns  (logic 1.528ns (21.862%)  route 5.461ns (78.138%))
  Logic Levels:           5  (LUT3=1 LUT4=1 LUT5=2 LUT6=1)
  Clock Path Skew:        -0.062ns (DCD - SCD + CPR)
    Destination Clock Delay (DCD):    2.758ns = ( 12.759 - 10.000 ) 
    Source Clock Delay      (SCD):    3.050ns
    Clock Pessimism Removal (CPR):    0.230ns
  Clock Uncertainty:      0.154ns  ((TSJ^2 + TIJ^2)^1/2 + DJ) / 2 + PE
    Total System Jitter     (TSJ):    0.071ns
    Total Input Jitter      (TIJ):    0.300ns
    Discrete Jitter          (DJ):    0.000ns
    Phase Error              (PE):    0.000ns

    Location             Delay type                Incr(ns)  Path(ns)    Netlist Resource(s)
  -------------------------------------------------------------------    -------------------
                         (clock clk_fpga_0 rise edge)
                                                      0.000     0.000 r  
    PS7_X0Y0             PS7                          0.000     0.000 r  design_2_i/cg_fpga_0/inst/processing_system7_0/inst/PS7_i/FCLKCLK[0]
                         net (fo=1, routed)           1.193     1.193    design_2_i/cg_fpga_0/inst/processing_system7_0/inst/FCLK_CLK_unbuffered[0]
    BUFGCTRL_X0Y16       BUFG (Prop_bufg_I_O)         0.101     1.294 r  design_2_i/cg_fpga_0/inst/processing_system7_0/inst/buffer_fclk_clk_0.FCLK_CLK_0_BUFG/O
                         net (fo=6935, routed)        1.756     3.050    design_2_i/cg_fpga_0/inst/axi_mem_intercon/xbar/inst/gen_samd.crossbar_samd/gen_master_slots[0].gen_mi_write.wdata_mux_w/gen_wmux.wmux_aw_fifo/aclk
    SLICE_X19Y46         FDRE                                         r  design_2_i/cg_fpga_0/inst/axi_mem_intercon/xbar/inst/gen_samd.crossbar_samd/gen_master_slots[0].gen_mi_write.wdata_mux_w/gen_wmux.wmux_aw_fifo/storage_data1_reg[0]/C
  -------------------------------------------------------------------    -------------------
    SLICE_X19Y46         FDRE (Prop_fdre_C_Q)         0.456     3.506 r  design_2_i/cg_fpga_0/inst/axi_mem_intercon/xbar/inst/gen_samd.crossbar_samd/gen_master_slots[0].gen_mi_write.wdata_mux_w/gen_wmux.wmux_aw_fifo/storage_data1_reg[0]/Q
                         net (fo=77, routed)          1.015     4.521    design_2_i/cg_fpga_0/inst/axi_mem_intercon/xbar/inst/gen_samd.crossbar_samd/gen_master_slots[0].gen_mi_write.wdata_mux_w/gen_wmux.wmux_aw_fifo/gen_srls[0].gen_rep[0].srl_nx1/gen_primitive_shifter.gen_srls[0].srl_inst_0
    SLICE_X18Y44         LUT5 (Prop_lut5_I0_O)        0.124     4.645 r  design_2_i/cg_fpga_0/inst/axi_mem_intercon/xbar/inst/gen_samd.crossbar_samd/gen_master_slots[0].gen_mi_write.wdata_mux_w/gen_wmux.wmux_aw_fifo/gen_srls[0].gen_rep[0].srl_nx1/m_axi_wvalid[0]_INST_0/O
                         net (fo=5, routed)           1.097     5.741    design_2_i/cg_fpga_0/inst/axi_mem_intercon/m00_couplers/auto_pc/inst/gen_axi4_axi3.axi3_conv_inst/USE_WRITE.write_addr_inst/USE_BURSTS.cmd_queue/inst/s_axi_wvalid
    SLICE_X27Y55         LUT3 (Prop_lut3_I2_O)        0.118     5.859 r  design_2_i/cg_fpga_0/inst/axi_mem_intercon/m00_couplers/auto_pc/inst/gen_axi4_axi3.axi3_conv_inst/USE_WRITE.write_addr_inst/USE_BURSTS.cmd_queue/inst/s_axi_wready_INST_0/O
                         net (fo=12, routed)          1.274     7.133    design_2_i/cg_fpga_0/inst/axi_mem_intercon/xbar/inst/gen_samd.crossbar_samd/gen_master_slots[0].gen_mi_write.wdata_mux_w/gen_wmux.wmux_aw_fifo/m_axi_wready[0]
    SLICE_X18Y47         LUT4 (Prop_lut4_I2_O)        0.351     7.484 r  design_2_i/cg_fpga_0/inst/axi_mem_intercon/xbar/inst/gen_samd.crossbar_samd/gen_master_slots[0].gen_mi_write.wdata_mux_w/gen_wmux.wmux_aw_fifo/s_axi_wready[1]_INST_0_i_1/O
                         net (fo=7, routed)           0.857     8.340    design_2_i/cg_fpga_0/inst/axi_mem_intercon/xbar/inst/gen_samd.crossbar_samd/gen_slave_slots[1].gen_si_write.wdata_router_w/wrouter_aw_fifo/gen_primitive_shifter.gen_srls[0].srl_inst_1
    SLICE_X20Y44         LUT5 (Prop_lut5_I3_O)        0.355     8.695 r  design_2_i/cg_fpga_0/inst/axi_mem_intercon/xbar/inst/gen_samd.crossbar_samd/gen_slave_slots[1].gen_si_write.wdata_router_w/wrouter_aw_fifo/FSM_onehot_state[2]_i_4/O
                         net (fo=5, routed)           0.597     9.293    design_2_i/cg_fpga_0/inst/axi_mem_intercon/xbar/inst/gen_samd.crossbar_samd/gen_slave_slots[1].gen_si_write.wdata_router_w/wrouter_aw_fifo/sig_last_reg_out_reg
    SLICE_X20Y46         LUT6 (Prop_lut6_I4_O)        0.124     9.417 r  design_2_i/cg_fpga_0/inst/axi_mem_intercon/xbar/inst/gen_samd.crossbar_samd/gen_slave_slots[1].gen_si_write.wdata_router_w/wrouter_aw_fifo/FSM_onehot_state[2]_i_1/O
                         net (fo=4, routed)           0.622    10.039    design_2_i/cg_fpga_0/inst/axi_mem_intercon/xbar/inst/gen_samd.crossbar_samd/gen_slave_slots[1].gen_si_write.wdata_router_w/wrouter_aw_fifo/m_valid_i
    SLICE_X21Y46         FDRE                                         r  design_2_i/cg_fpga_0/inst/axi_mem_intercon/xbar/inst/gen_samd.crossbar_samd/gen_slave_slots[1].gen_si_write.wdata_router_w/wrouter_aw_fifo/FSM_onehot_state_reg[1]/CE
  -------------------------------------------------------------------    -------------------

                         (clock clk_fpga_0 rise edge)
                                                     10.000    10.000 r  
    PS7_X0Y0             PS7                          0.000    10.000 r  design_2_i/cg_fpga_0/inst/processing_system7_0/inst/PS7_i/FCLKCLK[0]
                         net (fo=1, routed)           1.088    11.088    design_2_i/cg_fpga_0/inst/processing_system7_0/inst/FCLK_CLK_unbuffered[0]
    BUFGCTRL_X0Y16       BUFG (Prop_bufg_I_O)         0.091    11.179 r  design_2_i/cg_fpga_0/inst/processing_system7_0/inst/buffer_fclk_clk_0.FCLK_CLK_0_BUFG/O
                         net (fo=6935, routed)        1.579    12.759    design_2_i/cg_fpga_0/inst/axi_mem_intercon/xbar/inst/gen_samd.crossbar_samd/gen_slave_slots[1].gen_si_write.wdata_router_w/wrouter_aw_fifo/aclk
    SLICE_X21Y46         FDRE                                         r  design_2_i/cg_fpga_0/inst/axi_mem_intercon/xbar/inst/gen_samd.crossbar_samd/gen_slave_slots[1].gen_si_write.wdata_router_w/wrouter_aw_fifo/FSM_onehot_state_reg[1]/C
                         clock pessimism              0.230    12.988    
                         clock uncertainty           -0.154    12.834    
    SLICE_X21Y46         FDRE (Setup_fdre_C_CE)      -0.205    12.629    design_2_i/cg_fpga_0/inst/axi_mem_intercon/xbar/inst/gen_samd.crossbar_samd/gen_slave_slots[1].gen_si_write.wdata_router_w/wrouter_aw_fifo/FSM_onehot_state_reg[1]
  -------------------------------------------------------------------
                         required time                         12.629    
                         arrival time                         -10.039    
  -------------------------------------------------------------------
                         slack                                  2.590    

Slack (MET) :             2.590ns  (required time - arrival time)
  Source:                 design_2_i/cg_fpga_0/inst/axi_mem_intercon/xbar/inst/gen_samd.crossbar_samd/gen_master_slots[0].gen_mi_write.wdata_mux_w/gen_wmux.wmux_aw_fifo/storage_data1_reg[0]/C
                            (rising edge-triggered cell FDRE clocked by clk_fpga_0  {rise@0.000ns fall@5.000ns period=10.000ns})
  Destination:            design_2_i/cg_fpga_0/inst/axi_mem_intercon/xbar/inst/gen_samd.crossbar_samd/gen_slave_slots[1].gen_si_write.wdata_router_w/wrouter_aw_fifo/FSM_onehot_state_reg[2]/CE
                            (rising edge-triggered cell FDSE clocked by clk_fpga_0  {rise@0.000ns fall@5.000ns period=10.000ns})
  Path Group:             clk_fpga_0
  Path Type:              Setup (Max at Slow Process Corner)
  Requirement:            10.000ns  (clk_fpga_0 rise@10.000ns - clk_fpga_0 rise@0.000ns)
  Data Path Delay:        6.989ns  (logic 1.528ns (21.862%)  route 5.461ns (78.138%))
  Logic Levels:           5  (LUT3=1 LUT4=1 LUT5=2 LUT6=1)
  Clock Path Skew:        -0.062ns (DCD - SCD + CPR)
    Destination Clock Delay (DCD):    2.758ns = ( 12.759 - 10.000 ) 
    Source Clock Delay      (SCD):    3.050ns
    Clock Pessimism Removal (CPR):    0.230ns
  Clock Uncertainty:      0.154ns  ((TSJ^2 + TIJ^2)^1/2 + DJ) / 2 + PE
    Total System Jitter     (TSJ):    0.071ns
    Total Input Jitter      (TIJ):    0.300ns
    Discrete Jitter          (DJ):    0.000ns
    Phase Error              (PE):    0.000ns

    Location             Delay type                Incr(ns)  Path(ns)    Netlist Resource(s)
  -------------------------------------------------------------------    -------------------
                         (clock clk_fpga_0 rise edge)
                                                      0.000     0.000 r  
    PS7_X0Y0             PS7                          0.000     0.000 r  design_2_i/cg_fpga_0/inst/processing_system7_0/inst/PS7_i/FCLKCLK[0]
                         net (fo=1, routed)           1.193     1.193    design_2_i/cg_fpga_0/inst/processing_system7_0/inst/FCLK_CLK_unbuffered[0]
    BUFGCTRL_X0Y16       BUFG (Prop_bufg_I_O)         0.101     1.294 r  design_2_i/cg_fpga_0/inst/processing_system7_0/inst/buffer_fclk_clk_0.FCLK_CLK_0_BUFG/O
                         net (fo=6935, routed)        1.756     3.050    design_2_i/cg_fpga_0/inst/axi_mem_intercon/xbar/inst/gen_samd.crossbar_samd/gen_master_slots[0].gen_mi_write.wdata_mux_w/gen_wmux.wmux_aw_fifo/aclk
    SLICE_X19Y46         FDRE                                         r  design_2_i/cg_fpga_0/inst/axi_mem_intercon/xbar/inst/gen_samd.crossbar_samd/gen_master_slots[0].gen_mi_write.wdata_mux_w/gen_wmux.wmux_aw_fifo/storage_data1_reg[0]/C
  -------------------------------------------------------------------    -------------------
    SLICE_X19Y46         FDRE (Prop_fdre_C_Q)         0.456     3.506 r  design_2_i/cg_fpga_0/inst/axi_mem_intercon/xbar/inst/gen_samd.crossbar_samd/gen_master_slots[0].gen_mi_write.wdata_mux_w/gen_wmux.wmux_aw_fifo/storage_data1_reg[0]/Q
                         net (fo=77, routed)          1.015     4.521    design_2_i/cg_fpga_0/inst/axi_mem_intercon/xbar/inst/gen_samd.crossbar_samd/gen_master_slots[0].gen_mi_write.wdata_mux_w/gen_wmux.wmux_aw_fifo/gen_srls[0].gen_rep[0].srl_nx1/gen_primitive_shifter.gen_srls[0].srl_inst_0
    SLICE_X18Y44         LUT5 (Prop_lut5_I0_O)        0.124     4.645 r  design_2_i/cg_fpga_0/inst/axi_mem_intercon/xbar/inst/gen_samd.crossbar_samd/gen_master_slots[0].gen_mi_write.wdata_mux_w/gen_wmux.wmux_aw_fifo/gen_srls[0].gen_rep[0].srl_nx1/m_axi_wvalid[0]_INST_0/O
                         net (fo=5, routed)           1.097     5.741    design_2_i/cg_fpga_0/inst/axi_mem_intercon/m00_couplers/auto_pc/inst/gen_axi4_axi3.axi3_conv_inst/USE_WRITE.write_addr_inst/USE_BURSTS.cmd_queue/inst/s_axi_wvalid
    SLICE_X27Y55         LUT3 (Prop_lut3_I2_O)        0.118     5.859 r  design_2_i/cg_fpga_0/inst/axi_mem_intercon/m00_couplers/auto_pc/inst/gen_axi4_axi3.axi3_conv_inst/USE_WRITE.write_addr_inst/USE_BURSTS.cmd_queue/inst/s_axi_wready_INST_0/O
                         net (fo=12, routed)          1.274     7.133    design_2_i/cg_fpga_0/inst/axi_mem_intercon/xbar/inst/gen_samd.crossbar_samd/gen_master_slots[0].gen_mi_write.wdata_mux_w/gen_wmux.wmux_aw_fifo/m_axi_wready[0]
    SLICE_X18Y47         LUT4 (Prop_lut4_I2_O)        0.351     7.484 r  design_2_i/cg_fpga_0/inst/axi_mem_intercon/xbar/inst/gen_samd.crossbar_samd/gen_master_slots[0].gen_mi_write.wdata_mux_w/gen_wmux.wmux_aw_fifo/s_axi_wready[1]_INST_0_i_1/O
                         net (fo=7, routed)           0.857     8.340    design_2_i/cg_fpga_0/inst/axi_mem_intercon/xbar/inst/gen_samd.crossbar_samd/gen_slave_slots[1].gen_si_write.wdata_router_w/wrouter_aw_fifo/gen_primitive_shifter.gen_srls[0].srl_inst_1
    SLICE_X20Y44         LUT5 (Prop_lut5_I3_O)        0.355     8.695 r  design_2_i/cg_fpga_0/inst/axi_mem_intercon/xbar/inst/gen_samd.crossbar_samd/gen_slave_slots[1].gen_si_write.wdata_router_w/wrouter_aw_fifo/FSM_onehot_state[2]_i_4/O
                         net (fo=5, routed)           0.597     9.293    design_2_i/cg_fpga_0/inst/axi_mem_intercon/xbar/inst/gen_samd.crossbar_samd/gen_slave_slots[1].gen_si_write.wdata_router_w/wrouter_aw_fifo/sig_last_reg_out_reg
    SLICE_X20Y46         LUT6 (Prop_lut6_I4_O)        0.124     9.417 r  design_2_i/cg_fpga_0/inst/axi_mem_intercon/xbar/inst/gen_samd.crossbar_samd/gen_slave_slots[1].gen_si_write.wdata_router_w/wrouter_aw_fifo/FSM_onehot_state[2]_i_1/O
                         net (fo=4, routed)           0.622    10.039    design_2_i/cg_fpga_0/inst/axi_mem_intercon/xbar/inst/gen_samd.crossbar_samd/gen_slave_slots[1].gen_si_write.wdata_router_w/wrouter_aw_fifo/m_valid_i
    SLICE_X21Y46         FDSE                                         r  design_2_i/cg_fpga_0/inst/axi_mem_intercon/xbar/inst/gen_samd.crossbar_samd/gen_slave_slots[1].gen_si_write.wdata_router_w/wrouter_aw_fifo/FSM_onehot_state_reg[2]/CE
  -------------------------------------------------------------------    -------------------

                         (clock clk_fpga_0 rise edge)
                                                     10.000    10.000 r  
    PS7_X0Y0             PS7                          0.000    10.000 r  design_2_i/cg_fpga_0/inst/processing_system7_0/inst/PS7_i/FCLKCLK[0]
                         net (fo=1, routed)           1.088    11.088    design_2_i/cg_fpga_0/inst/processing_system7_0/inst/FCLK_CLK_unbuffered[0]
    BUFGCTRL_X0Y16       BUFG (Prop_bufg_I_O)         0.091    11.179 r  design_2_i/cg_fpga_0/inst/processing_system7_0/inst/buffer_fclk_clk_0.FCLK_CLK_0_BUFG/O
                         net (fo=6935, routed)        1.579    12.759    design_2_i/cg_fpga_0/inst/axi_mem_intercon/xbar/inst/gen_samd.crossbar_samd/gen_slave_slots[1].gen_si_write.wdata_router_w/wrouter_aw_fifo/aclk
    SLICE_X21Y46         FDSE                                         r  design_2_i/cg_fpga_0/inst/axi_mem_intercon/xbar/inst/gen_samd.crossbar_samd/gen_slave_slots[1].gen_si_write.wdata_router_w/wrouter_aw_fifo/FSM_onehot_state_reg[2]/C
                         clock pessimism              0.230    12.988    
                         clock uncertainty           -0.154    12.834    
    SLICE_X21Y46         FDSE (Setup_fdse_C_CE)      -0.205    12.629    design_2_i/cg_fpga_0/inst/axi_mem_intercon/xbar/inst/gen_samd.crossbar_samd/gen_slave_slots[1].gen_si_write.wdata_router_w/wrouter_aw_fifo/FSM_onehot_state_reg[2]
  -------------------------------------------------------------------
                         required time                         12.629    
                         arrival time                         -10.039    
  -------------------------------------------------------------------
                         slack                                  2.590    

Slack (MET) :             2.761ns  (required time - arrival time)
  Source:                 design_2_i/cg_fpga_0/inst/axi_mem_intercon/xbar/inst/gen_samd.crossbar_samd/gen_master_slots[0].gen_mi_write.wdata_mux_w/gen_wmux.wmux_aw_fifo/storage_data1_reg[0]/C
                            (rising edge-triggered cell FDRE clocked by clk_fpga_0  {rise@0.000ns fall@5.000ns period=10.000ns})
  Destination:            design_2_i/cg_fpga_0/inst/cg_axi_vdma_0/U0/I_PRMRY_DATAMOVER/GEN_S2MM_FULL.I_S2MM_FULL_WRAPPER/I_S2MM_MMAP_SKID_BUF/sig_data_reg_out_reg[29]/CE
                            (rising edge-triggered cell FDRE clocked by clk_fpga_0  {rise@0.000ns fall@5.000ns period=10.000ns})
  Path Group:             clk_fpga_0
  Path Type:              Setup (Max at Slow Process Corner)
  Requirement:            10.000ns  (clk_fpga_0 rise@10.000ns - clk_fpga_0 rise@0.000ns)
  Data Path Delay:        6.855ns  (logic 1.528ns (22.289%)  route 5.327ns (77.711%))
  Logic Levels:           5  (LUT2=1 LUT3=1 LUT4=1 LUT5=1 LUT6=1)
  Clock Path Skew:        -0.061ns (DCD - SCD + CPR)
    Destination Clock Delay (DCD):    2.759ns = ( 12.759 - 10.000 ) 
    Source Clock Delay      (SCD):    3.050ns
    Clock Pessimism Removal (CPR):    0.230ns
  Clock Uncertainty:      0.154ns  ((TSJ^2 + TIJ^2)^1/2 + DJ) / 2 + PE
    Total System Jitter     (TSJ):    0.071ns
    Total Input Jitter      (TIJ):    0.300ns
    Discrete Jitter          (DJ):    0.000ns
    Phase Error              (PE):    0.000ns

    Location             Delay type                Incr(ns)  Path(ns)    Netlist Resource(s)
  -------------------------------------------------------------------    -------------------
                         (clock clk_fpga_0 rise edge)
                                                      0.000     0.000 r  
    PS7_X0Y0             PS7                          0.000     0.000 r  design_2_i/cg_fpga_0/inst/processing_system7_0/inst/PS7_i/FCLKCLK[0]
                         net (fo=1, routed)           1.193     1.193    design_2_i/cg_fpga_0/inst/processing_system7_0/inst/FCLK_CLK_unbuffered[0]
    BUFGCTRL_X0Y16       BUFG (Prop_bufg_I_O)         0.101     1.294 r  design_2_i/cg_fpga_0/inst/processing_system7_0/inst/buffer_fclk_clk_0.FCLK_CLK_0_BUFG/O
                         net (fo=6935, routed)        1.756     3.050    design_2_i/cg_fpga_0/inst/axi_mem_intercon/xbar/inst/gen_samd.crossbar_samd/gen_master_slots[0].gen_mi_write.wdata_mux_w/gen_wmux.wmux_aw_fifo/aclk
    SLICE_X19Y46         FDRE                                         r  design_2_i/cg_fpga_0/inst/axi_mem_intercon/xbar/inst/gen_samd.crossbar_samd/gen_master_slots[0].gen_mi_write.wdata_mux_w/gen_wmux.wmux_aw_fifo/storage_data1_reg[0]/C
  -------------------------------------------------------------------    -------------------
    SLICE_X19Y46         FDRE (Prop_fdre_C_Q)         0.456     3.506 r  design_2_i/cg_fpga_0/inst/axi_mem_intercon/xbar/inst/gen_samd.crossbar_samd/gen_master_slots[0].gen_mi_write.wdata_mux_w/gen_wmux.wmux_aw_fifo/storage_data1_reg[0]/Q
                         net (fo=77, routed)          1.015     4.521    design_2_i/cg_fpga_0/inst/axi_mem_intercon/xbar/inst/gen_samd.crossbar_samd/gen_master_slots[0].gen_mi_write.wdata_mux_w/gen_wmux.wmux_aw_fifo/gen_srls[0].gen_rep[0].srl_nx1/gen_primitive_shifter.gen_srls[0].srl_inst_0
    SLICE_X18Y44         LUT5 (Prop_lut5_I0_O)        0.124     4.645 r  design_2_i/cg_fpga_0/inst/axi_mem_intercon/xbar/inst/gen_samd.crossbar_samd/gen_master_slots[0].gen_mi_write.wdata_mux_w/gen_wmux.wmux_aw_fifo/gen_srls[0].gen_rep[0].srl_nx1/m_axi_wvalid[0]_INST_0/O
                         net (fo=5, routed)           1.097     5.741    design_2_i/cg_fpga_0/inst/axi_mem_intercon/m00_couplers/auto_pc/inst/gen_axi4_axi3.axi3_conv_inst/USE_WRITE.write_addr_inst/USE_BURSTS.cmd_queue/inst/s_axi_wvalid
    SLICE_X27Y55         LUT3 (Prop_lut3_I2_O)        0.118     5.859 r  design_2_i/cg_fpga_0/inst/axi_mem_intercon/m00_couplers/auto_pc/inst/gen_axi4_axi3.axi3_conv_inst/USE_WRITE.write_addr_inst/USE_BURSTS.cmd_queue/inst/s_axi_wready_INST_0/O
                         net (fo=12, routed)          1.274     7.133    design_2_i/cg_fpga_0/inst/axi_mem_intercon/xbar/inst/gen_samd.crossbar_samd/gen_master_slots[0].gen_mi_write.wdata_mux_w/gen_wmux.wmux_aw_fifo/m_axi_wready[0]
    SLICE_X18Y47         LUT4 (Prop_lut4_I2_O)        0.351     7.484 r  design_2_i/cg_fpga_0/inst/axi_mem_intercon/xbar/inst/gen_samd.crossbar_samd/gen_master_slots[0].gen_mi_write.wdata_mux_w/gen_wmux.wmux_aw_fifo/s_axi_wready[1]_INST_0_i_1/O
                         net (fo=7, routed)           0.499     7.983    design_2_i/cg_fpga_0/inst/axi_mem_intercon/xbar/inst/gen_samd.crossbar_samd/gen_slave_slots[1].gen_si_write.wdata_router_w/wrouter_aw_fifo/gen_primitive_shifter.gen_srls[0].srl_inst_1
    SLICE_X19Y44         LUT6 (Prop_lut6_I1_O)        0.355     8.338 r  design_2_i/cg_fpga_0/inst/axi_mem_intercon/xbar/inst/gen_samd.crossbar_samd/gen_slave_slots[1].gen_si_write.wdata_router_w/wrouter_aw_fifo/s_axi_wready[1]_INST_0/O
                         net (fo=3, routed)           0.467     8.805    design_2_i/cg_fpga_0/inst/cg_axi_vdma_0/U0/I_PRMRY_DATAMOVER/GEN_S2MM_FULL.I_S2MM_FULL_WRAPPER/I_S2MM_MMAP_SKID_BUF/m_axi_s2mm_wready
    SLICE_X20Y43         LUT2 (Prop_lut2_I0_O)        0.124     8.929 r  design_2_i/cg_fpga_0/inst/cg_axi_vdma_0/U0/I_PRMRY_DATAMOVER/GEN_S2MM_FULL.I_S2MM_FULL_WRAPPER/I_S2MM_MMAP_SKID_BUF/sig_data_reg_out[63]_i_1/O
                         net (fo=73, routed)          0.976     9.905    design_2_i/cg_fpga_0/inst/cg_axi_vdma_0/U0/I_PRMRY_DATAMOVER/GEN_S2MM_FULL.I_S2MM_FULL_WRAPPER/I_S2MM_MMAP_SKID_BUF/sig_data_reg_out_en
    SLICE_X8Y44          FDRE                                         r  design_2_i/cg_fpga_0/inst/cg_axi_vdma_0/U0/I_PRMRY_DATAMOVER/GEN_S2MM_FULL.I_S2MM_FULL_WRAPPER/I_S2MM_MMAP_SKID_BUF/sig_data_reg_out_reg[29]/CE
  -------------------------------------------------------------------    -------------------

                         (clock clk_fpga_0 rise edge)
                                                     10.000    10.000 r  
    PS7_X0Y0             PS7                          0.000    10.000 r  design_2_i/cg_fpga_0/inst/processing_system7_0/inst/PS7_i/FCLKCLK[0]
                         net (fo=1, routed)           1.088    11.088    design_2_i/cg_fpga_0/inst/processing_system7_0/inst/FCLK_CLK_unbuffered[0]
    BUFGCTRL_X0Y16       BUFG (Prop_bufg_I_O)         0.091    11.179 r  design_2_i/cg_fpga_0/inst/processing_system7_0/inst/buffer_fclk_clk_0.FCLK_CLK_0_BUFG/O
                         net (fo=6935, routed)        1.580    12.759    design_2_i/cg_fpga_0/inst/cg_axi_vdma_0/U0/I_PRMRY_DATAMOVER/GEN_S2MM_FULL.I_S2MM_FULL_WRAPPER/I_S2MM_MMAP_SKID_BUF/s_axi_lite_aclk
    SLICE_X8Y44          FDRE                                         r  design_2_i/cg_fpga_0/inst/cg_axi_vdma_0/U0/I_PRMRY_DATAMOVER/GEN_S2MM_FULL.I_S2MM_FULL_WRAPPER/I_S2MM_MMAP_SKID_BUF/sig_data_reg_out_reg[29]/C
                         clock pessimism              0.230    12.989    
                         clock uncertainty           -0.154    12.835    
    SLICE_X8Y44          FDRE (Setup_fdre_C_CE)      -0.169    12.666    design_2_i/cg_fpga_0/inst/cg_axi_vdma_0/U0/I_PRMRY_DATAMOVER/GEN_S2MM_FULL.I_S2MM_FULL_WRAPPER/I_S2MM_MMAP_SKID_BUF/sig_data_reg_out_reg[29]
  -------------------------------------------------------------------
                         required time                         12.666    
                         arrival time                          -9.905    
  -------------------------------------------------------------------
                         slack                                  2.761    

Slack (MET) :             2.761ns  (required time - arrival time)
  Source:                 design_2_i/cg_fpga_0/inst/axi_mem_intercon/xbar/inst/gen_samd.crossbar_samd/gen_master_slots[0].gen_mi_write.wdata_mux_w/gen_wmux.wmux_aw_fifo/storage_data1_reg[0]/C
                            (rising edge-triggered cell FDRE clocked by clk_fpga_0  {rise@0.000ns fall@5.000ns period=10.000ns})
  Destination:            design_2_i/cg_fpga_0/inst/cg_axi_vdma_0/U0/I_PRMRY_DATAMOVER/GEN_S2MM_FULL.I_S2MM_FULL_WRAPPER/I_S2MM_MMAP_SKID_BUF/sig_data_reg_out_reg[2]/CE
                            (rising edge-triggered cell FDRE clocked by clk_fpga_0  {rise@0.000ns fall@5.000ns period=10.000ns})
  Path Group:             clk_fpga_0
  Path Type:              Setup (Max at Slow Process Corner)
  Requirement:            10.000ns  (clk_fpga_0 rise@10.000ns - clk_fpga_0 rise@0.000ns)
  Data Path Delay:        6.855ns  (logic 1.528ns (22.289%)  route 5.327ns (77.711%))
  Logic Levels:           5  (LUT2=1 LUT3=1 LUT4=1 LUT5=1 LUT6=1)
  Clock Path Skew:        -0.061ns (DCD - SCD + CPR)
    Destination Clock Delay (DCD):    2.759ns = ( 12.759 - 10.000 ) 
    Source Clock Delay      (SCD):    3.050ns
    Clock Pessimism Removal (CPR):    0.230ns
  Clock Uncertainty:      0.154ns  ((TSJ^2 + TIJ^2)^1/2 + DJ) / 2 + PE
    Total System Jitter     (TSJ):    0.071ns
    Total Input Jitter      (TIJ):    0.300ns
    Discrete Jitter          (DJ):    0.000ns
    Phase Error              (PE):    0.000ns

    Location             Delay type                Incr(ns)  Path(ns)    Netlist Resource(s)
  -------------------------------------------------------------------    -------------------
                         (clock clk_fpga_0 rise edge)
                                                      0.000     0.000 r  
    PS7_X0Y0             PS7                          0.000     0.000 r  design_2_i/cg_fpga_0/inst/processing_system7_0/inst/PS7_i/FCLKCLK[0]
                         net (fo=1, routed)           1.193     1.193    design_2_i/cg_fpga_0/inst/processing_system7_0/inst/FCLK_CLK_unbuffered[0]
    BUFGCTRL_X0Y16       BUFG (Prop_bufg_I_O)         0.101     1.294 r  design_2_i/cg_fpga_0/inst/processing_system7_0/inst/buffer_fclk_clk_0.FCLK_CLK_0_BUFG/O
                         net (fo=6935, routed)        1.756     3.050    design_2_i/cg_fpga_0/inst/axi_mem_intercon/xbar/inst/gen_samd.crossbar_samd/gen_master_slots[0].gen_mi_write.wdata_mux_w/gen_wmux.wmux_aw_fifo/aclk
    SLICE_X19Y46         FDRE                                         r  design_2_i/cg_fpga_0/inst/axi_mem_intercon/xbar/inst/gen_samd.crossbar_samd/gen_master_slots[0].gen_mi_write.wdata_mux_w/gen_wmux.wmux_aw_fifo/storage_data1_reg[0]/C
  -------------------------------------------------------------------    -------------------
    SLICE_X19Y46         FDRE (Prop_fdre_C_Q)         0.456     3.506 r  design_2_i/cg_fpga_0/inst/axi_mem_intercon/xbar/inst/gen_samd.crossbar_samd/gen_master_slots[0].gen_mi_write.wdata_mux_w/gen_wmux.wmux_aw_fifo/storage_data1_reg[0]/Q
                         net (fo=77, routed)          1.015     4.521    design_2_i/cg_fpga_0/inst/axi_mem_intercon/xbar/inst/gen_samd.crossbar_samd/gen_master_slots[0].gen_mi_write.wdata_mux_w/gen_wmux.wmux_aw_fifo/gen_srls[0].gen_rep[0].srl_nx1/gen_primitive_shifter.gen_srls[0].srl_inst_0
    SLICE_X18Y44         LUT5 (Prop_lut5_I0_O)        0.124     4.645 r  design_2_i/cg_fpga_0/inst/axi_mem_intercon/xbar/inst/gen_samd.crossbar_samd/gen_master_slots[0].gen_mi_write.wdata_mux_w/gen_wmux.wmux_aw_fifo/gen_srls[0].gen_rep[0].srl_nx1/m_axi_wvalid[0]_INST_0/O
                         net (fo=5, routed)           1.097     5.741    design_2_i/cg_fpga_0/inst/axi_mem_intercon/m00_couplers/auto_pc/inst/gen_axi4_axi3.axi3_conv_inst/USE_WRITE.write_addr_inst/USE_BURSTS.cmd_queue/inst/s_axi_wvalid
    SLICE_X27Y55         LUT3 (Prop_lut3_I2_O)        0.118     5.859 r  design_2_i/cg_fpga_0/inst/axi_mem_intercon/m00_couplers/auto_pc/inst/gen_axi4_axi3.axi3_conv_inst/USE_WRITE.write_addr_inst/USE_BURSTS.cmd_queue/inst/s_axi_wready_INST_0/O
                         net (fo=12, routed)          1.274     7.133    design_2_i/cg_fpga_0/inst/axi_mem_intercon/xbar/inst/gen_samd.crossbar_samd/gen_master_slots[0].gen_mi_write.wdata_mux_w/gen_wmux.wmux_aw_fifo/m_axi_wready[0]
    SLICE_X18Y47         LUT4 (Prop_lut4_I2_O)        0.351     7.484 r  design_2_i/cg_fpga_0/inst/axi_mem_intercon/xbar/inst/gen_samd.crossbar_samd/gen_master_slots[0].gen_mi_write.wdata_mux_w/gen_wmux.wmux_aw_fifo/s_axi_wready[1]_INST_0_i_1/O
                         net (fo=7, routed)           0.499     7.983    design_2_i/cg_fpga_0/inst/axi_mem_intercon/xbar/inst/gen_samd.crossbar_samd/gen_slave_slots[1].gen_si_write.wdata_router_w/wrouter_aw_fifo/gen_primitive_shifter.gen_srls[0].srl_inst_1
    SLICE_X19Y44         LUT6 (Prop_lut6_I1_O)        0.355     8.338 r  design_2_i/cg_fpga_0/inst/axi_mem_intercon/xbar/inst/gen_samd.crossbar_samd/gen_slave_slots[1].gen_si_write.wdata_router_w/wrouter_aw_fifo/s_axi_wready[1]_INST_0/O
                         net (fo=3, routed)           0.467     8.805    design_2_i/cg_fpga_0/inst/cg_axi_vdma_0/U0/I_PRMRY_DATAMOVER/GEN_S2MM_FULL.I_S2MM_FULL_WRAPPER/I_S2MM_MMAP_SKID_BUF/m_axi_s2mm_wready
    SLICE_X20Y43         LUT2 (Prop_lut2_I0_O)        0.124     8.929 r  design_2_i/cg_fpga_0/inst/cg_axi_vdma_0/U0/I_PRMRY_DATAMOVER/GEN_S2MM_FULL.I_S2MM_FULL_WRAPPER/I_S2MM_MMAP_SKID_BUF/sig_data_reg_out[63]_i_1/O
                         net (fo=73, routed)          0.976     9.905    design_2_i/cg_fpga_0/inst/cg_axi_vdma_0/U0/I_PRMRY_DATAMOVER/GEN_S2MM_FULL.I_S2MM_FULL_WRAPPER/I_S2MM_MMAP_SKID_BUF/sig_data_reg_out_en
    SLICE_X8Y44          FDRE                                         r  design_2_i/cg_fpga_0/inst/cg_axi_vdma_0/U0/I_PRMRY_DATAMOVER/GEN_S2MM_FULL.I_S2MM_FULL_WRAPPER/I_S2MM_MMAP_SKID_BUF/sig_data_reg_out_reg[2]/CE
  -------------------------------------------------------------------    -------------------

                         (clock clk_fpga_0 rise edge)
                                                     10.000    10.000 r  
    PS7_X0Y0             PS7                          0.000    10.000 r  design_2_i/cg_fpga_0/inst/processing_system7_0/inst/PS7_i/FCLKCLK[0]
                         net (fo=1, routed)           1.088    11.088    design_2_i/cg_fpga_0/inst/processing_system7_0/inst/FCLK_CLK_unbuffered[0]
    BUFGCTRL_X0Y16       BUFG (Prop_bufg_I_O)         0.091    11.179 r  design_2_i/cg_fpga_0/inst/processing_system7_0/inst/buffer_fclk_clk_0.FCLK_CLK_0_BUFG/O
                         net (fo=6935, routed)        1.580    12.759    design_2_i/cg_fpga_0/inst/cg_axi_vdma_0/U0/I_PRMRY_DATAMOVER/GEN_S2MM_FULL.I_S2MM_FULL_WRAPPER/I_S2MM_MMAP_SKID_BUF/s_axi_lite_aclk
    SLICE_X8Y44          FDRE                                         r  design_2_i/cg_fpga_0/inst/cg_axi_vdma_0/U0/I_PRMRY_DATAMOVER/GEN_S2MM_FULL.I_S2MM_FULL_WRAPPER/I_S2MM_MMAP_SKID_BUF/sig_data_reg_out_reg[2]/C
                         clock pessimism              0.230    12.989    
                         clock uncertainty           -0.154    12.835    
    SLICE_X8Y44          FDRE (Setup_fdre_C_CE)      -0.169    12.666    design_2_i/cg_fpga_0/inst/cg_axi_vdma_0/U0/I_PRMRY_DATAMOVER/GEN_S2MM_FULL.I_S2MM_FULL_WRAPPER/I_S2MM_MMAP_SKID_BUF/sig_data_reg_out_reg[2]
  -------------------------------------------------------------------
                         required time                         12.666    
                         arrival time                          -9.905    
  -------------------------------------------------------------------
                         slack                                  2.761    

Slack (MET) :             2.761ns  (required time - arrival time)
  Source:                 design_2_i/cg_fpga_0/inst/axi_mem_intercon/xbar/inst/gen_samd.crossbar_samd/gen_master_slots[0].gen_mi_write.wdata_mux_w/gen_wmux.wmux_aw_fifo/storage_data1_reg[0]/C
                            (rising edge-triggered cell FDRE clocked by clk_fpga_0  {rise@0.000ns fall@5.000ns period=10.000ns})
  Destination:            design_2_i/cg_fpga_0/inst/cg_axi_vdma_0/U0/I_PRMRY_DATAMOVER/GEN_S2MM_FULL.I_S2MM_FULL_WRAPPER/I_S2MM_MMAP_SKID_BUF/sig_data_reg_out_reg[34]/CE
                            (rising edge-triggered cell FDRE clocked by clk_fpga_0  {rise@0.000ns fall@5.000ns period=10.000ns})
  Path Group:             clk_fpga_0
  Path Type:              Setup (Max at Slow Process Corner)
  Requirement:            10.000ns  (clk_fpga_0 rise@10.000ns - clk_fpga_0 rise@0.000ns)
  Data Path Delay:        6.855ns  (logic 1.528ns (22.289%)  route 5.327ns (77.711%))
  Logic Levels:           5  (LUT2=1 LUT3=1 LUT4=1 LUT5=1 LUT6=1)
  Clock Path Skew:        -0.061ns (DCD - SCD + CPR)
    Destination Clock Delay (DCD):    2.759ns = ( 12.759 - 10.000 ) 
    Source Clock Delay      (SCD):    3.050ns
    Clock Pessimism Removal (CPR):    0.230ns
  Clock Uncertainty:      0.154ns  ((TSJ^2 + TIJ^2)^1/2 + DJ) / 2 + PE
    Total System Jitter     (TSJ):    0.071ns
    Total Input Jitter      (TIJ):    0.300ns
    Discrete Jitter          (DJ):    0.000ns
    Phase Error              (PE):    0.000ns

    Location             Delay type                Incr(ns)  Path(ns)    Netlist Resource(s)
  -------------------------------------------------------------------    -------------------
                         (clock clk_fpga_0 rise edge)
                                                      0.000     0.000 r  
    PS7_X0Y0             PS7                          0.000     0.000 r  design_2_i/cg_fpga_0/inst/processing_system7_0/inst/PS7_i/FCLKCLK[0]
                         net (fo=1, routed)           1.193     1.193    design_2_i/cg_fpga_0/inst/processing_system7_0/inst/FCLK_CLK_unbuffered[0]
    BUFGCTRL_X0Y16       BUFG (Prop_bufg_I_O)         0.101     1.294 r  design_2_i/cg_fpga_0/inst/processing_system7_0/inst/buffer_fclk_clk_0.FCLK_CLK_0_BUFG/O
                         net (fo=6935, routed)        1.756     3.050    design_2_i/cg_fpga_0/inst/axi_mem_intercon/xbar/inst/gen_samd.crossbar_samd/gen_master_slots[0].gen_mi_write.wdata_mux_w/gen_wmux.wmux_aw_fifo/aclk
    SLICE_X19Y46         FDRE                                         r  design_2_i/cg_fpga_0/inst/axi_mem_intercon/xbar/inst/gen_samd.crossbar_samd/gen_master_slots[0].gen_mi_write.wdata_mux_w/gen_wmux.wmux_aw_fifo/storage_data1_reg[0]/C
  -------------------------------------------------------------------    -------------------
    SLICE_X19Y46         FDRE (Prop_fdre_C_Q)         0.456     3.506 r  design_2_i/cg_fpga_0/inst/axi_mem_intercon/xbar/inst/gen_samd.crossbar_samd/gen_master_slots[0].gen_mi_write.wdata_mux_w/gen_wmux.wmux_aw_fifo/storage_data1_reg[0]/Q
                         net (fo=77, routed)          1.015     4.521    design_2_i/cg_fpga_0/inst/axi_mem_intercon/xbar/inst/gen_samd.crossbar_samd/gen_master_slots[0].gen_mi_write.wdata_mux_w/gen_wmux.wmux_aw_fifo/gen_srls[0].gen_rep[0].srl_nx1/gen_primitive_shifter.gen_srls[0].srl_inst_0
    SLICE_X18Y44         LUT5 (Prop_lut5_I0_O)        0.124     4.645 r  design_2_i/cg_fpga_0/inst/axi_mem_intercon/xbar/inst/gen_samd.crossbar_samd/gen_master_slots[0].gen_mi_write.wdata_mux_w/gen_wmux.wmux_aw_fifo/gen_srls[0].gen_rep[0].srl_nx1/m_axi_wvalid[0]_INST_0/O
                         net (fo=5, routed)           1.097     5.741    design_2_i/cg_fpga_0/inst/axi_mem_intercon/m00_couplers/auto_pc/inst/gen_axi4_axi3.axi3_conv_inst/USE_WRITE.write_addr_inst/USE_BURSTS.cmd_queue/inst/s_axi_wvalid
    SLICE_X27Y55         LUT3 (Prop_lut3_I2_O)        0.118     5.859 r  design_2_i/cg_fpga_0/inst/axi_mem_intercon/m00_couplers/auto_pc/inst/gen_axi4_axi3.axi3_conv_inst/USE_WRITE.write_addr_inst/USE_BURSTS.cmd_queue/inst/s_axi_wready_INST_0/O
                         net (fo=12, routed)          1.274     7.133    design_2_i/cg_fpga_0/inst/axi_mem_intercon/xbar/inst/gen_samd.crossbar_samd/gen_master_slots[0].gen_mi_write.wdata_mux_w/gen_wmux.wmux_aw_fifo/m_axi_wready[0]
    SLICE_X18Y47         LUT4 (Prop_lut4_I2_O)        0.351     7.484 r  design_2_i/cg_fpga_0/inst/axi_mem_intercon/xbar/inst/gen_samd.crossbar_samd/gen_master_slots[0].gen_mi_write.wdata_mux_w/gen_wmux.wmux_aw_fifo/s_axi_wready[1]_INST_0_i_1/O
                         net (fo=7, routed)           0.499     7.983    design_2_i/cg_fpga_0/inst/axi_mem_intercon/xbar/inst/gen_samd.crossbar_samd/gen_slave_slots[1].gen_si_write.wdata_router_w/wrouter_aw_fifo/gen_primitive_shifter.gen_srls[0].srl_inst_1
    SLICE_X19Y44         LUT6 (Prop_lut6_I1_O)        0.355     8.338 r  design_2_i/cg_fpga_0/inst/axi_mem_intercon/xbar/inst/gen_samd.crossbar_samd/gen_slave_slots[1].gen_si_write.wdata_router_w/wrouter_aw_fifo/s_axi_wready[1]_INST_0/O
                         net (fo=3, routed)           0.467     8.805    design_2_i/cg_fpga_0/inst/cg_axi_vdma_0/U0/I_PRMRY_DATAMOVER/GEN_S2MM_FULL.I_S2MM_FULL_WRAPPER/I_S2MM_MMAP_SKID_BUF/m_axi_s2mm_wready
    SLICE_X20Y43         LUT2 (Prop_lut2_I0_O)        0.124     8.929 r  design_2_i/cg_fpga_0/inst/cg_axi_vdma_0/U0/I_PRMRY_DATAMOVER/GEN_S2MM_FULL.I_S2MM_FULL_WRAPPER/I_S2MM_MMAP_SKID_BUF/sig_data_reg_out[63]_i_1/O
                         net (fo=73, routed)          0.976     9.905    design_2_i/cg_fpga_0/inst/cg_axi_vdma_0/U0/I_PRMRY_DATAMOVER/GEN_S2MM_FULL.I_S2MM_FULL_WRAPPER/I_S2MM_MMAP_SKID_BUF/sig_data_reg_out_en
    SLICE_X8Y44          FDRE                                         r  design_2_i/cg_fpga_0/inst/cg_axi_vdma_0/U0/I_PRMRY_DATAMOVER/GEN_S2MM_FULL.I_S2MM_FULL_WRAPPER/I_S2MM_MMAP_SKID_BUF/sig_data_reg_out_reg[34]/CE
  -------------------------------------------------------------------    -------------------

                         (clock clk_fpga_0 rise edge)
                                                     10.000    10.000 r  
    PS7_X0Y0             PS7                          0.000    10.000 r  design_2_i/cg_fpga_0/inst/processing_system7_0/inst/PS7_i/FCLKCLK[0]
                         net (fo=1, routed)           1.088    11.088    design_2_i/cg_fpga_0/inst/processing_system7_0/inst/FCLK_CLK_unbuffered[0]
    BUFGCTRL_X0Y16       BUFG (Prop_bufg_I_O)         0.091    11.179 r  design_2_i/cg_fpga_0/inst/processing_system7_0/inst/buffer_fclk_clk_0.FCLK_CLK_0_BUFG/O
                         net (fo=6935, routed)        1.580    12.759    design_2_i/cg_fpga_0/inst/cg_axi_vdma_0/U0/I_PRMRY_DATAMOVER/GEN_S2MM_FULL.I_S2MM_FULL_WRAPPER/I_S2MM_MMAP_SKID_BUF/s_axi_lite_aclk
    SLICE_X8Y44          FDRE                                         r  design_2_i/cg_fpga_0/inst/cg_axi_vdma_0/U0/I_PRMRY_DATAMOVER/GEN_S2MM_FULL.I_S2MM_FULL_WRAPPER/I_S2MM_MMAP_SKID_BUF/sig_data_reg_out_reg[34]/C
                         clock pessimism              0.230    12.989    
                         clock uncertainty           -0.154    12.835    
    SLICE_X8Y44          FDRE (Setup_fdre_C_CE)      -0.169    12.666    design_2_i/cg_fpga_0/inst/cg_axi_vdma_0/U0/I_PRMRY_DATAMOVER/GEN_S2MM_FULL.I_S2MM_FULL_WRAPPER/I_S2MM_MMAP_SKID_BUF/sig_data_reg_out_reg[34]
  -------------------------------------------------------------------
                         required time                         12.666    
                         arrival time                          -9.905    
  -------------------------------------------------------------------
                         slack                                  2.761    

Slack (MET) :             2.761ns  (required time - arrival time)
  Source:                 design_2_i/cg_fpga_0/inst/axi_mem_intercon/xbar/inst/gen_samd.crossbar_samd/gen_master_slots[0].gen_mi_write.wdata_mux_w/gen_wmux.wmux_aw_fifo/storage_data1_reg[0]/C
                            (rising edge-triggered cell FDRE clocked by clk_fpga_0  {rise@0.000ns fall@5.000ns period=10.000ns})
  Destination:            design_2_i/cg_fpga_0/inst/cg_axi_vdma_0/U0/I_PRMRY_DATAMOVER/GEN_S2MM_FULL.I_S2MM_FULL_WRAPPER/I_S2MM_MMAP_SKID_BUF/sig_data_reg_out_reg[52]/CE
                            (rising edge-triggered cell FDRE clocked by clk_fpga_0  {rise@0.000ns fall@5.000ns period=10.000ns})
  Path Group:             clk_fpga_0
  Path Type:              Setup (Max at Slow Process Corner)
  Requirement:            10.000ns  (clk_fpga_0 rise@10.000ns - clk_fpga_0 rise@0.000ns)
  Data Path Delay:        6.855ns  (logic 1.528ns (22.289%)  route 5.327ns (77.711%))
  Logic Levels:           5  (LUT2=1 LUT3=1 LUT4=1 LUT5=1 LUT6=1)
  Clock Path Skew:        -0.061ns (DCD - SCD + CPR)
    Destination Clock Delay (DCD):    2.759ns = ( 12.759 - 10.000 ) 
    Source Clock Delay      (SCD):    3.050ns
    Clock Pessimism Removal (CPR):    0.230ns
  Clock Uncertainty:      0.154ns  ((TSJ^2 + TIJ^2)^1/2 + DJ) / 2 + PE
    Total System Jitter     (TSJ):    0.071ns
    Total Input Jitter      (TIJ):    0.300ns
    Discrete Jitter          (DJ):    0.000ns
    Phase Error              (PE):    0.000ns

    Location             Delay type                Incr(ns)  Path(ns)    Netlist Resource(s)
  -------------------------------------------------------------------    -------------------
                         (clock clk_fpga_0 rise edge)
                                                      0.000     0.000 r  
    PS7_X0Y0             PS7                          0.000     0.000 r  design_2_i/cg_fpga_0/inst/processing_system7_0/inst/PS7_i/FCLKCLK[0]
                         net (fo=1, routed)           1.193     1.193    design_2_i/cg_fpga_0/inst/processing_system7_0/inst/FCLK_CLK_unbuffered[0]
    BUFGCTRL_X0Y16       BUFG (Prop_bufg_I_O)         0.101     1.294 r  design_2_i/cg_fpga_0/inst/processing_system7_0/inst/buffer_fclk_clk_0.FCLK_CLK_0_BUFG/O
                         net (fo=6935, routed)        1.756     3.050    design_2_i/cg_fpga_0/inst/axi_mem_intercon/xbar/inst/gen_samd.crossbar_samd/gen_master_slots[0].gen_mi_write.wdata_mux_w/gen_wmux.wmux_aw_fifo/aclk
    SLICE_X19Y46         FDRE                                         r  design_2_i/cg_fpga_0/inst/axi_mem_intercon/xbar/inst/gen_samd.crossbar_samd/gen_master_slots[0].gen_mi_write.wdata_mux_w/gen_wmux.wmux_aw_fifo/storage_data1_reg[0]/C
  -------------------------------------------------------------------    -------------------
    SLICE_X19Y46         FDRE (Prop_fdre_C_Q)         0.456     3.506 r  design_2_i/cg_fpga_0/inst/axi_mem_intercon/xbar/inst/gen_samd.crossbar_samd/gen_master_slots[0].gen_mi_write.wdata_mux_w/gen_wmux.wmux_aw_fifo/storage_data1_reg[0]/Q
                         net (fo=77, routed)          1.015     4.521    design_2_i/cg_fpga_0/inst/axi_mem_intercon/xbar/inst/gen_samd.crossbar_samd/gen_master_slots[0].gen_mi_write.wdata_mux_w/gen_wmux.wmux_aw_fifo/gen_srls[0].gen_rep[0].srl_nx1/gen_primitive_shifter.gen_srls[0].srl_inst_0
    SLICE_X18Y44         LUT5 (Prop_lut5_I0_O)        0.124     4.645 r  design_2_i/cg_fpga_0/inst/axi_mem_intercon/xbar/inst/gen_samd.crossbar_samd/gen_master_slots[0].gen_mi_write.wdata_mux_w/gen_wmux.wmux_aw_fifo/gen_srls[0].gen_rep[0].srl_nx1/m_axi_wvalid[0]_INST_0/O
                         net (fo=5, routed)           1.097     5.741    design_2_i/cg_fpga_0/inst/axi_mem_intercon/m00_couplers/auto_pc/inst/gen_axi4_axi3.axi3_conv_inst/USE_WRITE.write_addr_inst/USE_BURSTS.cmd_queue/inst/s_axi_wvalid
    SLICE_X27Y55         LUT3 (Prop_lut3_I2_O)        0.118     5.859 r  design_2_i/cg_fpga_0/inst/axi_mem_intercon/m00_couplers/auto_pc/inst/gen_axi4_axi3.axi3_conv_inst/USE_WRITE.write_addr_inst/USE_BURSTS.cmd_queue/inst/s_axi_wready_INST_0/O
                         net (fo=12, routed)          1.274     7.133    design_2_i/cg_fpga_0/inst/axi_mem_intercon/xbar/inst/gen_samd.crossbar_samd/gen_master_slots[0].gen_mi_write.wdata_mux_w/gen_wmux.wmux_aw_fifo/m_axi_wready[0]
    SLICE_X18Y47         LUT4 (Prop_lut4_I2_O)        0.351     7.484 r  design_2_i/cg_fpga_0/inst/axi_mem_intercon/xbar/inst/gen_samd.crossbar_samd/gen_master_slots[0].gen_mi_write.wdata_mux_w/gen_wmux.wmux_aw_fifo/s_axi_wready[1]_INST_0_i_1/O
                         net (fo=7, routed)           0.499     7.983    design_2_i/cg_fpga_0/inst/axi_mem_intercon/xbar/inst/gen_samd.crossbar_samd/gen_slave_slots[1].gen_si_write.wdata_router_w/wrouter_aw_fifo/gen_primitive_shifter.gen_srls[0].srl_inst_1
    SLICE_X19Y44         LUT6 (Prop_lut6_I1_O)        0.355     8.338 r  design_2_i/cg_fpga_0/inst/axi_mem_intercon/xbar/inst/gen_samd.crossbar_samd/gen_slave_slots[1].gen_si_write.wdata_router_w/wrouter_aw_fifo/s_axi_wready[1]_INST_0/O
                         net (fo=3, routed)           0.467     8.805    design_2_i/cg_fpga_0/inst/cg_axi_vdma_0/U0/I_PRMRY_DATAMOVER/GEN_S2MM_FULL.I_S2MM_FULL_WRAPPER/I_S2MM_MMAP_SKID_BUF/m_axi_s2mm_wready
    SLICE_X20Y43         LUT2 (Prop_lut2_I0_O)        0.124     8.929 r  design_2_i/cg_fpga_0/inst/cg_axi_vdma_0/U0/I_PRMRY_DATAMOVER/GEN_S2MM_FULL.I_S2MM_FULL_WRAPPER/I_S2MM_MMAP_SKID_BUF/sig_data_reg_out[63]_i_1/O
                         net (fo=73, routed)          0.976     9.905    design_2_i/cg_fpga_0/inst/cg_axi_vdma_0/U0/I_PRMRY_DATAMOVER/GEN_S2MM_FULL.I_S2MM_FULL_WRAPPER/I_S2MM_MMAP_SKID_BUF/sig_data_reg_out_en
    SLICE_X8Y44          FDRE                                         r  design_2_i/cg_fpga_0/inst/cg_axi_vdma_0/U0/I_PRMRY_DATAMOVER/GEN_S2MM_FULL.I_S2MM_FULL_WRAPPER/I_S2MM_MMAP_SKID_BUF/sig_data_reg_out_reg[52]/CE
  -------------------------------------------------------------------    -------------------

                         (clock clk_fpga_0 rise edge)
                                                     10.000    10.000 r  
    PS7_X0Y0             PS7                          0.000    10.000 r  design_2_i/cg_fpga_0/inst/processing_system7_0/inst/PS7_i/FCLKCLK[0]
                         net (fo=1, routed)           1.088    11.088    design_2_i/cg_fpga_0/inst/processing_system7_0/inst/FCLK_CLK_unbuffered[0]
    BUFGCTRL_X0Y16       BUFG (Prop_bufg_I_O)         0.091    11.179 r  design_2_i/cg_fpga_0/inst/processing_system7_0/inst/buffer_fclk_clk_0.FCLK_CLK_0_BUFG/O
                         net (fo=6935, routed)        1.580    12.759    design_2_i/cg_fpga_0/inst/cg_axi_vdma_0/U0/I_PRMRY_DATAMOVER/GEN_S2MM_FULL.I_S2MM_FULL_WRAPPER/I_S2MM_MMAP_SKID_BUF/s_axi_lite_aclk
    SLICE_X8Y44          FDRE                                         r  design_2_i/cg_fpga_0/inst/cg_axi_vdma_0/U0/I_PRMRY_DATAMOVER/GEN_S2MM_FULL.I_S2MM_FULL_WRAPPER/I_S2MM_MMAP_SKID_BUF/sig_data_reg_out_reg[52]/C
                         clock pessimism              0.230    12.989    
                         clock uncertainty           -0.154    12.835    
    SLICE_X8Y44          FDRE (Setup_fdre_C_CE)      -0.169    12.666    design_2_i/cg_fpga_0/inst/cg_axi_vdma_0/U0/I_PRMRY_DATAMOVER/GEN_S2MM_FULL.I_S2MM_FULL_WRAPPER/I_S2MM_MMAP_SKID_BUF/sig_data_reg_out_reg[52]
  -------------------------------------------------------------------
                         required time                         12.666    
                         arrival time                          -9.905    
  -------------------------------------------------------------------
                         slack                                  2.761    

Slack (MET) :             2.779ns  (required time - arrival time)
  Source:                 design_2_i/cg_fpga_0/inst/axi_mem_intercon/xbar/inst/gen_samd.crossbar_samd/gen_master_slots[0].gen_mi_write.wdata_mux_w/gen_wmux.wmux_aw_fifo/storage_data1_reg[0]/C
                            (rising edge-triggered cell FDRE clocked by clk_fpga_0  {rise@0.000ns fall@5.000ns period=10.000ns})
  Destination:            design_2_i/cg_fpga_0/inst/cg_axi_vdma_0/U0/I_PRMRY_DATAMOVER/GEN_S2MM_FULL.I_S2MM_FULL_WRAPPER/I_S2MM_MMAP_SKID_BUF/sig_data_reg_out_reg[15]/CE
                            (rising edge-triggered cell FDRE clocked by clk_fpga_0  {rise@0.000ns fall@5.000ns period=10.000ns})
  Path Group:             clk_fpga_0
  Path Type:              Setup (Max at Slow Process Corner)
  Requirement:            10.000ns  (clk_fpga_0 rise@10.000ns - clk_fpga_0 rise@0.000ns)
  Data Path Delay:        6.838ns  (logic 1.528ns (22.345%)  route 5.310ns (77.655%))
  Logic Levels:           5  (LUT2=1 LUT3=1 LUT4=1 LUT5=1 LUT6=1)
  Clock Path Skew:        -0.060ns (DCD - SCD + CPR)
    Destination Clock Delay (DCD):    2.760ns = ( 12.760 - 10.000 ) 
    Source Clock Delay      (SCD):    3.050ns
    Clock Pessimism Removal (CPR):    0.230ns
  Clock Uncertainty:      0.154ns  ((TSJ^2 + TIJ^2)^1/2 + DJ) / 2 + PE
    Total System Jitter     (TSJ):    0.071ns
    Total Input Jitter      (TIJ):    0.300ns
    Discrete Jitter          (DJ):    0.000ns
    Phase Error              (PE):    0.000ns

    Location             Delay type                Incr(ns)  Path(ns)    Netlist Resource(s)
  -------------------------------------------------------------------    -------------------
                         (clock clk_fpga_0 rise edge)
                                                      0.000     0.000 r  
    PS7_X0Y0             PS7                          0.000     0.000 r  design_2_i/cg_fpga_0/inst/processing_system7_0/inst/PS7_i/FCLKCLK[0]
                         net (fo=1, routed)           1.193     1.193    design_2_i/cg_fpga_0/inst/processing_system7_0/inst/FCLK_CLK_unbuffered[0]
    BUFGCTRL_X0Y16       BUFG (Prop_bufg_I_O)         0.101     1.294 r  design_2_i/cg_fpga_0/inst/processing_system7_0/inst/buffer_fclk_clk_0.FCLK_CLK_0_BUFG/O
                         net (fo=6935, routed)        1.756     3.050    design_2_i/cg_fpga_0/inst/axi_mem_intercon/xbar/inst/gen_samd.crossbar_samd/gen_master_slots[0].gen_mi_write.wdata_mux_w/gen_wmux.wmux_aw_fifo/aclk
    SLICE_X19Y46         FDRE                                         r  design_2_i/cg_fpga_0/inst/axi_mem_intercon/xbar/inst/gen_samd.crossbar_samd/gen_master_slots[0].gen_mi_write.wdata_mux_w/gen_wmux.wmux_aw_fifo/storage_data1_reg[0]/C
  -------------------------------------------------------------------    -------------------
    SLICE_X19Y46         FDRE (Prop_fdre_C_Q)         0.456     3.506 r  design_2_i/cg_fpga_0/inst/axi_mem_intercon/xbar/inst/gen_samd.crossbar_samd/gen_master_slots[0].gen_mi_write.wdata_mux_w/gen_wmux.wmux_aw_fifo/storage_data1_reg[0]/Q
                         net (fo=77, routed)          1.015     4.521    design_2_i/cg_fpga_0/inst/axi_mem_intercon/xbar/inst/gen_samd.crossbar_samd/gen_master_slots[0].gen_mi_write.wdata_mux_w/gen_wmux.wmux_aw_fifo/gen_srls[0].gen_rep[0].srl_nx1/gen_primitive_shifter.gen_srls[0].srl_inst_0
    SLICE_X18Y44         LUT5 (Prop_lut5_I0_O)        0.124     4.645 r  design_2_i/cg_fpga_0/inst/axi_mem_intercon/xbar/inst/gen_samd.crossbar_samd/gen_master_slots[0].gen_mi_write.wdata_mux_w/gen_wmux.wmux_aw_fifo/gen_srls[0].gen_rep[0].srl_nx1/m_axi_wvalid[0]_INST_0/O
                         net (fo=5, routed)           1.097     5.741    design_2_i/cg_fpga_0/inst/axi_mem_intercon/m00_couplers/auto_pc/inst/gen_axi4_axi3.axi3_conv_inst/USE_WRITE.write_addr_inst/USE_BURSTS.cmd_queue/inst/s_axi_wvalid
    SLICE_X27Y55         LUT3 (Prop_lut3_I2_O)        0.118     5.859 r  design_2_i/cg_fpga_0/inst/axi_mem_intercon/m00_couplers/auto_pc/inst/gen_axi4_axi3.axi3_conv_inst/USE_WRITE.write_addr_inst/USE_BURSTS.cmd_queue/inst/s_axi_wready_INST_0/O
                         net (fo=12, routed)          1.274     7.133    design_2_i/cg_fpga_0/inst/axi_mem_intercon/xbar/inst/gen_samd.crossbar_samd/gen_master_slots[0].gen_mi_write.wdata_mux_w/gen_wmux.wmux_aw_fifo/m_axi_wready[0]
    SLICE_X18Y47         LUT4 (Prop_lut4_I2_O)        0.351     7.484 r  design_2_i/cg_fpga_0/inst/axi_mem_intercon/xbar/inst/gen_samd.crossbar_samd/gen_master_slots[0].gen_mi_write.wdata_mux_w/gen_wmux.wmux_aw_fifo/s_axi_wready[1]_INST_0_i_1/O
                         net (fo=7, routed)           0.499     7.983    design_2_i/cg_fpga_0/inst/axi_mem_intercon/xbar/inst/gen_samd.crossbar_samd/gen_slave_slots[1].gen_si_write.wdata_router_w/wrouter_aw_fifo/gen_primitive_shifter.gen_srls[0].srl_inst_1
    SLICE_X19Y44         LUT6 (Prop_lut6_I1_O)        0.355     8.338 r  design_2_i/cg_fpga_0/inst/axi_mem_intercon/xbar/inst/gen_samd.crossbar_samd/gen_slave_slots[1].gen_si_write.wdata_router_w/wrouter_aw_fifo/s_axi_wready[1]_INST_0/O
                         net (fo=3, routed)           0.467     8.805    design_2_i/cg_fpga_0/inst/cg_axi_vdma_0/U0/I_PRMRY_DATAMOVER/GEN_S2MM_FULL.I_S2MM_FULL_WRAPPER/I_S2MM_MMAP_SKID_BUF/m_axi_s2mm_wready
    SLICE_X20Y43         LUT2 (Prop_lut2_I0_O)        0.124     8.929 r  design_2_i/cg_fpga_0/inst/cg_axi_vdma_0/U0/I_PRMRY_DATAMOVER/GEN_S2MM_FULL.I_S2MM_FULL_WRAPPER/I_S2MM_MMAP_SKID_BUF/sig_data_reg_out[63]_i_1/O
                         net (fo=73, routed)          0.959     9.888    design_2_i/cg_fpga_0/inst/cg_axi_vdma_0/U0/I_PRMRY_DATAMOVER/GEN_S2MM_FULL.I_S2MM_FULL_WRAPPER/I_S2MM_MMAP_SKID_BUF/sig_data_reg_out_en
    SLICE_X10Y45         FDRE                                         r  design_2_i/cg_fpga_0/inst/cg_axi_vdma_0/U0/I_PRMRY_DATAMOVER/GEN_S2MM_FULL.I_S2MM_FULL_WRAPPER/I_S2MM_MMAP_SKID_BUF/sig_data_reg_out_reg[15]/CE
  -------------------------------------------------------------------    -------------------

                         (clock clk_fpga_0 rise edge)
                                                     10.000    10.000 r  
    PS7_X0Y0             PS7                          0.000    10.000 r  design_2_i/cg_fpga_0/inst/processing_system7_0/inst/PS7_i/FCLKCLK[0]
                         net (fo=1, routed)           1.088    11.088    design_2_i/cg_fpga_0/inst/processing_system7_0/inst/FCLK_CLK_unbuffered[0]
    BUFGCTRL_X0Y16       BUFG (Prop_bufg_I_O)         0.091    11.179 r  design_2_i/cg_fpga_0/inst/processing_system7_0/inst/buffer_fclk_clk_0.FCLK_CLK_0_BUFG/O
                         net (fo=6935, routed)        1.581    12.760    design_2_i/cg_fpga_0/inst/cg_axi_vdma_0/U0/I_PRMRY_DATAMOVER/GEN_S2MM_FULL.I_S2MM_FULL_WRAPPER/I_S2MM_MMAP_SKID_BUF/s_axi_lite_aclk
    SLICE_X10Y45         FDRE                                         r  design_2_i/cg_fpga_0/inst/cg_axi_vdma_0/U0/I_PRMRY_DATAMOVER/GEN_S2MM_FULL.I_S2MM_FULL_WRAPPER/I_S2MM_MMAP_SKID_BUF/sig_data_reg_out_reg[15]/C
                         clock pessimism              0.230    12.990    
                         clock uncertainty           -0.154    12.836    
    SLICE_X10Y45         FDRE (Setup_fdre_C_CE)      -0.169    12.667    design_2_i/cg_fpga_0/inst/cg_axi_vdma_0/U0/I_PRMRY_DATAMOVER/GEN_S2MM_FULL.I_S2MM_FULL_WRAPPER/I_S2MM_MMAP_SKID_BUF/sig_data_reg_out_reg[15]
  -------------------------------------------------------------------
                         required time                         12.667    
                         arrival time                          -9.888    
  -------------------------------------------------------------------
                         slack                                  2.779    

Slack (MET) :             2.779ns  (required time - arrival time)
  Source:                 design_2_i/cg_fpga_0/inst/axi_mem_intercon/xbar/inst/gen_samd.crossbar_samd/gen_master_slots[0].gen_mi_write.wdata_mux_w/gen_wmux.wmux_aw_fifo/storage_data1_reg[0]/C
                            (rising edge-triggered cell FDRE clocked by clk_fpga_0  {rise@0.000ns fall@5.000ns period=10.000ns})
  Destination:            design_2_i/cg_fpga_0/inst/cg_axi_vdma_0/U0/I_PRMRY_DATAMOVER/GEN_S2MM_FULL.I_S2MM_FULL_WRAPPER/I_S2MM_MMAP_SKID_BUF/sig_data_reg_out_reg[39]/CE
                            (rising edge-triggered cell FDRE clocked by clk_fpga_0  {rise@0.000ns fall@5.000ns period=10.000ns})
  Path Group:             clk_fpga_0
  Path Type:              Setup (Max at Slow Process Corner)
  Requirement:            10.000ns  (clk_fpga_0 rise@10.000ns - clk_fpga_0 rise@0.000ns)
  Data Path Delay:        6.838ns  (logic 1.528ns (22.345%)  route 5.310ns (77.655%))
  Logic Levels:           5  (LUT2=1 LUT3=1 LUT4=1 LUT5=1 LUT6=1)
  Clock Path Skew:        -0.060ns (DCD - SCD + CPR)
    Destination Clock Delay (DCD):    2.760ns = ( 12.760 - 10.000 ) 
    Source Clock Delay      (SCD):    3.050ns
    Clock Pessimism Removal (CPR):    0.230ns
  Clock Uncertainty:      0.154ns  ((TSJ^2 + TIJ^2)^1/2 + DJ) / 2 + PE
    Total System Jitter     (TSJ):    0.071ns
    Total Input Jitter      (TIJ):    0.300ns
    Discrete Jitter          (DJ):    0.000ns
    Phase Error              (PE):    0.000ns

    Location             Delay type                Incr(ns)  Path(ns)    Netlist Resource(s)
  -------------------------------------------------------------------    -------------------
                         (clock clk_fpga_0 rise edge)
                                                      0.000     0.000 r  
    PS7_X0Y0             PS7                          0.000     0.000 r  design_2_i/cg_fpga_0/inst/processing_system7_0/inst/PS7_i/FCLKCLK[0]
                         net (fo=1, routed)           1.193     1.193    design_2_i/cg_fpga_0/inst/processing_system7_0/inst/FCLK_CLK_unbuffered[0]
    BUFGCTRL_X0Y16       BUFG (Prop_bufg_I_O)         0.101     1.294 r  design_2_i/cg_fpga_0/inst/processing_system7_0/inst/buffer_fclk_clk_0.FCLK_CLK_0_BUFG/O
                         net (fo=6935, routed)        1.756     3.050    design_2_i/cg_fpga_0/inst/axi_mem_intercon/xbar/inst/gen_samd.crossbar_samd/gen_master_slots[0].gen_mi_write.wdata_mux_w/gen_wmux.wmux_aw_fifo/aclk
    SLICE_X19Y46         FDRE                                         r  design_2_i/cg_fpga_0/inst/axi_mem_intercon/xbar/inst/gen_samd.crossbar_samd/gen_master_slots[0].gen_mi_write.wdata_mux_w/gen_wmux.wmux_aw_fifo/storage_data1_reg[0]/C
  -------------------------------------------------------------------    -------------------
    SLICE_X19Y46         FDRE (Prop_fdre_C_Q)         0.456     3.506 r  design_2_i/cg_fpga_0/inst/axi_mem_intercon/xbar/inst/gen_samd.crossbar_samd/gen_master_slots[0].gen_mi_write.wdata_mux_w/gen_wmux.wmux_aw_fifo/storage_data1_reg[0]/Q
                         net (fo=77, routed)          1.015     4.521    design_2_i/cg_fpga_0/inst/axi_mem_intercon/xbar/inst/gen_samd.crossbar_samd/gen_master_slots[0].gen_mi_write.wdata_mux_w/gen_wmux.wmux_aw_fifo/gen_srls[0].gen_rep[0].srl_nx1/gen_primitive_shifter.gen_srls[0].srl_inst_0
    SLICE_X18Y44         LUT5 (Prop_lut5_I0_O)        0.124     4.645 r  design_2_i/cg_fpga_0/inst/axi_mem_intercon/xbar/inst/gen_samd.crossbar_samd/gen_master_slots[0].gen_mi_write.wdata_mux_w/gen_wmux.wmux_aw_fifo/gen_srls[0].gen_rep[0].srl_nx1/m_axi_wvalid[0]_INST_0/O
                         net (fo=5, routed)           1.097     5.741    design_2_i/cg_fpga_0/inst/axi_mem_intercon/m00_couplers/auto_pc/inst/gen_axi4_axi3.axi3_conv_inst/USE_WRITE.write_addr_inst/USE_BURSTS.cmd_queue/inst/s_axi_wvalid
    SLICE_X27Y55         LUT3 (Prop_lut3_I2_O)        0.118     5.859 r  design_2_i/cg_fpga_0/inst/axi_mem_intercon/m00_couplers/auto_pc/inst/gen_axi4_axi3.axi3_conv_inst/USE_WRITE.write_addr_inst/USE_BURSTS.cmd_queue/inst/s_axi_wready_INST_0/O
                         net (fo=12, routed)          1.274     7.133    design_2_i/cg_fpga_0/inst/axi_mem_intercon/xbar/inst/gen_samd.crossbar_samd/gen_master_slots[0].gen_mi_write.wdata_mux_w/gen_wmux.wmux_aw_fifo/m_axi_wready[0]
    SLICE_X18Y47         LUT4 (Prop_lut4_I2_O)        0.351     7.484 r  design_2_i/cg_fpga_0/inst/axi_mem_intercon/xbar/inst/gen_samd.crossbar_samd/gen_master_slots[0].gen_mi_write.wdata_mux_w/gen_wmux.wmux_aw_fifo/s_axi_wready[1]_INST_0_i_1/O
                         net (fo=7, routed)           0.499     7.983    design_2_i/cg_fpga_0/inst/axi_mem_intercon/xbar/inst/gen_samd.crossbar_samd/gen_slave_slots[1].gen_si_write.wdata_router_w/wrouter_aw_fifo/gen_primitive_shifter.gen_srls[0].srl_inst_1
    SLICE_X19Y44         LUT6 (Prop_lut6_I1_O)        0.355     8.338 r  design_2_i/cg_fpga_0/inst/axi_mem_intercon/xbar/inst/gen_samd.crossbar_samd/gen_slave_slots[1].gen_si_write.wdata_router_w/wrouter_aw_fifo/s_axi_wready[1]_INST_0/O
                         net (fo=3, routed)           0.467     8.805    design_2_i/cg_fpga_0/inst/cg_axi_vdma_0/U0/I_PRMRY_DATAMOVER/GEN_S2MM_FULL.I_S2MM_FULL_WRAPPER/I_S2MM_MMAP_SKID_BUF/m_axi_s2mm_wready
    SLICE_X20Y43         LUT2 (Prop_lut2_I0_O)        0.124     8.929 r  design_2_i/cg_fpga_0/inst/cg_axi_vdma_0/U0/I_PRMRY_DATAMOVER/GEN_S2MM_FULL.I_S2MM_FULL_WRAPPER/I_S2MM_MMAP_SKID_BUF/sig_data_reg_out[63]_i_1/O
                         net (fo=73, routed)          0.959     9.888    design_2_i/cg_fpga_0/inst/cg_axi_vdma_0/U0/I_PRMRY_DATAMOVER/GEN_S2MM_FULL.I_S2MM_FULL_WRAPPER/I_S2MM_MMAP_SKID_BUF/sig_data_reg_out_en
    SLICE_X10Y45         FDRE                                         r  design_2_i/cg_fpga_0/inst/cg_axi_vdma_0/U0/I_PRMRY_DATAMOVER/GEN_S2MM_FULL.I_S2MM_FULL_WRAPPER/I_S2MM_MMAP_SKID_BUF/sig_data_reg_out_reg[39]/CE
  -------------------------------------------------------------------    -------------------

                         (clock clk_fpga_0 rise edge)
                                                     10.000    10.000 r  
    PS7_X0Y0             PS7                          0.000    10.000 r  design_2_i/cg_fpga_0/inst/processing_system7_0/inst/PS7_i/FCLKCLK[0]
                         net (fo=1, routed)           1.088    11.088    design_2_i/cg_fpga_0/inst/processing_system7_0/inst/FCLK_CLK_unbuffered[0]
    BUFGCTRL_X0Y16       BUFG (Prop_bufg_I_O)         0.091    11.179 r  design_2_i/cg_fpga_0/inst/processing_system7_0/inst/buffer_fclk_clk_0.FCLK_CLK_0_BUFG/O
                         net (fo=6935, routed)        1.581    12.760    design_2_i/cg_fpga_0/inst/cg_axi_vdma_0/U0/I_PRMRY_DATAMOVER/GEN_S2MM_FULL.I_S2MM_FULL_WRAPPER/I_S2MM_MMAP_SKID_BUF/s_axi_lite_aclk
    SLICE_X10Y45         FDRE                                         r  design_2_i/cg_fpga_0/inst/cg_axi_vdma_0/U0/I_PRMRY_DATAMOVER/GEN_S2MM_FULL.I_S2MM_FULL_WRAPPER/I_S2MM_MMAP_SKID_BUF/sig_data_reg_out_reg[39]/C
                         clock pessimism              0.230    12.990    
                         clock uncertainty           -0.154    12.836    
    SLICE_X10Y45         FDRE (Setup_fdre_C_CE)      -0.169    12.667    design_2_i/cg_fpga_0/inst/cg_axi_vdma_0/U0/I_PRMRY_DATAMOVER/GEN_S2MM_FULL.I_S2MM_FULL_WRAPPER/I_S2MM_MMAP_SKID_BUF/sig_data_reg_out_reg[39]
  -------------------------------------------------------------------
                         required time                         12.667    
                         arrival time                          -9.888    
  -------------------------------------------------------------------
                         slack                                  2.779    

Slack (MET) :             2.779ns  (required time - arrival time)
  Source:                 design_2_i/cg_fpga_0/inst/axi_mem_intercon/xbar/inst/gen_samd.crossbar_samd/gen_master_slots[0].gen_mi_write.wdata_mux_w/gen_wmux.wmux_aw_fifo/storage_data1_reg[0]/C
                            (rising edge-triggered cell FDRE clocked by clk_fpga_0  {rise@0.000ns fall@5.000ns period=10.000ns})
  Destination:            design_2_i/cg_fpga_0/inst/cg_axi_vdma_0/U0/I_PRMRY_DATAMOVER/GEN_S2MM_FULL.I_S2MM_FULL_WRAPPER/I_S2MM_MMAP_SKID_BUF/sig_data_reg_out_reg[47]/CE
                            (rising edge-triggered cell FDRE clocked by clk_fpga_0  {rise@0.000ns fall@5.000ns period=10.000ns})
  Path Group:             clk_fpga_0
  Path Type:              Setup (Max at Slow Process Corner)
  Requirement:            10.000ns  (clk_fpga_0 rise@10.000ns - clk_fpga_0 rise@0.000ns)
  Data Path Delay:        6.838ns  (logic 1.528ns (22.345%)  route 5.310ns (77.655%))
  Logic Levels:           5  (LUT2=1 LUT3=1 LUT4=1 LUT5=1 LUT6=1)
  Clock Path Skew:        -0.060ns (DCD - SCD + CPR)
    Destination Clock Delay (DCD):    2.760ns = ( 12.760 - 10.000 ) 
    Source Clock Delay      (SCD):    3.050ns
    Clock Pessimism Removal (CPR):    0.230ns
  Clock Uncertainty:      0.154ns  ((TSJ^2 + TIJ^2)^1/2 + DJ) / 2 + PE
    Total System Jitter     (TSJ):    0.071ns
    Total Input Jitter      (TIJ):    0.300ns
    Discrete Jitter          (DJ):    0.000ns
    Phase Error              (PE):    0.000ns

    Location             Delay type                Incr(ns)  Path(ns)    Netlist Resource(s)
  -------------------------------------------------------------------    -------------------
                         (clock clk_fpga_0 rise edge)
                                                      0.000     0.000 r  
    PS7_X0Y0             PS7                          0.000     0.000 r  design_2_i/cg_fpga_0/inst/processing_system7_0/inst/PS7_i/FCLKCLK[0]
                         net (fo=1, routed)           1.193     1.193    design_2_i/cg_fpga_0/inst/processing_system7_0/inst/FCLK_CLK_unbuffered[0]
    BUFGCTRL_X0Y16       BUFG (Prop_bufg_I_O)         0.101     1.294 r  design_2_i/cg_fpga_0/inst/processing_system7_0/inst/buffer_fclk_clk_0.FCLK_CLK_0_BUFG/O
                         net (fo=6935, routed)        1.756     3.050    design_2_i/cg_fpga_0/inst/axi_mem_intercon/xbar/inst/gen_samd.crossbar_samd/gen_master_slots[0].gen_mi_write.wdata_mux_w/gen_wmux.wmux_aw_fifo/aclk
    SLICE_X19Y46         FDRE                                         r  design_2_i/cg_fpga_0/inst/axi_mem_intercon/xbar/inst/gen_samd.crossbar_samd/gen_master_slots[0].gen_mi_write.wdata_mux_w/gen_wmux.wmux_aw_fifo/storage_data1_reg[0]/C
  -------------------------------------------------------------------    -------------------
    SLICE_X19Y46         FDRE (Prop_fdre_C_Q)         0.456     3.506 r  design_2_i/cg_fpga_0/inst/axi_mem_intercon/xbar/inst/gen_samd.crossbar_samd/gen_master_slots[0].gen_mi_write.wdata_mux_w/gen_wmux.wmux_aw_fifo/storage_data1_reg[0]/Q
                         net (fo=77, routed)          1.015     4.521    design_2_i/cg_fpga_0/inst/axi_mem_intercon/xbar/inst/gen_samd.crossbar_samd/gen_master_slots[0].gen_mi_write.wdata_mux_w/gen_wmux.wmux_aw_fifo/gen_srls[0].gen_rep[0].srl_nx1/gen_primitive_shifter.gen_srls[0].srl_inst_0
    SLICE_X18Y44         LUT5 (Prop_lut5_I0_O)        0.124     4.645 r  design_2_i/cg_fpga_0/inst/axi_mem_intercon/xbar/inst/gen_samd.crossbar_samd/gen_master_slots[0].gen_mi_write.wdata_mux_w/gen_wmux.wmux_aw_fifo/gen_srls[0].gen_rep[0].srl_nx1/m_axi_wvalid[0]_INST_0/O
                         net (fo=5, routed)           1.097     5.741    design_2_i/cg_fpga_0/inst/axi_mem_intercon/m00_couplers/auto_pc/inst/gen_axi4_axi3.axi3_conv_inst/USE_WRITE.write_addr_inst/USE_BURSTS.cmd_queue/inst/s_axi_wvalid
    SLICE_X27Y55         LUT3 (Prop_lut3_I2_O)        0.118     5.859 r  design_2_i/cg_fpga_0/inst/axi_mem_intercon/m00_couplers/auto_pc/inst/gen_axi4_axi3.axi3_conv_inst/USE_WRITE.write_addr_inst/USE_BURSTS.cmd_queue/inst/s_axi_wready_INST_0/O
                         net (fo=12, routed)          1.274     7.133    design_2_i/cg_fpga_0/inst/axi_mem_intercon/xbar/inst/gen_samd.crossbar_samd/gen_master_slots[0].gen_mi_write.wdata_mux_w/gen_wmux.wmux_aw_fifo/m_axi_wready[0]
    SLICE_X18Y47         LUT4 (Prop_lut4_I2_O)        0.351     7.484 r  design_2_i/cg_fpga_0/inst/axi_mem_intercon/xbar/inst/gen_samd.crossbar_samd/gen_master_slots[0].gen_mi_write.wdata_mux_w/gen_wmux.wmux_aw_fifo/s_axi_wready[1]_INST_0_i_1/O
                         net (fo=7, routed)           0.499     7.983    design_2_i/cg_fpga_0/inst/axi_mem_intercon/xbar/inst/gen_samd.crossbar_samd/gen_slave_slots[1].gen_si_write.wdata_router_w/wrouter_aw_fifo/gen_primitive_shifter.gen_srls[0].srl_inst_1
    SLICE_X19Y44         LUT6 (Prop_lut6_I1_O)        0.355     8.338 r  design_2_i/cg_fpga_0/inst/axi_mem_intercon/xbar/inst/gen_samd.crossbar_samd/gen_slave_slots[1].gen_si_write.wdata_router_w/wrouter_aw_fifo/s_axi_wready[1]_INST_0/O
                         net (fo=3, routed)           0.467     8.805    design_2_i/cg_fpga_0/inst/cg_axi_vdma_0/U0/I_PRMRY_DATAMOVER/GEN_S2MM_FULL.I_S2MM_FULL_WRAPPER/I_S2MM_MMAP_SKID_BUF/m_axi_s2mm_wready
    SLICE_X20Y43         LUT2 (Prop_lut2_I0_O)        0.124     8.929 r  design_2_i/cg_fpga_0/inst/cg_axi_vdma_0/U0/I_PRMRY_DATAMOVER/GEN_S2MM_FULL.I_S2MM_FULL_WRAPPER/I_S2MM_MMAP_SKID_BUF/sig_data_reg_out[63]_i_1/O
                         net (fo=73, routed)          0.959     9.888    design_2_i/cg_fpga_0/inst/cg_axi_vdma_0/U0/I_PRMRY_DATAMOVER/GEN_S2MM_FULL.I_S2MM_FULL_WRAPPER/I_S2MM_MMAP_SKID_BUF/sig_data_reg_out_en
    SLICE_X10Y45         FDRE                                         r  design_2_i/cg_fpga_0/inst/cg_axi_vdma_0/U0/I_PRMRY_DATAMOVER/GEN_S2MM_FULL.I_S2MM_FULL_WRAPPER/I_S2MM_MMAP_SKID_BUF/sig_data_reg_out_reg[47]/CE
  -------------------------------------------------------------------    -------------------

                         (clock clk_fpga_0 rise edge)
                                                     10.000    10.000 r  
    PS7_X0Y0             PS7                          0.000    10.000 r  design_2_i/cg_fpga_0/inst/processing_system7_0/inst/PS7_i/FCLKCLK[0]
                         net (fo=1, routed)           1.088    11.088    design_2_i/cg_fpga_0/inst/processing_system7_0/inst/FCLK_CLK_unbuffered[0]
    BUFGCTRL_X0Y16       BUFG (Prop_bufg_I_O)         0.091    11.179 r  design_2_i/cg_fpga_0/inst/processing_system7_0/inst/buffer_fclk_clk_0.FCLK_CLK_0_BUFG/O
                         net (fo=6935, routed)        1.581    12.760    design_2_i/cg_fpga_0/inst/cg_axi_vdma_0/U0/I_PRMRY_DATAMOVER/GEN_S2MM_FULL.I_S2MM_FULL_WRAPPER/I_S2MM_MMAP_SKID_BUF/s_axi_lite_aclk
    SLICE_X10Y45         FDRE                                         r  design_2_i/cg_fpga_0/inst/cg_axi_vdma_0/U0/I_PRMRY_DATAMOVER/GEN_S2MM_FULL.I_S2MM_FULL_WRAPPER/I_S2MM_MMAP_SKID_BUF/sig_data_reg_out_reg[47]/C
                         clock pessimism              0.230    12.990    
                         clock uncertainty           -0.154    12.836    
    SLICE_X10Y45         FDRE (Setup_fdre_C_CE)      -0.169    12.667    design_2_i/cg_fpga_0/inst/cg_axi_vdma_0/U0/I_PRMRY_DATAMOVER/GEN_S2MM_FULL.I_S2MM_FULL_WRAPPER/I_S2MM_MMAP_SKID_BUF/sig_data_reg_out_reg[47]
  -------------------------------------------------------------------
                         required time                         12.667    
                         arrival time                          -9.888    
  -------------------------------------------------------------------
                         slack                                  2.779    





Min Delay Paths
--------------------------------------------------------------------------------------
Slack (MET) :             0.030ns  (arrival time - required time)
  Source:                 design_2_i/cg_fpga_0/inst/cg_axi_vdma_0/U0/GEN_SPRT_FOR_MM2S.MM2S_REGISTER_MODULE_I/GEN_REG_DIRECT_MODE.REGDIRECT_I/GEN_NUM_FSTORES_3.reg_module_start_address2_i_reg[18]/C
                            (rising edge-triggered cell FDRE clocked by clk_fpga_0  {rise@0.000ns fall@5.000ns period=10.000ns})
  Destination:            design_2_i/cg_fpga_0/inst/cg_axi_vdma_0/U0/GEN_SPRT_FOR_MM2S.ADDR32.I_MM2S_DMA_MNGR/VIDEO_REG_I/GEN_REGISTER_DIRECT.GEN_REGDIRECT_DRES.VIDREGISTER_I/GEN_START_ADDR_REG[1].start_address_vid_reg[1][18]/D
                            (rising edge-triggered cell FDRE clocked by clk_fpga_0  {rise@0.000ns fall@5.000ns period=10.000ns})
  Path Group:             clk_fpga_0
  Path Type:              Hold (Min at Fast Process Corner)
  Requirement:            0.000ns  (clk_fpga_0 rise@0.000ns - clk_fpga_0 rise@0.000ns)
  Data Path Delay:        0.357ns  (logic 0.141ns (39.492%)  route 0.216ns (60.508%))
  Logic Levels:           0  
  Clock Path Skew:        0.257ns (DCD - SCD - CPR)
    Destination Clock Delay (DCD):    1.179ns
    Source Clock Delay      (SCD):    0.887ns
    Clock Pessimism Removal (CPR):    0.035ns

    Location             Delay type                Incr(ns)  Path(ns)    Netlist Resource(s)
  -------------------------------------------------------------------    -------------------
                         (clock clk_fpga_0 rise edge)
                                                      0.000     0.000 r  
    PS7_X0Y0             PS7                          0.000     0.000 r  design_2_i/cg_fpga_0/inst/processing_system7_0/inst/PS7_i/FCLKCLK[0]
                         net (fo=1, routed)           0.310     0.310    design_2_i/cg_fpga_0/inst/processing_system7_0/inst/FCLK_CLK_unbuffered[0]
    BUFGCTRL_X0Y16       BUFG (Prop_bufg_I_O)         0.026     0.336 r  design_2_i/cg_fpga_0/inst/processing_system7_0/inst/buffer_fclk_clk_0.FCLK_CLK_0_BUFG/O
                         net (fo=6935, routed)        0.551     0.887    design_2_i/cg_fpga_0/inst/cg_axi_vdma_0/U0/GEN_SPRT_FOR_MM2S.MM2S_REGISTER_MODULE_I/GEN_REG_DIRECT_MODE.REGDIRECT_I/s_axi_lite_aclk
    SLICE_X49Y65         FDRE                                         r  design_2_i/cg_fpga_0/inst/cg_axi_vdma_0/U0/GEN_SPRT_FOR_MM2S.MM2S_REGISTER_MODULE_I/GEN_REG_DIRECT_MODE.REGDIRECT_I/GEN_NUM_FSTORES_3.reg_module_start_address2_i_reg[18]/C
  -------------------------------------------------------------------    -------------------
    SLICE_X49Y65         FDRE (Prop_fdre_C_Q)         0.141     1.028 r  design_2_i/cg_fpga_0/inst/cg_axi_vdma_0/U0/GEN_SPRT_FOR_MM2S.MM2S_REGISTER_MODULE_I/GEN_REG_DIRECT_MODE.REGDIRECT_I/GEN_NUM_FSTORES_3.reg_module_start_address2_i_reg[18]/Q
                         net (fo=2, routed)           0.216     1.244    design_2_i/cg_fpga_0/inst/cg_axi_vdma_0/U0/GEN_SPRT_FOR_MM2S.ADDR32.I_MM2S_DMA_MNGR/VIDEO_REG_I/GEN_REGISTER_DIRECT.GEN_REGDIRECT_DRES.VIDREGISTER_I/GEN_START_ADDR_REG[1].start_address_vid_reg[1][31]_0[18]
    SLICE_X51Y66         FDRE                                         r  design_2_i/cg_fpga_0/inst/cg_axi_vdma_0/U0/GEN_SPRT_FOR_MM2S.ADDR32.I_MM2S_DMA_MNGR/VIDEO_REG_I/GEN_REGISTER_DIRECT.GEN_REGDIRECT_DRES.VIDREGISTER_I/GEN_START_ADDR_REG[1].start_address_vid_reg[1][18]/D
  -------------------------------------------------------------------    -------------------

                         (clock clk_fpga_0 rise edge)
                                                      0.000     0.000 r  
    PS7_X0Y0             PS7                          0.000     0.000 r  design_2_i/cg_fpga_0/inst/processing_system7_0/inst/PS7_i/FCLKCLK[0]
                         net (fo=1, routed)           0.337     0.337    design_2_i/cg_fpga_0/inst/processing_system7_0/inst/FCLK_CLK_unbuffered[0]
    BUFGCTRL_X0Y16       BUFG (Prop_bufg_I_O)         0.029     0.366 r  design_2_i/cg_fpga_0/inst/processing_system7_0/inst/buffer_fclk_clk_0.FCLK_CLK_0_BUFG/O
                         net (fo=6935, routed)        0.813     1.179    design_2_i/cg_fpga_0/inst/cg_axi_vdma_0/U0/GEN_SPRT_FOR_MM2S.ADDR32.I_MM2S_DMA_MNGR/VIDEO_REG_I/GEN_REGISTER_DIRECT.GEN_REGDIRECT_DRES.VIDREGISTER_I/s_axi_lite_aclk
    SLICE_X51Y66         FDRE                                         r  design_2_i/cg_fpga_0/inst/cg_axi_vdma_0/U0/GEN_SPRT_FOR_MM2S.ADDR32.I_MM2S_DMA_MNGR/VIDEO_REG_I/GEN_REGISTER_DIRECT.GEN_REGDIRECT_DRES.VIDREGISTER_I/GEN_START_ADDR_REG[1].start_address_vid_reg[1][18]/C
                         clock pessimism             -0.035     1.144    
    SLICE_X51Y66         FDRE (Hold_fdre_C_D)         0.070     1.214    design_2_i/cg_fpga_0/inst/cg_axi_vdma_0/U0/GEN_SPRT_FOR_MM2S.ADDR32.I_MM2S_DMA_MNGR/VIDEO_REG_I/GEN_REGISTER_DIRECT.GEN_REGDIRECT_DRES.VIDREGISTER_I/GEN_START_ADDR_REG[1].start_address_vid_reg[1][18]
  -------------------------------------------------------------------
                         required time                         -1.214    
                         arrival time                           1.244    
  -------------------------------------------------------------------
                         slack                                  0.030    

Slack (MET) :             0.030ns  (arrival time - required time)
  Source:                 design_2_i/cg_fpga_0/inst/cg_axi_vdma_0/U0/I_PRMRY_DATAMOVER/GEN_S2MM_FULL.I_S2MM_FULL_WRAPPER/GEN_ENABLE_INDET_BTT_SF.I_INDET_BTT/INCLUDE_PACKING.DO_REG_SLICES[1].lsig_data_slice_reg_reg[1][9]/C
                            (rising edge-triggered cell FDRE clocked by clk_fpga_0  {rise@0.000ns fall@5.000ns period=10.000ns})
  Destination:            design_2_i/cg_fpga_0/inst/cg_axi_vdma_0/U0/I_PRMRY_DATAMOVER/GEN_S2MM_FULL.I_S2MM_FULL_WRAPPER/GEN_ENABLE_INDET_BTT_SF.I_INDET_BTT/I_DATA_FIFO/BLK_MEM.I_SYNC_FIFOGEN_FIFO/xpm_fifo_instance.xpm_fifo_sync_inst/xpm_fifo_base_inst/gen_sdpram.xpm_memory_base_inst/gen_wr_a.gen_word_narrow.mem_reg_0/DIBDI[9]
                            (rising edge-triggered cell RAMB36E1 clocked by clk_fpga_0  {rise@0.000ns fall@5.000ns period=10.000ns})
  Path Group:             clk_fpga_0
  Path Type:              Hold (Min at Fast Process Corner)
  Requirement:            0.000ns  (clk_fpga_0 rise@0.000ns - clk_fpga_0 rise@0.000ns)
  Data Path Delay:        0.350ns  (logic 0.128ns (36.520%)  route 0.222ns (63.480%))
  Logic Levels:           0  
  Clock Path Skew:        0.077ns (DCD - SCD - CPR)
    Destination Clock Delay (DCD):    1.268ns
    Source Clock Delay      (SCD):    0.928ns
    Clock Pessimism Removal (CPR):    0.263ns

    Location             Delay type                Incr(ns)  Path(ns)    Netlist Resource(s)
  -------------------------------------------------------------------    -------------------
                         (clock clk_fpga_0 rise edge)
                                                      0.000     0.000 r  
    PS7_X0Y0             PS7                          0.000     0.000 r  design_2_i/cg_fpga_0/inst/processing_system7_0/inst/PS7_i/FCLKCLK[0]
                         net (fo=1, routed)           0.310     0.310    design_2_i/cg_fpga_0/inst/processing_system7_0/inst/FCLK_CLK_unbuffered[0]
    BUFGCTRL_X0Y16       BUFG (Prop_bufg_I_O)         0.026     0.336 r  design_2_i/cg_fpga_0/inst/processing_system7_0/inst/buffer_fclk_clk_0.FCLK_CLK_0_BUFG/O
                         net (fo=6935, routed)        0.592     0.928    design_2_i/cg_fpga_0/inst/cg_axi_vdma_0/U0/I_PRMRY_DATAMOVER/GEN_S2MM_FULL.I_S2MM_FULL_WRAPPER/GEN_ENABLE_INDET_BTT_SF.I_INDET_BTT/s_axi_lite_aclk
    SLICE_X11Y36         FDRE                                         r  design_2_i/cg_fpga_0/inst/cg_axi_vdma_0/U0/I_PRMRY_DATAMOVER/GEN_S2MM_FULL.I_S2MM_FULL_WRAPPER/GEN_ENABLE_INDET_BTT_SF.I_INDET_BTT/INCLUDE_PACKING.DO_REG_SLICES[1].lsig_data_slice_reg_reg[1][9]/C
  -------------------------------------------------------------------    -------------------
    SLICE_X11Y36         FDRE (Prop_fdre_C_Q)         0.128     1.056 r  design_2_i/cg_fpga_0/inst/cg_axi_vdma_0/U0/I_PRMRY_DATAMOVER/GEN_S2MM_FULL.I_S2MM_FULL_WRAPPER/GEN_ENABLE_INDET_BTT_SF.I_INDET_BTT/INCLUDE_PACKING.DO_REG_SLICES[1].lsig_data_slice_reg_reg[1][9]/Q
                         net (fo=1, routed)           0.222     1.278    design_2_i/cg_fpga_0/inst/cg_axi_vdma_0/U0/I_PRMRY_DATAMOVER/GEN_S2MM_FULL.I_S2MM_FULL_WRAPPER/GEN_ENABLE_INDET_BTT_SF.I_INDET_BTT/I_DATA_FIFO/BLK_MEM.I_SYNC_FIFOGEN_FIFO/xpm_fifo_instance.xpm_fifo_sync_inst/xpm_fifo_base_inst/gen_sdpram.xpm_memory_base_inst/dina[41]
    RAMB36_X0Y7          RAMB36E1                                     r  design_2_i/cg_fpga_0/inst/cg_axi_vdma_0/U0/I_PRMRY_DATAMOVER/GEN_S2MM_FULL.I_S2MM_FULL_WRAPPER/GEN_ENABLE_INDET_BTT_SF.I_INDET_BTT/I_DATA_FIFO/BLK_MEM.I_SYNC_FIFOGEN_FIFO/xpm_fifo_instance.xpm_fifo_sync_inst/xpm_fifo_base_inst/gen_sdpram.xpm_memory_base_inst/gen_wr_a.gen_word_narrow.mem_reg_0/DIBDI[9]
  -------------------------------------------------------------------    -------------------

                         (clock clk_fpga_0 rise edge)
                                                      0.000     0.000 r  
    PS7_X0Y0             PS7                          0.000     0.000 r  design_2_i/cg_fpga_0/inst/processing_system7_0/inst/PS7_i/FCLKCLK[0]
                         net (fo=1, routed)           0.337     0.337    design_2_i/cg_fpga_0/inst/processing_system7_0/inst/FCLK_CLK_unbuffered[0]
    BUFGCTRL_X0Y16       BUFG (Prop_bufg_I_O)         0.029     0.366 r  design_2_i/cg_fpga_0/inst/processing_system7_0/inst/buffer_fclk_clk_0.FCLK_CLK_0_BUFG/O
                         net (fo=6935, routed)        0.902     1.268    design_2_i/cg_fpga_0/inst/cg_axi_vdma_0/U0/I_PRMRY_DATAMOVER/GEN_S2MM_FULL.I_S2MM_FULL_WRAPPER/GEN_ENABLE_INDET_BTT_SF.I_INDET_BTT/I_DATA_FIFO/BLK_MEM.I_SYNC_FIFOGEN_FIFO/xpm_fifo_instance.xpm_fifo_sync_inst/xpm_fifo_base_inst/gen_sdpram.xpm_memory_base_inst/clka
    RAMB36_X0Y7          RAMB36E1                                     r  design_2_i/cg_fpga_0/inst/cg_axi_vdma_0/U0/I_PRMRY_DATAMOVER/GEN_S2MM_FULL.I_S2MM_FULL_WRAPPER/GEN_ENABLE_INDET_BTT_SF.I_INDET_BTT/I_DATA_FIFO/BLK_MEM.I_SYNC_FIFOGEN_FIFO/xpm_fifo_instance.xpm_fifo_sync_inst/xpm_fifo_base_inst/gen_sdpram.xpm_memory_base_inst/gen_wr_a.gen_word_narrow.mem_reg_0/CLKBWRCLK
                         clock pessimism             -0.263     1.005    
    RAMB36_X0Y7          RAMB36E1 (Hold_ramb36e1_CLKBWRCLK_DIBDI[9])
                                                      0.243     1.248    design_2_i/cg_fpga_0/inst/cg_axi_vdma_0/U0/I_PRMRY_DATAMOVER/GEN_S2MM_FULL.I_S2MM_FULL_WRAPPER/GEN_ENABLE_INDET_BTT_SF.I_INDET_BTT/I_DATA_FIFO/BLK_MEM.I_SYNC_FIFOGEN_FIFO/xpm_fifo_instance.xpm_fifo_sync_inst/xpm_fifo_base_inst/gen_sdpram.xpm_memory_base_inst/gen_wr_a.gen_word_narrow.mem_reg_0
  -------------------------------------------------------------------
                         required time                         -1.248    
                         arrival time                           1.278    
  -------------------------------------------------------------------
                         slack                                  0.030    

Slack (MET) :             0.031ns  (arrival time - required time)
  Source:                 design_2_i/cg_fpga_0/inst/cg_axi_vdma_0/U0/GEN_SPRT_FOR_S2MM.S2MM_REGISTER_MODULE_I/GEN_REG_DIRECT_MODE.REGDIRECT_I/DM_GEN_DLYSTRIDE_REGISTER.reg_module_strid_reg[13]/C
                            (rising edge-triggered cell FDRE clocked by clk_fpga_0  {rise@0.000ns fall@5.000ns period=10.000ns})
  Destination:            design_2_i/cg_fpga_0/inst/cg_axi_vdma_0/U0/GEN_SPRT_FOR_S2MM.S2MMADDR32.I_S2MM_DMA_MNGR/VIDEO_REG_I/GEN_REGISTER_DIRECT.GEN_REGDIRECT_DRES.VIDREGISTER_I/stride_vid_reg[13]/D
                            (rising edge-triggered cell FDRE clocked by clk_fpga_0  {rise@0.000ns fall@5.000ns period=10.000ns})
  Path Group:             clk_fpga_0
  Path Type:              Hold (Min at Fast Process Corner)
  Requirement:            0.000ns  (clk_fpga_0 rise@0.000ns - clk_fpga_0 rise@0.000ns)
  Data Path Delay:        0.376ns  (logic 0.141ns (37.490%)  route 0.235ns (62.510%))
  Logic Levels:           0  
  Clock Path Skew:        0.273ns (DCD - SCD - CPR)
    Destination Clock Delay (DCD):    1.196ns
    Source Clock Delay      (SCD):    0.893ns
    Clock Pessimism Removal (CPR):    0.030ns

    Location             Delay type                Incr(ns)  Path(ns)    Netlist Resource(s)
  -------------------------------------------------------------------    -------------------
                         (clock clk_fpga_0 rise edge)
                                                      0.000     0.000 r  
    PS7_X0Y0             PS7                          0.000     0.000 r  design_2_i/cg_fpga_0/inst/processing_system7_0/inst/PS7_i/FCLKCLK[0]
                         net (fo=1, routed)           0.310     0.310    design_2_i/cg_fpga_0/inst/processing_system7_0/inst/FCLK_CLK_unbuffered[0]
    BUFGCTRL_X0Y16       BUFG (Prop_bufg_I_O)         0.026     0.336 r  design_2_i/cg_fpga_0/inst/processing_system7_0/inst/buffer_fclk_clk_0.FCLK_CLK_0_BUFG/O
                         net (fo=6935, routed)        0.557     0.893    design_2_i/cg_fpga_0/inst/cg_axi_vdma_0/U0/GEN_SPRT_FOR_S2MM.S2MM_REGISTER_MODULE_I/GEN_REG_DIRECT_MODE.REGDIRECT_I/s_axi_lite_aclk
    SLICE_X43Y50         FDRE                                         r  design_2_i/cg_fpga_0/inst/cg_axi_vdma_0/U0/GEN_SPRT_FOR_S2MM.S2MM_REGISTER_MODULE_I/GEN_REG_DIRECT_MODE.REGDIRECT_I/DM_GEN_DLYSTRIDE_REGISTER.reg_module_strid_reg[13]/C
  -------------------------------------------------------------------    -------------------
    SLICE_X43Y50         FDRE (Prop_fdre_C_Q)         0.141     1.034 r  design_2_i/cg_fpga_0/inst/cg_axi_vdma_0/U0/GEN_SPRT_FOR_S2MM.S2MM_REGISTER_MODULE_I/GEN_REG_DIRECT_MODE.REGDIRECT_I/DM_GEN_DLYSTRIDE_REGISTER.reg_module_strid_reg[13]/Q
                         net (fo=2, routed)           0.235     1.269    design_2_i/cg_fpga_0/inst/cg_axi_vdma_0/U0/GEN_SPRT_FOR_S2MM.S2MMADDR32.I_S2MM_DMA_MNGR/VIDEO_REG_I/GEN_REGISTER_DIRECT.GEN_REGDIRECT_DRES.VIDREGISTER_I/stride_vid_reg[15]_2[13]
    SLICE_X43Y49         FDRE                                         r  design_2_i/cg_fpga_0/inst/cg_axi_vdma_0/U0/GEN_SPRT_FOR_S2MM.S2MMADDR32.I_S2MM_DMA_MNGR/VIDEO_REG_I/GEN_REGISTER_DIRECT.GEN_REGDIRECT_DRES.VIDREGISTER_I/stride_vid_reg[13]/D
  -------------------------------------------------------------------    -------------------

                         (clock clk_fpga_0 rise edge)
                                                      0.000     0.000 r  
    PS7_X0Y0             PS7                          0.000     0.000 r  design_2_i/cg_fpga_0/inst/processing_system7_0/inst/PS7_i/FCLKCLK[0]
                         net (fo=1, routed)           0.337     0.337    design_2_i/cg_fpga_0/inst/processing_system7_0/inst/FCLK_CLK_unbuffered[0]
    BUFGCTRL_X0Y16       BUFG (Prop_bufg_I_O)         0.029     0.366 r  design_2_i/cg_fpga_0/inst/processing_system7_0/inst/buffer_fclk_clk_0.FCLK_CLK_0_BUFG/O
                         net (fo=6935, routed)        0.830     1.196    design_2_i/cg_fpga_0/inst/cg_axi_vdma_0/U0/GEN_SPRT_FOR_S2MM.S2MMADDR32.I_S2MM_DMA_MNGR/VIDEO_REG_I/GEN_REGISTER_DIRECT.GEN_REGDIRECT_DRES.VIDREGISTER_I/s_axi_lite_aclk
    SLICE_X43Y49         FDRE                                         r  design_2_i/cg_fpga_0/inst/cg_axi_vdma_0/U0/GEN_SPRT_FOR_S2MM.S2MMADDR32.I_S2MM_DMA_MNGR/VIDEO_REG_I/GEN_REGISTER_DIRECT.GEN_REGDIRECT_DRES.VIDREGISTER_I/stride_vid_reg[13]/C
                         clock pessimism             -0.030     1.166    
    SLICE_X43Y49         FDRE (Hold_fdre_C_D)         0.072     1.238    design_2_i/cg_fpga_0/inst/cg_axi_vdma_0/U0/GEN_SPRT_FOR_S2MM.S2MMADDR32.I_S2MM_DMA_MNGR/VIDEO_REG_I/GEN_REGISTER_DIRECT.GEN_REGDIRECT_DRES.VIDREGISTER_I/stride_vid_reg[13]
  -------------------------------------------------------------------
                         required time                         -1.238    
                         arrival time                           1.269    
  -------------------------------------------------------------------
                         slack                                  0.031    

Slack (MET) :             0.036ns  (arrival time - required time)
  Source:                 design_2_i/cg_fpga_0/inst/cg_fpga_axi_gpio_i2/U0/gpio_core_1/Dual.ALLIN0_ND_G0.READ_REG_GEN[12].reg1_reg[12]/C
                            (rising edge-triggered cell FDRE clocked by clk_fpga_0  {rise@0.000ns fall@5.000ns period=10.000ns})
  Destination:            design_2_i/cg_fpga_0/inst/cg_fpga_axi_gpio_i2/U0/ip2bus_data_i_D1_reg[12]/D
                            (rising edge-triggered cell FDRE clocked by clk_fpga_0  {rise@0.000ns fall@5.000ns period=10.000ns})
  Path Group:             clk_fpga_0
  Path Type:              Hold (Min at Fast Process Corner)
  Requirement:            0.000ns  (clk_fpga_0 rise@0.000ns - clk_fpga_0 rise@0.000ns)
  Data Path Delay:        0.393ns  (logic 0.186ns (47.382%)  route 0.207ns (52.618%))
  Logic Levels:           1  (LUT5=1)
  Clock Path Skew:        0.265ns (DCD - SCD - CPR)
    Destination Clock Delay (DCD):    1.186ns
    Source Clock Delay      (SCD):    0.886ns
    Clock Pessimism Removal (CPR):    0.035ns

    Location             Delay type                Incr(ns)  Path(ns)    Netlist Resource(s)
  -------------------------------------------------------------------    -------------------
                         (clock clk_fpga_0 rise edge)
                                                      0.000     0.000 r  
    PS7_X0Y0             PS7                          0.000     0.000 r  design_2_i/cg_fpga_0/inst/processing_system7_0/inst/PS7_i/FCLKCLK[0]
                         net (fo=1, routed)           0.310     0.310    design_2_i/cg_fpga_0/inst/processing_system7_0/inst/FCLK_CLK_unbuffered[0]
    BUFGCTRL_X0Y16       BUFG (Prop_bufg_I_O)         0.026     0.336 r  design_2_i/cg_fpga_0/inst/processing_system7_0/inst/buffer_fclk_clk_0.FCLK_CLK_0_BUFG/O
                         net (fo=6935, routed)        0.550     0.886    design_2_i/cg_fpga_0/inst/cg_fpga_axi_gpio_i2/U0/gpio_core_1/s_axi_aclk
    SLICE_X51Y89         FDRE                                         r  design_2_i/cg_fpga_0/inst/cg_fpga_axi_gpio_i2/U0/gpio_core_1/Dual.ALLIN0_ND_G0.READ_REG_GEN[12].reg1_reg[12]/C
  -------------------------------------------------------------------    -------------------
    SLICE_X51Y89         FDRE (Prop_fdre_C_Q)         0.141     1.027 r  design_2_i/cg_fpga_0/inst/cg_fpga_axi_gpio_i2/U0/gpio_core_1/Dual.ALLIN0_ND_G0.READ_REG_GEN[12].reg1_reg[12]/Q
                         net (fo=1, routed)           0.207     1.233    design_2_i/cg_fpga_0/inst/cg_fpga_axi_gpio_i2/U0/AXI_LITE_IPIF_I/I_SLAVE_ATTACHMENT/I_DECODER/Dual.ALLIN0_ND_G0.READ_REG_GEN[12].reg1_reg
    SLICE_X49Y87         LUT5 (Prop_lut5_I2_O)        0.045     1.278 r  design_2_i/cg_fpga_0/inst/cg_fpga_axi_gpio_i2/U0/AXI_LITE_IPIF_I/I_SLAVE_ATTACHMENT/I_DECODER/ip2bus_data_i_D1[12]_i_1/O
                         net (fo=1, routed)           0.000     1.278    design_2_i/cg_fpga_0/inst/cg_fpga_axi_gpio_i2/U0/ip2bus_data[12]
    SLICE_X49Y87         FDRE                                         r  design_2_i/cg_fpga_0/inst/cg_fpga_axi_gpio_i2/U0/ip2bus_data_i_D1_reg[12]/D
  -------------------------------------------------------------------    -------------------

                         (clock clk_fpga_0 rise edge)
                                                      0.000     0.000 r  
    PS7_X0Y0             PS7                          0.000     0.000 r  design_2_i/cg_fpga_0/inst/processing_system7_0/inst/PS7_i/FCLKCLK[0]
                         net (fo=1, routed)           0.337     0.337    design_2_i/cg_fpga_0/inst/processing_system7_0/inst/FCLK_CLK_unbuffered[0]
    BUFGCTRL_X0Y16       BUFG (Prop_bufg_I_O)         0.029     0.366 r  design_2_i/cg_fpga_0/inst/processing_system7_0/inst/buffer_fclk_clk_0.FCLK_CLK_0_BUFG/O
                         net (fo=6935, routed)        0.820     1.186    design_2_i/cg_fpga_0/inst/cg_fpga_axi_gpio_i2/U0/s_axi_aclk
    SLICE_X49Y87         FDRE                                         r  design_2_i/cg_fpga_0/inst/cg_fpga_axi_gpio_i2/U0/ip2bus_data_i_D1_reg[12]/C
                         clock pessimism             -0.035     1.151    
    SLICE_X49Y87         FDRE (Hold_fdre_C_D)         0.091     1.242    design_2_i/cg_fpga_0/inst/cg_fpga_axi_gpio_i2/U0/ip2bus_data_i_D1_reg[12]
  -------------------------------------------------------------------
                         required time                         -1.242    
                         arrival time                           1.278    
  -------------------------------------------------------------------
                         slack                                  0.036    

Slack (MET) :             0.037ns  (arrival time - required time)
  Source:                 design_2_i/cg_fpga_0/inst/cg_fpga_axi_gpio_i1/U0/gpio_core_1/Dual.INPUT_DOUBLE_REGS4/GENERATE_LEVEL_P_S_CDC.MULTI_BIT.FOR_CROSS_PLEVEL_IN2SCNDRY_bus_d4[4].CROSS2_PLEVEL_IN2SCNDRY_s_level_out_bus_d4/C
                            (rising edge-triggered cell FDRE clocked by clk_fpga_0  {rise@0.000ns fall@5.000ns period=10.000ns})
  Destination:            design_2_i/cg_fpga_0/inst/cg_fpga_axi_gpio_i1/U0/gpio_core_1/Dual.gpio_Data_In_reg[27]/D
                            (rising edge-triggered cell FDRE clocked by clk_fpga_0  {rise@0.000ns fall@5.000ns period=10.000ns})
  Path Group:             clk_fpga_0
  Path Type:              Hold (Min at Fast Process Corner)
  Requirement:            0.000ns  (clk_fpga_0 rise@0.000ns - clk_fpga_0 rise@0.000ns)
  Data Path Delay:        0.317ns  (logic 0.148ns (46.679%)  route 0.169ns (53.321%))
  Logic Levels:           0  
  Clock Path Skew:        0.264ns (DCD - SCD - CPR)
    Destination Clock Delay (DCD):    1.175ns
    Source Clock Delay      (SCD):    0.876ns
    Clock Pessimism Removal (CPR):    0.035ns

    Location             Delay type                Incr(ns)  Path(ns)    Netlist Resource(s)
  -------------------------------------------------------------------    -------------------
                         (clock clk_fpga_0 rise edge)
                                                      0.000     0.000 r  
    PS7_X0Y0             PS7                          0.000     0.000 r  design_2_i/cg_fpga_0/inst/processing_system7_0/inst/PS7_i/FCLKCLK[0]
                         net (fo=1, routed)           0.310     0.310    design_2_i/cg_fpga_0/inst/processing_system7_0/inst/FCLK_CLK_unbuffered[0]
    BUFGCTRL_X0Y16       BUFG (Prop_bufg_I_O)         0.026     0.336 r  design_2_i/cg_fpga_0/inst/processing_system7_0/inst/buffer_fclk_clk_0.FCLK_CLK_0_BUFG/O
                         net (fo=6935, routed)        0.540     0.876    design_2_i/cg_fpga_0/inst/cg_fpga_axi_gpio_i1/U0/gpio_core_1/Dual.INPUT_DOUBLE_REGS4/s_axi_aclk
    SLICE_X50Y76         FDRE                                         r  design_2_i/cg_fpga_0/inst/cg_fpga_axi_gpio_i1/U0/gpio_core_1/Dual.INPUT_DOUBLE_REGS4/GENERATE_LEVEL_P_S_CDC.MULTI_BIT.FOR_CROSS_PLEVEL_IN2SCNDRY_bus_d4[4].CROSS2_PLEVEL_IN2SCNDRY_s_level_out_bus_d4/C
  -------------------------------------------------------------------    -------------------
    SLICE_X50Y76         FDRE (Prop_fdre_C_Q)         0.148     1.024 r  design_2_i/cg_fpga_0/inst/cg_fpga_axi_gpio_i1/U0/gpio_core_1/Dual.INPUT_DOUBLE_REGS4/GENERATE_LEVEL_P_S_CDC.MULTI_BIT.FOR_CROSS_PLEVEL_IN2SCNDRY_bus_d4[4].CROSS2_PLEVEL_IN2SCNDRY_s_level_out_bus_d4/Q
                         net (fo=2, routed)           0.169     1.193    design_2_i/cg_fpga_0/inst/cg_fpga_axi_gpio_i1/U0/gpio_core_1/gpio_io_i_d2[27]
    SLICE_X48Y76         FDRE                                         r  design_2_i/cg_fpga_0/inst/cg_fpga_axi_gpio_i1/U0/gpio_core_1/Dual.gpio_Data_In_reg[27]/D
  -------------------------------------------------------------------    -------------------

                         (clock clk_fpga_0 rise edge)
                                                      0.000     0.000 r  
    PS7_X0Y0             PS7                          0.000     0.000 r  design_2_i/cg_fpga_0/inst/processing_system7_0/inst/PS7_i/FCLKCLK[0]
                         net (fo=1, routed)           0.337     0.337    design_2_i/cg_fpga_0/inst/processing_system7_0/inst/FCLK_CLK_unbuffered[0]
    BUFGCTRL_X0Y16       BUFG (Prop_bufg_I_O)         0.029     0.366 r  design_2_i/cg_fpga_0/inst/processing_system7_0/inst/buffer_fclk_clk_0.FCLK_CLK_0_BUFG/O
                         net (fo=6935, routed)        0.809     1.175    design_2_i/cg_fpga_0/inst/cg_fpga_axi_gpio_i1/U0/gpio_core_1/s_axi_aclk
    SLICE_X48Y76         FDRE                                         r  design_2_i/cg_fpga_0/inst/cg_fpga_axi_gpio_i1/U0/gpio_core_1/Dual.gpio_Data_In_reg[27]/C
                         clock pessimism             -0.035     1.140    
    SLICE_X48Y76         FDRE (Hold_fdre_C_D)         0.016     1.156    design_2_i/cg_fpga_0/inst/cg_fpga_axi_gpio_i1/U0/gpio_core_1/Dual.gpio_Data_In_reg[27]
  -------------------------------------------------------------------
                         required time                         -1.156    
                         arrival time                           1.193    
  -------------------------------------------------------------------
                         slack                                  0.037    

Slack (MET) :             0.037ns  (arrival time - required time)
  Source:                 design_2_i/cg_fpga_0/inst/cg_axi_vdma_0/U0/GEN_SPRT_FOR_MM2S.MM2S_REGISTER_MODULE_I/GEN_REG_DIRECT_MODE.REGDIRECT_I/GEN_NUM_FSTORES_3.reg_module_start_address3_i_reg[24]/C
                            (rising edge-triggered cell FDRE clocked by clk_fpga_0  {rise@0.000ns fall@5.000ns period=10.000ns})
  Destination:            design_2_i/cg_fpga_0/inst/cg_axi_vdma_0/U0/GEN_SPRT_FOR_MM2S.ADDR32.I_MM2S_DMA_MNGR/VIDEO_REG_I/GEN_REGISTER_DIRECT.GEN_REGDIRECT_DRES.VIDREGISTER_I/GEN_START_ADDR_REG[2].start_address_vid_reg[2][24]/D
                            (rising edge-triggered cell FDRE clocked by clk_fpga_0  {rise@0.000ns fall@5.000ns period=10.000ns})
  Path Group:             clk_fpga_0
  Path Type:              Hold (Min at Fast Process Corner)
  Requirement:            0.000ns  (clk_fpga_0 rise@0.000ns - clk_fpga_0 rise@0.000ns)
  Data Path Delay:        0.378ns  (logic 0.141ns (37.329%)  route 0.237ns (62.671%))
  Logic Levels:           0  
  Clock Path Skew:        0.265ns (DCD - SCD - CPR)
    Destination Clock Delay (DCD):    1.179ns
    Source Clock Delay      (SCD):    0.879ns
    Clock Pessimism Removal (CPR):    0.035ns

    Location             Delay type                Incr(ns)  Path(ns)    Netlist Resource(s)
  -------------------------------------------------------------------    -------------------
                         (clock clk_fpga_0 rise edge)
                                                      0.000     0.000 r  
    PS7_X0Y0             PS7                          0.000     0.000 r  design_2_i/cg_fpga_0/inst/processing_system7_0/inst/PS7_i/FCLKCLK[0]
                         net (fo=1, routed)           0.310     0.310    design_2_i/cg_fpga_0/inst/processing_system7_0/inst/FCLK_CLK_unbuffered[0]
    BUFGCTRL_X0Y16       BUFG (Prop_bufg_I_O)         0.026     0.336 r  design_2_i/cg_fpga_0/inst/processing_system7_0/inst/buffer_fclk_clk_0.FCLK_CLK_0_BUFG/O
                         net (fo=6935, routed)        0.543     0.879    design_2_i/cg_fpga_0/inst/cg_axi_vdma_0/U0/GEN_SPRT_FOR_MM2S.MM2S_REGISTER_MODULE_I/GEN_REG_DIRECT_MODE.REGDIRECT_I/s_axi_lite_aclk
    SLICE_X51Y70         FDRE                                         r  design_2_i/cg_fpga_0/inst/cg_axi_vdma_0/U0/GEN_SPRT_FOR_MM2S.MM2S_REGISTER_MODULE_I/GEN_REG_DIRECT_MODE.REGDIRECT_I/GEN_NUM_FSTORES_3.reg_module_start_address3_i_reg[24]/C
  -------------------------------------------------------------------    -------------------
    SLICE_X51Y70         FDRE (Prop_fdre_C_Q)         0.141     1.020 r  design_2_i/cg_fpga_0/inst/cg_axi_vdma_0/U0/GEN_SPRT_FOR_MM2S.MM2S_REGISTER_MODULE_I/GEN_REG_DIRECT_MODE.REGDIRECT_I/GEN_NUM_FSTORES_3.reg_module_start_address3_i_reg[24]/Q
                         net (fo=2, routed)           0.237     1.256    design_2_i/cg_fpga_0/inst/cg_axi_vdma_0/U0/GEN_SPRT_FOR_MM2S.ADDR32.I_MM2S_DMA_MNGR/VIDEO_REG_I/GEN_REGISTER_DIRECT.GEN_REGDIRECT_DRES.VIDREGISTER_I/GEN_START_ADDR_REG[2].start_address_vid_reg[2][31]_0[24]
    SLICE_X45Y70         FDRE                                         r  design_2_i/cg_fpga_0/inst/cg_axi_vdma_0/U0/GEN_SPRT_FOR_MM2S.ADDR32.I_MM2S_DMA_MNGR/VIDEO_REG_I/GEN_REGISTER_DIRECT.GEN_REGDIRECT_DRES.VIDREGISTER_I/GEN_START_ADDR_REG[2].start_address_vid_reg[2][24]/D
  -------------------------------------------------------------------    -------------------

                         (clock clk_fpga_0 rise edge)
                                                      0.000     0.000 r  
    PS7_X0Y0             PS7                          0.000     0.000 r  design_2_i/cg_fpga_0/inst/processing_system7_0/inst/PS7_i/FCLKCLK[0]
                         net (fo=1, routed)           0.337     0.337    design_2_i/cg_fpga_0/inst/processing_system7_0/inst/FCLK_CLK_unbuffered[0]
    BUFGCTRL_X0Y16       BUFG (Prop_bufg_I_O)         0.029     0.366 r  design_2_i/cg_fpga_0/inst/processing_system7_0/inst/buffer_fclk_clk_0.FCLK_CLK_0_BUFG/O
                         net (fo=6935, routed)        0.813     1.179    design_2_i/cg_fpga_0/inst/cg_axi_vdma_0/U0/GEN_SPRT_FOR_MM2S.ADDR32.I_MM2S_DMA_MNGR/VIDEO_REG_I/GEN_REGISTER_DIRECT.GEN_REGDIRECT_DRES.VIDREGISTER_I/s_axi_lite_aclk
    SLICE_X45Y70         FDRE                                         r  design_2_i/cg_fpga_0/inst/cg_axi_vdma_0/U0/GEN_SPRT_FOR_MM2S.ADDR32.I_MM2S_DMA_MNGR/VIDEO_REG_I/GEN_REGISTER_DIRECT.GEN_REGDIRECT_DRES.VIDREGISTER_I/GEN_START_ADDR_REG[2].start_address_vid_reg[2][24]/C
                         clock pessimism             -0.035     1.144    
    SLICE_X45Y70         FDRE (Hold_fdre_C_D)         0.075     1.219    design_2_i/cg_fpga_0/inst/cg_axi_vdma_0/U0/GEN_SPRT_FOR_MM2S.ADDR32.I_MM2S_DMA_MNGR/VIDEO_REG_I/GEN_REGISTER_DIRECT.GEN_REGDIRECT_DRES.VIDREGISTER_I/GEN_START_ADDR_REG[2].start_address_vid_reg[2][24]
  -------------------------------------------------------------------
                         required time                         -1.219    
                         arrival time                           1.256    
  -------------------------------------------------------------------
                         slack                                  0.037    

Slack (MET) :             0.038ns  (arrival time - required time)
  Source:                 design_2_i/cg_fpga_0/inst/axi_mem_intercon/xbar/inst/gen_samd.crossbar_samd/addr_arbiter_aw/gen_arbiter.m_mesg_i_reg[36]/C
                            (rising edge-triggered cell FDRE clocked by clk_fpga_0  {rise@0.000ns fall@5.000ns period=10.000ns})
  Destination:            design_2_i/cg_fpga_0/inst/axi_mem_intercon/m00_couplers/auto_pc/inst/gen_axi4_axi3.axi3_conv_inst/USE_WRITE.write_addr_inst/S_AXI_ALEN_Q_reg[3]/D
                            (rising edge-triggered cell FDRE clocked by clk_fpga_0  {rise@0.000ns fall@5.000ns period=10.000ns})
  Path Group:             clk_fpga_0
  Path Type:              Hold (Min at Fast Process Corner)
  Requirement:            0.000ns  (clk_fpga_0 rise@0.000ns - clk_fpga_0 rise@0.000ns)
  Data Path Delay:        0.353ns  (logic 0.164ns (46.461%)  route 0.189ns (53.539%))
  Logic Levels:           0  
  Clock Path Skew:        0.251ns (DCD - SCD - CPR)
    Destination Clock Delay (DCD):    1.209ns
    Source Clock Delay      (SCD):    0.928ns
    Clock Pessimism Removal (CPR):    0.030ns

    Location             Delay type                Incr(ns)  Path(ns)    Netlist Resource(s)
  -------------------------------------------------------------------    -------------------
                         (clock clk_fpga_0 rise edge)
                                                      0.000     0.000 r  
    PS7_X0Y0             PS7                          0.000     0.000 r  design_2_i/cg_fpga_0/inst/processing_system7_0/inst/PS7_i/FCLKCLK[0]
                         net (fo=1, routed)           0.310     0.310    design_2_i/cg_fpga_0/inst/processing_system7_0/inst/FCLK_CLK_unbuffered[0]
    BUFGCTRL_X0Y16       BUFG (Prop_bufg_I_O)         0.026     0.336 r  design_2_i/cg_fpga_0/inst/processing_system7_0/inst/buffer_fclk_clk_0.FCLK_CLK_0_BUFG/O
                         net (fo=6935, routed)        0.592     0.928    design_2_i/cg_fpga_0/inst/axi_mem_intercon/xbar/inst/gen_samd.crossbar_samd/addr_arbiter_aw/aclk
    SLICE_X26Y49         FDRE                                         r  design_2_i/cg_fpga_0/inst/axi_mem_intercon/xbar/inst/gen_samd.crossbar_samd/addr_arbiter_aw/gen_arbiter.m_mesg_i_reg[36]/C
  -------------------------------------------------------------------    -------------------
    SLICE_X26Y49         FDRE (Prop_fdre_C_Q)         0.164     1.092 r  design_2_i/cg_fpga_0/inst/axi_mem_intercon/xbar/inst/gen_samd.crossbar_samd/addr_arbiter_aw/gen_arbiter.m_mesg_i_reg[36]/Q
                         net (fo=1, routed)           0.189     1.280    design_2_i/cg_fpga_0/inst/axi_mem_intercon/m00_couplers/auto_pc/inst/gen_axi4_axi3.axi3_conv_inst/USE_WRITE.write_addr_inst/s_axi_awlen[3]
    SLICE_X26Y54         FDRE                                         r  design_2_i/cg_fpga_0/inst/axi_mem_intercon/m00_couplers/auto_pc/inst/gen_axi4_axi3.axi3_conv_inst/USE_WRITE.write_addr_inst/S_AXI_ALEN_Q_reg[3]/D
  -------------------------------------------------------------------    -------------------

                         (clock clk_fpga_0 rise edge)
                                                      0.000     0.000 r  
    PS7_X0Y0             PS7                          0.000     0.000 r  design_2_i/cg_fpga_0/inst/processing_system7_0/inst/PS7_i/FCLKCLK[0]
                         net (fo=1, routed)           0.337     0.337    design_2_i/cg_fpga_0/inst/processing_system7_0/inst/FCLK_CLK_unbuffered[0]
    BUFGCTRL_X0Y16       BUFG (Prop_bufg_I_O)         0.029     0.366 r  design_2_i/cg_fpga_0/inst/processing_system7_0/inst/buffer_fclk_clk_0.FCLK_CLK_0_BUFG/O
                         net (fo=6935, routed)        0.843     1.209    design_2_i/cg_fpga_0/inst/axi_mem_intercon/m00_couplers/auto_pc/inst/gen_axi4_axi3.axi3_conv_inst/USE_WRITE.write_addr_inst/aclk
    SLICE_X26Y54         FDRE                                         r  design_2_i/cg_fpga_0/inst/axi_mem_intercon/m00_couplers/auto_pc/inst/gen_axi4_axi3.axi3_conv_inst/USE_WRITE.write_addr_inst/S_AXI_ALEN_Q_reg[3]/C
                         clock pessimism             -0.030     1.179    
    SLICE_X26Y54         FDRE (Hold_fdre_C_D)         0.064     1.243    design_2_i/cg_fpga_0/inst/axi_mem_intercon/m00_couplers/auto_pc/inst/gen_axi4_axi3.axi3_conv_inst/USE_WRITE.write_addr_inst/S_AXI_ALEN_Q_reg[3]
  -------------------------------------------------------------------
                         required time                         -1.243    
                         arrival time                           1.280    
  -------------------------------------------------------------------
                         slack                                  0.038    

Slack (MET) :             0.038ns  (arrival time - required time)
  Source:                 design_2_i/cg_fpga_0/inst/cg_axi_vdma_0/U0/GEN_SPRT_FOR_MM2S.MM2S_REGISTER_MODULE_I/GEN_REG_DIRECT_MODE.REGDIRECT_I/GEN_NUM_FSTORES_3.reg_module_start_address1_i_reg[20]/C
                            (rising edge-triggered cell FDRE clocked by clk_fpga_0  {rise@0.000ns fall@5.000ns period=10.000ns})
  Destination:            design_2_i/cg_fpga_0/inst/cg_axi_vdma_0/U0/AXI_LITE_REG_INTERFACE_I/GEN_AXI_LITE_IF.AXI_LITE_IF_I/GEN_LITE_IS_ASYNC.GEN_ASYNC_LITE_ACCESS.mm2s_ip2axi_rddata_d1_reg[20]/D
                            (rising edge-triggered cell FDRE clocked by clk_fpga_0  {rise@0.000ns fall@5.000ns period=10.000ns})
  Path Group:             clk_fpga_0
  Path Type:              Hold (Min at Fast Process Corner)
  Requirement:            0.000ns  (clk_fpga_0 rise@0.000ns - clk_fpga_0 rise@0.000ns)
  Data Path Delay:        0.395ns  (logic 0.227ns (57.423%)  route 0.168ns (42.577%))
  Logic Levels:           1  (LUT5=1)
  Clock Path Skew:        0.266ns (DCD - SCD - CPR)
    Destination Clock Delay (DCD):    1.183ns
    Source Clock Delay      (SCD):    0.882ns
    Clock Pessimism Removal (CPR):    0.035ns

    Location             Delay type                Incr(ns)  Path(ns)    Netlist Resource(s)
  -------------------------------------------------------------------    -------------------
                         (clock clk_fpga_0 rise edge)
                                                      0.000     0.000 r  
    PS7_X0Y0             PS7                          0.000     0.000 r  design_2_i/cg_fpga_0/inst/processing_system7_0/inst/PS7_i/FCLKCLK[0]
                         net (fo=1, routed)           0.310     0.310    design_2_i/cg_fpga_0/inst/processing_system7_0/inst/FCLK_CLK_unbuffered[0]
    BUFGCTRL_X0Y16       BUFG (Prop_bufg_I_O)         0.026     0.336 r  design_2_i/cg_fpga_0/inst/processing_system7_0/inst/buffer_fclk_clk_0.FCLK_CLK_0_BUFG/O
                         net (fo=6935, routed)        0.546     0.882    design_2_i/cg_fpga_0/inst/cg_axi_vdma_0/U0/GEN_SPRT_FOR_MM2S.MM2S_REGISTER_MODULE_I/GEN_REG_DIRECT_MODE.REGDIRECT_I/s_axi_lite_aclk
    SLICE_X51Y67         FDRE                                         r  design_2_i/cg_fpga_0/inst/cg_axi_vdma_0/U0/GEN_SPRT_FOR_MM2S.MM2S_REGISTER_MODULE_I/GEN_REG_DIRECT_MODE.REGDIRECT_I/GEN_NUM_FSTORES_3.reg_module_start_address1_i_reg[20]/C
  -------------------------------------------------------------------    -------------------
    SLICE_X51Y67         FDRE (Prop_fdre_C_Q)         0.128     1.010 r  design_2_i/cg_fpga_0/inst/cg_axi_vdma_0/U0/GEN_SPRT_FOR_MM2S.MM2S_REGISTER_MODULE_I/GEN_REG_DIRECT_MODE.REGDIRECT_I/GEN_NUM_FSTORES_3.reg_module_start_address1_i_reg[20]/Q
                         net (fo=2, routed)           0.168     1.178    design_2_i/cg_fpga_0/inst/cg_axi_vdma_0/U0/AXI_LITE_REG_INTERFACE_I/GEN_AXI_LITE_IF.AXI_LITE_IF_I/GEN_LITE_IS_ASYNC.GEN_ASYNC_LITE_ACCESS.mm2s_ip2axi_rddata_d1_reg[31]_1[6]
    SLICE_X49Y66         LUT5 (Prop_lut5_I2_O)        0.099     1.277 r  design_2_i/cg_fpga_0/inst/cg_axi_vdma_0/U0/AXI_LITE_REG_INTERFACE_I/GEN_AXI_LITE_IF.AXI_LITE_IF_I/ip2axi_rddata_int_inferred_i_12/O
                         net (fo=1, routed)           0.000     1.277    design_2_i/cg_fpga_0/inst/cg_axi_vdma_0/U0/AXI_LITE_REG_INTERFACE_I/GEN_AXI_LITE_IF.AXI_LITE_IF_I/GEN_LITE_IS_ASYNC.GEN_ASYNC_LITE_ACCESS.mm2s_ip2axi_rddata_d1_reg[31]_3[20]
    SLICE_X49Y66         FDRE                                         r  design_2_i/cg_fpga_0/inst/cg_axi_vdma_0/U0/AXI_LITE_REG_INTERFACE_I/GEN_AXI_LITE_IF.AXI_LITE_IF_I/GEN_LITE_IS_ASYNC.GEN_ASYNC_LITE_ACCESS.mm2s_ip2axi_rddata_d1_reg[20]/D
  -------------------------------------------------------------------    -------------------

                         (clock clk_fpga_0 rise edge)
                                                      0.000     0.000 r  
    PS7_X0Y0             PS7                          0.000     0.000 r  design_2_i/cg_fpga_0/inst/processing_system7_0/inst/PS7_i/FCLKCLK[0]
                         net (fo=1, routed)           0.337     0.337    design_2_i/cg_fpga_0/inst/processing_system7_0/inst/FCLK_CLK_unbuffered[0]
    BUFGCTRL_X0Y16       BUFG (Prop_bufg_I_O)         0.029     0.366 r  design_2_i/cg_fpga_0/inst/processing_system7_0/inst/buffer_fclk_clk_0.FCLK_CLK_0_BUFG/O
                         net (fo=6935, routed)        0.817     1.183    design_2_i/cg_fpga_0/inst/cg_axi_vdma_0/U0/AXI_LITE_REG_INTERFACE_I/GEN_AXI_LITE_IF.AXI_LITE_IF_I/s_axi_lite_aclk
    SLICE_X49Y66         FDRE                                         r  design_2_i/cg_fpga_0/inst/cg_axi_vdma_0/U0/AXI_LITE_REG_INTERFACE_I/GEN_AXI_LITE_IF.AXI_LITE_IF_I/GEN_LITE_IS_ASYNC.GEN_ASYNC_LITE_ACCESS.mm2s_ip2axi_rddata_d1_reg[20]/C
                         clock pessimism             -0.035     1.148    
    SLICE_X49Y66         FDRE (Hold_fdre_C_D)         0.091     1.239    design_2_i/cg_fpga_0/inst/cg_axi_vdma_0/U0/AXI_LITE_REG_INTERFACE_I/GEN_AXI_LITE_IF.AXI_LITE_IF_I/GEN_LITE_IS_ASYNC.GEN_ASYNC_LITE_ACCESS.mm2s_ip2axi_rddata_d1_reg[20]
  -------------------------------------------------------------------
                         required time                         -1.239    
                         arrival time                           1.277    
  -------------------------------------------------------------------
                         slack                                  0.038    

Slack (MET) :             0.038ns  (arrival time - required time)
  Source:                 design_2_i/cg_fpga_0/inst/cg_axi_vdma_0/U0/GEN_SPRT_FOR_MM2S.MM2S_REGISTER_MODULE_I/GEN_REG_DIRECT_MODE.REGDIRECT_I/GEN_NUM_FSTORES_3.reg_module_start_address2_i_reg[20]/C
                            (rising edge-triggered cell FDRE clocked by clk_fpga_0  {rise@0.000ns fall@5.000ns period=10.000ns})
  Destination:            design_2_i/cg_fpga_0/inst/cg_axi_vdma_0/U0/GEN_SPRT_FOR_MM2S.ADDR32.I_MM2S_DMA_MNGR/VIDEO_REG_I/GEN_REGISTER_DIRECT.GEN_REGDIRECT_DRES.VIDREGISTER_I/GEN_START_ADDR_REG[1].start_address_vid_reg[1][20]/D
                            (rising edge-triggered cell FDRE clocked by clk_fpga_0  {rise@0.000ns fall@5.000ns period=10.000ns})
  Path Group:             clk_fpga_0
  Path Type:              Hold (Min at Fast Process Corner)
  Requirement:            0.000ns  (clk_fpga_0 rise@0.000ns - clk_fpga_0 rise@0.000ns)
  Data Path Delay:        0.358ns  (logic 0.141ns (39.343%)  route 0.217ns (60.657%))
  Logic Levels:           0  
  Clock Path Skew:        0.257ns (DCD - SCD - CPR)
    Destination Clock Delay (DCD):    1.179ns
    Source Clock Delay      (SCD):    0.887ns
    Clock Pessimism Removal (CPR):    0.035ns

    Location             Delay type                Incr(ns)  Path(ns)    Netlist Resource(s)
  -------------------------------------------------------------------    -------------------
                         (clock clk_fpga_0 rise edge)
                                                      0.000     0.000 r  
    PS7_X0Y0             PS7                          0.000     0.000 r  design_2_i/cg_fpga_0/inst/processing_system7_0/inst/PS7_i/FCLKCLK[0]
                         net (fo=1, routed)           0.310     0.310    design_2_i/cg_fpga_0/inst/processing_system7_0/inst/FCLK_CLK_unbuffered[0]
    BUFGCTRL_X0Y16       BUFG (Prop_bufg_I_O)         0.026     0.336 r  design_2_i/cg_fpga_0/inst/processing_system7_0/inst/buffer_fclk_clk_0.FCLK_CLK_0_BUFG/O
                         net (fo=6935, routed)        0.551     0.887    design_2_i/cg_fpga_0/inst/cg_axi_vdma_0/U0/GEN_SPRT_FOR_MM2S.MM2S_REGISTER_MODULE_I/GEN_REG_DIRECT_MODE.REGDIRECT_I/s_axi_lite_aclk
    SLICE_X49Y65         FDRE                                         r  design_2_i/cg_fpga_0/inst/cg_axi_vdma_0/U0/GEN_SPRT_FOR_MM2S.MM2S_REGISTER_MODULE_I/GEN_REG_DIRECT_MODE.REGDIRECT_I/GEN_NUM_FSTORES_3.reg_module_start_address2_i_reg[20]/C
  -------------------------------------------------------------------    -------------------
    SLICE_X49Y65         FDRE (Prop_fdre_C_Q)         0.141     1.028 r  design_2_i/cg_fpga_0/inst/cg_axi_vdma_0/U0/GEN_SPRT_FOR_MM2S.MM2S_REGISTER_MODULE_I/GEN_REG_DIRECT_MODE.REGDIRECT_I/GEN_NUM_FSTORES_3.reg_module_start_address2_i_reg[20]/Q
                         net (fo=2, routed)           0.217     1.245    design_2_i/cg_fpga_0/inst/cg_axi_vdma_0/U0/GEN_SPRT_FOR_MM2S.ADDR32.I_MM2S_DMA_MNGR/VIDEO_REG_I/GEN_REGISTER_DIRECT.GEN_REGDIRECT_DRES.VIDREGISTER_I/GEN_START_ADDR_REG[1].start_address_vid_reg[1][31]_0[20]
    SLICE_X50Y66         FDRE                                         r  design_2_i/cg_fpga_0/inst/cg_axi_vdma_0/U0/GEN_SPRT_FOR_MM2S.ADDR32.I_MM2S_DMA_MNGR/VIDEO_REG_I/GEN_REGISTER_DIRECT.GEN_REGDIRECT_DRES.VIDREGISTER_I/GEN_START_ADDR_REG[1].start_address_vid_reg[1][20]/D
  -------------------------------------------------------------------    -------------------

                         (clock clk_fpga_0 rise edge)
                                                      0.000     0.000 r  
    PS7_X0Y0             PS7                          0.000     0.000 r  design_2_i/cg_fpga_0/inst/processing_system7_0/inst/PS7_i/FCLKCLK[0]
                         net (fo=1, routed)           0.337     0.337    design_2_i/cg_fpga_0/inst/processing_system7_0/inst/FCLK_CLK_unbuffered[0]
    BUFGCTRL_X0Y16       BUFG (Prop_bufg_I_O)         0.029     0.366 r  design_2_i/cg_fpga_0/inst/processing_system7_0/inst/buffer_fclk_clk_0.FCLK_CLK_0_BUFG/O
                         net (fo=6935, routed)        0.813     1.179    design_2_i/cg_fpga_0/inst/cg_axi_vdma_0/U0/GEN_SPRT_FOR_MM2S.ADDR32.I_MM2S_DMA_MNGR/VIDEO_REG_I/GEN_REGISTER_DIRECT.GEN_REGDIRECT_DRES.VIDREGISTER_I/s_axi_lite_aclk
    SLICE_X50Y66         FDRE                                         r  design_2_i/cg_fpga_0/inst/cg_axi_vdma_0/U0/GEN_SPRT_FOR_MM2S.ADDR32.I_MM2S_DMA_MNGR/VIDEO_REG_I/GEN_REGISTER_DIRECT.GEN_REGDIRECT_DRES.VIDREGISTER_I/GEN_START_ADDR_REG[1].start_address_vid_reg[1][20]/C
                         clock pessimism             -0.035     1.144    
    SLICE_X50Y66         FDRE (Hold_fdre_C_D)         0.063     1.207    design_2_i/cg_fpga_0/inst/cg_axi_vdma_0/U0/GEN_SPRT_FOR_MM2S.ADDR32.I_MM2S_DMA_MNGR/VIDEO_REG_I/GEN_REGISTER_DIRECT.GEN_REGDIRECT_DRES.VIDREGISTER_I/GEN_START_ADDR_REG[1].start_address_vid_reg[1][20]
  -------------------------------------------------------------------
                         required time                         -1.207    
                         arrival time                           1.245    
  -------------------------------------------------------------------
                         slack                                  0.038    

Slack (MET) :             0.039ns  (arrival time - required time)
  Source:                 design_2_i/cg_fpga_0/inst/cg_axi_vdma_0/U0/GEN_SPRT_FOR_S2MM.S2MM_FSYNC_I/GEN_FSYNC_MODE_S2MM_FLUSH_SOF.frame_sync_out_reg/C
                            (rising edge-triggered cell FDRE clocked by clk_fpga_0  {rise@0.000ns fall@5.000ns period=10.000ns})
  Destination:            design_2_i/cg_fpga_0/inst/cg_axi_vdma_0/U0/GEN_SPRT_FOR_S2MM.S2MMADDR32.I_S2MM_DMA_MNGR/I_SM/GEN_FSIZE_MISMATCH.GEN_S2MM_MISMATCH_FLUSH_SOF.s2mm_fsync_out_m_d1_reg/D
                            (rising edge-triggered cell FDRE clocked by clk_fpga_0  {rise@0.000ns fall@5.000ns period=10.000ns})
  Path Group:             clk_fpga_0
  Path Type:              Hold (Min at Fast Process Corner)
  Requirement:            0.000ns  (clk_fpga_0 rise@0.000ns - clk_fpga_0 rise@0.000ns)
  Data Path Delay:        0.323ns  (logic 0.148ns (45.880%)  route 0.175ns (54.120%))
  Logic Levels:           0  
  Clock Path Skew:        0.266ns (DCD - SCD - CPR)
    Destination Clock Delay (DCD):    1.195ns
    Source Clock Delay      (SCD):    0.894ns
    Clock Pessimism Removal (CPR):    0.035ns

    Location             Delay type                Incr(ns)  Path(ns)    Netlist Resource(s)
  -------------------------------------------------------------------    -------------------
                         (clock clk_fpga_0 rise edge)
                                                      0.000     0.000 r  
    PS7_X0Y0             PS7                          0.000     0.000 r  design_2_i/cg_fpga_0/inst/processing_system7_0/inst/PS7_i/FCLKCLK[0]
                         net (fo=1, routed)           0.310     0.310    design_2_i/cg_fpga_0/inst/processing_system7_0/inst/FCLK_CLK_unbuffered[0]
    BUFGCTRL_X0Y16       BUFG (Prop_bufg_I_O)         0.026     0.336 r  design_2_i/cg_fpga_0/inst/processing_system7_0/inst/buffer_fclk_clk_0.FCLK_CLK_0_BUFG/O
                         net (fo=6935, routed)        0.558     0.894    design_2_i/cg_fpga_0/inst/cg_axi_vdma_0/U0/GEN_SPRT_FOR_S2MM.S2MM_FSYNC_I/s_axi_lite_aclk
    SLICE_X50Y43         FDRE                                         r  design_2_i/cg_fpga_0/inst/cg_axi_vdma_0/U0/GEN_SPRT_FOR_S2MM.S2MM_FSYNC_I/GEN_FSYNC_MODE_S2MM_FLUSH_SOF.frame_sync_out_reg/C
  -------------------------------------------------------------------    -------------------
    SLICE_X50Y43         FDRE (Prop_fdre_C_Q)         0.148     1.042 r  design_2_i/cg_fpga_0/inst/cg_axi_vdma_0/U0/GEN_SPRT_FOR_S2MM.S2MM_FSYNC_I/GEN_FSYNC_MODE_S2MM_FLUSH_SOF.frame_sync_out_reg/Q
                         net (fo=42, routed)          0.175     1.216    design_2_i/cg_fpga_0/inst/cg_axi_vdma_0/U0/GEN_SPRT_FOR_S2MM.S2MMADDR32.I_S2MM_DMA_MNGR/I_SM/s2mm_dmac2cdc_fsync_out
    SLICE_X48Y43         FDRE                                         r  design_2_i/cg_fpga_0/inst/cg_axi_vdma_0/U0/GEN_SPRT_FOR_S2MM.S2MMADDR32.I_S2MM_DMA_MNGR/I_SM/GEN_FSIZE_MISMATCH.GEN_S2MM_MISMATCH_FLUSH_SOF.s2mm_fsync_out_m_d1_reg/D
  -------------------------------------------------------------------    -------------------

                         (clock clk_fpga_0 rise edge)
                                                      0.000     0.000 r  
    PS7_X0Y0             PS7                          0.000     0.000 r  design_2_i/cg_fpga_0/inst/processing_system7_0/inst/PS7_i/FCLKCLK[0]
                         net (fo=1, routed)           0.337     0.337    design_2_i/cg_fpga_0/inst/processing_system7_0/inst/FCLK_CLK_unbuffered[0]
    BUFGCTRL_X0Y16       BUFG (Prop_bufg_I_O)         0.029     0.366 r  design_2_i/cg_fpga_0/inst/processing_system7_0/inst/buffer_fclk_clk_0.FCLK_CLK_0_BUFG/O
                         net (fo=6935, routed)        0.829     1.195    design_2_i/cg_fpga_0/inst/cg_axi_vdma_0/U0/GEN_SPRT_FOR_S2MM.S2MMADDR32.I_S2MM_DMA_MNGR/I_SM/s_axi_lite_aclk
    SLICE_X48Y43         FDRE                                         r  design_2_i/cg_fpga_0/inst/cg_axi_vdma_0/U0/GEN_SPRT_FOR_S2MM.S2MMADDR32.I_S2MM_DMA_MNGR/I_SM/GEN_FSIZE_MISMATCH.GEN_S2MM_MISMATCH_FLUSH_SOF.s2mm_fsync_out_m_d1_reg/C
                         clock pessimism             -0.035     1.160    
    SLICE_X48Y43         FDRE (Hold_fdre_C_D)         0.017     1.177    design_2_i/cg_fpga_0/inst/cg_axi_vdma_0/U0/GEN_SPRT_FOR_S2MM.S2MMADDR32.I_S2MM_DMA_MNGR/I_SM/GEN_FSIZE_MISMATCH.GEN_S2MM_MISMATCH_FLUSH_SOF.s2mm_fsync_out_m_d1_reg
  -------------------------------------------------------------------
                         required time                         -1.177    
                         arrival time                           1.216    
  -------------------------------------------------------------------
                         slack                                  0.039    





Pulse Width Checks
--------------------------------------------------------------------------------------
Clock Name:         clk_fpga_0
Waveform(ns):       { 0.000 5.000 }
Period(ns):         10.000
Sources:            { design_2_i/cg_fpga_0/inst/processing_system7_0/inst/PS7_i/FCLKCLK[0] }

Check Type        Corner  Lib Pin             Reference Pin  Required(ns)  Actual(ns)  Slack(ns)  Location      Pin
Min Period        n/a     RAMB18E1/CLKARDCLK  n/a            2.944         10.000      7.056      RAMB18_X2Y18  design_2_i/cg_fpga_0/inst/cg_axi_vdma_0/U0/GEN_SPRT_FOR_MM2S.MM2S_LINEBUFFER_I/GEN_LINEBUF_NO_SOF.GEN_LINEBUFFER.GEN_SYNC_FIFO.I_LINEBUFFER_FIFO/xpm_fifo_sync_inst/xpm_fifo_base_inst/gen_sdpram.xpm_memory_base_inst/gen_wr_a.gen_word_narrow.mem_reg/CLKARDCLK
Min Period        n/a     RAMB18E1/CLKBWRCLK  n/a            2.944         10.000      7.056      RAMB18_X2Y18  design_2_i/cg_fpga_0/inst/cg_axi_vdma_0/U0/GEN_SPRT_FOR_MM2S.MM2S_LINEBUFFER_I/GEN_LINEBUF_NO_SOF.GEN_LINEBUFFER.GEN_SYNC_FIFO.I_LINEBUFFER_FIFO/xpm_fifo_sync_inst/xpm_fifo_base_inst/gen_sdpram.xpm_memory_base_inst/gen_wr_a.gen_word_narrow.mem_reg/CLKBWRCLK
Min Period        n/a     RAMB36E1/CLKARDCLK  n/a            2.944         10.000      7.056      RAMB36_X1Y6   design_2_i/cg_fpga_0/inst/cg_axi_vdma_0/U0/GEN_SPRT_FOR_S2MM.S2MM_LINEBUFFER_I/GEN_S2MM_FLUSH_SOF_LOGIC.GEN_LINEBUFFER_FLUSH_SOF.GEN_SYNC_FIFO_FLUSH_SOF.I_LINEBUFFER_FIFO/xpm_fifo_sync_inst/xpm_fifo_base_inst/gen_sdpram.xpm_memory_base_inst/gen_wr_a.gen_word_narrow.mem_reg/CLKARDCLK
Min Period        n/a     RAMB36E1/CLKBWRCLK  n/a            2.944         10.000      7.056      RAMB36_X1Y6   design_2_i/cg_fpga_0/inst/cg_axi_vdma_0/U0/GEN_SPRT_FOR_S2MM.S2MM_LINEBUFFER_I/GEN_S2MM_FLUSH_SOF_LOGIC.GEN_LINEBUFFER_FLUSH_SOF.GEN_SYNC_FIFO_FLUSH_SOF.I_LINEBUFFER_FIFO/xpm_fifo_sync_inst/xpm_fifo_base_inst/gen_sdpram.xpm_memory_base_inst/gen_wr_a.gen_word_narrow.mem_reg/CLKBWRCLK
Min Period        n/a     RAMB36E1/CLKARDCLK  n/a            2.576         10.000      7.424      RAMB36_X2Y10  design_2_i/cg_fpga_0/inst/cg_axi_vdma_0/U0/I_PRMRY_DATAMOVER/GEN_MM2S_FULL.I_MM2S_FULL_WRAPPER/GEN_INCLUDE_MM2S_SF.I_RD_SF/I_DATA_FIFO/BLK_MEM.I_SYNC_FIFOGEN_FIFO/xpm_fifo_instance.xpm_fifo_sync_inst/xpm_fifo_base_inst/gen_sdpram.xpm_memory_base_inst/gen_wr_a.gen_word_narrow.mem_reg/CLKARDCLK
Min Period        n/a     RAMB36E1/CLKBWRCLK  n/a            2.576         10.000      7.424      RAMB36_X2Y10  design_2_i/cg_fpga_0/inst/cg_axi_vdma_0/U0/I_PRMRY_DATAMOVER/GEN_MM2S_FULL.I_MM2S_FULL_WRAPPER/GEN_INCLUDE_MM2S_SF.I_RD_SF/I_DATA_FIFO/BLK_MEM.I_SYNC_FIFOGEN_FIFO/xpm_fifo_instance.xpm_fifo_sync_inst/xpm_fifo_base_inst/gen_sdpram.xpm_memory_base_inst/gen_wr_a.gen_word_narrow.mem_reg/CLKBWRCLK
Min Period        n/a     RAMB36E1/CLKARDCLK  n/a            2.576         10.000      7.424      RAMB36_X0Y7   design_2_i/cg_fpga_0/inst/cg_axi_vdma_0/U0/I_PRMRY_DATAMOVER/GEN_S2MM_FULL.I_S2MM_FULL_WRAPPER/GEN_ENABLE_INDET_BTT_SF.I_INDET_BTT/I_DATA_FIFO/BLK_MEM.I_SYNC_FIFOGEN_FIFO/xpm_fifo_instance.xpm_fifo_sync_inst/xpm_fifo_base_inst/gen_sdpram.xpm_memory_base_inst/gen_wr_a.gen_word_narrow.mem_reg_0/CLKARDCLK
Min Period        n/a     RAMB36E1/CLKBWRCLK  n/a            2.576         10.000      7.424      RAMB36_X0Y7   design_2_i/cg_fpga_0/inst/cg_axi_vdma_0/U0/I_PRMRY_DATAMOVER/GEN_S2MM_FULL.I_S2MM_FULL_WRAPPER/GEN_ENABLE_INDET_BTT_SF.I_INDET_BTT/I_DATA_FIFO/BLK_MEM.I_SYNC_FIFOGEN_FIFO/xpm_fifo_instance.xpm_fifo_sync_inst/xpm_fifo_base_inst/gen_sdpram.xpm_memory_base_inst/gen_wr_a.gen_word_narrow.mem_reg_0/CLKBWRCLK
Min Period        n/a     RAMB18E1/CLKARDCLK  n/a            2.576         10.000      7.424      RAMB18_X1Y14  design_2_i/cg_fpga_0/inst/cg_axi_vdma_0/U0/I_PRMRY_DATAMOVER/GEN_S2MM_FULL.I_S2MM_FULL_WRAPPER/GEN_ENABLE_INDET_BTT_SF.I_INDET_BTT/I_DATA_FIFO/BLK_MEM.I_SYNC_FIFOGEN_FIFO/xpm_fifo_instance.xpm_fifo_sync_inst/xpm_fifo_base_inst/gen_sdpram.xpm_memory_base_inst/gen_wr_a.gen_word_narrow.mem_reg_1/CLKARDCLK
Min Period        n/a     RAMB18E1/CLKBWRCLK  n/a            2.576         10.000      7.424      RAMB18_X1Y14  design_2_i/cg_fpga_0/inst/cg_axi_vdma_0/U0/I_PRMRY_DATAMOVER/GEN_S2MM_FULL.I_S2MM_FULL_WRAPPER/GEN_ENABLE_INDET_BTT_SF.I_INDET_BTT/I_DATA_FIFO/BLK_MEM.I_SYNC_FIFOGEN_FIFO/xpm_fifo_instance.xpm_fifo_sync_inst/xpm_fifo_base_inst/gen_sdpram.xpm_memory_base_inst/gen_wr_a.gen_word_narrow.mem_reg_1/CLKBWRCLK
Low Pulse Width   Slow    RAMD32/CLK          n/a            1.250         5.000       3.750      SLICE_X26Y69  <hidden>
Low Pulse Width   Fast    RAMD32/CLK          n/a            1.250         5.000       3.750      SLICE_X26Y69  <hidden>
Low Pulse Width   Slow    RAMD32/CLK          n/a            1.250         5.000       3.750      SLICE_X26Y69  <hidden>
Low Pulse Width   Fast    RAMD32/CLK          n/a            1.250         5.000       3.750      SLICE_X26Y69  <hidden>
Low Pulse Width   Slow    RAMD32/CLK          n/a            1.250         5.000       3.750      SLICE_X26Y69  <hidden>
Low Pulse Width   Fast    RAMD32/CLK          n/a            1.250         5.000       3.750      SLICE_X26Y69  <hidden>
Low Pulse Width   Slow    RAMD32/CLK          n/a            1.250         5.000       3.750      SLICE_X26Y69  <hidden>
Low Pulse Width   Fast    RAMD32/CLK          n/a            1.250         5.000       3.750      SLICE_X26Y69  <hidden>
Low Pulse Width   Slow    RAMD32/CLK          n/a            1.250         5.000       3.750      SLICE_X26Y69  <hidden>
Low Pulse Width   Fast    RAMD32/CLK          n/a            1.250         5.000       3.750      SLICE_X26Y69  <hidden>
High Pulse Width  Slow    RAMD32/CLK          n/a            1.250         5.000       3.750      SLICE_X26Y69  <hidden>
High Pulse Width  Fast    RAMD32/CLK          n/a            1.250         5.000       3.750      SLICE_X26Y69  <hidden>
High Pulse Width  Slow    RAMD32/CLK          n/a            1.250         5.000       3.750      SLICE_X26Y69  <hidden>
High Pulse Width  Fast    RAMD32/CLK          n/a            1.250         5.000       3.750      SLICE_X26Y69  <hidden>
High Pulse Width  Slow    RAMD32/CLK          n/a            1.250         5.000       3.750      SLICE_X26Y69  <hidden>
High Pulse Width  Fast    RAMD32/CLK          n/a            1.250         5.000       3.750      SLICE_X26Y69  <hidden>
High Pulse Width  Slow    RAMD32/CLK          n/a            1.250         5.000       3.750      SLICE_X26Y69  <hidden>
High Pulse Width  Fast    RAMD32/CLK          n/a            1.250         5.000       3.750      SLICE_X26Y69  <hidden>
High Pulse Width  Slow    RAMD32/CLK          n/a            1.250         5.000       3.750      SLICE_X26Y69  <hidden>
High Pulse Width  Fast    RAMD32/CLK          n/a            1.250         5.000       3.750      SLICE_X26Y69  <hidden>



---------------------------------------------------------------------------------------------------
Path Group:  **async_default**
From Clock:  clk_fpga_0
  To Clock:  clk_fpga_0

Setup :            0  Failing Endpoints,  Worst Slack        6.523ns,  Total Violation        0.000ns
Hold  :            0  Failing Endpoints,  Worst Slack        0.652ns,  Total Violation        0.000ns
---------------------------------------------------------------------------------------------------


Max Delay Paths
--------------------------------------------------------------------------------------
Slack (MET) :             6.523ns  (required time - arrival time)
  Source:                 <hidden>
                            (rising edge-triggered cell FDPE clocked by clk_fpga_0  {rise@0.000ns fall@5.000ns period=10.000ns})
  Destination:            <hidden>
                            (recovery check against rising-edge clock clk_fpga_0  {rise@0.000ns fall@5.000ns period=10.000ns})
  Path Group:             **async_default**
  Path Type:              Recovery (Max at Slow Process Corner)
  Requirement:            10.000ns  (clk_fpga_0 rise@10.000ns - clk_fpga_0 rise@0.000ns)
  Data Path Delay:        2.869ns  (logic 0.773ns (26.947%)  route 2.096ns (73.053%))
  Logic Levels:           1  (LUT3=1)
  Clock Path Skew:        -0.049ns (DCD - SCD + CPR)
    Destination Clock Delay (DCD):    2.694ns = ( 12.694 - 10.000 ) 
    Source Clock Delay      (SCD):    2.972ns
    Clock Pessimism Removal (CPR):    0.229ns
  Clock Uncertainty:      0.154ns  ((TSJ^2 + TIJ^2)^1/2 + DJ) / 2 + PE
    Total System Jitter     (TSJ):    0.071ns
    Total Input Jitter      (TIJ):    0.300ns
    Discrete Jitter          (DJ):    0.000ns
    Phase Error              (PE):    0.000ns

    Location             Delay type                Incr(ns)  Path(ns)    Netlist Resource(s)
  -------------------------------------------------------------------    -------------------
                         (clock clk_fpga_0 rise edge)
                                                      0.000     0.000 r  
    PS7_X0Y0             PS7                          0.000     0.000 r  design_2_i/cg_fpga_0/inst/processing_system7_0/inst/PS7_i/FCLKCLK[0]
                         net (fo=1, routed)           1.193     1.193    design_2_i/cg_fpga_0/inst/processing_system7_0/inst/FCLK_CLK_unbuffered[0]
    BUFGCTRL_X0Y16       BUFG (Prop_bufg_I_O)         0.101     1.294 r  design_2_i/cg_fpga_0/inst/processing_system7_0/inst/buffer_fclk_clk_0.FCLK_CLK_0_BUFG/O
                         net (fo=6935, routed)        1.678     2.972    <hidden>
    SLICE_X26Y72         FDPE                                         r  <hidden>
  -------------------------------------------------------------------    -------------------
    SLICE_X26Y72         FDPE (Prop_fdpe_C_Q)         0.478     3.450 f  <hidden>
                         net (fo=3, routed)           1.144     4.594    <hidden>
    SLICE_X26Y70         LUT3 (Prop_lut3_I2_O)        0.295     4.889 f  <hidden>
                         net (fo=32, routed)          0.952     5.841    <hidden>
    SLICE_X28Y68         FDCE                                         f  <hidden>
  -------------------------------------------------------------------    -------------------

                         (clock clk_fpga_0 rise edge)
                                                     10.000    10.000 r  
    PS7_X0Y0             PS7                          0.000    10.000 r  design_2_i/cg_fpga_0/inst/processing_system7_0/inst/PS7_i/FCLKCLK[0]
                         net (fo=1, routed)           1.088    11.088    design_2_i/cg_fpga_0/inst/processing_system7_0/inst/FCLK_CLK_unbuffered[0]
    BUFGCTRL_X0Y16       BUFG (Prop_bufg_I_O)         0.091    11.179 r  design_2_i/cg_fpga_0/inst/processing_system7_0/inst/buffer_fclk_clk_0.FCLK_CLK_0_BUFG/O
                         net (fo=6935, routed)        1.515    12.694    <hidden>
    SLICE_X28Y68         FDCE                                         r  <hidden>
                         clock pessimism              0.229    12.923    
                         clock uncertainty           -0.154    12.769    
    SLICE_X28Y68         FDCE (Recov_fdce_C_CLR)     -0.405    12.364    <hidden>
  -------------------------------------------------------------------
                         required time                         12.364    
                         arrival time                          -5.841    
  -------------------------------------------------------------------
                         slack                                  6.523    

Slack (MET) :             6.523ns  (required time - arrival time)
  Source:                 <hidden>
                            (rising edge-triggered cell FDPE clocked by clk_fpga_0  {rise@0.000ns fall@5.000ns period=10.000ns})
  Destination:            <hidden>
                            (recovery check against rising-edge clock clk_fpga_0  {rise@0.000ns fall@5.000ns period=10.000ns})
  Path Group:             **async_default**
  Path Type:              Recovery (Max at Slow Process Corner)
  Requirement:            10.000ns  (clk_fpga_0 rise@10.000ns - clk_fpga_0 rise@0.000ns)
  Data Path Delay:        2.869ns  (logic 0.773ns (26.947%)  route 2.096ns (73.053%))
  Logic Levels:           1  (LUT3=1)
  Clock Path Skew:        -0.049ns (DCD - SCD + CPR)
    Destination Clock Delay (DCD):    2.694ns = ( 12.694 - 10.000 ) 
    Source Clock Delay      (SCD):    2.972ns
    Clock Pessimism Removal (CPR):    0.229ns
  Clock Uncertainty:      0.154ns  ((TSJ^2 + TIJ^2)^1/2 + DJ) / 2 + PE
    Total System Jitter     (TSJ):    0.071ns
    Total Input Jitter      (TIJ):    0.300ns
    Discrete Jitter          (DJ):    0.000ns
    Phase Error              (PE):    0.000ns

    Location             Delay type                Incr(ns)  Path(ns)    Netlist Resource(s)
  -------------------------------------------------------------------    -------------------
                         (clock clk_fpga_0 rise edge)
                                                      0.000     0.000 r  
    PS7_X0Y0             PS7                          0.000     0.000 r  design_2_i/cg_fpga_0/inst/processing_system7_0/inst/PS7_i/FCLKCLK[0]
                         net (fo=1, routed)           1.193     1.193    design_2_i/cg_fpga_0/inst/processing_system7_0/inst/FCLK_CLK_unbuffered[0]
    BUFGCTRL_X0Y16       BUFG (Prop_bufg_I_O)         0.101     1.294 r  design_2_i/cg_fpga_0/inst/processing_system7_0/inst/buffer_fclk_clk_0.FCLK_CLK_0_BUFG/O
                         net (fo=6935, routed)        1.678     2.972    <hidden>
    SLICE_X26Y72         FDPE                                         r  <hidden>
  -------------------------------------------------------------------    -------------------
    SLICE_X26Y72         FDPE (Prop_fdpe_C_Q)         0.478     3.450 f  <hidden>
                         net (fo=3, routed)           1.144     4.594    <hidden>
    SLICE_X26Y70         LUT3 (Prop_lut3_I2_O)        0.295     4.889 f  <hidden>
                         net (fo=32, routed)          0.952     5.841    <hidden>
    SLICE_X28Y68         FDCE                                         f  <hidden>
  -------------------------------------------------------------------    -------------------

                         (clock clk_fpga_0 rise edge)
                                                     10.000    10.000 r  
    PS7_X0Y0             PS7                          0.000    10.000 r  design_2_i/cg_fpga_0/inst/processing_system7_0/inst/PS7_i/FCLKCLK[0]
                         net (fo=1, routed)           1.088    11.088    design_2_i/cg_fpga_0/inst/processing_system7_0/inst/FCLK_CLK_unbuffered[0]
    BUFGCTRL_X0Y16       BUFG (Prop_bufg_I_O)         0.091    11.179 r  design_2_i/cg_fpga_0/inst/processing_system7_0/inst/buffer_fclk_clk_0.FCLK_CLK_0_BUFG/O
                         net (fo=6935, routed)        1.515    12.694    <hidden>
    SLICE_X28Y68         FDCE                                         r  <hidden>
                         clock pessimism              0.229    12.923    
                         clock uncertainty           -0.154    12.769    
    SLICE_X28Y68         FDCE (Recov_fdce_C_CLR)     -0.405    12.364    <hidden>
  -------------------------------------------------------------------
                         required time                         12.364    
                         arrival time                          -5.841    
  -------------------------------------------------------------------
                         slack                                  6.523    

Slack (MET) :             6.523ns  (required time - arrival time)
  Source:                 <hidden>
                            (rising edge-triggered cell FDPE clocked by clk_fpga_0  {rise@0.000ns fall@5.000ns period=10.000ns})
  Destination:            <hidden>
                            (recovery check against rising-edge clock clk_fpga_0  {rise@0.000ns fall@5.000ns period=10.000ns})
  Path Group:             **async_default**
  Path Type:              Recovery (Max at Slow Process Corner)
  Requirement:            10.000ns  (clk_fpga_0 rise@10.000ns - clk_fpga_0 rise@0.000ns)
  Data Path Delay:        2.869ns  (logic 0.773ns (26.947%)  route 2.096ns (73.053%))
  Logic Levels:           1  (LUT3=1)
  Clock Path Skew:        -0.049ns (DCD - SCD + CPR)
    Destination Clock Delay (DCD):    2.694ns = ( 12.694 - 10.000 ) 
    Source Clock Delay      (SCD):    2.972ns
    Clock Pessimism Removal (CPR):    0.229ns
  Clock Uncertainty:      0.154ns  ((TSJ^2 + TIJ^2)^1/2 + DJ) / 2 + PE
    Total System Jitter     (TSJ):    0.071ns
    Total Input Jitter      (TIJ):    0.300ns
    Discrete Jitter          (DJ):    0.000ns
    Phase Error              (PE):    0.000ns

    Location             Delay type                Incr(ns)  Path(ns)    Netlist Resource(s)
  -------------------------------------------------------------------    -------------------
                         (clock clk_fpga_0 rise edge)
                                                      0.000     0.000 r  
    PS7_X0Y0             PS7                          0.000     0.000 r  design_2_i/cg_fpga_0/inst/processing_system7_0/inst/PS7_i/FCLKCLK[0]
                         net (fo=1, routed)           1.193     1.193    design_2_i/cg_fpga_0/inst/processing_system7_0/inst/FCLK_CLK_unbuffered[0]
    BUFGCTRL_X0Y16       BUFG (Prop_bufg_I_O)         0.101     1.294 r  design_2_i/cg_fpga_0/inst/processing_system7_0/inst/buffer_fclk_clk_0.FCLK_CLK_0_BUFG/O
                         net (fo=6935, routed)        1.678     2.972    <hidden>
    SLICE_X26Y72         FDPE                                         r  <hidden>
  -------------------------------------------------------------------    -------------------
    SLICE_X26Y72         FDPE (Prop_fdpe_C_Q)         0.478     3.450 f  <hidden>
                         net (fo=3, routed)           1.144     4.594    <hidden>
    SLICE_X26Y70         LUT3 (Prop_lut3_I2_O)        0.295     4.889 f  <hidden>
                         net (fo=32, routed)          0.952     5.841    <hidden>
    SLICE_X28Y68         FDCE                                         f  <hidden>
  -------------------------------------------------------------------    -------------------

                         (clock clk_fpga_0 rise edge)
                                                     10.000    10.000 r  
    PS7_X0Y0             PS7                          0.000    10.000 r  design_2_i/cg_fpga_0/inst/processing_system7_0/inst/PS7_i/FCLKCLK[0]
                         net (fo=1, routed)           1.088    11.088    design_2_i/cg_fpga_0/inst/processing_system7_0/inst/FCLK_CLK_unbuffered[0]
    BUFGCTRL_X0Y16       BUFG (Prop_bufg_I_O)         0.091    11.179 r  design_2_i/cg_fpga_0/inst/processing_system7_0/inst/buffer_fclk_clk_0.FCLK_CLK_0_BUFG/O
                         net (fo=6935, routed)        1.515    12.694    <hidden>
    SLICE_X28Y68         FDCE                                         r  <hidden>
                         clock pessimism              0.229    12.923    
                         clock uncertainty           -0.154    12.769    
    SLICE_X28Y68         FDCE (Recov_fdce_C_CLR)     -0.405    12.364    <hidden>
  -------------------------------------------------------------------
                         required time                         12.364    
                         arrival time                          -5.841    
  -------------------------------------------------------------------
                         slack                                  6.523    

Slack (MET) :             6.530ns  (required time - arrival time)
  Source:                 <hidden>
                            (rising edge-triggered cell FDPE clocked by clk_fpga_0  {rise@0.000ns fall@5.000ns period=10.000ns})
  Destination:            <hidden>
                            (recovery check against rising-edge clock clk_fpga_0  {rise@0.000ns fall@5.000ns period=10.000ns})
  Path Group:             **async_default**
  Path Type:              Recovery (Max at Slow Process Corner)
  Requirement:            10.000ns  (clk_fpga_0 rise@10.000ns - clk_fpga_0 rise@0.000ns)
  Data Path Delay:        2.893ns  (logic 0.773ns (26.720%)  route 2.120ns (73.280%))
  Logic Levels:           1  (LUT3=1)
  Clock Path Skew:        -0.062ns (DCD - SCD + CPR)
    Destination Clock Delay (DCD):    2.759ns = ( 12.759 - 10.000 ) 
    Source Clock Delay      (SCD):    3.051ns
    Clock Pessimism Removal (CPR):    0.230ns
  Clock Uncertainty:      0.154ns  ((TSJ^2 + TIJ^2)^1/2 + DJ) / 2 + PE
    Total System Jitter     (TSJ):    0.071ns
    Total Input Jitter      (TIJ):    0.300ns
    Discrete Jitter          (DJ):    0.000ns
    Phase Error              (PE):    0.000ns

    Location             Delay type                Incr(ns)  Path(ns)    Netlist Resource(s)
  -------------------------------------------------------------------    -------------------
                         (clock clk_fpga_0 rise edge)
                                                      0.000     0.000 r  
    PS7_X0Y0             PS7                          0.000     0.000 r  design_2_i/cg_fpga_0/inst/processing_system7_0/inst/PS7_i/FCLKCLK[0]
                         net (fo=1, routed)           1.193     1.193    design_2_i/cg_fpga_0/inst/processing_system7_0/inst/FCLK_CLK_unbuffered[0]
    BUFGCTRL_X0Y16       BUFG (Prop_bufg_I_O)         0.101     1.294 r  design_2_i/cg_fpga_0/inst/processing_system7_0/inst/buffer_fclk_clk_0.FCLK_CLK_0_BUFG/O
                         net (fo=6935, routed)        1.757     3.051    <hidden>
    SLICE_X18Y49         FDPE                                         r  <hidden>
  -------------------------------------------------------------------    -------------------
    SLICE_X18Y49         FDPE (Prop_fdpe_C_Q)         0.478     3.529 f  <hidden>
                         net (fo=2, routed)           0.862     4.391    <hidden>
    SLICE_X10Y49         LUT3 (Prop_lut3_I2_O)        0.295     4.686 f  <hidden>
                         net (fo=32, routed)          1.258     5.944    <hidden>
    SLICE_X8Y45          FDCE                                         f  <hidden>
  -------------------------------------------------------------------    -------------------

                         (clock clk_fpga_0 rise edge)
                                                     10.000    10.000 r  
    PS7_X0Y0             PS7                          0.000    10.000 r  design_2_i/cg_fpga_0/inst/processing_system7_0/inst/PS7_i/FCLKCLK[0]
                         net (fo=1, routed)           1.088    11.088    design_2_i/cg_fpga_0/inst/processing_system7_0/inst/FCLK_CLK_unbuffered[0]
    BUFGCTRL_X0Y16       BUFG (Prop_bufg_I_O)         0.091    11.179 r  design_2_i/cg_fpga_0/inst/processing_system7_0/inst/buffer_fclk_clk_0.FCLK_CLK_0_BUFG/O
                         net (fo=6935, routed)        1.580    12.759    <hidden>
    SLICE_X8Y45          FDCE                                         r  <hidden>
                         clock pessimism              0.230    12.989    
                         clock uncertainty           -0.154    12.835    
    SLICE_X8Y45          FDCE (Recov_fdce_C_CLR)     -0.361    12.474    <hidden>
  -------------------------------------------------------------------
                         required time                         12.474    
                         arrival time                          -5.944    
  -------------------------------------------------------------------
                         slack                                  6.530    

Slack (MET) :             6.530ns  (required time - arrival time)
  Source:                 <hidden>
                            (rising edge-triggered cell FDPE clocked by clk_fpga_0  {rise@0.000ns fall@5.000ns period=10.000ns})
  Destination:            <hidden>
                            (recovery check against rising-edge clock clk_fpga_0  {rise@0.000ns fall@5.000ns period=10.000ns})
  Path Group:             **async_default**
  Path Type:              Recovery (Max at Slow Process Corner)
  Requirement:            10.000ns  (clk_fpga_0 rise@10.000ns - clk_fpga_0 rise@0.000ns)
  Data Path Delay:        2.893ns  (logic 0.773ns (26.720%)  route 2.120ns (73.280%))
  Logic Levels:           1  (LUT3=1)
  Clock Path Skew:        -0.062ns (DCD - SCD + CPR)
    Destination Clock Delay (DCD):    2.759ns = ( 12.759 - 10.000 ) 
    Source Clock Delay      (SCD):    3.051ns
    Clock Pessimism Removal (CPR):    0.230ns
  Clock Uncertainty:      0.154ns  ((TSJ^2 + TIJ^2)^1/2 + DJ) / 2 + PE
    Total System Jitter     (TSJ):    0.071ns
    Total Input Jitter      (TIJ):    0.300ns
    Discrete Jitter          (DJ):    0.000ns
    Phase Error              (PE):    0.000ns

    Location             Delay type                Incr(ns)  Path(ns)    Netlist Resource(s)
  -------------------------------------------------------------------    -------------------
                         (clock clk_fpga_0 rise edge)
                                                      0.000     0.000 r  
    PS7_X0Y0             PS7                          0.000     0.000 r  design_2_i/cg_fpga_0/inst/processing_system7_0/inst/PS7_i/FCLKCLK[0]
                         net (fo=1, routed)           1.193     1.193    design_2_i/cg_fpga_0/inst/processing_system7_0/inst/FCLK_CLK_unbuffered[0]
    BUFGCTRL_X0Y16       BUFG (Prop_bufg_I_O)         0.101     1.294 r  design_2_i/cg_fpga_0/inst/processing_system7_0/inst/buffer_fclk_clk_0.FCLK_CLK_0_BUFG/O
                         net (fo=6935, routed)        1.757     3.051    <hidden>
    SLICE_X18Y49         FDPE                                         r  <hidden>
  -------------------------------------------------------------------    -------------------
    SLICE_X18Y49         FDPE (Prop_fdpe_C_Q)         0.478     3.529 f  <hidden>
                         net (fo=2, routed)           0.862     4.391    <hidden>
    SLICE_X10Y49         LUT3 (Prop_lut3_I2_O)        0.295     4.686 f  <hidden>
                         net (fo=32, routed)          1.258     5.944    <hidden>
    SLICE_X8Y45          FDPE                                         f  <hidden>
  -------------------------------------------------------------------    -------------------

                         (clock clk_fpga_0 rise edge)
                                                     10.000    10.000 r  
    PS7_X0Y0             PS7                          0.000    10.000 r  design_2_i/cg_fpga_0/inst/processing_system7_0/inst/PS7_i/FCLKCLK[0]
                         net (fo=1, routed)           1.088    11.088    design_2_i/cg_fpga_0/inst/processing_system7_0/inst/FCLK_CLK_unbuffered[0]
    BUFGCTRL_X0Y16       BUFG (Prop_bufg_I_O)         0.091    11.179 r  design_2_i/cg_fpga_0/inst/processing_system7_0/inst/buffer_fclk_clk_0.FCLK_CLK_0_BUFG/O
                         net (fo=6935, routed)        1.580    12.759    <hidden>
    SLICE_X8Y45          FDPE                                         r  <hidden>
                         clock pessimism              0.230    12.989    
                         clock uncertainty           -0.154    12.835    
    SLICE_X8Y45          FDPE (Recov_fdpe_C_PRE)     -0.361    12.474    <hidden>
  -------------------------------------------------------------------
                         required time                         12.474    
                         arrival time                          -5.944    
  -------------------------------------------------------------------
                         slack                                  6.530    

Slack (MET) :             6.530ns  (required time - arrival time)
  Source:                 <hidden>
                            (rising edge-triggered cell FDPE clocked by clk_fpga_0  {rise@0.000ns fall@5.000ns period=10.000ns})
  Destination:            <hidden>
                            (recovery check against rising-edge clock clk_fpga_0  {rise@0.000ns fall@5.000ns period=10.000ns})
  Path Group:             **async_default**
  Path Type:              Recovery (Max at Slow Process Corner)
  Requirement:            10.000ns  (clk_fpga_0 rise@10.000ns - clk_fpga_0 rise@0.000ns)
  Data Path Delay:        2.893ns  (logic 0.773ns (26.720%)  route 2.120ns (73.280%))
  Logic Levels:           1  (LUT3=1)
  Clock Path Skew:        -0.062ns (DCD - SCD + CPR)
    Destination Clock Delay (DCD):    2.759ns = ( 12.759 - 10.000 ) 
    Source Clock Delay      (SCD):    3.051ns
    Clock Pessimism Removal (CPR):    0.230ns
  Clock Uncertainty:      0.154ns  ((TSJ^2 + TIJ^2)^1/2 + DJ) / 2 + PE
    Total System Jitter     (TSJ):    0.071ns
    Total Input Jitter      (TIJ):    0.300ns
    Discrete Jitter          (DJ):    0.000ns
    Phase Error              (PE):    0.000ns

    Location             Delay type                Incr(ns)  Path(ns)    Netlist Resource(s)
  -------------------------------------------------------------------    -------------------
                         (clock clk_fpga_0 rise edge)
                                                      0.000     0.000 r  
    PS7_X0Y0             PS7                          0.000     0.000 r  design_2_i/cg_fpga_0/inst/processing_system7_0/inst/PS7_i/FCLKCLK[0]
                         net (fo=1, routed)           1.193     1.193    design_2_i/cg_fpga_0/inst/processing_system7_0/inst/FCLK_CLK_unbuffered[0]
    BUFGCTRL_X0Y16       BUFG (Prop_bufg_I_O)         0.101     1.294 r  design_2_i/cg_fpga_0/inst/processing_system7_0/inst/buffer_fclk_clk_0.FCLK_CLK_0_BUFG/O
                         net (fo=6935, routed)        1.757     3.051    <hidden>
    SLICE_X18Y49         FDPE                                         r  <hidden>
  -------------------------------------------------------------------    -------------------
    SLICE_X18Y49         FDPE (Prop_fdpe_C_Q)         0.478     3.529 f  <hidden>
                         net (fo=2, routed)           0.862     4.391    <hidden>
    SLICE_X10Y49         LUT3 (Prop_lut3_I2_O)        0.295     4.686 f  <hidden>
                         net (fo=32, routed)          1.258     5.944    <hidden>
    SLICE_X8Y45          FDCE                                         f  <hidden>
  -------------------------------------------------------------------    -------------------

                         (clock clk_fpga_0 rise edge)
                                                     10.000    10.000 r  
    PS7_X0Y0             PS7                          0.000    10.000 r  design_2_i/cg_fpga_0/inst/processing_system7_0/inst/PS7_i/FCLKCLK[0]
                         net (fo=1, routed)           1.088    11.088    design_2_i/cg_fpga_0/inst/processing_system7_0/inst/FCLK_CLK_unbuffered[0]
    BUFGCTRL_X0Y16       BUFG (Prop_bufg_I_O)         0.091    11.179 r  design_2_i/cg_fpga_0/inst/processing_system7_0/inst/buffer_fclk_clk_0.FCLK_CLK_0_BUFG/O
                         net (fo=6935, routed)        1.580    12.759    <hidden>
    SLICE_X8Y45          FDCE                                         r  <hidden>
                         clock pessimism              0.230    12.989    
                         clock uncertainty           -0.154    12.835    
    SLICE_X8Y45          FDCE (Recov_fdce_C_CLR)     -0.361    12.474    <hidden>
  -------------------------------------------------------------------
                         required time                         12.474    
                         arrival time                          -5.944    
  -------------------------------------------------------------------
                         slack                                  6.530    

Slack (MET) :             6.569ns  (required time - arrival time)
  Source:                 <hidden>
                            (rising edge-triggered cell FDPE clocked by clk_fpga_0  {rise@0.000ns fall@5.000ns period=10.000ns})
  Destination:            <hidden>
                            (recovery check against rising-edge clock clk_fpga_0  {rise@0.000ns fall@5.000ns period=10.000ns})
  Path Group:             **async_default**
  Path Type:              Recovery (Max at Slow Process Corner)
  Requirement:            10.000ns  (clk_fpga_0 rise@10.000ns - clk_fpga_0 rise@0.000ns)
  Data Path Delay:        2.869ns  (logic 0.773ns (26.947%)  route 2.096ns (73.053%))
  Logic Levels:           1  (LUT3=1)
  Clock Path Skew:        -0.049ns (DCD - SCD + CPR)
    Destination Clock Delay (DCD):    2.694ns = ( 12.694 - 10.000 ) 
    Source Clock Delay      (SCD):    2.972ns
    Clock Pessimism Removal (CPR):    0.229ns
  Clock Uncertainty:      0.154ns  ((TSJ^2 + TIJ^2)^1/2 + DJ) / 2 + PE
    Total System Jitter     (TSJ):    0.071ns
    Total Input Jitter      (TIJ):    0.300ns
    Discrete Jitter          (DJ):    0.000ns
    Phase Error              (PE):    0.000ns

    Location             Delay type                Incr(ns)  Path(ns)    Netlist Resource(s)
  -------------------------------------------------------------------    -------------------
                         (clock clk_fpga_0 rise edge)
                                                      0.000     0.000 r  
    PS7_X0Y0             PS7                          0.000     0.000 r  design_2_i/cg_fpga_0/inst/processing_system7_0/inst/PS7_i/FCLKCLK[0]
                         net (fo=1, routed)           1.193     1.193    design_2_i/cg_fpga_0/inst/processing_system7_0/inst/FCLK_CLK_unbuffered[0]
    BUFGCTRL_X0Y16       BUFG (Prop_bufg_I_O)         0.101     1.294 r  design_2_i/cg_fpga_0/inst/processing_system7_0/inst/buffer_fclk_clk_0.FCLK_CLK_0_BUFG/O
                         net (fo=6935, routed)        1.678     2.972    <hidden>
    SLICE_X26Y72         FDPE                                         r  <hidden>
  -------------------------------------------------------------------    -------------------
    SLICE_X26Y72         FDPE (Prop_fdpe_C_Q)         0.478     3.450 f  <hidden>
                         net (fo=3, routed)           1.144     4.594    <hidden>
    SLICE_X26Y70         LUT3 (Prop_lut3_I2_O)        0.295     4.889 f  <hidden>
                         net (fo=32, routed)          0.952     5.841    <hidden>
    SLICE_X28Y68         FDPE                                         f  <hidden>
  -------------------------------------------------------------------    -------------------

                         (clock clk_fpga_0 rise edge)
                                                     10.000    10.000 r  
    PS7_X0Y0             PS7                          0.000    10.000 r  design_2_i/cg_fpga_0/inst/processing_system7_0/inst/PS7_i/FCLKCLK[0]
                         net (fo=1, routed)           1.088    11.088    design_2_i/cg_fpga_0/inst/processing_system7_0/inst/FCLK_CLK_unbuffered[0]
    BUFGCTRL_X0Y16       BUFG (Prop_bufg_I_O)         0.091    11.179 r  design_2_i/cg_fpga_0/inst/processing_system7_0/inst/buffer_fclk_clk_0.FCLK_CLK_0_BUFG/O
                         net (fo=6935, routed)        1.515    12.694    <hidden>
    SLICE_X28Y68         FDPE                                         r  <hidden>
                         clock pessimism              0.229    12.923    
                         clock uncertainty           -0.154    12.769    
    SLICE_X28Y68         FDPE (Recov_fdpe_C_PRE)     -0.359    12.410    <hidden>
  -------------------------------------------------------------------
                         required time                         12.410    
                         arrival time                          -5.841    
  -------------------------------------------------------------------
                         slack                                  6.569    

Slack (MET) :             6.572ns  (required time - arrival time)
  Source:                 <hidden>
                            (rising edge-triggered cell FDPE clocked by clk_fpga_0  {rise@0.000ns fall@5.000ns period=10.000ns})
  Destination:            <hidden>
                            (recovery check against rising-edge clock clk_fpga_0  {rise@0.000ns fall@5.000ns period=10.000ns})
  Path Group:             **async_default**
  Path Type:              Recovery (Max at Slow Process Corner)
  Requirement:            10.000ns  (clk_fpga_0 rise@10.000ns - clk_fpga_0 rise@0.000ns)
  Data Path Delay:        2.893ns  (logic 0.773ns (26.720%)  route 2.120ns (73.280%))
  Logic Levels:           1  (LUT3=1)
  Clock Path Skew:        -0.062ns (DCD - SCD + CPR)
    Destination Clock Delay (DCD):    2.759ns = ( 12.759 - 10.000 ) 
    Source Clock Delay      (SCD):    3.051ns
    Clock Pessimism Removal (CPR):    0.230ns
  Clock Uncertainty:      0.154ns  ((TSJ^2 + TIJ^2)^1/2 + DJ) / 2 + PE
    Total System Jitter     (TSJ):    0.071ns
    Total Input Jitter      (TIJ):    0.300ns
    Discrete Jitter          (DJ):    0.000ns
    Phase Error              (PE):    0.000ns

    Location             Delay type                Incr(ns)  Path(ns)    Netlist Resource(s)
  -------------------------------------------------------------------    -------------------
                         (clock clk_fpga_0 rise edge)
                                                      0.000     0.000 r  
    PS7_X0Y0             PS7                          0.000     0.000 r  design_2_i/cg_fpga_0/inst/processing_system7_0/inst/PS7_i/FCLKCLK[0]
                         net (fo=1, routed)           1.193     1.193    design_2_i/cg_fpga_0/inst/processing_system7_0/inst/FCLK_CLK_unbuffered[0]
    BUFGCTRL_X0Y16       BUFG (Prop_bufg_I_O)         0.101     1.294 r  design_2_i/cg_fpga_0/inst/processing_system7_0/inst/buffer_fclk_clk_0.FCLK_CLK_0_BUFG/O
                         net (fo=6935, routed)        1.757     3.051    <hidden>
    SLICE_X18Y49         FDPE                                         r  <hidden>
  -------------------------------------------------------------------    -------------------
    SLICE_X18Y49         FDPE (Prop_fdpe_C_Q)         0.478     3.529 f  <hidden>
                         net (fo=2, routed)           0.862     4.391    <hidden>
    SLICE_X10Y49         LUT3 (Prop_lut3_I2_O)        0.295     4.686 f  <hidden>
                         net (fo=32, routed)          1.258     5.944    <hidden>
    SLICE_X8Y45          FDCE                                         f  <hidden>
  -------------------------------------------------------------------    -------------------

                         (clock clk_fpga_0 rise edge)
                                                     10.000    10.000 r  
    PS7_X0Y0             PS7                          0.000    10.000 r  design_2_i/cg_fpga_0/inst/processing_system7_0/inst/PS7_i/FCLKCLK[0]
                         net (fo=1, routed)           1.088    11.088    design_2_i/cg_fpga_0/inst/processing_system7_0/inst/FCLK_CLK_unbuffered[0]
    BUFGCTRL_X0Y16       BUFG (Prop_bufg_I_O)         0.091    11.179 r  design_2_i/cg_fpga_0/inst/processing_system7_0/inst/buffer_fclk_clk_0.FCLK_CLK_0_BUFG/O
                         net (fo=6935, routed)        1.580    12.759    <hidden>
    SLICE_X8Y45          FDCE                                         r  <hidden>
                         clock pessimism              0.230    12.989    
                         clock uncertainty           -0.154    12.835    
    SLICE_X8Y45          FDCE (Recov_fdce_C_CLR)     -0.319    12.516    <hidden>
  -------------------------------------------------------------------
                         required time                         12.516    
                         arrival time                          -5.944    
  -------------------------------------------------------------------
                         slack                                  6.572    

Slack (MET) :             6.632ns  (required time - arrival time)
  Source:                 <hidden>
                            (rising edge-triggered cell FDRE clocked by clk_fpga_0  {rise@0.000ns fall@5.000ns period=10.000ns})
  Destination:            <hidden>
                            (recovery check against rising-edge clock clk_fpga_0  {rise@0.000ns fall@5.000ns period=10.000ns})
  Path Group:             **async_default**
  Path Type:              Recovery (Max at Slow Process Corner)
  Requirement:            10.000ns  (clk_fpga_0 rise@10.000ns - clk_fpga_0 rise@0.000ns)
  Data Path Delay:        2.708ns  (logic 0.580ns (21.417%)  route 2.128ns (78.583%))
  Logic Levels:           1  (LUT3=1)
  Clock Path Skew:        -0.101ns (DCD - SCD + CPR)
    Destination Clock Delay (DCD):    2.658ns = ( 12.658 - 10.000 ) 
    Source Clock Delay      (SCD):    2.988ns
    Clock Pessimism Removal (CPR):    0.229ns
  Clock Uncertainty:      0.154ns  ((TSJ^2 + TIJ^2)^1/2 + DJ) / 2 + PE
    Total System Jitter     (TSJ):    0.071ns
    Total Input Jitter      (TIJ):    0.300ns
    Discrete Jitter          (DJ):    0.000ns
    Phase Error              (PE):    0.000ns

    Location             Delay type                Incr(ns)  Path(ns)    Netlist Resource(s)
  -------------------------------------------------------------------    -------------------
                         (clock clk_fpga_0 rise edge)
                                                      0.000     0.000 r  
    PS7_X0Y0             PS7                          0.000     0.000 r  design_2_i/cg_fpga_0/inst/processing_system7_0/inst/PS7_i/FCLKCLK[0]
                         net (fo=1, routed)           1.193     1.193    design_2_i/cg_fpga_0/inst/processing_system7_0/inst/FCLK_CLK_unbuffered[0]
    BUFGCTRL_X0Y16       BUFG (Prop_bufg_I_O)         0.101     1.294 r  design_2_i/cg_fpga_0/inst/processing_system7_0/inst/buffer_fclk_clk_0.FCLK_CLK_0_BUFG/O
                         net (fo=6935, routed)        1.694     2.988    <hidden>
    SLICE_X29Y63         FDRE                                         r  <hidden>
  -------------------------------------------------------------------    -------------------
    SLICE_X29Y63         FDRE (Prop_fdre_C_Q)         0.456     3.444 f  <hidden>
                         net (fo=1, routed)           0.656     4.100    <hidden>
    SLICE_X29Y63         LUT3 (Prop_lut3_I0_O)        0.124     4.224 f  <hidden>
                         net (fo=32, routed)          1.472     5.696    <hidden>
    SLICE_X39Y56         FDCE                                         f  <hidden>
  -------------------------------------------------------------------    -------------------

                         (clock clk_fpga_0 rise edge)
                                                     10.000    10.000 r  
    PS7_X0Y0             PS7                          0.000    10.000 r  design_2_i/cg_fpga_0/inst/processing_system7_0/inst/PS7_i/FCLKCLK[0]
                         net (fo=1, routed)           1.088    11.088    design_2_i/cg_fpga_0/inst/processing_system7_0/inst/FCLK_CLK_unbuffered[0]
    BUFGCTRL_X0Y16       BUFG (Prop_bufg_I_O)         0.091    11.179 r  design_2_i/cg_fpga_0/inst/processing_system7_0/inst/buffer_fclk_clk_0.FCLK_CLK_0_BUFG/O
                         net (fo=6935, routed)        1.479    12.658    <hidden>
    SLICE_X39Y56         FDCE                                         r  <hidden>
                         clock pessimism              0.229    12.887    
                         clock uncertainty           -0.154    12.733    
    SLICE_X39Y56         FDCE (Recov_fdce_C_CLR)     -0.405    12.328    <hidden>
  -------------------------------------------------------------------
                         required time                         12.328    
                         arrival time                          -5.696    
  -------------------------------------------------------------------
                         slack                                  6.632    

Slack (MET) :             6.666ns  (required time - arrival time)
  Source:                 <hidden>
                            (rising edge-triggered cell FDRE clocked by clk_fpga_0  {rise@0.000ns fall@5.000ns period=10.000ns})
  Destination:            <hidden>
                            (recovery check against rising-edge clock clk_fpga_0  {rise@0.000ns fall@5.000ns period=10.000ns})
  Path Group:             **async_default**
  Path Type:              Recovery (Max at Slow Process Corner)
  Requirement:            10.000ns  (clk_fpga_0 rise@10.000ns - clk_fpga_0 rise@0.000ns)
  Data Path Delay:        2.674ns  (logic 0.580ns (21.692%)  route 2.094ns (78.308%))
  Logic Levels:           1  (LUT3=1)
  Clock Path Skew:        -0.101ns (DCD - SCD + CPR)
    Destination Clock Delay (DCD):    2.658ns = ( 12.658 - 10.000 ) 
    Source Clock Delay      (SCD):    2.988ns
    Clock Pessimism Removal (CPR):    0.229ns
  Clock Uncertainty:      0.154ns  ((TSJ^2 + TIJ^2)^1/2 + DJ) / 2 + PE
    Total System Jitter     (TSJ):    0.071ns
    Total Input Jitter      (TIJ):    0.300ns
    Discrete Jitter          (DJ):    0.000ns
    Phase Error              (PE):    0.000ns

    Location             Delay type                Incr(ns)  Path(ns)    Netlist Resource(s)
  -------------------------------------------------------------------    -------------------
                         (clock clk_fpga_0 rise edge)
                                                      0.000     0.000 r  
    PS7_X0Y0             PS7                          0.000     0.000 r  design_2_i/cg_fpga_0/inst/processing_system7_0/inst/PS7_i/FCLKCLK[0]
                         net (fo=1, routed)           1.193     1.193    design_2_i/cg_fpga_0/inst/processing_system7_0/inst/FCLK_CLK_unbuffered[0]
    BUFGCTRL_X0Y16       BUFG (Prop_bufg_I_O)         0.101     1.294 r  design_2_i/cg_fpga_0/inst/processing_system7_0/inst/buffer_fclk_clk_0.FCLK_CLK_0_BUFG/O
                         net (fo=6935, routed)        1.694     2.988    <hidden>
    SLICE_X29Y63         FDRE                                         r  <hidden>
  -------------------------------------------------------------------    -------------------
    SLICE_X29Y63         FDRE (Prop_fdre_C_Q)         0.456     3.444 f  <hidden>
                         net (fo=1, routed)           0.656     4.100    <hidden>
    SLICE_X29Y63         LUT3 (Prop_lut3_I0_O)        0.124     4.224 f  <hidden>
                         net (fo=32, routed)          1.438     5.662    <hidden>
    SLICE_X40Y54         FDCE                                         f  <hidden>
  -------------------------------------------------------------------    -------------------

                         (clock clk_fpga_0 rise edge)
                                                     10.000    10.000 r  
    PS7_X0Y0             PS7                          0.000    10.000 r  design_2_i/cg_fpga_0/inst/processing_system7_0/inst/PS7_i/FCLKCLK[0]
                         net (fo=1, routed)           1.088    11.088    design_2_i/cg_fpga_0/inst/processing_system7_0/inst/FCLK_CLK_unbuffered[0]
    BUFGCTRL_X0Y16       BUFG (Prop_bufg_I_O)         0.091    11.179 r  design_2_i/cg_fpga_0/inst/processing_system7_0/inst/buffer_fclk_clk_0.FCLK_CLK_0_BUFG/O
                         net (fo=6935, routed)        1.479    12.658    <hidden>
    SLICE_X40Y54         FDCE                                         r  <hidden>
                         clock pessimism              0.229    12.887    
                         clock uncertainty           -0.154    12.733    
    SLICE_X40Y54         FDCE (Recov_fdce_C_CLR)     -0.405    12.328    <hidden>
  -------------------------------------------------------------------
                         required time                         12.328    
                         arrival time                          -5.662    
  -------------------------------------------------------------------
                         slack                                  6.666    





Min Delay Paths
--------------------------------------------------------------------------------------
Slack (MET) :             0.652ns  (arrival time - required time)
  Source:                 <hidden>
                            (rising edge-triggered cell FDRE clocked by clk_fpga_0  {rise@0.000ns fall@5.000ns period=10.000ns})
  Destination:            <hidden>
                            (removal check against rising-edge clock clk_fpga_0  {rise@0.000ns fall@5.000ns period=10.000ns})
  Path Group:             **async_default**
  Path Type:              Removal (Min at Fast Process Corner)
  Requirement:            0.000ns  (clk_fpga_0 rise@0.000ns - clk_fpga_0 rise@0.000ns)
  Data Path Delay:        0.600ns  (logic 0.209ns (34.818%)  route 0.391ns (65.182%))
  Logic Levels:           1  (LUT3=1)
  Clock Path Skew:        0.015ns (DCD - SCD - CPR)
    Destination Clock Delay (DCD):    1.198ns
    Source Clock Delay      (SCD):    0.899ns
    Clock Pessimism Removal (CPR):    0.284ns

    Location             Delay type                Incr(ns)  Path(ns)    Netlist Resource(s)
  -------------------------------------------------------------------    -------------------
                         (clock clk_fpga_0 rise edge)
                                                      0.000     0.000 r  
    PS7_X0Y0             PS7                          0.000     0.000 r  design_2_i/cg_fpga_0/inst/processing_system7_0/inst/PS7_i/FCLKCLK[0]
                         net (fo=1, routed)           0.310     0.310    design_2_i/cg_fpga_0/inst/processing_system7_0/inst/FCLK_CLK_unbuffered[0]
    BUFGCTRL_X0Y16       BUFG (Prop_bufg_I_O)         0.026     0.336 r  design_2_i/cg_fpga_0/inst/processing_system7_0/inst/buffer_fclk_clk_0.FCLK_CLK_0_BUFG/O
                         net (fo=6935, routed)        0.563     0.899    <hidden>
    SLICE_X26Y71         FDRE                                         r  <hidden>
  -------------------------------------------------------------------    -------------------
    SLICE_X26Y71         FDRE (Prop_fdre_C_Q)         0.164     1.063 f  <hidden>
                         net (fo=2, routed)           0.118     1.181    <hidden>
    SLICE_X26Y70         LUT3 (Prop_lut3_I0_O)        0.045     1.226 f  <hidden>
                         net (fo=32, routed)          0.273     1.499    <hidden>
    SLICE_X26Y70         FDCE                                         f  <hidden>
  -------------------------------------------------------------------    -------------------

                         (clock clk_fpga_0 rise edge)
                                                      0.000     0.000 r  
    PS7_X0Y0             PS7                          0.000     0.000 r  design_2_i/cg_fpga_0/inst/processing_system7_0/inst/PS7_i/FCLKCLK[0]
                         net (fo=1, routed)           0.337     0.337    design_2_i/cg_fpga_0/inst/processing_system7_0/inst/FCLK_CLK_unbuffered[0]
    BUFGCTRL_X0Y16       BUFG (Prop_bufg_I_O)         0.029     0.366 r  design_2_i/cg_fpga_0/inst/processing_system7_0/inst/buffer_fclk_clk_0.FCLK_CLK_0_BUFG/O
                         net (fo=6935, routed)        0.832     1.198    <hidden>
    SLICE_X26Y70         FDCE                                         r  <hidden>
                         clock pessimism             -0.284     0.914    
    SLICE_X26Y70         FDCE (Remov_fdce_C_CLR)     -0.067     0.847    <hidden>
  -------------------------------------------------------------------
                         required time                         -0.847    
                         arrival time                           1.499    
  -------------------------------------------------------------------
                         slack                                  0.652    

Slack (MET) :             0.652ns  (arrival time - required time)
  Source:                 <hidden>
                            (rising edge-triggered cell FDRE clocked by clk_fpga_0  {rise@0.000ns fall@5.000ns period=10.000ns})
  Destination:            <hidden>
                            (removal check against rising-edge clock clk_fpga_0  {rise@0.000ns fall@5.000ns period=10.000ns})
  Path Group:             **async_default**
  Path Type:              Removal (Min at Fast Process Corner)
  Requirement:            0.000ns  (clk_fpga_0 rise@0.000ns - clk_fpga_0 rise@0.000ns)
  Data Path Delay:        0.600ns  (logic 0.209ns (34.818%)  route 0.391ns (65.182%))
  Logic Levels:           1  (LUT3=1)
  Clock Path Skew:        0.015ns (DCD - SCD - CPR)
    Destination Clock Delay (DCD):    1.198ns
    Source Clock Delay      (SCD):    0.899ns
    Clock Pessimism Removal (CPR):    0.284ns

    Location             Delay type                Incr(ns)  Path(ns)    Netlist Resource(s)
  -------------------------------------------------------------------    -------------------
                         (clock clk_fpga_0 rise edge)
                                                      0.000     0.000 r  
    PS7_X0Y0             PS7                          0.000     0.000 r  design_2_i/cg_fpga_0/inst/processing_system7_0/inst/PS7_i/FCLKCLK[0]
                         net (fo=1, routed)           0.310     0.310    design_2_i/cg_fpga_0/inst/processing_system7_0/inst/FCLK_CLK_unbuffered[0]
    BUFGCTRL_X0Y16       BUFG (Prop_bufg_I_O)         0.026     0.336 r  design_2_i/cg_fpga_0/inst/processing_system7_0/inst/buffer_fclk_clk_0.FCLK_CLK_0_BUFG/O
                         net (fo=6935, routed)        0.563     0.899    <hidden>
    SLICE_X26Y71         FDRE                                         r  <hidden>
  -------------------------------------------------------------------    -------------------
    SLICE_X26Y71         FDRE (Prop_fdre_C_Q)         0.164     1.063 f  <hidden>
                         net (fo=2, routed)           0.118     1.181    <hidden>
    SLICE_X26Y70         LUT3 (Prop_lut3_I0_O)        0.045     1.226 f  <hidden>
                         net (fo=32, routed)          0.273     1.499    <hidden>
    SLICE_X26Y70         FDCE                                         f  <hidden>
  -------------------------------------------------------------------    -------------------

                         (clock clk_fpga_0 rise edge)
                                                      0.000     0.000 r  
    PS7_X0Y0             PS7                          0.000     0.000 r  design_2_i/cg_fpga_0/inst/processing_system7_0/inst/PS7_i/FCLKCLK[0]
                         net (fo=1, routed)           0.337     0.337    design_2_i/cg_fpga_0/inst/processing_system7_0/inst/FCLK_CLK_unbuffered[0]
    BUFGCTRL_X0Y16       BUFG (Prop_bufg_I_O)         0.029     0.366 r  design_2_i/cg_fpga_0/inst/processing_system7_0/inst/buffer_fclk_clk_0.FCLK_CLK_0_BUFG/O
                         net (fo=6935, routed)        0.832     1.198    <hidden>
    SLICE_X26Y70         FDCE                                         r  <hidden>
                         clock pessimism             -0.284     0.914    
    SLICE_X26Y70         FDCE (Remov_fdce_C_CLR)     -0.067     0.847    <hidden>
  -------------------------------------------------------------------
                         required time                         -0.847    
                         arrival time                           1.499    
  -------------------------------------------------------------------
                         slack                                  0.652    

Slack (MET) :             0.652ns  (arrival time - required time)
  Source:                 <hidden>
                            (rising edge-triggered cell FDRE clocked by clk_fpga_0  {rise@0.000ns fall@5.000ns period=10.000ns})
  Destination:            <hidden>
                            (removal check against rising-edge clock clk_fpga_0  {rise@0.000ns fall@5.000ns period=10.000ns})
  Path Group:             **async_default**
  Path Type:              Removal (Min at Fast Process Corner)
  Requirement:            0.000ns  (clk_fpga_0 rise@0.000ns - clk_fpga_0 rise@0.000ns)
  Data Path Delay:        0.600ns  (logic 0.209ns (34.818%)  route 0.391ns (65.182%))
  Logic Levels:           1  (LUT3=1)
  Clock Path Skew:        0.015ns (DCD - SCD - CPR)
    Destination Clock Delay (DCD):    1.198ns
    Source Clock Delay      (SCD):    0.899ns
    Clock Pessimism Removal (CPR):    0.284ns

    Location             Delay type                Incr(ns)  Path(ns)    Netlist Resource(s)
  -------------------------------------------------------------------    -------------------
                         (clock clk_fpga_0 rise edge)
                                                      0.000     0.000 r  
    PS7_X0Y0             PS7                          0.000     0.000 r  design_2_i/cg_fpga_0/inst/processing_system7_0/inst/PS7_i/FCLKCLK[0]
                         net (fo=1, routed)           0.310     0.310    design_2_i/cg_fpga_0/inst/processing_system7_0/inst/FCLK_CLK_unbuffered[0]
    BUFGCTRL_X0Y16       BUFG (Prop_bufg_I_O)         0.026     0.336 r  design_2_i/cg_fpga_0/inst/processing_system7_0/inst/buffer_fclk_clk_0.FCLK_CLK_0_BUFG/O
                         net (fo=6935, routed)        0.563     0.899    <hidden>
    SLICE_X26Y71         FDRE                                         r  <hidden>
  -------------------------------------------------------------------    -------------------
    SLICE_X26Y71         FDRE (Prop_fdre_C_Q)         0.164     1.063 f  <hidden>
                         net (fo=2, routed)           0.118     1.181    <hidden>
    SLICE_X26Y70         LUT3 (Prop_lut3_I0_O)        0.045     1.226 f  <hidden>
                         net (fo=32, routed)          0.273     1.499    <hidden>
    SLICE_X26Y70         FDCE                                         f  <hidden>
  -------------------------------------------------------------------    -------------------

                         (clock clk_fpga_0 rise edge)
                                                      0.000     0.000 r  
    PS7_X0Y0             PS7                          0.000     0.000 r  design_2_i/cg_fpga_0/inst/processing_system7_0/inst/PS7_i/FCLKCLK[0]
                         net (fo=1, routed)           0.337     0.337    design_2_i/cg_fpga_0/inst/processing_system7_0/inst/FCLK_CLK_unbuffered[0]
    BUFGCTRL_X0Y16       BUFG (Prop_bufg_I_O)         0.029     0.366 r  design_2_i/cg_fpga_0/inst/processing_system7_0/inst/buffer_fclk_clk_0.FCLK_CLK_0_BUFG/O
                         net (fo=6935, routed)        0.832     1.198    <hidden>
    SLICE_X26Y70         FDCE                                         r  <hidden>
                         clock pessimism             -0.284     0.914    
    SLICE_X26Y70         FDCE (Remov_fdce_C_CLR)     -0.067     0.847    <hidden>
  -------------------------------------------------------------------
                         required time                         -0.847    
                         arrival time                           1.499    
  -------------------------------------------------------------------
                         slack                                  0.652    

Slack (MET) :             0.653ns  (arrival time - required time)
  Source:                 <hidden>
                            (rising edge-triggered cell FDRE clocked by clk_fpga_0  {rise@0.000ns fall@5.000ns period=10.000ns})
  Destination:            <hidden>
                            (removal check against rising-edge clock clk_fpga_0  {rise@0.000ns fall@5.000ns period=10.000ns})
  Path Group:             **async_default**
  Path Type:              Removal (Min at Fast Process Corner)
  Requirement:            0.000ns  (clk_fpga_0 rise@0.000ns - clk_fpga_0 rise@0.000ns)
  Data Path Delay:        0.598ns  (logic 0.209ns (34.950%)  route 0.389ns (65.050%))
  Logic Levels:           1  (LUT3=1)
  Clock Path Skew:        0.037ns (DCD - SCD - CPR)
    Destination Clock Delay (DCD):    1.200ns
    Source Clock Delay      (SCD):    0.899ns
    Clock Pessimism Removal (CPR):    0.264ns

    Location             Delay type                Incr(ns)  Path(ns)    Netlist Resource(s)
  -------------------------------------------------------------------    -------------------
                         (clock clk_fpga_0 rise edge)
                                                      0.000     0.000 r  
    PS7_X0Y0             PS7                          0.000     0.000 r  design_2_i/cg_fpga_0/inst/processing_system7_0/inst/PS7_i/FCLKCLK[0]
                         net (fo=1, routed)           0.310     0.310    design_2_i/cg_fpga_0/inst/processing_system7_0/inst/FCLK_CLK_unbuffered[0]
    BUFGCTRL_X0Y16       BUFG (Prop_bufg_I_O)         0.026     0.336 r  design_2_i/cg_fpga_0/inst/processing_system7_0/inst/buffer_fclk_clk_0.FCLK_CLK_0_BUFG/O
                         net (fo=6935, routed)        0.563     0.899    <hidden>
    SLICE_X26Y71         FDRE                                         r  <hidden>
  -------------------------------------------------------------------    -------------------
    SLICE_X26Y71         FDRE (Prop_fdre_C_Q)         0.164     1.063 f  <hidden>
                         net (fo=2, routed)           0.118     1.181    <hidden>
    SLICE_X26Y70         LUT3 (Prop_lut3_I0_O)        0.045     1.226 f  <hidden>
                         net (fo=32, routed)          0.271     1.497    <hidden>
    SLICE_X29Y69         FDCE                                         f  <hidden>
  -------------------------------------------------------------------    -------------------

                         (clock clk_fpga_0 rise edge)
                                                      0.000     0.000 r  
    PS7_X0Y0             PS7                          0.000     0.000 r  design_2_i/cg_fpga_0/inst/processing_system7_0/inst/PS7_i/FCLKCLK[0]
                         net (fo=1, routed)           0.337     0.337    design_2_i/cg_fpga_0/inst/processing_system7_0/inst/FCLK_CLK_unbuffered[0]
    BUFGCTRL_X0Y16       BUFG (Prop_bufg_I_O)         0.029     0.366 r  design_2_i/cg_fpga_0/inst/processing_system7_0/inst/buffer_fclk_clk_0.FCLK_CLK_0_BUFG/O
                         net (fo=6935, routed)        0.834     1.200    <hidden>
    SLICE_X29Y69         FDCE                                         r  <hidden>
                         clock pessimism             -0.264     0.936    
    SLICE_X29Y69         FDCE (Remov_fdce_C_CLR)     -0.092     0.844    <hidden>
  -------------------------------------------------------------------
                         required time                         -0.844    
                         arrival time                           1.497    
  -------------------------------------------------------------------
                         slack                                  0.653    

Slack (MET) :             0.653ns  (arrival time - required time)
  Source:                 <hidden>
                            (rising edge-triggered cell FDRE clocked by clk_fpga_0  {rise@0.000ns fall@5.000ns period=10.000ns})
  Destination:            <hidden>
                            (removal check against rising-edge clock clk_fpga_0  {rise@0.000ns fall@5.000ns period=10.000ns})
  Path Group:             **async_default**
  Path Type:              Removal (Min at Fast Process Corner)
  Requirement:            0.000ns  (clk_fpga_0 rise@0.000ns - clk_fpga_0 rise@0.000ns)
  Data Path Delay:        0.598ns  (logic 0.209ns (34.950%)  route 0.389ns (65.050%))
  Logic Levels:           1  (LUT3=1)
  Clock Path Skew:        0.037ns (DCD - SCD - CPR)
    Destination Clock Delay (DCD):    1.200ns
    Source Clock Delay      (SCD):    0.899ns
    Clock Pessimism Removal (CPR):    0.264ns

    Location             Delay type                Incr(ns)  Path(ns)    Netlist Resource(s)
  -------------------------------------------------------------------    -------------------
                         (clock clk_fpga_0 rise edge)
                                                      0.000     0.000 r  
    PS7_X0Y0             PS7                          0.000     0.000 r  design_2_i/cg_fpga_0/inst/processing_system7_0/inst/PS7_i/FCLKCLK[0]
                         net (fo=1, routed)           0.310     0.310    design_2_i/cg_fpga_0/inst/processing_system7_0/inst/FCLK_CLK_unbuffered[0]
    BUFGCTRL_X0Y16       BUFG (Prop_bufg_I_O)         0.026     0.336 r  design_2_i/cg_fpga_0/inst/processing_system7_0/inst/buffer_fclk_clk_0.FCLK_CLK_0_BUFG/O
                         net (fo=6935, routed)        0.563     0.899    <hidden>
    SLICE_X26Y71         FDRE                                         r  <hidden>
  -------------------------------------------------------------------    -------------------
    SLICE_X26Y71         FDRE (Prop_fdre_C_Q)         0.164     1.063 f  <hidden>
                         net (fo=2, routed)           0.118     1.181    <hidden>
    SLICE_X26Y70         LUT3 (Prop_lut3_I0_O)        0.045     1.226 f  <hidden>
                         net (fo=32, routed)          0.271     1.497    <hidden>
    SLICE_X29Y69         FDCE                                         f  <hidden>
  -------------------------------------------------------------------    -------------------

                         (clock clk_fpga_0 rise edge)
                                                      0.000     0.000 r  
    PS7_X0Y0             PS7                          0.000     0.000 r  design_2_i/cg_fpga_0/inst/processing_system7_0/inst/PS7_i/FCLKCLK[0]
                         net (fo=1, routed)           0.337     0.337    design_2_i/cg_fpga_0/inst/processing_system7_0/inst/FCLK_CLK_unbuffered[0]
    BUFGCTRL_X0Y16       BUFG (Prop_bufg_I_O)         0.029     0.366 r  design_2_i/cg_fpga_0/inst/processing_system7_0/inst/buffer_fclk_clk_0.FCLK_CLK_0_BUFG/O
                         net (fo=6935, routed)        0.834     1.200    <hidden>
    SLICE_X29Y69         FDCE                                         r  <hidden>
                         clock pessimism             -0.264     0.936    
    SLICE_X29Y69         FDCE (Remov_fdce_C_CLR)     -0.092     0.844    <hidden>
  -------------------------------------------------------------------
                         required time                         -0.844    
                         arrival time                           1.497    
  -------------------------------------------------------------------
                         slack                                  0.653    

Slack (MET) :             0.656ns  (arrival time - required time)
  Source:                 <hidden>
                            (rising edge-triggered cell FDRE clocked by clk_fpga_0  {rise@0.000ns fall@5.000ns period=10.000ns})
  Destination:            <hidden>
                            (removal check against rising-edge clock clk_fpga_0  {rise@0.000ns fall@5.000ns period=10.000ns})
  Path Group:             **async_default**
  Path Type:              Removal (Min at Fast Process Corner)
  Requirement:            0.000ns  (clk_fpga_0 rise@0.000ns - clk_fpga_0 rise@0.000ns)
  Data Path Delay:        0.600ns  (logic 0.209ns (34.818%)  route 0.391ns (65.182%))
  Logic Levels:           1  (LUT3=1)
  Clock Path Skew:        0.015ns (DCD - SCD - CPR)
    Destination Clock Delay (DCD):    1.198ns
    Source Clock Delay      (SCD):    0.899ns
    Clock Pessimism Removal (CPR):    0.284ns

    Location             Delay type                Incr(ns)  Path(ns)    Netlist Resource(s)
  -------------------------------------------------------------------    -------------------
                         (clock clk_fpga_0 rise edge)
                                                      0.000     0.000 r  
    PS7_X0Y0             PS7                          0.000     0.000 r  design_2_i/cg_fpga_0/inst/processing_system7_0/inst/PS7_i/FCLKCLK[0]
                         net (fo=1, routed)           0.310     0.310    design_2_i/cg_fpga_0/inst/processing_system7_0/inst/FCLK_CLK_unbuffered[0]
    BUFGCTRL_X0Y16       BUFG (Prop_bufg_I_O)         0.026     0.336 r  design_2_i/cg_fpga_0/inst/processing_system7_0/inst/buffer_fclk_clk_0.FCLK_CLK_0_BUFG/O
                         net (fo=6935, routed)        0.563     0.899    <hidden>
    SLICE_X26Y71         FDRE                                         r  <hidden>
  -------------------------------------------------------------------    -------------------
    SLICE_X26Y71         FDRE (Prop_fdre_C_Q)         0.164     1.063 f  <hidden>
                         net (fo=2, routed)           0.118     1.181    <hidden>
    SLICE_X26Y70         LUT3 (Prop_lut3_I0_O)        0.045     1.226 f  <hidden>
                         net (fo=32, routed)          0.273     1.499    <hidden>
    SLICE_X26Y70         FDPE                                         f  <hidden>
  -------------------------------------------------------------------    -------------------

                         (clock clk_fpga_0 rise edge)
                                                      0.000     0.000 r  
    PS7_X0Y0             PS7                          0.000     0.000 r  design_2_i/cg_fpga_0/inst/processing_system7_0/inst/PS7_i/FCLKCLK[0]
                         net (fo=1, routed)           0.337     0.337    design_2_i/cg_fpga_0/inst/processing_system7_0/inst/FCLK_CLK_unbuffered[0]
    BUFGCTRL_X0Y16       BUFG (Prop_bufg_I_O)         0.029     0.366 r  design_2_i/cg_fpga_0/inst/processing_system7_0/inst/buffer_fclk_clk_0.FCLK_CLK_0_BUFG/O
                         net (fo=6935, routed)        0.832     1.198    <hidden>
    SLICE_X26Y70         FDPE                                         r  <hidden>
                         clock pessimism             -0.284     0.914    
    SLICE_X26Y70         FDPE (Remov_fdpe_C_PRE)     -0.071     0.843    <hidden>
  -------------------------------------------------------------------
                         required time                         -0.843    
                         arrival time                           1.499    
  -------------------------------------------------------------------
                         slack                                  0.656    

Slack (MET) :             0.657ns  (arrival time - required time)
  Source:                 <hidden>
                            (rising edge-triggered cell FDRE clocked by clk_fpga_0  {rise@0.000ns fall@5.000ns period=10.000ns})
  Destination:            <hidden>
                            (removal check against rising-edge clock clk_fpga_0  {rise@0.000ns fall@5.000ns period=10.000ns})
  Path Group:             **async_default**
  Path Type:              Removal (Min at Fast Process Corner)
  Requirement:            0.000ns  (clk_fpga_0 rise@0.000ns - clk_fpga_0 rise@0.000ns)
  Data Path Delay:        0.602ns  (logic 0.209ns (34.698%)  route 0.393ns (65.302%))
  Logic Levels:           1  (LUT3=1)
  Clock Path Skew:        0.037ns (DCD - SCD - CPR)
    Destination Clock Delay (DCD):    1.200ns
    Source Clock Delay      (SCD):    0.899ns
    Clock Pessimism Removal (CPR):    0.264ns

    Location             Delay type                Incr(ns)  Path(ns)    Netlist Resource(s)
  -------------------------------------------------------------------    -------------------
                         (clock clk_fpga_0 rise edge)
                                                      0.000     0.000 r  
    PS7_X0Y0             PS7                          0.000     0.000 r  design_2_i/cg_fpga_0/inst/processing_system7_0/inst/PS7_i/FCLKCLK[0]
                         net (fo=1, routed)           0.310     0.310    design_2_i/cg_fpga_0/inst/processing_system7_0/inst/FCLK_CLK_unbuffered[0]
    BUFGCTRL_X0Y16       BUFG (Prop_bufg_I_O)         0.026     0.336 r  design_2_i/cg_fpga_0/inst/processing_system7_0/inst/buffer_fclk_clk_0.FCLK_CLK_0_BUFG/O
                         net (fo=6935, routed)        0.563     0.899    <hidden>
    SLICE_X26Y71         FDRE                                         r  <hidden>
  -------------------------------------------------------------------    -------------------
    SLICE_X26Y71         FDRE (Prop_fdre_C_Q)         0.164     1.063 f  <hidden>
                         net (fo=2, routed)           0.118     1.181    <hidden>
    SLICE_X26Y70         LUT3 (Prop_lut3_I0_O)        0.045     1.226 f  <hidden>
                         net (fo=32, routed)          0.275     1.501    <hidden>
    SLICE_X28Y69         FDCE                                         f  <hidden>
  -------------------------------------------------------------------    -------------------

                         (clock clk_fpga_0 rise edge)
                                                      0.000     0.000 r  
    PS7_X0Y0             PS7                          0.000     0.000 r  design_2_i/cg_fpga_0/inst/processing_system7_0/inst/PS7_i/FCLKCLK[0]
                         net (fo=1, routed)           0.337     0.337    design_2_i/cg_fpga_0/inst/processing_system7_0/inst/FCLK_CLK_unbuffered[0]
    BUFGCTRL_X0Y16       BUFG (Prop_bufg_I_O)         0.029     0.366 r  design_2_i/cg_fpga_0/inst/processing_system7_0/inst/buffer_fclk_clk_0.FCLK_CLK_0_BUFG/O
                         net (fo=6935, routed)        0.834     1.200    <hidden>
    SLICE_X28Y69         FDCE                                         r  <hidden>
                         clock pessimism             -0.264     0.936    
    SLICE_X28Y69         FDCE (Remov_fdce_C_CLR)     -0.092     0.844    <hidden>
  -------------------------------------------------------------------
                         required time                         -0.844    
                         arrival time                           1.501    
  -------------------------------------------------------------------
                         slack                                  0.657    

Slack (MET) :             0.657ns  (arrival time - required time)
  Source:                 <hidden>
                            (rising edge-triggered cell FDRE clocked by clk_fpga_0  {rise@0.000ns fall@5.000ns period=10.000ns})
  Destination:            <hidden>
                            (removal check against rising-edge clock clk_fpga_0  {rise@0.000ns fall@5.000ns period=10.000ns})
  Path Group:             **async_default**
  Path Type:              Removal (Min at Fast Process Corner)
  Requirement:            0.000ns  (clk_fpga_0 rise@0.000ns - clk_fpga_0 rise@0.000ns)
  Data Path Delay:        0.602ns  (logic 0.209ns (34.698%)  route 0.393ns (65.302%))
  Logic Levels:           1  (LUT3=1)
  Clock Path Skew:        0.037ns (DCD - SCD - CPR)
    Destination Clock Delay (DCD):    1.200ns
    Source Clock Delay      (SCD):    0.899ns
    Clock Pessimism Removal (CPR):    0.264ns

    Location             Delay type                Incr(ns)  Path(ns)    Netlist Resource(s)
  -------------------------------------------------------------------    -------------------
                         (clock clk_fpga_0 rise edge)
                                                      0.000     0.000 r  
    PS7_X0Y0             PS7                          0.000     0.000 r  design_2_i/cg_fpga_0/inst/processing_system7_0/inst/PS7_i/FCLKCLK[0]
                         net (fo=1, routed)           0.310     0.310    design_2_i/cg_fpga_0/inst/processing_system7_0/inst/FCLK_CLK_unbuffered[0]
    BUFGCTRL_X0Y16       BUFG (Prop_bufg_I_O)         0.026     0.336 r  design_2_i/cg_fpga_0/inst/processing_system7_0/inst/buffer_fclk_clk_0.FCLK_CLK_0_BUFG/O
                         net (fo=6935, routed)        0.563     0.899    <hidden>
    SLICE_X26Y71         FDRE                                         r  <hidden>
  -------------------------------------------------------------------    -------------------
    SLICE_X26Y71         FDRE (Prop_fdre_C_Q)         0.164     1.063 f  <hidden>
                         net (fo=2, routed)           0.118     1.181    <hidden>
    SLICE_X26Y70         LUT3 (Prop_lut3_I0_O)        0.045     1.226 f  <hidden>
                         net (fo=32, routed)          0.275     1.501    <hidden>
    SLICE_X28Y69         FDCE                                         f  <hidden>
  -------------------------------------------------------------------    -------------------

                         (clock clk_fpga_0 rise edge)
                                                      0.000     0.000 r  
    PS7_X0Y0             PS7                          0.000     0.000 r  design_2_i/cg_fpga_0/inst/processing_system7_0/inst/PS7_i/FCLKCLK[0]
                         net (fo=1, routed)           0.337     0.337    design_2_i/cg_fpga_0/inst/processing_system7_0/inst/FCLK_CLK_unbuffered[0]
    BUFGCTRL_X0Y16       BUFG (Prop_bufg_I_O)         0.029     0.366 r  design_2_i/cg_fpga_0/inst/processing_system7_0/inst/buffer_fclk_clk_0.FCLK_CLK_0_BUFG/O
                         net (fo=6935, routed)        0.834     1.200    <hidden>
    SLICE_X28Y69         FDCE                                         r  <hidden>
                         clock pessimism             -0.264     0.936    
    SLICE_X28Y69         FDCE (Remov_fdce_C_CLR)     -0.092     0.844    <hidden>
  -------------------------------------------------------------------
                         required time                         -0.844    
                         arrival time                           1.501    
  -------------------------------------------------------------------
                         slack                                  0.657    

Slack (MET) :             0.657ns  (arrival time - required time)
  Source:                 <hidden>
                            (rising edge-triggered cell FDRE clocked by clk_fpga_0  {rise@0.000ns fall@5.000ns period=10.000ns})
  Destination:            <hidden>
                            (removal check against rising-edge clock clk_fpga_0  {rise@0.000ns fall@5.000ns period=10.000ns})
  Path Group:             **async_default**
  Path Type:              Removal (Min at Fast Process Corner)
  Requirement:            0.000ns  (clk_fpga_0 rise@0.000ns - clk_fpga_0 rise@0.000ns)
  Data Path Delay:        0.602ns  (logic 0.209ns (34.698%)  route 0.393ns (65.302%))
  Logic Levels:           1  (LUT3=1)
  Clock Path Skew:        0.037ns (DCD - SCD - CPR)
    Destination Clock Delay (DCD):    1.200ns
    Source Clock Delay      (SCD):    0.899ns
    Clock Pessimism Removal (CPR):    0.264ns

    Location             Delay type                Incr(ns)  Path(ns)    Netlist Resource(s)
  -------------------------------------------------------------------    -------------------
                         (clock clk_fpga_0 rise edge)
                                                      0.000     0.000 r  
    PS7_X0Y0             PS7                          0.000     0.000 r  design_2_i/cg_fpga_0/inst/processing_system7_0/inst/PS7_i/FCLKCLK[0]
                         net (fo=1, routed)           0.310     0.310    design_2_i/cg_fpga_0/inst/processing_system7_0/inst/FCLK_CLK_unbuffered[0]
    BUFGCTRL_X0Y16       BUFG (Prop_bufg_I_O)         0.026     0.336 r  design_2_i/cg_fpga_0/inst/processing_system7_0/inst/buffer_fclk_clk_0.FCLK_CLK_0_BUFG/O
                         net (fo=6935, routed)        0.563     0.899    <hidden>
    SLICE_X26Y71         FDRE                                         r  <hidden>
  -------------------------------------------------------------------    -------------------
    SLICE_X26Y71         FDRE (Prop_fdre_C_Q)         0.164     1.063 f  <hidden>
                         net (fo=2, routed)           0.118     1.181    <hidden>
    SLICE_X26Y70         LUT3 (Prop_lut3_I0_O)        0.045     1.226 f  <hidden>
                         net (fo=32, routed)          0.275     1.501    <hidden>
    SLICE_X28Y69         FDCE                                         f  <hidden>
  -------------------------------------------------------------------    -------------------

                         (clock clk_fpga_0 rise edge)
                                                      0.000     0.000 r  
    PS7_X0Y0             PS7                          0.000     0.000 r  design_2_i/cg_fpga_0/inst/processing_system7_0/inst/PS7_i/FCLKCLK[0]
                         net (fo=1, routed)           0.337     0.337    design_2_i/cg_fpga_0/inst/processing_system7_0/inst/FCLK_CLK_unbuffered[0]
    BUFGCTRL_X0Y16       BUFG (Prop_bufg_I_O)         0.029     0.366 r  design_2_i/cg_fpga_0/inst/processing_system7_0/inst/buffer_fclk_clk_0.FCLK_CLK_0_BUFG/O
                         net (fo=6935, routed)        0.834     1.200    <hidden>
    SLICE_X28Y69         FDCE                                         r  <hidden>
                         clock pessimism             -0.264     0.936    
    SLICE_X28Y69         FDCE (Remov_fdce_C_CLR)     -0.092     0.844    <hidden>
  -------------------------------------------------------------------
                         required time                         -0.844    
                         arrival time                           1.501    
  -------------------------------------------------------------------
                         slack                                  0.657    

Slack (MET) :             0.657ns  (arrival time - required time)
  Source:                 <hidden>
                            (rising edge-triggered cell FDRE clocked by clk_fpga_0  {rise@0.000ns fall@5.000ns period=10.000ns})
  Destination:            <hidden>
                            (removal check against rising-edge clock clk_fpga_0  {rise@0.000ns fall@5.000ns period=10.000ns})
  Path Group:             **async_default**
  Path Type:              Removal (Min at Fast Process Corner)
  Requirement:            0.000ns  (clk_fpga_0 rise@0.000ns - clk_fpga_0 rise@0.000ns)
  Data Path Delay:        0.602ns  (logic 0.209ns (34.698%)  route 0.393ns (65.302%))
  Logic Levels:           1  (LUT3=1)
  Clock Path Skew:        0.037ns (DCD - SCD - CPR)
    Destination Clock Delay (DCD):    1.200ns
    Source Clock Delay      (SCD):    0.899ns
    Clock Pessimism Removal (CPR):    0.264ns

    Location             Delay type                Incr(ns)  Path(ns)    Netlist Resource(s)
  -------------------------------------------------------------------    -------------------
                         (clock clk_fpga_0 rise edge)
                                                      0.000     0.000 r  
    PS7_X0Y0             PS7                          0.000     0.000 r  design_2_i/cg_fpga_0/inst/processing_system7_0/inst/PS7_i/FCLKCLK[0]
                         net (fo=1, routed)           0.310     0.310    design_2_i/cg_fpga_0/inst/processing_system7_0/inst/FCLK_CLK_unbuffered[0]
    BUFGCTRL_X0Y16       BUFG (Prop_bufg_I_O)         0.026     0.336 r  design_2_i/cg_fpga_0/inst/processing_system7_0/inst/buffer_fclk_clk_0.FCLK_CLK_0_BUFG/O
                         net (fo=6935, routed)        0.563     0.899    <hidden>
    SLICE_X26Y71         FDRE                                         r  <hidden>
  -------------------------------------------------------------------    -------------------
    SLICE_X26Y71         FDRE (Prop_fdre_C_Q)         0.164     1.063 f  <hidden>
                         net (fo=2, routed)           0.118     1.181    <hidden>
    SLICE_X26Y70         LUT3 (Prop_lut3_I0_O)        0.045     1.226 f  <hidden>
                         net (fo=32, routed)          0.275     1.501    <hidden>
    SLICE_X28Y69         FDCE                                         f  <hidden>
  -------------------------------------------------------------------    -------------------

                         (clock clk_fpga_0 rise edge)
                                                      0.000     0.000 r  
    PS7_X0Y0             PS7                          0.000     0.000 r  design_2_i/cg_fpga_0/inst/processing_system7_0/inst/PS7_i/FCLKCLK[0]
                         net (fo=1, routed)           0.337     0.337    design_2_i/cg_fpga_0/inst/processing_system7_0/inst/FCLK_CLK_unbuffered[0]
    BUFGCTRL_X0Y16       BUFG (Prop_bufg_I_O)         0.029     0.366 r  design_2_i/cg_fpga_0/inst/processing_system7_0/inst/buffer_fclk_clk_0.FCLK_CLK_0_BUFG/O
                         net (fo=6935, routed)        0.834     1.200    <hidden>
    SLICE_X28Y69         FDCE                                         r  <hidden>
                         clock pessimism             -0.264     0.936    
    SLICE_X28Y69         FDCE (Remov_fdce_C_CLR)     -0.092     0.844    <hidden>
  -------------------------------------------------------------------
                         required time                         -0.844    
                         arrival time                           1.501    
  -------------------------------------------------------------------
                         slack                                  0.657    





--------------------------------------------------------------------------------------
Path Group:  (none)
From Clock:  
  To Clock:  clk_fpga_0

Max Delay             1 Endpoint
Min Delay             1 Endpoint
--------------------------------------------------------------------------------------


Max Delay Paths
--------------------------------------------------------------------------------------
Slack:                    inf
  Source:                 design_2_i/cg_fpga_0/inst/processing_system7_0/inst/PS7_i/FCLKRESETN[0]
                            (internal pin)
  Destination:            design_2_i/cg_fpga_0/inst/rst_ps7_0_100M/U0/EXT_LPF/ACTIVE_LOW_EXT.ACT_LO_EXT/GENERATE_LEVEL_P_S_CDC.SINGLE_BIT.CROSS_PLEVEL_IN2SCNDRY_IN_cdc_to/D
                            (rising edge-triggered cell FDRE clocked by clk_fpga_0  {rise@0.000ns fall@5.000ns period=10.000ns})
  Path Group:             (none)
  Path Type:              Setup (Max at Slow Process Corner)
  Data Path Delay:        1.374ns  (logic 0.124ns (9.026%)  route 1.250ns (90.974%))
  Logic Levels:           1  (LUT1=1)
  Clock Uncertainty:      0.152ns  ((TSJ^2 + TIJ^2)^1/2 + DJ) / 2 + PE
    Total System Jitter     (TSJ):    0.050ns
    Total Input Jitter      (TIJ):    0.300ns
    Discrete Jitter          (DJ):    0.000ns
    Phase Error              (PE):    0.000ns
  Timing Exception:       False Path

    Location             Delay type                Incr(ns)  Path(ns)    Netlist Resource(s)
  -------------------------------------------------------------------    -------------------
    PS7_X0Y0             PS7                          0.000     0.000 f  design_2_i/cg_fpga_0/inst/processing_system7_0/inst/PS7_i/FCLKRESETN[0]
                         net (fo=1, routed)           1.250     1.250    design_2_i/cg_fpga_0/inst/rst_ps7_0_100M/U0/EXT_LPF/ACTIVE_LOW_EXT.ACT_LO_EXT/ext_reset_in
    SLICE_X26Y78         LUT1 (Prop_lut1_I0_O)        0.124     1.374 r  design_2_i/cg_fpga_0/inst/rst_ps7_0_100M/U0/EXT_LPF/ACTIVE_LOW_EXT.ACT_LO_EXT/GENERATE_LEVEL_P_S_CDC.SINGLE_BIT.CROSS_PLEVEL_IN2SCNDRY_IN_cdc_to_i_1/O
                         net (fo=1, routed)           0.000     1.374    design_2_i/cg_fpga_0/inst/rst_ps7_0_100M/U0/EXT_LPF/ACTIVE_LOW_EXT.ACT_LO_EXT/exr_d1
    SLICE_X26Y78         FDRE                                         r  design_2_i/cg_fpga_0/inst/rst_ps7_0_100M/U0/EXT_LPF/ACTIVE_LOW_EXT.ACT_LO_EXT/GENERATE_LEVEL_P_S_CDC.SINGLE_BIT.CROSS_PLEVEL_IN2SCNDRY_IN_cdc_to/D
  -------------------------------------------------------------------    -------------------

                         (clock clk_fpga_0 rise edge)
                                                      0.000     0.000 r  
    PS7_X0Y0             PS7                          0.000     0.000 r  design_2_i/cg_fpga_0/inst/processing_system7_0/inst/PS7_i/FCLKCLK[0]
                         net (fo=1, routed)           1.088     1.088    design_2_i/cg_fpga_0/inst/processing_system7_0/inst/FCLK_CLK_unbuffered[0]
    BUFGCTRL_X0Y16       BUFG (Prop_bufg_I_O)         0.091     1.179 r  design_2_i/cg_fpga_0/inst/processing_system7_0/inst/buffer_fclk_clk_0.FCLK_CLK_0_BUFG/O
                         net (fo=6935, routed)        1.509     2.688    design_2_i/cg_fpga_0/inst/rst_ps7_0_100M/U0/EXT_LPF/ACTIVE_LOW_EXT.ACT_LO_EXT/slowest_sync_clk
    SLICE_X26Y78         FDRE                                         r  design_2_i/cg_fpga_0/inst/rst_ps7_0_100M/U0/EXT_LPF/ACTIVE_LOW_EXT.ACT_LO_EXT/GENERATE_LEVEL_P_S_CDC.SINGLE_BIT.CROSS_PLEVEL_IN2SCNDRY_IN_cdc_to/C





Min Delay Paths
--------------------------------------------------------------------------------------
Slack:                    inf
  Source:                 design_2_i/cg_fpga_0/inst/processing_system7_0/inst/PS7_i/FCLKRESETN[0]
                            (internal pin)
  Destination:            design_2_i/cg_fpga_0/inst/rst_ps7_0_100M/U0/EXT_LPF/ACTIVE_LOW_EXT.ACT_LO_EXT/GENERATE_LEVEL_P_S_CDC.SINGLE_BIT.CROSS_PLEVEL_IN2SCNDRY_IN_cdc_to/D
                            (rising edge-triggered cell FDRE clocked by clk_fpga_0  {rise@0.000ns fall@5.000ns period=10.000ns})
  Path Group:             (none)
  Path Type:              Hold (Min at Fast Process Corner)
  Data Path Delay:        0.484ns  (logic 0.045ns (9.302%)  route 0.439ns (90.698%))
  Logic Levels:           1  (LUT1=1)
  Clock Uncertainty:      0.152ns  ((TSJ^2 + TIJ^2)^1/2 + DJ) / 2 + PE
    Total System Jitter     (TSJ):    0.050ns
    Total Input Jitter      (TIJ):    0.300ns
    Discrete Jitter          (DJ):    0.000ns
    Phase Error              (PE):    0.000ns
  Timing Exception:       False Path

    Location             Delay type                Incr(ns)  Path(ns)    Netlist Resource(s)
  -------------------------------------------------------------------    -------------------
    PS7_X0Y0             PS7                          0.000     0.000 f  design_2_i/cg_fpga_0/inst/processing_system7_0/inst/PS7_i/FCLKRESETN[0]
                         net (fo=1, routed)           0.439     0.439    design_2_i/cg_fpga_0/inst/rst_ps7_0_100M/U0/EXT_LPF/ACTIVE_LOW_EXT.ACT_LO_EXT/ext_reset_in
    SLICE_X26Y78         LUT1 (Prop_lut1_I0_O)        0.045     0.484 r  design_2_i/cg_fpga_0/inst/rst_ps7_0_100M/U0/EXT_LPF/ACTIVE_LOW_EXT.ACT_LO_EXT/GENERATE_LEVEL_P_S_CDC.SINGLE_BIT.CROSS_PLEVEL_IN2SCNDRY_IN_cdc_to_i_1/O
                         net (fo=1, routed)           0.000     0.484    design_2_i/cg_fpga_0/inst/rst_ps7_0_100M/U0/EXT_LPF/ACTIVE_LOW_EXT.ACT_LO_EXT/exr_d1
    SLICE_X26Y78         FDRE                                         r  design_2_i/cg_fpga_0/inst/rst_ps7_0_100M/U0/EXT_LPF/ACTIVE_LOW_EXT.ACT_LO_EXT/GENERATE_LEVEL_P_S_CDC.SINGLE_BIT.CROSS_PLEVEL_IN2SCNDRY_IN_cdc_to/D
  -------------------------------------------------------------------    -------------------

                         (clock clk_fpga_0 rise edge)
                                                      0.000     0.000 r  
    PS7_X0Y0             PS7                          0.000     0.000 r  design_2_i/cg_fpga_0/inst/processing_system7_0/inst/PS7_i/FCLKCLK[0]
                         net (fo=1, routed)           0.337     0.337    design_2_i/cg_fpga_0/inst/processing_system7_0/inst/FCLK_CLK_unbuffered[0]
    BUFGCTRL_X0Y16       BUFG (Prop_bufg_I_O)         0.029     0.366 r  design_2_i/cg_fpga_0/inst/processing_system7_0/inst/buffer_fclk_clk_0.FCLK_CLK_0_BUFG/O
                         net (fo=6935, routed)        0.831     1.197    design_2_i/cg_fpga_0/inst/rst_ps7_0_100M/U0/EXT_LPF/ACTIVE_LOW_EXT.ACT_LO_EXT/slowest_sync_clk
    SLICE_X26Y78         FDRE                                         r  design_2_i/cg_fpga_0/inst/rst_ps7_0_100M/U0/EXT_LPF/ACTIVE_LOW_EXT.ACT_LO_EXT/GENERATE_LEVEL_P_S_CDC.SINGLE_BIT.CROSS_PLEVEL_IN2SCNDRY_IN_cdc_to/C





--------------------------------------------------------------------------------------
Path Group:  (none)
From Clock:  clk_fpga_0
  To Clock:  clk_fpga_0

Max Delay           219 Endpoints
Min Delay           219 Endpoints
--------------------------------------------------------------------------------------


Max Delay Paths
--------------------------------------------------------------------------------------
Slack:                    inf
  Source:                 design_2_i/cg_fpga_0/inst/cg_fpga_axi_gpio_o1/U0/gpio_core_1/Dual.gpio2_Data_Out_reg[23]/C
                            (rising edge-triggered cell FDRE clocked by clk_fpga_0  {rise@0.000ns fall@5.000ns period=10.000ns})
  Destination:            design_2_i/cg_fpga_0/inst/cg_fpga_axi_gpio_i1/U0/gpio_core_1/Dual.INPUT_DOUBLE_REGS4/GENERATE_LEVEL_P_S_CDC.MULTI_BIT.FOR_IN_cdc_to[15].CROSS2_PLEVEL_IN2SCNDRY_IN_cdc_to/D
                            (rising edge-triggered cell FDRE clocked by clk_fpga_0  {rise@0.000ns fall@5.000ns period=10.000ns})
  Path Group:             (none)
  Path Type:              Setup (Max at Slow Process Corner)
  Data Path Delay:        21.106ns  (logic 5.915ns (28.026%)  route 15.191ns (71.974%))
  Logic Levels:           23  (LUT2=6 LUT3=9 LUT4=3 LUT5=1 LUT6=1 MUXF7=2 MUXF8=1)
  Clock Path Skew:        -0.287ns (DCD - SCD + CPR)
    Destination Clock Delay (DCD):    2.641ns
    Source Clock Delay      (SCD):    2.928ns
    Clock Pessimism Removal (CPR):    0.000ns
  Clock Uncertainty:      0.154ns  ((TSJ^2 + TIJ^2)^1/2 + DJ) / 2 + PE
    Total System Jitter     (TSJ):    0.071ns
    Total Input Jitter      (TIJ):    0.300ns
    Discrete Jitter          (DJ):    0.000ns
    Phase Error              (PE):    0.000ns
  Timing Exception:       False Path

    Location             Delay type                Incr(ns)  Path(ns)    Netlist Resource(s)
  -------------------------------------------------------------------    -------------------
                         (clock clk_fpga_0 rise edge)
                                                      0.000     0.000 r  
    PS7_X0Y0             PS7                          0.000     0.000 r  design_2_i/cg_fpga_0/inst/processing_system7_0/inst/PS7_i/FCLKCLK[0]
                         net (fo=1, routed)           1.193     1.193    design_2_i/cg_fpga_0/inst/processing_system7_0/inst/FCLK_CLK_unbuffered[0]
    BUFGCTRL_X0Y16       BUFG (Prop_bufg_I_O)         0.101     1.294 r  design_2_i/cg_fpga_0/inst/processing_system7_0/inst/buffer_fclk_clk_0.FCLK_CLK_0_BUFG/O
                         net (fo=6935, routed)        1.634     2.928    design_2_i/cg_fpga_0/inst/cg_fpga_axi_gpio_o1/U0/gpio_core_1/s_axi_aclk
    SLICE_X41Y72         FDRE                                         r  design_2_i/cg_fpga_0/inst/cg_fpga_axi_gpio_o1/U0/gpio_core_1/Dual.gpio2_Data_Out_reg[23]/C
  -------------------------------------------------------------------    -------------------
    SLICE_X41Y72         FDRE (Prop_fdre_C_Q)         0.456     3.384 r  design_2_i/cg_fpga_0/inst/cg_fpga_axi_gpio_o1/U0/gpio_core_1/Dual.gpio2_Data_Out_reg[23]/Q
                         net (fo=16, routed)          1.041     4.425    design_2_i/xor_gate_8bit_0/inst/b0
    SLICE_X45Y73         LUT2 (Prop_lut2_I0_O)        0.149     4.574 r  design_2_i/xor_gate_8bit_0/inst/y_low[0]_INST_0/O
                         net (fo=4, routed)           0.690     5.265    design_2_i/SUM/alu_74181_1/a[0]
    SLICE_X44Y73         LUT3 (Prop_lut3_I1_O)        0.360     5.625 r  design_2_i/SUM/alu_74181_1/f[2]_INST_0_i_16/O
                         net (fo=2, routed)           0.449     6.074    design_2_i/SUM/alu_74181_1/f[2]_INST_0_i_16_n_0
    SLICE_X44Y73         LUT2 (Prop_lut2_I0_O)        0.326     6.400 r  design_2_i/SUM/alu_74181_1/f[2]_INST_0_i_9/O
                         net (fo=8, routed)           1.015     7.415    design_2_i/zlcfq_sixteen/half_mul/zlcfq/addcell2/and_gate_0/a
    SLICE_X52Y72         LUT2 (Prop_lut2_I0_O)        0.152     7.567 r  design_2_i/zlcfq_sixteen/half_mul/zlcfq/addcell2/and_gate_0/y_INST_0/O
                         net (fo=2, routed)           0.851     8.418    design_2_i/zlcfq_sixteen/half_mul/zlcfq/addcell5/full_add_0/a
    SLICE_X52Y72         LUT3 (Prop_lut3_I1_O)        0.354     8.772 r  design_2_i/zlcfq_sixteen/half_mul/zlcfq/addcell5/full_add_0/sum_INST_0/O
                         net (fo=2, routed)           0.587     9.359    design_2_i/zlcfq_sixteen/half_mul/zlcfq/addcell8/full_add_0/inst/a
    SLICE_X52Y73         LUT2 (Prop_lut2_I1_O)        0.332     9.691 r  design_2_i/zlcfq_sixteen/half_mul/zlcfq/addcell8/full_add_0/inst/cout__0/O
                         net (fo=2, routed)           0.799    10.490    design_2_i/zlcfq_sixteen/half_mul/zlcfq/addcell9/full_add_0/cin
    SLICE_X52Y72         LUT3 (Prop_lut3_I0_O)        0.150    10.640 r  design_2_i/zlcfq_sixteen/half_mul/zlcfq/addcell9/full_add_0/sum_INST_0/O
                         net (fo=2, routed)           0.817    11.457    design_2_i/zlcfq_sixteen/half_mul/zlcfq/addcell12/full_add_0/inst/a
    SLICE_X52Y73         LUT2 (Prop_lut2_I1_O)        0.332    11.789 r  design_2_i/zlcfq_sixteen/half_mul/zlcfq/addcell12/full_add_0/inst/cout__0/O
                         net (fo=2, routed)           1.042    12.832    design_2_i/zlcfq_sixteen/half_mul/zlcfq/addcell13/full_add_0/inst/cin
    SLICE_X54Y72         LUT3 (Prop_lut3_I2_O)        0.124    12.956 r  design_2_i/zlcfq_sixteen/half_mul/zlcfq/addcell13/full_add_0/inst/cout__0/O
                         net (fo=2, routed)           0.495    13.451    design_2_i/zlcfq_sixteen/half_mul/zlcfq/addcell14/full_add_0/cin
    SLICE_X55Y72         LUT3 (Prop_lut3_I0_O)        0.149    13.600 r  design_2_i/zlcfq_sixteen/half_mul/zlcfq/addcell14/full_add_0/sum_INST_0/O
                         net (fo=7, routed)           1.040    14.640    design_2_i/zlcfq_sixteen/half_mul/ADD/alu_74181_0/a[1]
    SLICE_X58Y73         LUT4 (Prop_lut4_I2_O)        0.356    14.996 r  design_2_i/zlcfq_sixteen/half_mul/ADD/alu_74181_0/g_INST_0_i_1/O
                         net (fo=1, routed)           0.685    15.682    design_2_i/zlcfq_sixteen/half_mul/ADD/alu_74181_0/g_INST_0_i_1_n_0
    SLICE_X59Y73         LUT6 (Prop_lut6_I0_O)        0.328    16.010 f  design_2_i/zlcfq_sixteen/half_mul/ADD/alu_74181_0/g_INST_0/O
                         net (fo=8, routed)           0.701    16.711    design_2_i/zlcfq_sixteen/half_mul/ADD/alu_74181_1/f[1]_INST_0_i_10_n_0
    SLICE_X62Y73         LUT3 (Prop_lut3_I2_O)        0.148    16.859 r  design_2_i/zlcfq_sixteen/half_mul/ADD/alu_74181_1/f[2]_INST_0_i_16/O
                         net (fo=2, routed)           0.584    17.443    design_2_i/zlcfq_sixteen/half_mul/ADD/alu_74181_1/f[2]_INST_0_i_16_n_0
    SLICE_X63Y74         LUT2 (Prop_lut2_I0_O)        0.328    17.771 r  design_2_i/zlcfq_sixteen/half_mul/ADD/alu_74181_1/f[2]_INST_0_i_9/O
                         net (fo=1, routed)           0.000    17.771    design_2_i/zlcfq_sixteen/half_mul/ADD/alu_74181_1/f[2]_INST_0_i_9_n_0
    SLICE_X63Y74         MUXF7 (Prop_muxf7_I0_O)      0.212    17.983 r  design_2_i/zlcfq_sixteen/half_mul/ADD/alu_74181_1/f[2]_INST_0_i_4/O
                         net (fo=7, routed)           1.068    19.051    design_2_i/zlcfq_sixteen/SUM/alu_74181_0/a[2]
    SLICE_X59Y74         LUT4 (Prop_lut4_I0_O)        0.299    19.350 f  design_2_i/zlcfq_sixteen/SUM/alu_74181_0/p_INST_0_i_3/O
                         net (fo=1, routed)           0.263    19.613    design_2_i/zlcfq_sixteen/SUM/alu_74181_0/p_INST_0_i_3_n_0
    SLICE_X59Y74         LUT5 (Prop_lut5_I4_O)        0.124    19.737 r  design_2_i/zlcfq_sixteen/SUM/alu_74181_0/p_INST_0/O
                         net (fo=1, routed)           0.323    20.060    design_2_i/zlcfq_sixteen/SUM/alu_74181_0/p
    SLICE_X59Y75         LUT3 (Prop_lut3_I0_O)        0.124    20.184 f  design_2_i/zlcfq_sixteen/SUM/alu_74181_0/cout_INST_0/O
                         net (fo=7, routed)           0.431    20.615    design_2_i/zlcfq_sixteen/SUM/alu_74181_2/f[1]_INST_0_i_10_n_0
    SLICE_X59Y75         LUT3 (Prop_lut3_I2_O)        0.120    20.735 r  design_2_i/zlcfq_sixteen/SUM/alu_74181_2/f[2]_INST_0_i_16/O
                         net (fo=2, routed)           0.862    21.597    design_2_i/zlcfq_sixteen/SUM/alu_74181_2/f[2]_INST_0_i_16_n_0
    SLICE_X60Y75         LUT3 (Prop_lut3_I0_O)        0.327    21.924 r  design_2_i/zlcfq_sixteen/SUM/alu_74181_2/f[3]_INST_0_i_20/O
                         net (fo=1, routed)           0.000    21.924    design_2_i/zlcfq_sixteen/SUM/alu_74181_2/data23[3]
    SLICE_X60Y75         MUXF7 (Prop_muxf7_I1_O)      0.245    22.169 r  design_2_i/zlcfq_sixteen/SUM/alu_74181_2/f[3]_INST_0_i_9/O
                         net (fo=1, routed)           0.000    22.169    design_2_i/zlcfq_sixteen/SUM/alu_74181_2/f[3]_INST_0_i_9_n_0
    SLICE_X60Y75         MUXF8 (Prop_muxf8_I0_O)      0.104    22.273 r  design_2_i/zlcfq_sixteen/SUM/alu_74181_2/f[3]_INST_0_i_4/O
                         net (fo=1, routed)           0.764    23.037    design_2_i/complement_16bit_con_0/a15
    SLICE_X54Y76         LUT4 (Prop_lut4_I3_O)        0.316    23.353 r  design_2_i/complement_16bit_con_0/y15_INST_0/O
                         net (fo=1, routed)           0.681    24.034    design_2_i/cg_fpga_0/inst/cg_fpga_axi_gpio_i1/U0/gpio_core_1/Dual.INPUT_DOUBLE_REGS4/gpio_io_i[15]
    SLICE_X48Y76         FDRE                                         r  design_2_i/cg_fpga_0/inst/cg_fpga_axi_gpio_i1/U0/gpio_core_1/Dual.INPUT_DOUBLE_REGS4/GENERATE_LEVEL_P_S_CDC.MULTI_BIT.FOR_IN_cdc_to[15].CROSS2_PLEVEL_IN2SCNDRY_IN_cdc_to/D
  -------------------------------------------------------------------    -------------------

                         (clock clk_fpga_0 rise edge)
                                                      0.000     0.000 r  
    PS7_X0Y0             PS7                          0.000     0.000 r  design_2_i/cg_fpga_0/inst/processing_system7_0/inst/PS7_i/FCLKCLK[0]
                         net (fo=1, routed)           1.088     1.088    design_2_i/cg_fpga_0/inst/processing_system7_0/inst/FCLK_CLK_unbuffered[0]
    BUFGCTRL_X0Y16       BUFG (Prop_bufg_I_O)         0.091     1.179 r  design_2_i/cg_fpga_0/inst/processing_system7_0/inst/buffer_fclk_clk_0.FCLK_CLK_0_BUFG/O
                         net (fo=6935, routed)        1.462     2.641    design_2_i/cg_fpga_0/inst/cg_fpga_axi_gpio_i1/U0/gpio_core_1/Dual.INPUT_DOUBLE_REGS4/s_axi_aclk
    SLICE_X48Y76         FDRE                                         r  design_2_i/cg_fpga_0/inst/cg_fpga_axi_gpio_i1/U0/gpio_core_1/Dual.INPUT_DOUBLE_REGS4/GENERATE_LEVEL_P_S_CDC.MULTI_BIT.FOR_IN_cdc_to[15].CROSS2_PLEVEL_IN2SCNDRY_IN_cdc_to/C

Slack:                    inf
  Source:                 design_2_i/cg_fpga_0/inst/cg_fpga_axi_gpio_o1/U0/gpio_core_1/Dual.gpio2_Data_Out_reg[23]/C
                            (rising edge-triggered cell FDRE clocked by clk_fpga_0  {rise@0.000ns fall@5.000ns period=10.000ns})
  Destination:            design_2_i/cg_fpga_0/inst/cg_fpga_axi_gpio_i1/U0/gpio_core_1/Dual.INPUT_DOUBLE_REGS4/GENERATE_LEVEL_P_S_CDC.MULTI_BIT.FOR_IN_cdc_to[14].CROSS2_PLEVEL_IN2SCNDRY_IN_cdc_to/D
                            (rising edge-triggered cell FDRE clocked by clk_fpga_0  {rise@0.000ns fall@5.000ns period=10.000ns})
  Path Group:             (none)
  Path Type:              Setup (Max at Slow Process Corner)
  Data Path Delay:        20.728ns  (logic 5.591ns (26.973%)  route 15.137ns (73.027%))
  Logic Levels:           22  (LUT2=6 LUT3=9 LUT4=2 LUT5=2 LUT6=1 MUXF7=2)
  Clock Path Skew:        -0.286ns (DCD - SCD + CPR)
    Destination Clock Delay (DCD):    2.642ns
    Source Clock Delay      (SCD):    2.928ns
    Clock Pessimism Removal (CPR):    0.000ns
  Clock Uncertainty:      0.154ns  ((TSJ^2 + TIJ^2)^1/2 + DJ) / 2 + PE
    Total System Jitter     (TSJ):    0.071ns
    Total Input Jitter      (TIJ):    0.300ns
    Discrete Jitter          (DJ):    0.000ns
    Phase Error              (PE):    0.000ns
  Timing Exception:       False Path

    Location             Delay type                Incr(ns)  Path(ns)    Netlist Resource(s)
  -------------------------------------------------------------------    -------------------
                         (clock clk_fpga_0 rise edge)
                                                      0.000     0.000 r  
    PS7_X0Y0             PS7                          0.000     0.000 r  design_2_i/cg_fpga_0/inst/processing_system7_0/inst/PS7_i/FCLKCLK[0]
                         net (fo=1, routed)           1.193     1.193    design_2_i/cg_fpga_0/inst/processing_system7_0/inst/FCLK_CLK_unbuffered[0]
    BUFGCTRL_X0Y16       BUFG (Prop_bufg_I_O)         0.101     1.294 r  design_2_i/cg_fpga_0/inst/processing_system7_0/inst/buffer_fclk_clk_0.FCLK_CLK_0_BUFG/O
                         net (fo=6935, routed)        1.634     2.928    design_2_i/cg_fpga_0/inst/cg_fpga_axi_gpio_o1/U0/gpio_core_1/s_axi_aclk
    SLICE_X41Y72         FDRE                                         r  design_2_i/cg_fpga_0/inst/cg_fpga_axi_gpio_o1/U0/gpio_core_1/Dual.gpio2_Data_Out_reg[23]/C
  -------------------------------------------------------------------    -------------------
    SLICE_X41Y72         FDRE (Prop_fdre_C_Q)         0.456     3.384 r  design_2_i/cg_fpga_0/inst/cg_fpga_axi_gpio_o1/U0/gpio_core_1/Dual.gpio2_Data_Out_reg[23]/Q
                         net (fo=16, routed)          1.041     4.425    design_2_i/xor_gate_8bit_0/inst/b0
    SLICE_X45Y73         LUT2 (Prop_lut2_I0_O)        0.149     4.574 r  design_2_i/xor_gate_8bit_0/inst/y_low[0]_INST_0/O
                         net (fo=4, routed)           0.690     5.265    design_2_i/SUM/alu_74181_1/a[0]
    SLICE_X44Y73         LUT3 (Prop_lut3_I1_O)        0.360     5.625 r  design_2_i/SUM/alu_74181_1/f[2]_INST_0_i_16/O
                         net (fo=2, routed)           0.449     6.074    design_2_i/SUM/alu_74181_1/f[2]_INST_0_i_16_n_0
    SLICE_X44Y73         LUT2 (Prop_lut2_I0_O)        0.326     6.400 r  design_2_i/SUM/alu_74181_1/f[2]_INST_0_i_9/O
                         net (fo=8, routed)           1.015     7.415    design_2_i/zlcfq_sixteen/half_mul/zlcfq/addcell2/and_gate_0/a
    SLICE_X52Y72         LUT2 (Prop_lut2_I0_O)        0.152     7.567 r  design_2_i/zlcfq_sixteen/half_mul/zlcfq/addcell2/and_gate_0/y_INST_0/O
                         net (fo=2, routed)           0.851     8.418    design_2_i/zlcfq_sixteen/half_mul/zlcfq/addcell5/full_add_0/a
    SLICE_X52Y72         LUT3 (Prop_lut3_I1_O)        0.354     8.772 r  design_2_i/zlcfq_sixteen/half_mul/zlcfq/addcell5/full_add_0/sum_INST_0/O
                         net (fo=2, routed)           0.587     9.359    design_2_i/zlcfq_sixteen/half_mul/zlcfq/addcell8/full_add_0/inst/a
    SLICE_X52Y73         LUT2 (Prop_lut2_I1_O)        0.332     9.691 r  design_2_i/zlcfq_sixteen/half_mul/zlcfq/addcell8/full_add_0/inst/cout__0/O
                         net (fo=2, routed)           0.799    10.490    design_2_i/zlcfq_sixteen/half_mul/zlcfq/addcell9/full_add_0/cin
    SLICE_X52Y72         LUT3 (Prop_lut3_I0_O)        0.150    10.640 r  design_2_i/zlcfq_sixteen/half_mul/zlcfq/addcell9/full_add_0/sum_INST_0/O
                         net (fo=2, routed)           0.817    11.457    design_2_i/zlcfq_sixteen/half_mul/zlcfq/addcell12/full_add_0/inst/a
    SLICE_X52Y73         LUT2 (Prop_lut2_I1_O)        0.332    11.789 r  design_2_i/zlcfq_sixteen/half_mul/zlcfq/addcell12/full_add_0/inst/cout__0/O
                         net (fo=2, routed)           1.042    12.832    design_2_i/zlcfq_sixteen/half_mul/zlcfq/addcell13/full_add_0/inst/cin
    SLICE_X54Y72         LUT3 (Prop_lut3_I2_O)        0.124    12.956 r  design_2_i/zlcfq_sixteen/half_mul/zlcfq/addcell13/full_add_0/inst/cout__0/O
                         net (fo=2, routed)           0.495    13.451    design_2_i/zlcfq_sixteen/half_mul/zlcfq/addcell14/full_add_0/cin
    SLICE_X55Y72         LUT3 (Prop_lut3_I0_O)        0.149    13.600 r  design_2_i/zlcfq_sixteen/half_mul/zlcfq/addcell14/full_add_0/sum_INST_0/O
                         net (fo=7, routed)           1.040    14.640    design_2_i/zlcfq_sixteen/half_mul/ADD/alu_74181_0/a[1]
    SLICE_X58Y73         LUT4 (Prop_lut4_I2_O)        0.356    14.996 r  design_2_i/zlcfq_sixteen/half_mul/ADD/alu_74181_0/g_INST_0_i_1/O
                         net (fo=1, routed)           0.685    15.682    design_2_i/zlcfq_sixteen/half_mul/ADD/alu_74181_0/g_INST_0_i_1_n_0
    SLICE_X59Y73         LUT6 (Prop_lut6_I0_O)        0.328    16.010 f  design_2_i/zlcfq_sixteen/half_mul/ADD/alu_74181_0/g_INST_0/O
                         net (fo=8, routed)           0.701    16.711    design_2_i/zlcfq_sixteen/half_mul/ADD/alu_74181_1/f[1]_INST_0_i_10_n_0
    SLICE_X62Y73         LUT3 (Prop_lut3_I2_O)        0.148    16.859 r  design_2_i/zlcfq_sixteen/half_mul/ADD/alu_74181_1/f[2]_INST_0_i_16/O
                         net (fo=2, routed)           0.584    17.443    design_2_i/zlcfq_sixteen/half_mul/ADD/alu_74181_1/f[2]_INST_0_i_16_n_0
    SLICE_X63Y74         LUT2 (Prop_lut2_I0_O)        0.328    17.771 r  design_2_i/zlcfq_sixteen/half_mul/ADD/alu_74181_1/f[2]_INST_0_i_9/O
                         net (fo=1, routed)           0.000    17.771    design_2_i/zlcfq_sixteen/half_mul/ADD/alu_74181_1/f[2]_INST_0_i_9_n_0
    SLICE_X63Y74         MUXF7 (Prop_muxf7_I0_O)      0.212    17.983 r  design_2_i/zlcfq_sixteen/half_mul/ADD/alu_74181_1/f[2]_INST_0_i_4/O
                         net (fo=7, routed)           1.068    19.051    design_2_i/zlcfq_sixteen/SUM/alu_74181_0/a[2]
    SLICE_X59Y74         LUT4 (Prop_lut4_I0_O)        0.299    19.350 r  design_2_i/zlcfq_sixteen/SUM/alu_74181_0/p_INST_0_i_3/O
                         net (fo=1, routed)           0.263    19.613    design_2_i/zlcfq_sixteen/SUM/alu_74181_0/p_INST_0_i_3_n_0
    SLICE_X59Y74         LUT5 (Prop_lut5_I4_O)        0.124    19.737 f  design_2_i/zlcfq_sixteen/SUM/alu_74181_0/p_INST_0/O
                         net (fo=1, routed)           0.323    20.060    design_2_i/zlcfq_sixteen/SUM/alu_74181_0/p
    SLICE_X59Y75         LUT3 (Prop_lut3_I0_O)        0.124    20.184 r  design_2_i/zlcfq_sixteen/SUM/alu_74181_0/cout_INST_0/O
                         net (fo=7, routed)           0.835    21.019    design_2_i/zlcfq_sixteen/SUM/alu_74181_2/f[1]_INST_0_i_10_n_0
    SLICE_X59Y75         LUT3 (Prop_lut3_I1_O)        0.124    21.143 f  design_2_i/zlcfq_sixteen/SUM/alu_74181_2/f[1]_INST_0_i_9/O
                         net (fo=1, routed)           0.000    21.143    design_2_i/zlcfq_sixteen/SUM/alu_74181_2/f[1]_INST_0_i_9_n_0
    SLICE_X59Y75         MUXF7 (Prop_muxf7_I0_O)      0.212    21.355 f  design_2_i/zlcfq_sixteen/SUM/alu_74181_2/f[1]_INST_0_i_4/O
                         net (fo=2, routed)           0.307    21.662    design_2_i/complement_16bit_con_0/a13
    SLICE_X56Y75         LUT5 (Prop_lut5_I4_O)        0.299    21.961 r  design_2_i/complement_16bit_con_0/y14_INST_0_i_1/O
                         net (fo=2, routed)           0.832    22.793    design_2_i/complement_16bit_con_0/y14_INST_0_i_1_n_0
    SLICE_X54Y76         LUT3 (Prop_lut3_I0_O)        0.153    22.946 r  design_2_i/complement_16bit_con_0/y14_INST_0/O
                         net (fo=1, routed)           0.710    23.656    design_2_i/cg_fpga_0/inst/cg_fpga_axi_gpio_i1/U0/gpio_core_1/Dual.INPUT_DOUBLE_REGS4/gpio_io_i[14]
    SLICE_X46Y76         FDRE                                         r  design_2_i/cg_fpga_0/inst/cg_fpga_axi_gpio_i1/U0/gpio_core_1/Dual.INPUT_DOUBLE_REGS4/GENERATE_LEVEL_P_S_CDC.MULTI_BIT.FOR_IN_cdc_to[14].CROSS2_PLEVEL_IN2SCNDRY_IN_cdc_to/D
  -------------------------------------------------------------------    -------------------

                         (clock clk_fpga_0 rise edge)
                                                      0.000     0.000 r  
    PS7_X0Y0             PS7                          0.000     0.000 r  design_2_i/cg_fpga_0/inst/processing_system7_0/inst/PS7_i/FCLKCLK[0]
                         net (fo=1, routed)           1.088     1.088    design_2_i/cg_fpga_0/inst/processing_system7_0/inst/FCLK_CLK_unbuffered[0]
    BUFGCTRL_X0Y16       BUFG (Prop_bufg_I_O)         0.091     1.179 r  design_2_i/cg_fpga_0/inst/processing_system7_0/inst/buffer_fclk_clk_0.FCLK_CLK_0_BUFG/O
                         net (fo=6935, routed)        1.463     2.642    design_2_i/cg_fpga_0/inst/cg_fpga_axi_gpio_i1/U0/gpio_core_1/Dual.INPUT_DOUBLE_REGS4/s_axi_aclk
    SLICE_X46Y76         FDRE                                         r  design_2_i/cg_fpga_0/inst/cg_fpga_axi_gpio_i1/U0/gpio_core_1/Dual.INPUT_DOUBLE_REGS4/GENERATE_LEVEL_P_S_CDC.MULTI_BIT.FOR_IN_cdc_to[14].CROSS2_PLEVEL_IN2SCNDRY_IN_cdc_to/C

Slack:                    inf
  Source:                 design_2_i/cg_fpga_0/inst/cg_fpga_axi_gpio_o1/U0/gpio_core_1/Dual.gpio2_Data_Out_reg[23]/C
                            (rising edge-triggered cell FDRE clocked by clk_fpga_0  {rise@0.000ns fall@5.000ns period=10.000ns})
  Destination:            design_2_i/cg_fpga_0/inst/cg_fpga_axi_gpio_i1/U0/gpio_core_1/Dual.INPUT_DOUBLE_REGS4/GENERATE_LEVEL_P_S_CDC.MULTI_BIT.FOR_IN_cdc_to[13].CROSS2_PLEVEL_IN2SCNDRY_IN_cdc_to/D
                            (rising edge-triggered cell FDRE clocked by clk_fpga_0  {rise@0.000ns fall@5.000ns period=10.000ns})
  Path Group:             (none)
  Path Type:              Setup (Max at Slow Process Corner)
  Data Path Delay:        19.804ns  (logic 5.051ns (25.505%)  route 14.753ns (74.495%))
  Logic Levels:           20  (LUT2=7 LUT3=7 LUT4=2 LUT5=1 LUT6=2 MUXF7=1)
  Clock Path Skew:        -0.227ns (DCD - SCD + CPR)
    Destination Clock Delay (DCD):    2.701ns
    Source Clock Delay      (SCD):    2.928ns
    Clock Pessimism Removal (CPR):    0.000ns
  Clock Uncertainty:      0.154ns  ((TSJ^2 + TIJ^2)^1/2 + DJ) / 2 + PE
    Total System Jitter     (TSJ):    0.071ns
    Total Input Jitter      (TIJ):    0.300ns
    Discrete Jitter          (DJ):    0.000ns
    Phase Error              (PE):    0.000ns
  Timing Exception:       False Path

    Location             Delay type                Incr(ns)  Path(ns)    Netlist Resource(s)
  -------------------------------------------------------------------    -------------------
                         (clock clk_fpga_0 rise edge)
                                                      0.000     0.000 r  
    PS7_X0Y0             PS7                          0.000     0.000 r  design_2_i/cg_fpga_0/inst/processing_system7_0/inst/PS7_i/FCLKCLK[0]
                         net (fo=1, routed)           1.193     1.193    design_2_i/cg_fpga_0/inst/processing_system7_0/inst/FCLK_CLK_unbuffered[0]
    BUFGCTRL_X0Y16       BUFG (Prop_bufg_I_O)         0.101     1.294 r  design_2_i/cg_fpga_0/inst/processing_system7_0/inst/buffer_fclk_clk_0.FCLK_CLK_0_BUFG/O
                         net (fo=6935, routed)        1.634     2.928    design_2_i/cg_fpga_0/inst/cg_fpga_axi_gpio_o1/U0/gpio_core_1/s_axi_aclk
    SLICE_X41Y72         FDRE                                         r  design_2_i/cg_fpga_0/inst/cg_fpga_axi_gpio_o1/U0/gpio_core_1/Dual.gpio2_Data_Out_reg[23]/C
  -------------------------------------------------------------------    -------------------
    SLICE_X41Y72         FDRE (Prop_fdre_C_Q)         0.456     3.384 r  design_2_i/cg_fpga_0/inst/cg_fpga_axi_gpio_o1/U0/gpio_core_1/Dual.gpio2_Data_Out_reg[23]/Q
                         net (fo=16, routed)          1.041     4.425    design_2_i/xor_gate_8bit_0/inst/b0
    SLICE_X45Y73         LUT2 (Prop_lut2_I0_O)        0.149     4.574 r  design_2_i/xor_gate_8bit_0/inst/y_low[0]_INST_0/O
                         net (fo=4, routed)           0.690     5.265    design_2_i/SUM/alu_74181_1/a[0]
    SLICE_X44Y73         LUT3 (Prop_lut3_I1_O)        0.360     5.625 r  design_2_i/SUM/alu_74181_1/f[2]_INST_0_i_16/O
                         net (fo=2, routed)           0.449     6.074    design_2_i/SUM/alu_74181_1/f[2]_INST_0_i_16_n_0
    SLICE_X44Y73         LUT2 (Prop_lut2_I0_O)        0.326     6.400 r  design_2_i/SUM/alu_74181_1/f[2]_INST_0_i_9/O
                         net (fo=8, routed)           1.015     7.415    design_2_i/zlcfq_sixteen/half_mul/zlcfq/addcell2/and_gate_0/a
    SLICE_X52Y72         LUT2 (Prop_lut2_I0_O)        0.152     7.567 r  design_2_i/zlcfq_sixteen/half_mul/zlcfq/addcell2/and_gate_0/y_INST_0/O
                         net (fo=2, routed)           0.851     8.418    design_2_i/zlcfq_sixteen/half_mul/zlcfq/addcell5/full_add_0/a
    SLICE_X52Y72         LUT3 (Prop_lut3_I1_O)        0.354     8.772 r  design_2_i/zlcfq_sixteen/half_mul/zlcfq/addcell5/full_add_0/sum_INST_0/O
                         net (fo=2, routed)           0.587     9.359    design_2_i/zlcfq_sixteen/half_mul/zlcfq/addcell8/full_add_0/inst/a
    SLICE_X52Y73         LUT2 (Prop_lut2_I1_O)        0.332     9.691 r  design_2_i/zlcfq_sixteen/half_mul/zlcfq/addcell8/full_add_0/inst/cout__0/O
                         net (fo=2, routed)           0.799    10.490    design_2_i/zlcfq_sixteen/half_mul/zlcfq/addcell9/full_add_0/cin
    SLICE_X52Y72         LUT3 (Prop_lut3_I0_O)        0.150    10.640 r  design_2_i/zlcfq_sixteen/half_mul/zlcfq/addcell9/full_add_0/sum_INST_0/O
                         net (fo=2, routed)           0.817    11.457    design_2_i/zlcfq_sixteen/half_mul/zlcfq/addcell12/full_add_0/inst/a
    SLICE_X52Y73         LUT2 (Prop_lut2_I1_O)        0.332    11.789 r  design_2_i/zlcfq_sixteen/half_mul/zlcfq/addcell12/full_add_0/inst/cout__0/O
                         net (fo=2, routed)           1.042    12.832    design_2_i/zlcfq_sixteen/half_mul/zlcfq/addcell13/full_add_0/inst/cin
    SLICE_X54Y72         LUT3 (Prop_lut3_I2_O)        0.124    12.956 r  design_2_i/zlcfq_sixteen/half_mul/zlcfq/addcell13/full_add_0/inst/cout__0/O
                         net (fo=2, routed)           0.495    13.451    design_2_i/zlcfq_sixteen/half_mul/zlcfq/addcell14/full_add_0/cin
    SLICE_X55Y72         LUT3 (Prop_lut3_I0_O)        0.149    13.600 r  design_2_i/zlcfq_sixteen/half_mul/zlcfq/addcell14/full_add_0/sum_INST_0/O
                         net (fo=7, routed)           1.040    14.640    design_2_i/zlcfq_sixteen/half_mul/ADD/alu_74181_0/a[1]
    SLICE_X58Y73         LUT4 (Prop_lut4_I2_O)        0.356    14.996 r  design_2_i/zlcfq_sixteen/half_mul/ADD/alu_74181_0/g_INST_0_i_1/O
                         net (fo=1, routed)           0.685    15.682    design_2_i/zlcfq_sixteen/half_mul/ADD/alu_74181_0/g_INST_0_i_1_n_0
    SLICE_X59Y73         LUT6 (Prop_lut6_I0_O)        0.328    16.010 f  design_2_i/zlcfq_sixteen/half_mul/ADD/alu_74181_0/g_INST_0/O
                         net (fo=8, routed)           0.701    16.711    design_2_i/zlcfq_sixteen/half_mul/ADD/alu_74181_1/f[1]_INST_0_i_10_n_0
    SLICE_X62Y73         LUT3 (Prop_lut3_I2_O)        0.148    16.859 r  design_2_i/zlcfq_sixteen/half_mul/ADD/alu_74181_1/f[2]_INST_0_i_16/O
                         net (fo=2, routed)           0.584    17.443    design_2_i/zlcfq_sixteen/half_mul/ADD/alu_74181_1/f[2]_INST_0_i_16_n_0
    SLICE_X63Y74         LUT2 (Prop_lut2_I0_O)        0.328    17.771 r  design_2_i/zlcfq_sixteen/half_mul/ADD/alu_74181_1/f[2]_INST_0_i_9/O
                         net (fo=1, routed)           0.000    17.771    design_2_i/zlcfq_sixteen/half_mul/ADD/alu_74181_1/f[2]_INST_0_i_9_n_0
    SLICE_X63Y74         MUXF7 (Prop_muxf7_I0_O)      0.212    17.983 r  design_2_i/zlcfq_sixteen/half_mul/ADD/alu_74181_1/f[2]_INST_0_i_4/O
                         net (fo=7, routed)           1.068    19.051    design_2_i/zlcfq_sixteen/SUM/alu_74181_0/a[2]
    SLICE_X59Y74         LUT4 (Prop_lut4_I0_O)        0.299    19.350 r  design_2_i/zlcfq_sixteen/SUM/alu_74181_0/p_INST_0_i_3/O
                         net (fo=1, routed)           0.263    19.613    design_2_i/zlcfq_sixteen/SUM/alu_74181_0/p_INST_0_i_3_n_0
    SLICE_X59Y74         LUT5 (Prop_lut5_I4_O)        0.124    19.737 f  design_2_i/zlcfq_sixteen/SUM/alu_74181_0/p_INST_0/O
                         net (fo=1, routed)           0.323    20.060    design_2_i/zlcfq_sixteen/SUM/alu_74181_0/p
    SLICE_X59Y75         LUT3 (Prop_lut3_I0_O)        0.124    20.184 r  design_2_i/zlcfq_sixteen/SUM/alu_74181_0/cout_INST_0/O
                         net (fo=7, routed)           0.837    21.021    design_2_i/zlcfq_sixteen/SUM/alu_74181_2/f[1]_INST_0_i_10_n_0
    SLICE_X58Y75         LUT2 (Prop_lut2_I0_O)        0.124    21.145 r  design_2_i/zlcfq_sixteen/SUM/alu_74181_2/f[0]_INST_0_i_2/O
                         net (fo=3, routed)           1.008    22.154    design_2_i/complement_16bit_con_0/a12
    SLICE_X56Y75         LUT6 (Prop_lut6_I0_O)        0.124    22.278 r  design_2_i/complement_16bit_con_0/y13_INST_0/O
                         net (fo=1, routed)           0.455    22.732    design_2_i/cg_fpga_0/inst/cg_fpga_axi_gpio_i1/U0/gpio_core_1/Dual.INPUT_DOUBLE_REGS4/gpio_io_i[13]
    SLICE_X54Y77         FDRE                                         r  design_2_i/cg_fpga_0/inst/cg_fpga_axi_gpio_i1/U0/gpio_core_1/Dual.INPUT_DOUBLE_REGS4/GENERATE_LEVEL_P_S_CDC.MULTI_BIT.FOR_IN_cdc_to[13].CROSS2_PLEVEL_IN2SCNDRY_IN_cdc_to/D
  -------------------------------------------------------------------    -------------------

                         (clock clk_fpga_0 rise edge)
                                                      0.000     0.000 r  
    PS7_X0Y0             PS7                          0.000     0.000 r  design_2_i/cg_fpga_0/inst/processing_system7_0/inst/PS7_i/FCLKCLK[0]
                         net (fo=1, routed)           1.088     1.088    design_2_i/cg_fpga_0/inst/processing_system7_0/inst/FCLK_CLK_unbuffered[0]
    BUFGCTRL_X0Y16       BUFG (Prop_bufg_I_O)         0.091     1.179 r  design_2_i/cg_fpga_0/inst/processing_system7_0/inst/buffer_fclk_clk_0.FCLK_CLK_0_BUFG/O
                         net (fo=6935, routed)        1.522     2.701    design_2_i/cg_fpga_0/inst/cg_fpga_axi_gpio_i1/U0/gpio_core_1/Dual.INPUT_DOUBLE_REGS4/s_axi_aclk
    SLICE_X54Y77         FDRE                                         r  design_2_i/cg_fpga_0/inst/cg_fpga_axi_gpio_i1/U0/gpio_core_1/Dual.INPUT_DOUBLE_REGS4/GENERATE_LEVEL_P_S_CDC.MULTI_BIT.FOR_IN_cdc_to[13].CROSS2_PLEVEL_IN2SCNDRY_IN_cdc_to/C

Slack:                    inf
  Source:                 design_2_i/cg_fpga_0/inst/cg_fpga_axi_gpio_o1/U0/gpio_core_1/Dual.gpio2_Data_Out_reg[23]/C
                            (rising edge-triggered cell FDRE clocked by clk_fpga_0  {rise@0.000ns fall@5.000ns period=10.000ns})
  Destination:            design_2_i/cg_fpga_0/inst/cg_fpga_axi_gpio_i1/U0/gpio_core_1/Dual.INPUT_DOUBLE_REGS4/GENERATE_LEVEL_P_S_CDC.MULTI_BIT.FOR_IN_cdc_to[12].CROSS2_PLEVEL_IN2SCNDRY_IN_cdc_to/D
                            (rising edge-triggered cell FDRE clocked by clk_fpga_0  {rise@0.000ns fall@5.000ns period=10.000ns})
  Path Group:             (none)
  Path Type:              Setup (Max at Slow Process Corner)
  Data Path Delay:        19.608ns  (logic 5.051ns (25.760%)  route 14.557ns (74.240%))
  Logic Levels:           20  (LUT2=7 LUT3=7 LUT4=2 LUT5=2 LUT6=1 MUXF7=1)
  Clock Path Skew:        -0.227ns (DCD - SCD + CPR)
    Destination Clock Delay (DCD):    2.701ns
    Source Clock Delay      (SCD):    2.928ns
    Clock Pessimism Removal (CPR):    0.000ns
  Clock Uncertainty:      0.154ns  ((TSJ^2 + TIJ^2)^1/2 + DJ) / 2 + PE
    Total System Jitter     (TSJ):    0.071ns
    Total Input Jitter      (TIJ):    0.300ns
    Discrete Jitter          (DJ):    0.000ns
    Phase Error              (PE):    0.000ns
  Timing Exception:       False Path

    Location             Delay type                Incr(ns)  Path(ns)    Netlist Resource(s)
  -------------------------------------------------------------------    -------------------
                         (clock clk_fpga_0 rise edge)
                                                      0.000     0.000 r  
    PS7_X0Y0             PS7                          0.000     0.000 r  design_2_i/cg_fpga_0/inst/processing_system7_0/inst/PS7_i/FCLKCLK[0]
                         net (fo=1, routed)           1.193     1.193    design_2_i/cg_fpga_0/inst/processing_system7_0/inst/FCLK_CLK_unbuffered[0]
    BUFGCTRL_X0Y16       BUFG (Prop_bufg_I_O)         0.101     1.294 r  design_2_i/cg_fpga_0/inst/processing_system7_0/inst/buffer_fclk_clk_0.FCLK_CLK_0_BUFG/O
                         net (fo=6935, routed)        1.634     2.928    design_2_i/cg_fpga_0/inst/cg_fpga_axi_gpio_o1/U0/gpio_core_1/s_axi_aclk
    SLICE_X41Y72         FDRE                                         r  design_2_i/cg_fpga_0/inst/cg_fpga_axi_gpio_o1/U0/gpio_core_1/Dual.gpio2_Data_Out_reg[23]/C
  -------------------------------------------------------------------    -------------------
    SLICE_X41Y72         FDRE (Prop_fdre_C_Q)         0.456     3.384 r  design_2_i/cg_fpga_0/inst/cg_fpga_axi_gpio_o1/U0/gpio_core_1/Dual.gpio2_Data_Out_reg[23]/Q
                         net (fo=16, routed)          1.041     4.425    design_2_i/xor_gate_8bit_0/inst/b0
    SLICE_X45Y73         LUT2 (Prop_lut2_I0_O)        0.149     4.574 r  design_2_i/xor_gate_8bit_0/inst/y_low[0]_INST_0/O
                         net (fo=4, routed)           0.690     5.265    design_2_i/SUM/alu_74181_1/a[0]
    SLICE_X44Y73         LUT3 (Prop_lut3_I1_O)        0.360     5.625 r  design_2_i/SUM/alu_74181_1/f[2]_INST_0_i_16/O
                         net (fo=2, routed)           0.449     6.074    design_2_i/SUM/alu_74181_1/f[2]_INST_0_i_16_n_0
    SLICE_X44Y73         LUT2 (Prop_lut2_I0_O)        0.326     6.400 r  design_2_i/SUM/alu_74181_1/f[2]_INST_0_i_9/O
                         net (fo=8, routed)           1.015     7.415    design_2_i/zlcfq_sixteen/half_mul/zlcfq/addcell2/and_gate_0/a
    SLICE_X52Y72         LUT2 (Prop_lut2_I0_O)        0.152     7.567 r  design_2_i/zlcfq_sixteen/half_mul/zlcfq/addcell2/and_gate_0/y_INST_0/O
                         net (fo=2, routed)           0.851     8.418    design_2_i/zlcfq_sixteen/half_mul/zlcfq/addcell5/full_add_0/a
    SLICE_X52Y72         LUT3 (Prop_lut3_I1_O)        0.354     8.772 r  design_2_i/zlcfq_sixteen/half_mul/zlcfq/addcell5/full_add_0/sum_INST_0/O
                         net (fo=2, routed)           0.587     9.359    design_2_i/zlcfq_sixteen/half_mul/zlcfq/addcell8/full_add_0/inst/a
    SLICE_X52Y73         LUT2 (Prop_lut2_I1_O)        0.332     9.691 r  design_2_i/zlcfq_sixteen/half_mul/zlcfq/addcell8/full_add_0/inst/cout__0/O
                         net (fo=2, routed)           0.799    10.490    design_2_i/zlcfq_sixteen/half_mul/zlcfq/addcell9/full_add_0/cin
    SLICE_X52Y72         LUT3 (Prop_lut3_I0_O)        0.150    10.640 r  design_2_i/zlcfq_sixteen/half_mul/zlcfq/addcell9/full_add_0/sum_INST_0/O
                         net (fo=2, routed)           0.817    11.457    design_2_i/zlcfq_sixteen/half_mul/zlcfq/addcell12/full_add_0/inst/a
    SLICE_X52Y73         LUT2 (Prop_lut2_I1_O)        0.332    11.789 r  design_2_i/zlcfq_sixteen/half_mul/zlcfq/addcell12/full_add_0/inst/cout__0/O
                         net (fo=2, routed)           1.042    12.832    design_2_i/zlcfq_sixteen/half_mul/zlcfq/addcell13/full_add_0/inst/cin
    SLICE_X54Y72         LUT3 (Prop_lut3_I2_O)        0.124    12.956 r  design_2_i/zlcfq_sixteen/half_mul/zlcfq/addcell13/full_add_0/inst/cout__0/O
                         net (fo=2, routed)           0.495    13.451    design_2_i/zlcfq_sixteen/half_mul/zlcfq/addcell14/full_add_0/cin
    SLICE_X55Y72         LUT3 (Prop_lut3_I0_O)        0.149    13.600 r  design_2_i/zlcfq_sixteen/half_mul/zlcfq/addcell14/full_add_0/sum_INST_0/O
                         net (fo=7, routed)           1.040    14.640    design_2_i/zlcfq_sixteen/half_mul/ADD/alu_74181_0/a[1]
    SLICE_X58Y73         LUT4 (Prop_lut4_I2_O)        0.356    14.996 r  design_2_i/zlcfq_sixteen/half_mul/ADD/alu_74181_0/g_INST_0_i_1/O
                         net (fo=1, routed)           0.685    15.682    design_2_i/zlcfq_sixteen/half_mul/ADD/alu_74181_0/g_INST_0_i_1_n_0
    SLICE_X59Y73         LUT6 (Prop_lut6_I0_O)        0.328    16.010 f  design_2_i/zlcfq_sixteen/half_mul/ADD/alu_74181_0/g_INST_0/O
                         net (fo=8, routed)           0.701    16.711    design_2_i/zlcfq_sixteen/half_mul/ADD/alu_74181_1/f[1]_INST_0_i_10_n_0
    SLICE_X62Y73         LUT3 (Prop_lut3_I2_O)        0.148    16.859 r  design_2_i/zlcfq_sixteen/half_mul/ADD/alu_74181_1/f[2]_INST_0_i_16/O
                         net (fo=2, routed)           0.584    17.443    design_2_i/zlcfq_sixteen/half_mul/ADD/alu_74181_1/f[2]_INST_0_i_16_n_0
    SLICE_X63Y74         LUT2 (Prop_lut2_I0_O)        0.328    17.771 r  design_2_i/zlcfq_sixteen/half_mul/ADD/alu_74181_1/f[2]_INST_0_i_9/O
                         net (fo=1, routed)           0.000    17.771    design_2_i/zlcfq_sixteen/half_mul/ADD/alu_74181_1/f[2]_INST_0_i_9_n_0
    SLICE_X63Y74         MUXF7 (Prop_muxf7_I0_O)      0.212    17.983 r  design_2_i/zlcfq_sixteen/half_mul/ADD/alu_74181_1/f[2]_INST_0_i_4/O
                         net (fo=7, routed)           1.068    19.051    design_2_i/zlcfq_sixteen/SUM/alu_74181_0/a[2]
    SLICE_X59Y74         LUT4 (Prop_lut4_I0_O)        0.299    19.350 r  design_2_i/zlcfq_sixteen/SUM/alu_74181_0/p_INST_0_i_3/O
                         net (fo=1, routed)           0.263    19.613    design_2_i/zlcfq_sixteen/SUM/alu_74181_0/p_INST_0_i_3_n_0
    SLICE_X59Y74         LUT5 (Prop_lut5_I4_O)        0.124    19.737 f  design_2_i/zlcfq_sixteen/SUM/alu_74181_0/p_INST_0/O
                         net (fo=1, routed)           0.323    20.060    design_2_i/zlcfq_sixteen/SUM/alu_74181_0/p
    SLICE_X59Y75         LUT3 (Prop_lut3_I0_O)        0.124    20.184 r  design_2_i/zlcfq_sixteen/SUM/alu_74181_0/cout_INST_0/O
                         net (fo=7, routed)           0.837    21.021    design_2_i/zlcfq_sixteen/SUM/alu_74181_2/f[1]_INST_0_i_10_n_0
    SLICE_X58Y75         LUT2 (Prop_lut2_I0_O)        0.124    21.145 r  design_2_i/zlcfq_sixteen/SUM/alu_74181_2/f[0]_INST_0_i_2/O
                         net (fo=3, routed)           0.654    21.799    design_2_i/complement_16bit_con_0/a12
    SLICE_X56Y75         LUT5 (Prop_lut5_I4_O)        0.124    21.923 r  design_2_i/complement_16bit_con_0/y12_INST_0/O
                         net (fo=1, routed)           0.613    22.536    design_2_i/cg_fpga_0/inst/cg_fpga_axi_gpio_i1/U0/gpio_core_1/Dual.INPUT_DOUBLE_REGS4/gpio_io_i[12]
    SLICE_X55Y77         FDRE                                         r  design_2_i/cg_fpga_0/inst/cg_fpga_axi_gpio_i1/U0/gpio_core_1/Dual.INPUT_DOUBLE_REGS4/GENERATE_LEVEL_P_S_CDC.MULTI_BIT.FOR_IN_cdc_to[12].CROSS2_PLEVEL_IN2SCNDRY_IN_cdc_to/D
  -------------------------------------------------------------------    -------------------

                         (clock clk_fpga_0 rise edge)
                                                      0.000     0.000 r  
    PS7_X0Y0             PS7                          0.000     0.000 r  design_2_i/cg_fpga_0/inst/processing_system7_0/inst/PS7_i/FCLKCLK[0]
                         net (fo=1, routed)           1.088     1.088    design_2_i/cg_fpga_0/inst/processing_system7_0/inst/FCLK_CLK_unbuffered[0]
    BUFGCTRL_X0Y16       BUFG (Prop_bufg_I_O)         0.091     1.179 r  design_2_i/cg_fpga_0/inst/processing_system7_0/inst/buffer_fclk_clk_0.FCLK_CLK_0_BUFG/O
                         net (fo=6935, routed)        1.522     2.701    design_2_i/cg_fpga_0/inst/cg_fpga_axi_gpio_i1/U0/gpio_core_1/Dual.INPUT_DOUBLE_REGS4/s_axi_aclk
    SLICE_X55Y77         FDRE                                         r  design_2_i/cg_fpga_0/inst/cg_fpga_axi_gpio_i1/U0/gpio_core_1/Dual.INPUT_DOUBLE_REGS4/GENERATE_LEVEL_P_S_CDC.MULTI_BIT.FOR_IN_cdc_to[12].CROSS2_PLEVEL_IN2SCNDRY_IN_cdc_to/C

Slack:                    inf
  Source:                 design_2_i/cg_fpga_0/inst/cg_fpga_axi_gpio_o1/U0/gpio_core_1/Dual.gpio2_Data_Out_reg[23]/C
                            (rising edge-triggered cell FDRE clocked by clk_fpga_0  {rise@0.000ns fall@5.000ns period=10.000ns})
  Destination:            design_2_i/cg_fpga_0/inst/cg_fpga_axi_gpio_i1/U0/gpio_core_1/Dual.INPUT_DOUBLE_REGS4/GENERATE_LEVEL_P_S_CDC.MULTI_BIT.FOR_IN_cdc_to[10].CROSS2_PLEVEL_IN2SCNDRY_IN_cdc_to/D
                            (rising edge-triggered cell FDRE clocked by clk_fpga_0  {rise@0.000ns fall@5.000ns period=10.000ns})
  Path Group:             (none)
  Path Type:              Setup (Max at Slow Process Corner)
  Data Path Delay:        18.068ns  (logic 4.862ns (26.909%)  route 13.206ns (73.091%))
  Logic Levels:           18  (LUT2=5 LUT3=6 LUT4=1 LUT5=2 LUT6=2 MUXF7=1 MUXF8=1)
  Clock Path Skew:        -0.224ns (DCD - SCD + CPR)
    Destination Clock Delay (DCD):    2.704ns
    Source Clock Delay      (SCD):    2.928ns
    Clock Pessimism Removal (CPR):    0.000ns
  Clock Uncertainty:      0.154ns  ((TSJ^2 + TIJ^2)^1/2 + DJ) / 2 + PE
    Total System Jitter     (TSJ):    0.071ns
    Total Input Jitter      (TIJ):    0.300ns
    Discrete Jitter          (DJ):    0.000ns
    Phase Error              (PE):    0.000ns
  Timing Exception:       False Path

    Location             Delay type                Incr(ns)  Path(ns)    Netlist Resource(s)
  -------------------------------------------------------------------    -------------------
                         (clock clk_fpga_0 rise edge)
                                                      0.000     0.000 r  
    PS7_X0Y0             PS7                          0.000     0.000 r  design_2_i/cg_fpga_0/inst/processing_system7_0/inst/PS7_i/FCLKCLK[0]
                         net (fo=1, routed)           1.193     1.193    design_2_i/cg_fpga_0/inst/processing_system7_0/inst/FCLK_CLK_unbuffered[0]
    BUFGCTRL_X0Y16       BUFG (Prop_bufg_I_O)         0.101     1.294 r  design_2_i/cg_fpga_0/inst/processing_system7_0/inst/buffer_fclk_clk_0.FCLK_CLK_0_BUFG/O
                         net (fo=6935, routed)        1.634     2.928    design_2_i/cg_fpga_0/inst/cg_fpga_axi_gpio_o1/U0/gpio_core_1/s_axi_aclk
    SLICE_X41Y72         FDRE                                         r  design_2_i/cg_fpga_0/inst/cg_fpga_axi_gpio_o1/U0/gpio_core_1/Dual.gpio2_Data_Out_reg[23]/C
  -------------------------------------------------------------------    -------------------
    SLICE_X41Y72         FDRE (Prop_fdre_C_Q)         0.456     3.384 r  design_2_i/cg_fpga_0/inst/cg_fpga_axi_gpio_o1/U0/gpio_core_1/Dual.gpio2_Data_Out_reg[23]/Q
                         net (fo=16, routed)          1.041     4.425    design_2_i/xor_gate_8bit_0/inst/b0
    SLICE_X45Y73         LUT2 (Prop_lut2_I0_O)        0.149     4.574 r  design_2_i/xor_gate_8bit_0/inst/y_low[0]_INST_0/O
                         net (fo=4, routed)           0.690     5.265    design_2_i/SUM/alu_74181_1/a[0]
    SLICE_X44Y73         LUT3 (Prop_lut3_I1_O)        0.360     5.625 r  design_2_i/SUM/alu_74181_1/f[2]_INST_0_i_16/O
                         net (fo=2, routed)           0.449     6.074    design_2_i/SUM/alu_74181_1/f[2]_INST_0_i_16_n_0
    SLICE_X44Y73         LUT2 (Prop_lut2_I0_O)        0.326     6.400 r  design_2_i/SUM/alu_74181_1/f[2]_INST_0_i_9/O
                         net (fo=8, routed)           1.015     7.415    design_2_i/zlcfq_sixteen/half_mul/zlcfq/addcell2/and_gate_0/a
    SLICE_X52Y72         LUT2 (Prop_lut2_I0_O)        0.152     7.567 r  design_2_i/zlcfq_sixteen/half_mul/zlcfq/addcell2/and_gate_0/y_INST_0/O
                         net (fo=2, routed)           0.851     8.418    design_2_i/zlcfq_sixteen/half_mul/zlcfq/addcell5/full_add_0/a
    SLICE_X52Y72         LUT3 (Prop_lut3_I1_O)        0.354     8.772 r  design_2_i/zlcfq_sixteen/half_mul/zlcfq/addcell5/full_add_0/sum_INST_0/O
                         net (fo=2, routed)           0.587     9.359    design_2_i/zlcfq_sixteen/half_mul/zlcfq/addcell8/full_add_0/inst/a
    SLICE_X52Y73         LUT2 (Prop_lut2_I1_O)        0.332     9.691 r  design_2_i/zlcfq_sixteen/half_mul/zlcfq/addcell8/full_add_0/inst/cout__0/O
                         net (fo=2, routed)           0.799    10.490    design_2_i/zlcfq_sixteen/half_mul/zlcfq/addcell9/full_add_0/cin
    SLICE_X52Y72         LUT3 (Prop_lut3_I0_O)        0.150    10.640 r  design_2_i/zlcfq_sixteen/half_mul/zlcfq/addcell9/full_add_0/sum_INST_0/O
                         net (fo=2, routed)           0.817    11.457    design_2_i/zlcfq_sixteen/half_mul/zlcfq/addcell12/full_add_0/inst/a
    SLICE_X52Y73         LUT2 (Prop_lut2_I1_O)        0.332    11.789 r  design_2_i/zlcfq_sixteen/half_mul/zlcfq/addcell12/full_add_0/inst/cout__0/O
                         net (fo=2, routed)           1.042    12.832    design_2_i/zlcfq_sixteen/half_mul/zlcfq/addcell13/full_add_0/inst/cin
    SLICE_X54Y72         LUT3 (Prop_lut3_I2_O)        0.124    12.956 r  design_2_i/zlcfq_sixteen/half_mul/zlcfq/addcell13/full_add_0/inst/cout__0/O
                         net (fo=2, routed)           0.495    13.451    design_2_i/zlcfq_sixteen/half_mul/zlcfq/addcell14/full_add_0/cin
    SLICE_X55Y72         LUT3 (Prop_lut3_I0_O)        0.149    13.600 r  design_2_i/zlcfq_sixteen/half_mul/zlcfq/addcell14/full_add_0/sum_INST_0/O
                         net (fo=7, routed)           0.779    14.379    design_2_i/zlcfq_sixteen/half_mul/ADD/alu_74181_0/a[1]
    SLICE_X58Y73         LUT4 (Prop_lut4_I0_O)        0.361    14.740 r  design_2_i/zlcfq_sixteen/half_mul/ADD/alu_74181_0/f[2]_INST_0_i_16/O
                         net (fo=2, routed)           0.610    15.350    design_2_i/zlcfq_sixteen/half_mul/ADD/alu_74181_0/f[2]_INST_0_i_16_n_0
    SLICE_X58Y72         LUT5 (Prop_lut5_I0_O)        0.331    15.681 f  design_2_i/zlcfq_sixteen/half_mul/ADD/alu_74181_0/f[3]_INST_0_i_20/O
                         net (fo=1, routed)           0.000    15.681    design_2_i/zlcfq_sixteen/half_mul/ADD/alu_74181_0/data23[3]
    SLICE_X58Y72         MUXF7 (Prop_muxf7_I1_O)      0.247    15.928 f  design_2_i/zlcfq_sixteen/half_mul/ADD/alu_74181_0/f[3]_INST_0_i_9/O
                         net (fo=1, routed)           0.000    15.928    design_2_i/zlcfq_sixteen/half_mul/ADD/alu_74181_0/f[3]_INST_0_i_9_n_0
    SLICE_X58Y72         MUXF8 (Prop_muxf8_I0_O)      0.098    16.026 f  design_2_i/zlcfq_sixteen/half_mul/ADD/alu_74181_0/f[3]_INST_0_i_4/O
                         net (fo=4, routed)           0.783    16.809    design_2_i/zlcfq_sixteen/SUM/alu_74181_1/a[3]
    SLICE_X56Y73         LUT6 (Prop_lut6_I1_O)        0.319    17.128 r  design_2_i/zlcfq_sixteen/SUM/alu_74181_1/g_INST_0/O
                         net (fo=7, routed)           0.862    17.990    design_2_i/zlcfq_sixteen/SUM/alu_74181_0/f[1]_INST_0_i_14_n_0
    SLICE_X58Y75         LUT5 (Prop_lut5_I2_O)        0.150    18.140 f  design_2_i/zlcfq_sixteen/SUM/alu_74181_0/f[1]_INST_0_i_9/O
                         net (fo=2, routed)           0.865    19.005    design_2_i/complement_16bit_con_0/a9
    SLICE_X55Y74         LUT6 (Prop_lut6_I5_O)        0.348    19.353 r  design_2_i/complement_16bit_con_0/y10_INST_0_i_1/O
                         net (fo=5, routed)           0.869    20.222    design_2_i/complement_16bit_con_0/y10_INST_0_i_1_n_0
    SLICE_X56Y75         LUT3 (Prop_lut3_I0_O)        0.124    20.346 r  design_2_i/complement_16bit_con_0/y10_INST_0/O
                         net (fo=1, routed)           0.650    20.996    design_2_i/cg_fpga_0/inst/cg_fpga_axi_gpio_i1/U0/gpio_core_1/Dual.INPUT_DOUBLE_REGS4/gpio_io_i[10]
    SLICE_X54Y80         FDRE                                         r  design_2_i/cg_fpga_0/inst/cg_fpga_axi_gpio_i1/U0/gpio_core_1/Dual.INPUT_DOUBLE_REGS4/GENERATE_LEVEL_P_S_CDC.MULTI_BIT.FOR_IN_cdc_to[10].CROSS2_PLEVEL_IN2SCNDRY_IN_cdc_to/D
  -------------------------------------------------------------------    -------------------

                         (clock clk_fpga_0 rise edge)
                                                      0.000     0.000 r  
    PS7_X0Y0             PS7                          0.000     0.000 r  design_2_i/cg_fpga_0/inst/processing_system7_0/inst/PS7_i/FCLKCLK[0]
                         net (fo=1, routed)           1.088     1.088    design_2_i/cg_fpga_0/inst/processing_system7_0/inst/FCLK_CLK_unbuffered[0]
    BUFGCTRL_X0Y16       BUFG (Prop_bufg_I_O)         0.091     1.179 r  design_2_i/cg_fpga_0/inst/processing_system7_0/inst/buffer_fclk_clk_0.FCLK_CLK_0_BUFG/O
                         net (fo=6935, routed)        1.525     2.704    design_2_i/cg_fpga_0/inst/cg_fpga_axi_gpio_i1/U0/gpio_core_1/Dual.INPUT_DOUBLE_REGS4/s_axi_aclk
    SLICE_X54Y80         FDRE                                         r  design_2_i/cg_fpga_0/inst/cg_fpga_axi_gpio_i1/U0/gpio_core_1/Dual.INPUT_DOUBLE_REGS4/GENERATE_LEVEL_P_S_CDC.MULTI_BIT.FOR_IN_cdc_to[10].CROSS2_PLEVEL_IN2SCNDRY_IN_cdc_to/C

Slack:                    inf
  Source:                 design_2_i/cg_fpga_0/inst/cg_fpga_axi_gpio_o1/U0/gpio_core_1/Dual.gpio2_Data_Out_reg[23]/C
                            (rising edge-triggered cell FDRE clocked by clk_fpga_0  {rise@0.000ns fall@5.000ns period=10.000ns})
  Destination:            design_2_i/cg_fpga_0/inst/cg_fpga_axi_gpio_i1/U0/gpio_core_1/Dual.INPUT_DOUBLE_REGS4/GENERATE_LEVEL_P_S_CDC.MULTI_BIT.FOR_IN_cdc_to[11].CROSS2_PLEVEL_IN2SCNDRY_IN_cdc_to/D
                            (rising edge-triggered cell FDRE clocked by clk_fpga_0  {rise@0.000ns fall@5.000ns period=10.000ns})
  Path Group:             (none)
  Path Type:              Setup (Max at Slow Process Corner)
  Data Path Delay:        17.925ns  (logic 5.366ns (29.936%)  route 12.559ns (70.063%))
  Logic Levels:           20  (LUT2=5 LUT3=7 LUT4=2 LUT5=1 LUT6=1 MUXF7=2 MUXF8=2)
  Clock Path Skew:        -0.225ns (DCD - SCD + CPR)
    Destination Clock Delay (DCD):    2.703ns
    Source Clock Delay      (SCD):    2.928ns
    Clock Pessimism Removal (CPR):    0.000ns
  Clock Uncertainty:      0.154ns  ((TSJ^2 + TIJ^2)^1/2 + DJ) / 2 + PE
    Total System Jitter     (TSJ):    0.071ns
    Total Input Jitter      (TIJ):    0.300ns
    Discrete Jitter          (DJ):    0.000ns
    Phase Error              (PE):    0.000ns
  Timing Exception:       False Path

    Location             Delay type                Incr(ns)  Path(ns)    Netlist Resource(s)
  -------------------------------------------------------------------    -------------------
                         (clock clk_fpga_0 rise edge)
                                                      0.000     0.000 r  
    PS7_X0Y0             PS7                          0.000     0.000 r  design_2_i/cg_fpga_0/inst/processing_system7_0/inst/PS7_i/FCLKCLK[0]
                         net (fo=1, routed)           1.193     1.193    design_2_i/cg_fpga_0/inst/processing_system7_0/inst/FCLK_CLK_unbuffered[0]
    BUFGCTRL_X0Y16       BUFG (Prop_bufg_I_O)         0.101     1.294 r  design_2_i/cg_fpga_0/inst/processing_system7_0/inst/buffer_fclk_clk_0.FCLK_CLK_0_BUFG/O
                         net (fo=6935, routed)        1.634     2.928    design_2_i/cg_fpga_0/inst/cg_fpga_axi_gpio_o1/U0/gpio_core_1/s_axi_aclk
    SLICE_X41Y72         FDRE                                         r  design_2_i/cg_fpga_0/inst/cg_fpga_axi_gpio_o1/U0/gpio_core_1/Dual.gpio2_Data_Out_reg[23]/C
  -------------------------------------------------------------------    -------------------
    SLICE_X41Y72         FDRE (Prop_fdre_C_Q)         0.456     3.384 r  design_2_i/cg_fpga_0/inst/cg_fpga_axi_gpio_o1/U0/gpio_core_1/Dual.gpio2_Data_Out_reg[23]/Q
                         net (fo=16, routed)          1.041     4.425    design_2_i/xor_gate_8bit_0/inst/b0
    SLICE_X45Y73         LUT2 (Prop_lut2_I0_O)        0.149     4.574 r  design_2_i/xor_gate_8bit_0/inst/y_low[0]_INST_0/O
                         net (fo=4, routed)           0.690     5.265    design_2_i/SUM/alu_74181_1/a[0]
    SLICE_X44Y73         LUT3 (Prop_lut3_I1_O)        0.360     5.625 r  design_2_i/SUM/alu_74181_1/f[2]_INST_0_i_16/O
                         net (fo=2, routed)           0.449     6.074    design_2_i/SUM/alu_74181_1/f[2]_INST_0_i_16_n_0
    SLICE_X44Y73         LUT2 (Prop_lut2_I0_O)        0.326     6.400 r  design_2_i/SUM/alu_74181_1/f[2]_INST_0_i_9/O
                         net (fo=8, routed)           1.015     7.415    design_2_i/zlcfq_sixteen/half_mul/zlcfq/addcell2/and_gate_0/a
    SLICE_X52Y72         LUT2 (Prop_lut2_I0_O)        0.152     7.567 r  design_2_i/zlcfq_sixteen/half_mul/zlcfq/addcell2/and_gate_0/y_INST_0/O
                         net (fo=2, routed)           0.851     8.418    design_2_i/zlcfq_sixteen/half_mul/zlcfq/addcell5/full_add_0/a
    SLICE_X52Y72         LUT3 (Prop_lut3_I1_O)        0.354     8.772 r  design_2_i/zlcfq_sixteen/half_mul/zlcfq/addcell5/full_add_0/sum_INST_0/O
                         net (fo=2, routed)           0.587     9.359    design_2_i/zlcfq_sixteen/half_mul/zlcfq/addcell8/full_add_0/inst/a
    SLICE_X52Y73         LUT2 (Prop_lut2_I1_O)        0.332     9.691 r  design_2_i/zlcfq_sixteen/half_mul/zlcfq/addcell8/full_add_0/inst/cout__0/O
                         net (fo=2, routed)           0.799    10.490    design_2_i/zlcfq_sixteen/half_mul/zlcfq/addcell9/full_add_0/cin
    SLICE_X52Y72         LUT3 (Prop_lut3_I0_O)        0.150    10.640 r  design_2_i/zlcfq_sixteen/half_mul/zlcfq/addcell9/full_add_0/sum_INST_0/O
                         net (fo=2, routed)           0.817    11.457    design_2_i/zlcfq_sixteen/half_mul/zlcfq/addcell12/full_add_0/inst/a
    SLICE_X52Y73         LUT2 (Prop_lut2_I1_O)        0.332    11.789 r  design_2_i/zlcfq_sixteen/half_mul/zlcfq/addcell12/full_add_0/inst/cout__0/O
                         net (fo=2, routed)           1.042    12.832    design_2_i/zlcfq_sixteen/half_mul/zlcfq/addcell13/full_add_0/inst/cin
    SLICE_X54Y72         LUT3 (Prop_lut3_I2_O)        0.124    12.956 r  design_2_i/zlcfq_sixteen/half_mul/zlcfq/addcell13/full_add_0/inst/cout__0/O
                         net (fo=2, routed)           0.495    13.451    design_2_i/zlcfq_sixteen/half_mul/zlcfq/addcell14/full_add_0/cin
    SLICE_X55Y72         LUT3 (Prop_lut3_I0_O)        0.149    13.600 r  design_2_i/zlcfq_sixteen/half_mul/zlcfq/addcell14/full_add_0/sum_INST_0/O
                         net (fo=7, routed)           1.040    14.640    design_2_i/zlcfq_sixteen/half_mul/ADD/alu_74181_0/a[1]
    SLICE_X58Y73         LUT4 (Prop_lut4_I2_O)        0.356    14.996 r  design_2_i/zlcfq_sixteen/half_mul/ADD/alu_74181_0/g_INST_0_i_1/O
                         net (fo=1, routed)           0.685    15.682    design_2_i/zlcfq_sixteen/half_mul/ADD/alu_74181_0/g_INST_0_i_1_n_0
    SLICE_X59Y73         LUT6 (Prop_lut6_I0_O)        0.328    16.010 f  design_2_i/zlcfq_sixteen/half_mul/ADD/alu_74181_0/g_INST_0/O
                         net (fo=8, routed)           0.701    16.711    design_2_i/zlcfq_sixteen/half_mul/ADD/alu_74181_1/f[1]_INST_0_i_10_n_0
    SLICE_X62Y73         LUT3 (Prop_lut3_I2_O)        0.148    16.859 r  design_2_i/zlcfq_sixteen/half_mul/ADD/alu_74181_1/f[2]_INST_0_i_16/O
                         net (fo=2, routed)           0.483    17.342    design_2_i/zlcfq_sixteen/half_mul/ADD/alu_74181_1/f[2]_INST_0_i_16_n_0
    SLICE_X62Y75         LUT3 (Prop_lut3_I0_O)        0.328    17.670 r  design_2_i/zlcfq_sixteen/half_mul/ADD/alu_74181_1/f[3]_INST_0_i_20/O
                         net (fo=1, routed)           0.000    17.670    design_2_i/zlcfq_sixteen/half_mul/ADD/alu_74181_1/data23[3]
    SLICE_X62Y75         MUXF7 (Prop_muxf7_I1_O)      0.247    17.917 r  design_2_i/zlcfq_sixteen/half_mul/ADD/alu_74181_1/f[3]_INST_0_i_9/O
                         net (fo=1, routed)           0.000    17.917    design_2_i/zlcfq_sixteen/half_mul/ADD/alu_74181_1/f[3]_INST_0_i_9_n_0
    SLICE_X62Y75         MUXF8 (Prop_muxf8_I0_O)      0.098    18.015 r  design_2_i/zlcfq_sixteen/half_mul/ADD/alu_74181_1/f[3]_INST_0_i_4/O
                         net (fo=5, routed)           0.894    18.909    design_2_i/zlcfq_sixteen/SUM/alu_74181_0/a[3]
    SLICE_X58Y74         LUT5 (Prop_lut5_I3_O)        0.319    19.228 r  design_2_i/zlcfq_sixteen/SUM/alu_74181_0/f[3]_INST_0_i_20/O
                         net (fo=1, routed)           0.000    19.228    design_2_i/zlcfq_sixteen/SUM/alu_74181_0/data23[3]
    SLICE_X58Y74         MUXF7 (Prop_muxf7_I1_O)      0.247    19.475 r  design_2_i/zlcfq_sixteen/SUM/alu_74181_0/f[3]_INST_0_i_9/O
                         net (fo=1, routed)           0.000    19.475    design_2_i/zlcfq_sixteen/SUM/alu_74181_0/f[3]_INST_0_i_9_n_0
    SLICE_X58Y74         MUXF8 (Prop_muxf8_I0_O)      0.098    19.573 r  design_2_i/zlcfq_sixteen/SUM/alu_74181_0/f[3]_INST_0_i_4/O
                         net (fo=4, routed)           0.489    20.062    design_2_i/complement_16bit_con_0/a11
    SLICE_X56Y75         LUT4 (Prop_lut4_I3_O)        0.313    20.375 r  design_2_i/complement_16bit_con_0/y11_INST_0/O
                         net (fo=1, routed)           0.477    20.853    design_2_i/cg_fpga_0/inst/cg_fpga_axi_gpio_i1/U0/gpio_core_1/Dual.INPUT_DOUBLE_REGS4/gpio_io_i[11]
    SLICE_X54Y78         FDRE                                         r  design_2_i/cg_fpga_0/inst/cg_fpga_axi_gpio_i1/U0/gpio_core_1/Dual.INPUT_DOUBLE_REGS4/GENERATE_LEVEL_P_S_CDC.MULTI_BIT.FOR_IN_cdc_to[11].CROSS2_PLEVEL_IN2SCNDRY_IN_cdc_to/D
  -------------------------------------------------------------------    -------------------

                         (clock clk_fpga_0 rise edge)
                                                      0.000     0.000 r  
    PS7_X0Y0             PS7                          0.000     0.000 r  design_2_i/cg_fpga_0/inst/processing_system7_0/inst/PS7_i/FCLKCLK[0]
                         net (fo=1, routed)           1.088     1.088    design_2_i/cg_fpga_0/inst/processing_system7_0/inst/FCLK_CLK_unbuffered[0]
    BUFGCTRL_X0Y16       BUFG (Prop_bufg_I_O)         0.091     1.179 r  design_2_i/cg_fpga_0/inst/processing_system7_0/inst/buffer_fclk_clk_0.FCLK_CLK_0_BUFG/O
                         net (fo=6935, routed)        1.524     2.703    design_2_i/cg_fpga_0/inst/cg_fpga_axi_gpio_i1/U0/gpio_core_1/Dual.INPUT_DOUBLE_REGS4/s_axi_aclk
    SLICE_X54Y78         FDRE                                         r  design_2_i/cg_fpga_0/inst/cg_fpga_axi_gpio_i1/U0/gpio_core_1/Dual.INPUT_DOUBLE_REGS4/GENERATE_LEVEL_P_S_CDC.MULTI_BIT.FOR_IN_cdc_to[11].CROSS2_PLEVEL_IN2SCNDRY_IN_cdc_to/C

Slack:                    inf
  Source:                 design_2_i/cg_fpga_0/inst/cg_fpga_axi_gpio_o1/U0/gpio_core_1/Dual.gpio2_Data_Out_reg[23]/C
                            (rising edge-triggered cell FDRE clocked by clk_fpga_0  {rise@0.000ns fall@5.000ns period=10.000ns})
  Destination:            design_2_i/cg_fpga_0/inst/cg_fpga_axi_gpio_i1/U0/gpio_core_1/Dual.INPUT_DOUBLE_REGS4/GENERATE_LEVEL_P_S_CDC.MULTI_BIT.FOR_IN_cdc_to[9].CROSS2_PLEVEL_IN2SCNDRY_IN_cdc_to/D
                            (rising edge-triggered cell FDRE clocked by clk_fpga_0  {rise@0.000ns fall@5.000ns period=10.000ns})
  Path Group:             (none)
  Path Type:              Setup (Max at Slow Process Corner)
  Data Path Delay:        17.091ns  (logic 4.612ns (26.985%)  route 12.479ns (73.015%))
  Logic Levels:           18  (LUT2=5 LUT3=7 LUT4=1 LUT5=2 LUT6=1 MUXF7=1 MUXF8=1)
  Clock Path Skew:        -0.228ns (DCD - SCD + CPR)
    Destination Clock Delay (DCD):    2.700ns
    Source Clock Delay      (SCD):    2.928ns
    Clock Pessimism Removal (CPR):    0.000ns
  Clock Uncertainty:      0.154ns  ((TSJ^2 + TIJ^2)^1/2 + DJ) / 2 + PE
    Total System Jitter     (TSJ):    0.071ns
    Total Input Jitter      (TIJ):    0.300ns
    Discrete Jitter          (DJ):    0.000ns
    Phase Error              (PE):    0.000ns
  Timing Exception:       False Path

    Location             Delay type                Incr(ns)  Path(ns)    Netlist Resource(s)
  -------------------------------------------------------------------    -------------------
                         (clock clk_fpga_0 rise edge)
                                                      0.000     0.000 r  
    PS7_X0Y0             PS7                          0.000     0.000 r  design_2_i/cg_fpga_0/inst/processing_system7_0/inst/PS7_i/FCLKCLK[0]
                         net (fo=1, routed)           1.193     1.193    design_2_i/cg_fpga_0/inst/processing_system7_0/inst/FCLK_CLK_unbuffered[0]
    BUFGCTRL_X0Y16       BUFG (Prop_bufg_I_O)         0.101     1.294 r  design_2_i/cg_fpga_0/inst/processing_system7_0/inst/buffer_fclk_clk_0.FCLK_CLK_0_BUFG/O
                         net (fo=6935, routed)        1.634     2.928    design_2_i/cg_fpga_0/inst/cg_fpga_axi_gpio_o1/U0/gpio_core_1/s_axi_aclk
    SLICE_X41Y72         FDRE                                         r  design_2_i/cg_fpga_0/inst/cg_fpga_axi_gpio_o1/U0/gpio_core_1/Dual.gpio2_Data_Out_reg[23]/C
  -------------------------------------------------------------------    -------------------
    SLICE_X41Y72         FDRE (Prop_fdre_C_Q)         0.456     3.384 r  design_2_i/cg_fpga_0/inst/cg_fpga_axi_gpio_o1/U0/gpio_core_1/Dual.gpio2_Data_Out_reg[23]/Q
                         net (fo=16, routed)          1.041     4.425    design_2_i/xor_gate_8bit_0/inst/b0
    SLICE_X45Y73         LUT2 (Prop_lut2_I0_O)        0.149     4.574 r  design_2_i/xor_gate_8bit_0/inst/y_low[0]_INST_0/O
                         net (fo=4, routed)           0.690     5.265    design_2_i/SUM/alu_74181_1/a[0]
    SLICE_X44Y73         LUT3 (Prop_lut3_I1_O)        0.360     5.625 r  design_2_i/SUM/alu_74181_1/f[2]_INST_0_i_16/O
                         net (fo=2, routed)           0.449     6.074    design_2_i/SUM/alu_74181_1/f[2]_INST_0_i_16_n_0
    SLICE_X44Y73         LUT2 (Prop_lut2_I0_O)        0.326     6.400 r  design_2_i/SUM/alu_74181_1/f[2]_INST_0_i_9/O
                         net (fo=8, routed)           1.015     7.415    design_2_i/zlcfq_sixteen/half_mul/zlcfq/addcell2/and_gate_0/a
    SLICE_X52Y72         LUT2 (Prop_lut2_I0_O)        0.152     7.567 r  design_2_i/zlcfq_sixteen/half_mul/zlcfq/addcell2/and_gate_0/y_INST_0/O
                         net (fo=2, routed)           0.851     8.418    design_2_i/zlcfq_sixteen/half_mul/zlcfq/addcell5/full_add_0/a
    SLICE_X52Y72         LUT3 (Prop_lut3_I1_O)        0.354     8.772 r  design_2_i/zlcfq_sixteen/half_mul/zlcfq/addcell5/full_add_0/sum_INST_0/O
                         net (fo=2, routed)           0.587     9.359    design_2_i/zlcfq_sixteen/half_mul/zlcfq/addcell8/full_add_0/inst/a
    SLICE_X52Y73         LUT2 (Prop_lut2_I1_O)        0.332     9.691 r  design_2_i/zlcfq_sixteen/half_mul/zlcfq/addcell8/full_add_0/inst/cout__0/O
                         net (fo=2, routed)           0.799    10.490    design_2_i/zlcfq_sixteen/half_mul/zlcfq/addcell9/full_add_0/cin
    SLICE_X52Y72         LUT3 (Prop_lut3_I0_O)        0.150    10.640 r  design_2_i/zlcfq_sixteen/half_mul/zlcfq/addcell9/full_add_0/sum_INST_0/O
                         net (fo=2, routed)           0.817    11.457    design_2_i/zlcfq_sixteen/half_mul/zlcfq/addcell12/full_add_0/inst/a
    SLICE_X52Y73         LUT2 (Prop_lut2_I1_O)        0.332    11.789 r  design_2_i/zlcfq_sixteen/half_mul/zlcfq/addcell12/full_add_0/inst/cout__0/O
                         net (fo=2, routed)           1.042    12.832    design_2_i/zlcfq_sixteen/half_mul/zlcfq/addcell13/full_add_0/inst/cin
    SLICE_X54Y72         LUT3 (Prop_lut3_I2_O)        0.124    12.956 r  design_2_i/zlcfq_sixteen/half_mul/zlcfq/addcell13/full_add_0/inst/cout__0/O
                         net (fo=2, routed)           0.495    13.451    design_2_i/zlcfq_sixteen/half_mul/zlcfq/addcell14/full_add_0/cin
    SLICE_X55Y72         LUT3 (Prop_lut3_I0_O)        0.149    13.600 r  design_2_i/zlcfq_sixteen/half_mul/zlcfq/addcell14/full_add_0/sum_INST_0/O
                         net (fo=7, routed)           0.779    14.379    design_2_i/zlcfq_sixteen/half_mul/ADD/alu_74181_0/a[1]
    SLICE_X58Y73         LUT4 (Prop_lut4_I0_O)        0.361    14.740 r  design_2_i/zlcfq_sixteen/half_mul/ADD/alu_74181_0/f[2]_INST_0_i_16/O
                         net (fo=2, routed)           0.610    15.350    design_2_i/zlcfq_sixteen/half_mul/ADD/alu_74181_0/f[2]_INST_0_i_16_n_0
    SLICE_X58Y72         LUT5 (Prop_lut5_I0_O)        0.331    15.681 f  design_2_i/zlcfq_sixteen/half_mul/ADD/alu_74181_0/f[3]_INST_0_i_20/O
                         net (fo=1, routed)           0.000    15.681    design_2_i/zlcfq_sixteen/half_mul/ADD/alu_74181_0/data23[3]
    SLICE_X58Y72         MUXF7 (Prop_muxf7_I1_O)      0.247    15.928 f  design_2_i/zlcfq_sixteen/half_mul/ADD/alu_74181_0/f[3]_INST_0_i_9/O
                         net (fo=1, routed)           0.000    15.928    design_2_i/zlcfq_sixteen/half_mul/ADD/alu_74181_0/f[3]_INST_0_i_9_n_0
    SLICE_X58Y72         MUXF8 (Prop_muxf8_I0_O)      0.098    16.026 f  design_2_i/zlcfq_sixteen/half_mul/ADD/alu_74181_0/f[3]_INST_0_i_4/O
                         net (fo=4, routed)           0.783    16.809    design_2_i/zlcfq_sixteen/SUM/alu_74181_1/a[3]
    SLICE_X56Y73         LUT6 (Prop_lut6_I1_O)        0.319    17.128 r  design_2_i/zlcfq_sixteen/SUM/alu_74181_1/g_INST_0/O
                         net (fo=7, routed)           0.808    17.936    design_2_i/zlcfq_sixteen/SUM/alu_74181_0/f[1]_INST_0_i_14_n_0
    SLICE_X57Y74         LUT3 (Prop_lut3_I1_O)        0.124    18.060 f  design_2_i/zlcfq_sixteen/SUM/alu_74181_0/f[0]_INST_0_i_2/O
                         net (fo=3, routed)           0.859    18.919    design_2_i/complement_16bit_con_0/a8
    SLICE_X54Y74         LUT5 (Prop_lut5_I4_O)        0.124    19.043 r  design_2_i/complement_16bit_con_0/y9_INST_0_i_1/O
                         net (fo=1, routed)           0.690    19.733    design_2_i/complement_16bit_con_0/y9_INST_0_i_1_n_0
    SLICE_X54Y76         LUT3 (Prop_lut3_I0_O)        0.124    19.857 r  design_2_i/complement_16bit_con_0/y9_INST_0/O
                         net (fo=1, routed)           0.162    20.019    design_2_i/cg_fpga_0/inst/cg_fpga_axi_gpio_i1/U0/gpio_core_1/Dual.INPUT_DOUBLE_REGS4/gpio_io_i[9]
    SLICE_X54Y76         FDRE                                         r  design_2_i/cg_fpga_0/inst/cg_fpga_axi_gpio_i1/U0/gpio_core_1/Dual.INPUT_DOUBLE_REGS4/GENERATE_LEVEL_P_S_CDC.MULTI_BIT.FOR_IN_cdc_to[9].CROSS2_PLEVEL_IN2SCNDRY_IN_cdc_to/D
  -------------------------------------------------------------------    -------------------

                         (clock clk_fpga_0 rise edge)
                                                      0.000     0.000 r  
    PS7_X0Y0             PS7                          0.000     0.000 r  design_2_i/cg_fpga_0/inst/processing_system7_0/inst/PS7_i/FCLKCLK[0]
                         net (fo=1, routed)           1.088     1.088    design_2_i/cg_fpga_0/inst/processing_system7_0/inst/FCLK_CLK_unbuffered[0]
    BUFGCTRL_X0Y16       BUFG (Prop_bufg_I_O)         0.091     1.179 r  design_2_i/cg_fpga_0/inst/processing_system7_0/inst/buffer_fclk_clk_0.FCLK_CLK_0_BUFG/O
                         net (fo=6935, routed)        1.521     2.700    design_2_i/cg_fpga_0/inst/cg_fpga_axi_gpio_i1/U0/gpio_core_1/Dual.INPUT_DOUBLE_REGS4/s_axi_aclk
    SLICE_X54Y76         FDRE                                         r  design_2_i/cg_fpga_0/inst/cg_fpga_axi_gpio_i1/U0/gpio_core_1/Dual.INPUT_DOUBLE_REGS4/GENERATE_LEVEL_P_S_CDC.MULTI_BIT.FOR_IN_cdc_to[9].CROSS2_PLEVEL_IN2SCNDRY_IN_cdc_to/C

Slack:                    inf
  Source:                 design_2_i/cg_fpga_0/inst/cg_fpga_axi_gpio_o1/U0/gpio_core_1/Dual.gpio2_Data_Out_reg[23]/C
                            (rising edge-triggered cell FDRE clocked by clk_fpga_0  {rise@0.000ns fall@5.000ns period=10.000ns})
  Destination:            design_2_i/cg_fpga_0/inst/cg_fpga_axi_gpio_i1/U0/gpio_core_1/Dual.INPUT_DOUBLE_REGS4/GENERATE_LEVEL_P_S_CDC.MULTI_BIT.FOR_IN_cdc_to[8].CROSS2_PLEVEL_IN2SCNDRY_IN_cdc_to/D
                            (rising edge-triggered cell FDRE clocked by clk_fpga_0  {rise@0.000ns fall@5.000ns period=10.000ns})
  Path Group:             (none)
  Path Type:              Setup (Max at Slow Process Corner)
  Data Path Delay:        16.408ns  (logic 4.488ns (27.352%)  route 11.920ns (72.648%))
  Logic Levels:           17  (LUT2=5 LUT3=6 LUT4=1 LUT5=1 LUT6=2 MUXF7=1 MUXF8=1)
  Clock Path Skew:        -0.297ns (DCD - SCD + CPR)
    Destination Clock Delay (DCD):    2.631ns
    Source Clock Delay      (SCD):    2.928ns
    Clock Pessimism Removal (CPR):    0.000ns
  Clock Uncertainty:      0.154ns  ((TSJ^2 + TIJ^2)^1/2 + DJ) / 2 + PE
    Total System Jitter     (TSJ):    0.071ns
    Total Input Jitter      (TIJ):    0.300ns
    Discrete Jitter          (DJ):    0.000ns
    Phase Error              (PE):    0.000ns
  Timing Exception:       False Path

    Location             Delay type                Incr(ns)  Path(ns)    Netlist Resource(s)
  -------------------------------------------------------------------    -------------------
                         (clock clk_fpga_0 rise edge)
                                                      0.000     0.000 r  
    PS7_X0Y0             PS7                          0.000     0.000 r  design_2_i/cg_fpga_0/inst/processing_system7_0/inst/PS7_i/FCLKCLK[0]
                         net (fo=1, routed)           1.193     1.193    design_2_i/cg_fpga_0/inst/processing_system7_0/inst/FCLK_CLK_unbuffered[0]
    BUFGCTRL_X0Y16       BUFG (Prop_bufg_I_O)         0.101     1.294 r  design_2_i/cg_fpga_0/inst/processing_system7_0/inst/buffer_fclk_clk_0.FCLK_CLK_0_BUFG/O
                         net (fo=6935, routed)        1.634     2.928    design_2_i/cg_fpga_0/inst/cg_fpga_axi_gpio_o1/U0/gpio_core_1/s_axi_aclk
    SLICE_X41Y72         FDRE                                         r  design_2_i/cg_fpga_0/inst/cg_fpga_axi_gpio_o1/U0/gpio_core_1/Dual.gpio2_Data_Out_reg[23]/C
  -------------------------------------------------------------------    -------------------
    SLICE_X41Y72         FDRE (Prop_fdre_C_Q)         0.456     3.384 r  design_2_i/cg_fpga_0/inst/cg_fpga_axi_gpio_o1/U0/gpio_core_1/Dual.gpio2_Data_Out_reg[23]/Q
                         net (fo=16, routed)          1.041     4.425    design_2_i/xor_gate_8bit_0/inst/b0
    SLICE_X45Y73         LUT2 (Prop_lut2_I0_O)        0.149     4.574 r  design_2_i/xor_gate_8bit_0/inst/y_low[0]_INST_0/O
                         net (fo=4, routed)           0.690     5.265    design_2_i/SUM/alu_74181_1/a[0]
    SLICE_X44Y73         LUT3 (Prop_lut3_I1_O)        0.360     5.625 r  design_2_i/SUM/alu_74181_1/f[2]_INST_0_i_16/O
                         net (fo=2, routed)           0.449     6.074    design_2_i/SUM/alu_74181_1/f[2]_INST_0_i_16_n_0
    SLICE_X44Y73         LUT2 (Prop_lut2_I0_O)        0.326     6.400 r  design_2_i/SUM/alu_74181_1/f[2]_INST_0_i_9/O
                         net (fo=8, routed)           1.015     7.415    design_2_i/zlcfq_sixteen/half_mul/zlcfq/addcell2/and_gate_0/a
    SLICE_X52Y72         LUT2 (Prop_lut2_I0_O)        0.152     7.567 r  design_2_i/zlcfq_sixteen/half_mul/zlcfq/addcell2/and_gate_0/y_INST_0/O
                         net (fo=2, routed)           0.851     8.418    design_2_i/zlcfq_sixteen/half_mul/zlcfq/addcell5/full_add_0/a
    SLICE_X52Y72         LUT3 (Prop_lut3_I1_O)        0.354     8.772 r  design_2_i/zlcfq_sixteen/half_mul/zlcfq/addcell5/full_add_0/sum_INST_0/O
                         net (fo=2, routed)           0.587     9.359    design_2_i/zlcfq_sixteen/half_mul/zlcfq/addcell8/full_add_0/inst/a
    SLICE_X52Y73         LUT2 (Prop_lut2_I1_O)        0.332     9.691 r  design_2_i/zlcfq_sixteen/half_mul/zlcfq/addcell8/full_add_0/inst/cout__0/O
                         net (fo=2, routed)           0.799    10.490    design_2_i/zlcfq_sixteen/half_mul/zlcfq/addcell9/full_add_0/cin
    SLICE_X52Y72         LUT3 (Prop_lut3_I0_O)        0.150    10.640 r  design_2_i/zlcfq_sixteen/half_mul/zlcfq/addcell9/full_add_0/sum_INST_0/O
                         net (fo=2, routed)           0.817    11.457    design_2_i/zlcfq_sixteen/half_mul/zlcfq/addcell12/full_add_0/inst/a
    SLICE_X52Y73         LUT2 (Prop_lut2_I1_O)        0.332    11.789 r  design_2_i/zlcfq_sixteen/half_mul/zlcfq/addcell12/full_add_0/inst/cout__0/O
                         net (fo=2, routed)           1.042    12.832    design_2_i/zlcfq_sixteen/half_mul/zlcfq/addcell13/full_add_0/inst/cin
    SLICE_X54Y72         LUT3 (Prop_lut3_I2_O)        0.124    12.956 r  design_2_i/zlcfq_sixteen/half_mul/zlcfq/addcell13/full_add_0/inst/cout__0/O
                         net (fo=2, routed)           0.495    13.451    design_2_i/zlcfq_sixteen/half_mul/zlcfq/addcell14/full_add_0/cin
    SLICE_X55Y72         LUT3 (Prop_lut3_I0_O)        0.149    13.600 r  design_2_i/zlcfq_sixteen/half_mul/zlcfq/addcell14/full_add_0/sum_INST_0/O
                         net (fo=7, routed)           0.779    14.379    design_2_i/zlcfq_sixteen/half_mul/ADD/alu_74181_0/a[1]
    SLICE_X58Y73         LUT4 (Prop_lut4_I0_O)        0.361    14.740 r  design_2_i/zlcfq_sixteen/half_mul/ADD/alu_74181_0/f[2]_INST_0_i_16/O
                         net (fo=2, routed)           0.610    15.350    design_2_i/zlcfq_sixteen/half_mul/ADD/alu_74181_0/f[2]_INST_0_i_16_n_0
    SLICE_X58Y72         LUT5 (Prop_lut5_I0_O)        0.331    15.681 f  design_2_i/zlcfq_sixteen/half_mul/ADD/alu_74181_0/f[3]_INST_0_i_20/O
                         net (fo=1, routed)           0.000    15.681    design_2_i/zlcfq_sixteen/half_mul/ADD/alu_74181_0/data23[3]
    SLICE_X58Y72         MUXF7 (Prop_muxf7_I1_O)      0.247    15.928 f  design_2_i/zlcfq_sixteen/half_mul/ADD/alu_74181_0/f[3]_INST_0_i_9/O
                         net (fo=1, routed)           0.000    15.928    design_2_i/zlcfq_sixteen/half_mul/ADD/alu_74181_0/f[3]_INST_0_i_9_n_0
    SLICE_X58Y72         MUXF8 (Prop_muxf8_I0_O)      0.098    16.026 f  design_2_i/zlcfq_sixteen/half_mul/ADD/alu_74181_0/f[3]_INST_0_i_4/O
                         net (fo=4, routed)           0.783    16.809    design_2_i/zlcfq_sixteen/SUM/alu_74181_1/a[3]
    SLICE_X56Y73         LUT6 (Prop_lut6_I1_O)        0.319    17.128 r  design_2_i/zlcfq_sixteen/SUM/alu_74181_1/g_INST_0/O
                         net (fo=7, routed)           0.808    17.936    design_2_i/zlcfq_sixteen/SUM/alu_74181_0/f[1]_INST_0_i_14_n_0
    SLICE_X57Y74         LUT3 (Prop_lut3_I1_O)        0.124    18.060 r  design_2_i/zlcfq_sixteen/SUM/alu_74181_0/f[0]_INST_0_i_2/O
                         net (fo=3, routed)           0.456    18.516    design_2_i/complement_16bit_con_0/a8
    SLICE_X54Y74         LUT6 (Prop_lut6_I5_O)        0.124    18.640 r  design_2_i/complement_16bit_con_0/y8_INST_0/O
                         net (fo=1, routed)           0.696    19.336    design_2_i/cg_fpga_0/inst/cg_fpga_axi_gpio_i1/U0/gpio_core_1/Dual.INPUT_DOUBLE_REGS4/gpio_io_i[8]
    SLICE_X53Y77         FDRE                                         r  design_2_i/cg_fpga_0/inst/cg_fpga_axi_gpio_i1/U0/gpio_core_1/Dual.INPUT_DOUBLE_REGS4/GENERATE_LEVEL_P_S_CDC.MULTI_BIT.FOR_IN_cdc_to[8].CROSS2_PLEVEL_IN2SCNDRY_IN_cdc_to/D
  -------------------------------------------------------------------    -------------------

                         (clock clk_fpga_0 rise edge)
                                                      0.000     0.000 r  
    PS7_X0Y0             PS7                          0.000     0.000 r  design_2_i/cg_fpga_0/inst/processing_system7_0/inst/PS7_i/FCLKCLK[0]
                         net (fo=1, routed)           1.088     1.088    design_2_i/cg_fpga_0/inst/processing_system7_0/inst/FCLK_CLK_unbuffered[0]
    BUFGCTRL_X0Y16       BUFG (Prop_bufg_I_O)         0.091     1.179 r  design_2_i/cg_fpga_0/inst/processing_system7_0/inst/buffer_fclk_clk_0.FCLK_CLK_0_BUFG/O
                         net (fo=6935, routed)        1.452     2.631    design_2_i/cg_fpga_0/inst/cg_fpga_axi_gpio_i1/U0/gpio_core_1/Dual.INPUT_DOUBLE_REGS4/s_axi_aclk
    SLICE_X53Y77         FDRE                                         r  design_2_i/cg_fpga_0/inst/cg_fpga_axi_gpio_i1/U0/gpio_core_1/Dual.INPUT_DOUBLE_REGS4/GENERATE_LEVEL_P_S_CDC.MULTI_BIT.FOR_IN_cdc_to[8].CROSS2_PLEVEL_IN2SCNDRY_IN_cdc_to/C

Slack:                    inf
  Source:                 design_2_i/cg_fpga_0/inst/cg_fpga_axi_gpio_o1/U0/gpio_core_1/Dual.gpio2_Data_Out_reg[23]/C
                            (rising edge-triggered cell FDRE clocked by clk_fpga_0  {rise@0.000ns fall@5.000ns period=10.000ns})
  Destination:            design_2_i/cg_fpga_0/inst/cg_fpga_axi_gpio_i1/U0/gpio_core_1/Dual.INPUT_DOUBLE_REGS4/GENERATE_LEVEL_P_S_CDC.MULTI_BIT.FOR_IN_cdc_to[7].CROSS2_PLEVEL_IN2SCNDRY_IN_cdc_to/D
                            (rising edge-triggered cell FDRE clocked by clk_fpga_0  {rise@0.000ns fall@5.000ns period=10.000ns})
  Path Group:             (none)
  Path Type:              Setup (Max at Slow Process Corner)
  Data Path Delay:        16.076ns  (logic 4.379ns (27.239%)  route 11.697ns (72.761%))
  Logic Levels:           16  (LUT2=5 LUT3=5 LUT4=2 LUT5=2 MUXF7=1 MUXF8=1)
  Clock Path Skew:        -0.298ns (DCD - SCD + CPR)
    Destination Clock Delay (DCD):    2.630ns
    Source Clock Delay      (SCD):    2.928ns
    Clock Pessimism Removal (CPR):    0.000ns
  Clock Uncertainty:      0.154ns  ((TSJ^2 + TIJ^2)^1/2 + DJ) / 2 + PE
    Total System Jitter     (TSJ):    0.071ns
    Total Input Jitter      (TIJ):    0.300ns
    Discrete Jitter          (DJ):    0.000ns
    Phase Error              (PE):    0.000ns
  Timing Exception:       False Path

    Location             Delay type                Incr(ns)  Path(ns)    Netlist Resource(s)
  -------------------------------------------------------------------    -------------------
                         (clock clk_fpga_0 rise edge)
                                                      0.000     0.000 r  
    PS7_X0Y0             PS7                          0.000     0.000 r  design_2_i/cg_fpga_0/inst/processing_system7_0/inst/PS7_i/FCLKCLK[0]
                         net (fo=1, routed)           1.193     1.193    design_2_i/cg_fpga_0/inst/processing_system7_0/inst/FCLK_CLK_unbuffered[0]
    BUFGCTRL_X0Y16       BUFG (Prop_bufg_I_O)         0.101     1.294 r  design_2_i/cg_fpga_0/inst/processing_system7_0/inst/buffer_fclk_clk_0.FCLK_CLK_0_BUFG/O
                         net (fo=6935, routed)        1.634     2.928    design_2_i/cg_fpga_0/inst/cg_fpga_axi_gpio_o1/U0/gpio_core_1/s_axi_aclk
    SLICE_X41Y72         FDRE                                         r  design_2_i/cg_fpga_0/inst/cg_fpga_axi_gpio_o1/U0/gpio_core_1/Dual.gpio2_Data_Out_reg[23]/C
  -------------------------------------------------------------------    -------------------
    SLICE_X41Y72         FDRE (Prop_fdre_C_Q)         0.456     3.384 r  design_2_i/cg_fpga_0/inst/cg_fpga_axi_gpio_o1/U0/gpio_core_1/Dual.gpio2_Data_Out_reg[23]/Q
                         net (fo=16, routed)          1.041     4.425    design_2_i/xor_gate_8bit_0/inst/b0
    SLICE_X45Y73         LUT2 (Prop_lut2_I0_O)        0.149     4.574 r  design_2_i/xor_gate_8bit_0/inst/y_low[0]_INST_0/O
                         net (fo=4, routed)           0.690     5.265    design_2_i/SUM/alu_74181_1/a[0]
    SLICE_X44Y73         LUT3 (Prop_lut3_I1_O)        0.360     5.625 r  design_2_i/SUM/alu_74181_1/f[2]_INST_0_i_16/O
                         net (fo=2, routed)           0.449     6.074    design_2_i/SUM/alu_74181_1/f[2]_INST_0_i_16_n_0
    SLICE_X44Y73         LUT2 (Prop_lut2_I0_O)        0.326     6.400 r  design_2_i/SUM/alu_74181_1/f[2]_INST_0_i_9/O
                         net (fo=8, routed)           1.015     7.415    design_2_i/zlcfq_sixteen/half_mul/zlcfq/addcell2/and_gate_0/a
    SLICE_X52Y72         LUT2 (Prop_lut2_I0_O)        0.152     7.567 r  design_2_i/zlcfq_sixteen/half_mul/zlcfq/addcell2/and_gate_0/y_INST_0/O
                         net (fo=2, routed)           0.851     8.418    design_2_i/zlcfq_sixteen/half_mul/zlcfq/addcell5/full_add_0/a
    SLICE_X52Y72         LUT3 (Prop_lut3_I1_O)        0.354     8.772 r  design_2_i/zlcfq_sixteen/half_mul/zlcfq/addcell5/full_add_0/sum_INST_0/O
                         net (fo=2, routed)           0.587     9.359    design_2_i/zlcfq_sixteen/half_mul/zlcfq/addcell8/full_add_0/inst/a
    SLICE_X52Y73         LUT2 (Prop_lut2_I1_O)        0.332     9.691 r  design_2_i/zlcfq_sixteen/half_mul/zlcfq/addcell8/full_add_0/inst/cout__0/O
                         net (fo=2, routed)           0.799    10.490    design_2_i/zlcfq_sixteen/half_mul/zlcfq/addcell9/full_add_0/cin
    SLICE_X52Y72         LUT3 (Prop_lut3_I0_O)        0.150    10.640 r  design_2_i/zlcfq_sixteen/half_mul/zlcfq/addcell9/full_add_0/sum_INST_0/O
                         net (fo=2, routed)           0.817    11.457    design_2_i/zlcfq_sixteen/half_mul/zlcfq/addcell12/full_add_0/inst/a
    SLICE_X52Y73         LUT2 (Prop_lut2_I1_O)        0.332    11.789 r  design_2_i/zlcfq_sixteen/half_mul/zlcfq/addcell12/full_add_0/inst/cout__0/O
                         net (fo=2, routed)           1.042    12.832    design_2_i/zlcfq_sixteen/half_mul/zlcfq/addcell13/full_add_0/inst/cin
    SLICE_X54Y72         LUT3 (Prop_lut3_I2_O)        0.124    12.956 r  design_2_i/zlcfq_sixteen/half_mul/zlcfq/addcell13/full_add_0/inst/cout__0/O
                         net (fo=2, routed)           0.495    13.451    design_2_i/zlcfq_sixteen/half_mul/zlcfq/addcell14/full_add_0/cin
    SLICE_X55Y72         LUT3 (Prop_lut3_I0_O)        0.149    13.600 r  design_2_i/zlcfq_sixteen/half_mul/zlcfq/addcell14/full_add_0/sum_INST_0/O
                         net (fo=7, routed)           0.779    14.379    design_2_i/zlcfq_sixteen/half_mul/ADD/alu_74181_0/a[1]
    SLICE_X58Y73         LUT4 (Prop_lut4_I2_O)        0.358    14.737 r  design_2_i/zlcfq_sixteen/half_mul/ADD/alu_74181_0/f[1]_INST_0_i_9/O
                         net (fo=7, routed)           1.114    15.851    design_2_i/zlcfq_sixteen/SUM/alu_74181_1/a[1]
    SLICE_X55Y74         LUT4 (Prop_lut4_I0_O)        0.348    16.199 r  design_2_i/zlcfq_sixteen/SUM/alu_74181_1/f[2]_INST_0_i_16/O
                         net (fo=2, routed)           0.823    17.022    design_2_i/zlcfq_sixteen/SUM/alu_74181_1/f[2]_INST_0_i_16_n_0
    SLICE_X56Y74         LUT5 (Prop_lut5_I0_O)        0.124    17.146 r  design_2_i/zlcfq_sixteen/SUM/alu_74181_1/f[3]_INST_0_i_20/O
                         net (fo=1, routed)           0.000    17.146    design_2_i/zlcfq_sixteen/SUM/alu_74181_1/data23[3]
    SLICE_X56Y74         MUXF7 (Prop_muxf7_I1_O)      0.245    17.391 r  design_2_i/zlcfq_sixteen/SUM/alu_74181_1/f[3]_INST_0_i_9/O
                         net (fo=1, routed)           0.000    17.391    design_2_i/zlcfq_sixteen/SUM/alu_74181_1/f[3]_INST_0_i_9_n_0
    SLICE_X56Y74         MUXF8 (Prop_muxf8_I0_O)      0.104    17.495 r  design_2_i/zlcfq_sixteen/SUM/alu_74181_1/f[3]_INST_0_i_4/O
                         net (fo=4, routed)           0.628    18.123    design_2_i/complement_16bit_con_0/a7
    SLICE_X54Y74         LUT5 (Prop_lut5_I4_O)        0.316    18.439 r  design_2_i/complement_16bit_con_0/y7_INST_0/O
                         net (fo=1, routed)           0.565    19.004    design_2_i/cg_fpga_0/inst/cg_fpga_axi_gpio_i1/U0/gpio_core_1/Dual.INPUT_DOUBLE_REGS4/gpio_io_i[7]
    SLICE_X52Y76         FDRE                                         r  design_2_i/cg_fpga_0/inst/cg_fpga_axi_gpio_i1/U0/gpio_core_1/Dual.INPUT_DOUBLE_REGS4/GENERATE_LEVEL_P_S_CDC.MULTI_BIT.FOR_IN_cdc_to[7].CROSS2_PLEVEL_IN2SCNDRY_IN_cdc_to/D
  -------------------------------------------------------------------    -------------------

                         (clock clk_fpga_0 rise edge)
                                                      0.000     0.000 r  
    PS7_X0Y0             PS7                          0.000     0.000 r  design_2_i/cg_fpga_0/inst/processing_system7_0/inst/PS7_i/FCLKCLK[0]
                         net (fo=1, routed)           1.088     1.088    design_2_i/cg_fpga_0/inst/processing_system7_0/inst/FCLK_CLK_unbuffered[0]
    BUFGCTRL_X0Y16       BUFG (Prop_bufg_I_O)         0.091     1.179 r  design_2_i/cg_fpga_0/inst/processing_system7_0/inst/buffer_fclk_clk_0.FCLK_CLK_0_BUFG/O
                         net (fo=6935, routed)        1.451     2.630    design_2_i/cg_fpga_0/inst/cg_fpga_axi_gpio_i1/U0/gpio_core_1/Dual.INPUT_DOUBLE_REGS4/s_axi_aclk
    SLICE_X52Y76         FDRE                                         r  design_2_i/cg_fpga_0/inst/cg_fpga_axi_gpio_i1/U0/gpio_core_1/Dual.INPUT_DOUBLE_REGS4/GENERATE_LEVEL_P_S_CDC.MULTI_BIT.FOR_IN_cdc_to[7].CROSS2_PLEVEL_IN2SCNDRY_IN_cdc_to/C

Slack:                    inf
  Source:                 design_2_i/cg_fpga_0/inst/cg_fpga_axi_gpio_o1/U0/gpio_core_1/Dual.gpio2_Data_Out_reg[23]/C
                            (rising edge-triggered cell FDRE clocked by clk_fpga_0  {rise@0.000ns fall@5.000ns period=10.000ns})
  Destination:            design_2_i/cg_fpga_0/inst/cg_fpga_axi_gpio_i1/U0/gpio_core_1/Dual.INPUT_DOUBLE_REGS4/GENERATE_LEVEL_P_S_CDC.MULTI_BIT.FOR_IN_cdc_to[6].CROSS2_PLEVEL_IN2SCNDRY_IN_cdc_to/D
                            (rising edge-triggered cell FDRE clocked by clk_fpga_0  {rise@0.000ns fall@5.000ns period=10.000ns})
  Path Group:             (none)
  Path Type:              Setup (Max at Slow Process Corner)
  Data Path Delay:        15.422ns  (logic 4.276ns (27.727%)  route 11.146ns (72.273%))
  Logic Levels:           14  (LUT2=5 LUT3=7 LUT4=2)
  Clock Path Skew:        -0.227ns (DCD - SCD + CPR)
    Destination Clock Delay (DCD):    2.701ns
    Source Clock Delay      (SCD):    2.928ns
    Clock Pessimism Removal (CPR):    0.000ns
  Clock Uncertainty:      0.154ns  ((TSJ^2 + TIJ^2)^1/2 + DJ) / 2 + PE
    Total System Jitter     (TSJ):    0.071ns
    Total Input Jitter      (TIJ):    0.300ns
    Discrete Jitter          (DJ):    0.000ns
    Phase Error              (PE):    0.000ns
  Timing Exception:       False Path

    Location             Delay type                Incr(ns)  Path(ns)    Netlist Resource(s)
  -------------------------------------------------------------------    -------------------
                         (clock clk_fpga_0 rise edge)
                                                      0.000     0.000 r  
    PS7_X0Y0             PS7                          0.000     0.000 r  design_2_i/cg_fpga_0/inst/processing_system7_0/inst/PS7_i/FCLKCLK[0]
                         net (fo=1, routed)           1.193     1.193    design_2_i/cg_fpga_0/inst/processing_system7_0/inst/FCLK_CLK_unbuffered[0]
    BUFGCTRL_X0Y16       BUFG (Prop_bufg_I_O)         0.101     1.294 r  design_2_i/cg_fpga_0/inst/processing_system7_0/inst/buffer_fclk_clk_0.FCLK_CLK_0_BUFG/O
                         net (fo=6935, routed)        1.634     2.928    design_2_i/cg_fpga_0/inst/cg_fpga_axi_gpio_o1/U0/gpio_core_1/s_axi_aclk
    SLICE_X41Y72         FDRE                                         r  design_2_i/cg_fpga_0/inst/cg_fpga_axi_gpio_o1/U0/gpio_core_1/Dual.gpio2_Data_Out_reg[23]/C
  -------------------------------------------------------------------    -------------------
    SLICE_X41Y72         FDRE (Prop_fdre_C_Q)         0.456     3.384 r  design_2_i/cg_fpga_0/inst/cg_fpga_axi_gpio_o1/U0/gpio_core_1/Dual.gpio2_Data_Out_reg[23]/Q
                         net (fo=16, routed)          1.041     4.425    design_2_i/xor_gate_8bit_0/inst/b0
    SLICE_X45Y73         LUT2 (Prop_lut2_I0_O)        0.149     4.574 r  design_2_i/xor_gate_8bit_0/inst/y_low[0]_INST_0/O
                         net (fo=4, routed)           0.690     5.265    design_2_i/SUM/alu_74181_1/a[0]
    SLICE_X44Y73         LUT3 (Prop_lut3_I1_O)        0.360     5.625 r  design_2_i/SUM/alu_74181_1/f[2]_INST_0_i_16/O
                         net (fo=2, routed)           0.449     6.074    design_2_i/SUM/alu_74181_1/f[2]_INST_0_i_16_n_0
    SLICE_X44Y73         LUT2 (Prop_lut2_I0_O)        0.326     6.400 r  design_2_i/SUM/alu_74181_1/f[2]_INST_0_i_9/O
                         net (fo=8, routed)           1.015     7.415    design_2_i/zlcfq_sixteen/half_mul/zlcfq/addcell2/and_gate_0/a
    SLICE_X52Y72         LUT2 (Prop_lut2_I0_O)        0.152     7.567 r  design_2_i/zlcfq_sixteen/half_mul/zlcfq/addcell2/and_gate_0/y_INST_0/O
                         net (fo=2, routed)           0.851     8.418    design_2_i/zlcfq_sixteen/half_mul/zlcfq/addcell5/full_add_0/a
    SLICE_X52Y72         LUT3 (Prop_lut3_I1_O)        0.354     8.772 r  design_2_i/zlcfq_sixteen/half_mul/zlcfq/addcell5/full_add_0/sum_INST_0/O
                         net (fo=2, routed)           0.587     9.359    design_2_i/zlcfq_sixteen/half_mul/zlcfq/addcell8/full_add_0/inst/a
    SLICE_X52Y73         LUT2 (Prop_lut2_I1_O)        0.332     9.691 r  design_2_i/zlcfq_sixteen/half_mul/zlcfq/addcell8/full_add_0/inst/cout__0/O
                         net (fo=2, routed)           0.799    10.490    design_2_i/zlcfq_sixteen/half_mul/zlcfq/addcell9/full_add_0/cin
    SLICE_X52Y72         LUT3 (Prop_lut3_I0_O)        0.150    10.640 r  design_2_i/zlcfq_sixteen/half_mul/zlcfq/addcell9/full_add_0/sum_INST_0/O
                         net (fo=2, routed)           0.817    11.457    design_2_i/zlcfq_sixteen/half_mul/zlcfq/addcell12/full_add_0/inst/a
    SLICE_X52Y73         LUT2 (Prop_lut2_I1_O)        0.332    11.789 r  design_2_i/zlcfq_sixteen/half_mul/zlcfq/addcell12/full_add_0/inst/cout__0/O
                         net (fo=2, routed)           1.042    12.832    design_2_i/zlcfq_sixteen/half_mul/zlcfq/addcell13/full_add_0/inst/cin
    SLICE_X54Y72         LUT3 (Prop_lut3_I2_O)        0.124    12.956 r  design_2_i/zlcfq_sixteen/half_mul/zlcfq/addcell13/full_add_0/inst/cout__0/O
                         net (fo=2, routed)           0.495    13.451    design_2_i/zlcfq_sixteen/half_mul/zlcfq/addcell14/full_add_0/cin
    SLICE_X55Y72         LUT3 (Prop_lut3_I0_O)        0.149    13.600 r  design_2_i/zlcfq_sixteen/half_mul/zlcfq/addcell14/full_add_0/sum_INST_0/O
                         net (fo=7, routed)           0.779    14.379    design_2_i/zlcfq_sixteen/half_mul/ADD/alu_74181_0/a[1]
    SLICE_X58Y73         LUT4 (Prop_lut4_I0_O)        0.361    14.740 r  design_2_i/zlcfq_sixteen/half_mul/ADD/alu_74181_0/f[2]_INST_0_i_16/O
                         net (fo=2, routed)           0.427    15.167    design_2_i/zlcfq_sixteen/half_mul/ADD/alu_74181_0/f[2]_INST_0_i_16_n_0
    SLICE_X57Y72         LUT3 (Prop_lut3_I0_O)        0.325    15.492 r  design_2_i/zlcfq_sixteen/half_mul/ADD/alu_74181_0/f[2]_INST_0_i_9/O
                         net (fo=6, routed)           0.973    16.465    design_2_i/zlcfq_sixteen/SUM/alu_74181_1/a[2]
    SLICE_X55Y74         LUT3 (Prop_lut3_I1_O)        0.355    16.820 r  design_2_i/zlcfq_sixteen/SUM/alu_74181_1/f[2]_INST_0_i_9/O
                         net (fo=5, routed)           0.554    17.374    design_2_i/complement_16bit_con_0/a6
    SLICE_X54Y74         LUT4 (Prop_lut4_I3_O)        0.351    17.725 r  design_2_i/complement_16bit_con_0/y6_INST_0/O
                         net (fo=1, routed)           0.625    18.350    design_2_i/cg_fpga_0/inst/cg_fpga_axi_gpio_i1/U0/gpio_core_1/Dual.INPUT_DOUBLE_REGS4/gpio_io_i[6]
    SLICE_X54Y77         FDRE                                         r  design_2_i/cg_fpga_0/inst/cg_fpga_axi_gpio_i1/U0/gpio_core_1/Dual.INPUT_DOUBLE_REGS4/GENERATE_LEVEL_P_S_CDC.MULTI_BIT.FOR_IN_cdc_to[6].CROSS2_PLEVEL_IN2SCNDRY_IN_cdc_to/D
  -------------------------------------------------------------------    -------------------

                         (clock clk_fpga_0 rise edge)
                                                      0.000     0.000 r  
    PS7_X0Y0             PS7                          0.000     0.000 r  design_2_i/cg_fpga_0/inst/processing_system7_0/inst/PS7_i/FCLKCLK[0]
                         net (fo=1, routed)           1.088     1.088    design_2_i/cg_fpga_0/inst/processing_system7_0/inst/FCLK_CLK_unbuffered[0]
    BUFGCTRL_X0Y16       BUFG (Prop_bufg_I_O)         0.091     1.179 r  design_2_i/cg_fpga_0/inst/processing_system7_0/inst/buffer_fclk_clk_0.FCLK_CLK_0_BUFG/O
                         net (fo=6935, routed)        1.522     2.701    design_2_i/cg_fpga_0/inst/cg_fpga_axi_gpio_i1/U0/gpio_core_1/Dual.INPUT_DOUBLE_REGS4/s_axi_aclk
    SLICE_X54Y77         FDRE                                         r  design_2_i/cg_fpga_0/inst/cg_fpga_axi_gpio_i1/U0/gpio_core_1/Dual.INPUT_DOUBLE_REGS4/GENERATE_LEVEL_P_S_CDC.MULTI_BIT.FOR_IN_cdc_to[6].CROSS2_PLEVEL_IN2SCNDRY_IN_cdc_to/C





Min Delay Paths
--------------------------------------------------------------------------------------
Slack:                    inf
  Source:                 design_2_i/cg_fpga_0/inst/cg_axi_vdma_0/U0/AXI_LITE_REG_INTERFACE_I/GEN_AXI_LITE_IF.AXI_LITE_IF_I/GEN_LITE_IS_ASYNC.GEN_ASYNC_LITE_ACCESS.mm2s_ip2axi_rddata_d1_reg[18]/C
                            (rising edge-triggered cell FDRE clocked by clk_fpga_0  {rise@0.000ns fall@5.000ns period=10.000ns})
  Destination:            design_2_i/cg_fpga_0/inst/cg_axi_vdma_0/U0/AXI_LITE_REG_INTERFACE_I/GEN_AXI_LITE_IF.AXI_LITE_IF_I/GEN_LITE_IS_ASYNC.GEN_ASYNC_LITE_ACCESS.ip2axi_rddata_captured_mm2s_cdc_tig_reg[18]/D
                            (rising edge-triggered cell FDRE clocked by clk_fpga_0  {rise@0.000ns fall@5.000ns period=10.000ns})
  Path Group:             (none)
  Path Type:              Hold (Min at Fast Process Corner)
  Data Path Delay:        0.206ns  (logic 0.141ns (68.336%)  route 0.065ns (31.664%))
  Logic Levels:           0  
  Clock Path Skew:        0.296ns (DCD - SCD - CPR)
    Destination Clock Delay (DCD):    1.179ns
    Source Clock Delay      (SCD):    0.883ns
    Clock Pessimism Removal (CPR):    -0.000ns
  Clock Uncertainty:      0.154ns  ((TSJ^2 + TIJ^2)^1/2 + DJ) / 2 + PE
    Total System Jitter     (TSJ):    0.071ns
    Total Input Jitter      (TIJ):    0.300ns
    Discrete Jitter          (DJ):    0.000ns
    Phase Error              (PE):    0.000ns
  Timing Exception:       False Path

    Location             Delay type                Incr(ns)  Path(ns)    Netlist Resource(s)
  -------------------------------------------------------------------    -------------------
                         (clock clk_fpga_0 rise edge)
                                                      0.000     0.000 r  
    PS7_X0Y0             PS7                          0.000     0.000 r  design_2_i/cg_fpga_0/inst/processing_system7_0/inst/PS7_i/FCLKCLK[0]
                         net (fo=1, routed)           0.310     0.310    design_2_i/cg_fpga_0/inst/processing_system7_0/inst/FCLK_CLK_unbuffered[0]
    BUFGCTRL_X0Y16       BUFG (Prop_bufg_I_O)         0.026     0.336 r  design_2_i/cg_fpga_0/inst/processing_system7_0/inst/buffer_fclk_clk_0.FCLK_CLK_0_BUFG/O
                         net (fo=6935, routed)        0.547     0.883    design_2_i/cg_fpga_0/inst/cg_axi_vdma_0/U0/AXI_LITE_REG_INTERFACE_I/GEN_AXI_LITE_IF.AXI_LITE_IF_I/s_axi_lite_aclk
    SLICE_X52Y66         FDRE                                         r  design_2_i/cg_fpga_0/inst/cg_axi_vdma_0/U0/AXI_LITE_REG_INTERFACE_I/GEN_AXI_LITE_IF.AXI_LITE_IF_I/GEN_LITE_IS_ASYNC.GEN_ASYNC_LITE_ACCESS.mm2s_ip2axi_rddata_d1_reg[18]/C
  -------------------------------------------------------------------    -------------------
    SLICE_X52Y66         FDRE (Prop_fdre_C_Q)         0.141     1.024 r  design_2_i/cg_fpga_0/inst/cg_axi_vdma_0/U0/AXI_LITE_REG_INTERFACE_I/GEN_AXI_LITE_IF.AXI_LITE_IF_I/GEN_LITE_IS_ASYNC.GEN_ASYNC_LITE_ACCESS.mm2s_ip2axi_rddata_d1_reg[18]/Q
                         net (fo=1, routed)           0.065     1.089    design_2_i/cg_fpga_0/inst/cg_axi_vdma_0/U0/AXI_LITE_REG_INTERFACE_I/GEN_AXI_LITE_IF.AXI_LITE_IF_I/mm2s_ip2axi_rddata_d1[18]
    SLICE_X52Y66         FDRE                                         r  design_2_i/cg_fpga_0/inst/cg_axi_vdma_0/U0/AXI_LITE_REG_INTERFACE_I/GEN_AXI_LITE_IF.AXI_LITE_IF_I/GEN_LITE_IS_ASYNC.GEN_ASYNC_LITE_ACCESS.ip2axi_rddata_captured_mm2s_cdc_tig_reg[18]/D
  -------------------------------------------------------------------    -------------------

                         (clock clk_fpga_0 rise edge)
                                                      0.000     0.000 r  
    PS7_X0Y0             PS7                          0.000     0.000 r  design_2_i/cg_fpga_0/inst/processing_system7_0/inst/PS7_i/FCLKCLK[0]
                         net (fo=1, routed)           0.337     0.337    design_2_i/cg_fpga_0/inst/processing_system7_0/inst/FCLK_CLK_unbuffered[0]
    BUFGCTRL_X0Y16       BUFG (Prop_bufg_I_O)         0.029     0.366 r  design_2_i/cg_fpga_0/inst/processing_system7_0/inst/buffer_fclk_clk_0.FCLK_CLK_0_BUFG/O
                         net (fo=6935, routed)        0.813     1.179    design_2_i/cg_fpga_0/inst/cg_axi_vdma_0/U0/AXI_LITE_REG_INTERFACE_I/GEN_AXI_LITE_IF.AXI_LITE_IF_I/s_axi_lite_aclk
    SLICE_X52Y66         FDRE                                         r  design_2_i/cg_fpga_0/inst/cg_axi_vdma_0/U0/AXI_LITE_REG_INTERFACE_I/GEN_AXI_LITE_IF.AXI_LITE_IF_I/GEN_LITE_IS_ASYNC.GEN_ASYNC_LITE_ACCESS.ip2axi_rddata_captured_mm2s_cdc_tig_reg[18]/C

Slack:                    inf
  Source:                 design_2_i/cg_fpga_0/inst/cg_axi_vdma_0/U0/AXI_LITE_REG_INTERFACE_I/GEN_AXI_LITE_IF.AXI_LITE_IF_I/GEN_LITE_IS_ASYNC.GEN_ASYNC_LITE_ACCESS.s2mm_ip2axi_rddata_d1_reg[9]/C
                            (rising edge-triggered cell FDRE clocked by clk_fpga_0  {rise@0.000ns fall@5.000ns period=10.000ns})
  Destination:            design_2_i/cg_fpga_0/inst/cg_axi_vdma_0/U0/AXI_LITE_REG_INTERFACE_I/GEN_AXI_LITE_IF.AXI_LITE_IF_I/GEN_LITE_IS_ASYNC.GEN_ASYNC_LITE_ACCESS.ip2axi_rddata_captured_s2mm_cdc_tig_reg[9]/D
                            (rising edge-triggered cell FDRE clocked by clk_fpga_0  {rise@0.000ns fall@5.000ns period=10.000ns})
  Path Group:             (none)
  Path Type:              Hold (Min at Fast Process Corner)
  Data Path Delay:        0.197ns  (logic 0.141ns (71.611%)  route 0.056ns (28.389%))
  Logic Levels:           0  
  Clock Path Skew:        0.298ns (DCD - SCD - CPR)
    Destination Clock Delay (DCD):    1.196ns
    Source Clock Delay      (SCD):    0.898ns
    Clock Pessimism Removal (CPR):    -0.000ns
  Clock Uncertainty:      0.154ns  ((TSJ^2 + TIJ^2)^1/2 + DJ) / 2 + PE
    Total System Jitter     (TSJ):    0.071ns
    Total Input Jitter      (TIJ):    0.300ns
    Discrete Jitter          (DJ):    0.000ns
    Phase Error              (PE):    0.000ns
  Timing Exception:       False Path

    Location             Delay type                Incr(ns)  Path(ns)    Netlist Resource(s)
  -------------------------------------------------------------------    -------------------
                         (clock clk_fpga_0 rise edge)
                                                      0.000     0.000 r  
    PS7_X0Y0             PS7                          0.000     0.000 r  design_2_i/cg_fpga_0/inst/processing_system7_0/inst/PS7_i/FCLKCLK[0]
                         net (fo=1, routed)           0.310     0.310    design_2_i/cg_fpga_0/inst/processing_system7_0/inst/FCLK_CLK_unbuffered[0]
    BUFGCTRL_X0Y16       BUFG (Prop_bufg_I_O)         0.026     0.336 r  design_2_i/cg_fpga_0/inst/processing_system7_0/inst/buffer_fclk_clk_0.FCLK_CLK_0_BUFG/O
                         net (fo=6935, routed)        0.562     0.898    design_2_i/cg_fpga_0/inst/cg_axi_vdma_0/U0/AXI_LITE_REG_INTERFACE_I/GEN_AXI_LITE_IF.AXI_LITE_IF_I/s_axi_lite_aclk
    SLICE_X49Y49         FDRE                                         r  design_2_i/cg_fpga_0/inst/cg_axi_vdma_0/U0/AXI_LITE_REG_INTERFACE_I/GEN_AXI_LITE_IF.AXI_LITE_IF_I/GEN_LITE_IS_ASYNC.GEN_ASYNC_LITE_ACCESS.s2mm_ip2axi_rddata_d1_reg[9]/C
  -------------------------------------------------------------------    -------------------
    SLICE_X49Y49         FDRE (Prop_fdre_C_Q)         0.141     1.039 r  design_2_i/cg_fpga_0/inst/cg_axi_vdma_0/U0/AXI_LITE_REG_INTERFACE_I/GEN_AXI_LITE_IF.AXI_LITE_IF_I/GEN_LITE_IS_ASYNC.GEN_ASYNC_LITE_ACCESS.s2mm_ip2axi_rddata_d1_reg[9]/Q
                         net (fo=1, routed)           0.056     1.094    design_2_i/cg_fpga_0/inst/cg_axi_vdma_0/U0/AXI_LITE_REG_INTERFACE_I/GEN_AXI_LITE_IF.AXI_LITE_IF_I/s2mm_ip2axi_rddata_d1[9]
    SLICE_X49Y49         FDRE                                         r  design_2_i/cg_fpga_0/inst/cg_axi_vdma_0/U0/AXI_LITE_REG_INTERFACE_I/GEN_AXI_LITE_IF.AXI_LITE_IF_I/GEN_LITE_IS_ASYNC.GEN_ASYNC_LITE_ACCESS.ip2axi_rddata_captured_s2mm_cdc_tig_reg[9]/D
  -------------------------------------------------------------------    -------------------

                         (clock clk_fpga_0 rise edge)
                                                      0.000     0.000 r  
    PS7_X0Y0             PS7                          0.000     0.000 r  design_2_i/cg_fpga_0/inst/processing_system7_0/inst/PS7_i/FCLKCLK[0]
                         net (fo=1, routed)           0.337     0.337    design_2_i/cg_fpga_0/inst/processing_system7_0/inst/FCLK_CLK_unbuffered[0]
    BUFGCTRL_X0Y16       BUFG (Prop_bufg_I_O)         0.029     0.366 r  design_2_i/cg_fpga_0/inst/processing_system7_0/inst/buffer_fclk_clk_0.FCLK_CLK_0_BUFG/O
                         net (fo=6935, routed)        0.830     1.196    design_2_i/cg_fpga_0/inst/cg_axi_vdma_0/U0/AXI_LITE_REG_INTERFACE_I/GEN_AXI_LITE_IF.AXI_LITE_IF_I/s_axi_lite_aclk
    SLICE_X49Y49         FDRE                                         r  design_2_i/cg_fpga_0/inst/cg_axi_vdma_0/U0/AXI_LITE_REG_INTERFACE_I/GEN_AXI_LITE_IF.AXI_LITE_IF_I/GEN_LITE_IS_ASYNC.GEN_ASYNC_LITE_ACCESS.ip2axi_rddata_captured_s2mm_cdc_tig_reg[9]/C

Slack:                    inf
  Source:                 design_2_i/cg_fpga_0/inst/cg_axi_vdma_0/U0/AXI_LITE_REG_INTERFACE_I/GEN_AXI_LITE_IF.AXI_LITE_IF_I/GEN_LITE_IS_ASYNC.GEN_ASYNC_LITE_ACCESS.mm2s_ip2axi_rddata_d1_reg[19]/C
                            (rising edge-triggered cell FDRE clocked by clk_fpga_0  {rise@0.000ns fall@5.000ns period=10.000ns})
  Destination:            design_2_i/cg_fpga_0/inst/cg_axi_vdma_0/U0/AXI_LITE_REG_INTERFACE_I/GEN_AXI_LITE_IF.AXI_LITE_IF_I/GEN_LITE_IS_ASYNC.GEN_ASYNC_LITE_ACCESS.ip2axi_rddata_captured_mm2s_cdc_tig_reg[19]/D
                            (rising edge-triggered cell FDRE clocked by clk_fpga_0  {rise@0.000ns fall@5.000ns period=10.000ns})
  Path Group:             (none)
  Path Type:              Hold (Min at Fast Process Corner)
  Data Path Delay:        0.220ns  (logic 0.164ns (74.580%)  route 0.056ns (25.420%))
  Logic Levels:           0  
  Clock Path Skew:        0.296ns (DCD - SCD - CPR)
    Destination Clock Delay (DCD):    1.178ns
    Source Clock Delay      (SCD):    0.882ns
    Clock Pessimism Removal (CPR):    -0.000ns
  Clock Uncertainty:      0.154ns  ((TSJ^2 + TIJ^2)^1/2 + DJ) / 2 + PE
    Total System Jitter     (TSJ):    0.071ns
    Total Input Jitter      (TIJ):    0.300ns
    Discrete Jitter          (DJ):    0.000ns
    Phase Error              (PE):    0.000ns
  Timing Exception:       False Path

    Location             Delay type                Incr(ns)  Path(ns)    Netlist Resource(s)
  -------------------------------------------------------------------    -------------------
                         (clock clk_fpga_0 rise edge)
                                                      0.000     0.000 r  
    PS7_X0Y0             PS7                          0.000     0.000 r  design_2_i/cg_fpga_0/inst/processing_system7_0/inst/PS7_i/FCLKCLK[0]
                         net (fo=1, routed)           0.310     0.310    design_2_i/cg_fpga_0/inst/processing_system7_0/inst/FCLK_CLK_unbuffered[0]
    BUFGCTRL_X0Y16       BUFG (Prop_bufg_I_O)         0.026     0.336 r  design_2_i/cg_fpga_0/inst/processing_system7_0/inst/buffer_fclk_clk_0.FCLK_CLK_0_BUFG/O
                         net (fo=6935, routed)        0.546     0.882    design_2_i/cg_fpga_0/inst/cg_axi_vdma_0/U0/AXI_LITE_REG_INTERFACE_I/GEN_AXI_LITE_IF.AXI_LITE_IF_I/s_axi_lite_aclk
    SLICE_X50Y67         FDRE                                         r  design_2_i/cg_fpga_0/inst/cg_axi_vdma_0/U0/AXI_LITE_REG_INTERFACE_I/GEN_AXI_LITE_IF.AXI_LITE_IF_I/GEN_LITE_IS_ASYNC.GEN_ASYNC_LITE_ACCESS.mm2s_ip2axi_rddata_d1_reg[19]/C
  -------------------------------------------------------------------    -------------------
    SLICE_X50Y67         FDRE (Prop_fdre_C_Q)         0.164     1.046 r  design_2_i/cg_fpga_0/inst/cg_axi_vdma_0/U0/AXI_LITE_REG_INTERFACE_I/GEN_AXI_LITE_IF.AXI_LITE_IF_I/GEN_LITE_IS_ASYNC.GEN_ASYNC_LITE_ACCESS.mm2s_ip2axi_rddata_d1_reg[19]/Q
                         net (fo=1, routed)           0.056     1.101    design_2_i/cg_fpga_0/inst/cg_axi_vdma_0/U0/AXI_LITE_REG_INTERFACE_I/GEN_AXI_LITE_IF.AXI_LITE_IF_I/mm2s_ip2axi_rddata_d1[19]
    SLICE_X50Y67         FDRE                                         r  design_2_i/cg_fpga_0/inst/cg_axi_vdma_0/U0/AXI_LITE_REG_INTERFACE_I/GEN_AXI_LITE_IF.AXI_LITE_IF_I/GEN_LITE_IS_ASYNC.GEN_ASYNC_LITE_ACCESS.ip2axi_rddata_captured_mm2s_cdc_tig_reg[19]/D
  -------------------------------------------------------------------    -------------------

                         (clock clk_fpga_0 rise edge)
                                                      0.000     0.000 r  
    PS7_X0Y0             PS7                          0.000     0.000 r  design_2_i/cg_fpga_0/inst/processing_system7_0/inst/PS7_i/FCLKCLK[0]
                         net (fo=1, routed)           0.337     0.337    design_2_i/cg_fpga_0/inst/processing_system7_0/inst/FCLK_CLK_unbuffered[0]
    BUFGCTRL_X0Y16       BUFG (Prop_bufg_I_O)         0.029     0.366 r  design_2_i/cg_fpga_0/inst/processing_system7_0/inst/buffer_fclk_clk_0.FCLK_CLK_0_BUFG/O
                         net (fo=6935, routed)        0.812     1.178    design_2_i/cg_fpga_0/inst/cg_axi_vdma_0/U0/AXI_LITE_REG_INTERFACE_I/GEN_AXI_LITE_IF.AXI_LITE_IF_I/s_axi_lite_aclk
    SLICE_X50Y67         FDRE                                         r  design_2_i/cg_fpga_0/inst/cg_axi_vdma_0/U0/AXI_LITE_REG_INTERFACE_I/GEN_AXI_LITE_IF.AXI_LITE_IF_I/GEN_LITE_IS_ASYNC.GEN_ASYNC_LITE_ACCESS.ip2axi_rddata_captured_mm2s_cdc_tig_reg[19]/C

Slack:                    inf
  Source:                 design_2_i/cg_fpga_0/inst/cg_axi_vdma_0/U0/AXI_LITE_REG_INTERFACE_I/GEN_AXI_LITE_IF.AXI_LITE_IF_I/GEN_LITE_IS_ASYNC.GEN_ASYNC_LITE_ACCESS.s2mm_ip2axi_rddata_d1_reg[14]/C
                            (rising edge-triggered cell FDRE clocked by clk_fpga_0  {rise@0.000ns fall@5.000ns period=10.000ns})
  Destination:            design_2_i/cg_fpga_0/inst/cg_axi_vdma_0/U0/AXI_LITE_REG_INTERFACE_I/GEN_AXI_LITE_IF.AXI_LITE_IF_I/GEN_LITE_IS_ASYNC.GEN_ASYNC_LITE_ACCESS.ip2axi_rddata_captured_s2mm_cdc_tig_reg[14]/D
                            (rising edge-triggered cell FDRE clocked by clk_fpga_0  {rise@0.000ns fall@5.000ns period=10.000ns})
  Path Group:             (none)
  Path Type:              Hold (Min at Fast Process Corner)
  Data Path Delay:        0.206ns  (logic 0.141ns (68.336%)  route 0.065ns (31.664%))
  Logic Levels:           0  
  Clock Path Skew:        0.297ns (DCD - SCD - CPR)
    Destination Clock Delay (DCD):    1.196ns
    Source Clock Delay      (SCD):    0.899ns
    Clock Pessimism Removal (CPR):    -0.000ns
  Clock Uncertainty:      0.154ns  ((TSJ^2 + TIJ^2)^1/2 + DJ) / 2 + PE
    Total System Jitter     (TSJ):    0.071ns
    Total Input Jitter      (TIJ):    0.300ns
    Discrete Jitter          (DJ):    0.000ns
    Phase Error              (PE):    0.000ns
  Timing Exception:       False Path

    Location             Delay type                Incr(ns)  Path(ns)    Netlist Resource(s)
  -------------------------------------------------------------------    -------------------
                         (clock clk_fpga_0 rise edge)
                                                      0.000     0.000 r  
    PS7_X0Y0             PS7                          0.000     0.000 r  design_2_i/cg_fpga_0/inst/processing_system7_0/inst/PS7_i/FCLKCLK[0]
                         net (fo=1, routed)           0.310     0.310    design_2_i/cg_fpga_0/inst/processing_system7_0/inst/FCLK_CLK_unbuffered[0]
    BUFGCTRL_X0Y16       BUFG (Prop_bufg_I_O)         0.026     0.336 r  design_2_i/cg_fpga_0/inst/processing_system7_0/inst/buffer_fclk_clk_0.FCLK_CLK_0_BUFG/O
                         net (fo=6935, routed)        0.563     0.899    design_2_i/cg_fpga_0/inst/cg_axi_vdma_0/U0/AXI_LITE_REG_INTERFACE_I/GEN_AXI_LITE_IF.AXI_LITE_IF_I/s_axi_lite_aclk
    SLICE_X40Y48         FDRE                                         r  design_2_i/cg_fpga_0/inst/cg_axi_vdma_0/U0/AXI_LITE_REG_INTERFACE_I/GEN_AXI_LITE_IF.AXI_LITE_IF_I/GEN_LITE_IS_ASYNC.GEN_ASYNC_LITE_ACCESS.s2mm_ip2axi_rddata_d1_reg[14]/C
  -------------------------------------------------------------------    -------------------
    SLICE_X40Y48         FDRE (Prop_fdre_C_Q)         0.141     1.040 r  design_2_i/cg_fpga_0/inst/cg_axi_vdma_0/U0/AXI_LITE_REG_INTERFACE_I/GEN_AXI_LITE_IF.AXI_LITE_IF_I/GEN_LITE_IS_ASYNC.GEN_ASYNC_LITE_ACCESS.s2mm_ip2axi_rddata_d1_reg[14]/Q
                         net (fo=1, routed)           0.065     1.105    design_2_i/cg_fpga_0/inst/cg_axi_vdma_0/U0/AXI_LITE_REG_INTERFACE_I/GEN_AXI_LITE_IF.AXI_LITE_IF_I/s2mm_ip2axi_rddata_d1[14]
    SLICE_X40Y48         FDRE                                         r  design_2_i/cg_fpga_0/inst/cg_axi_vdma_0/U0/AXI_LITE_REG_INTERFACE_I/GEN_AXI_LITE_IF.AXI_LITE_IF_I/GEN_LITE_IS_ASYNC.GEN_ASYNC_LITE_ACCESS.ip2axi_rddata_captured_s2mm_cdc_tig_reg[14]/D
  -------------------------------------------------------------------    -------------------

                         (clock clk_fpga_0 rise edge)
                                                      0.000     0.000 r  
    PS7_X0Y0             PS7                          0.000     0.000 r  design_2_i/cg_fpga_0/inst/processing_system7_0/inst/PS7_i/FCLKCLK[0]
                         net (fo=1, routed)           0.337     0.337    design_2_i/cg_fpga_0/inst/processing_system7_0/inst/FCLK_CLK_unbuffered[0]
    BUFGCTRL_X0Y16       BUFG (Prop_bufg_I_O)         0.029     0.366 r  design_2_i/cg_fpga_0/inst/processing_system7_0/inst/buffer_fclk_clk_0.FCLK_CLK_0_BUFG/O
                         net (fo=6935, routed)        0.830     1.196    design_2_i/cg_fpga_0/inst/cg_axi_vdma_0/U0/AXI_LITE_REG_INTERFACE_I/GEN_AXI_LITE_IF.AXI_LITE_IF_I/s_axi_lite_aclk
    SLICE_X40Y48         FDRE                                         r  design_2_i/cg_fpga_0/inst/cg_axi_vdma_0/U0/AXI_LITE_REG_INTERFACE_I/GEN_AXI_LITE_IF.AXI_LITE_IF_I/GEN_LITE_IS_ASYNC.GEN_ASYNC_LITE_ACCESS.ip2axi_rddata_captured_s2mm_cdc_tig_reg[14]/C

Slack:                    inf
  Source:                 design_2_i/cg_fpga_0/inst/cg_axi_vdma_0/U0/AXI_LITE_REG_INTERFACE_I/GEN_AXI_LITE_IF.AXI_LITE_IF_I/GEN_LITE_IS_ASYNC.GEN_ASYNC_LITE_ACCESS.mm2s_ip2axi_rddata_d1_reg[6]/C
                            (rising edge-triggered cell FDRE clocked by clk_fpga_0  {rise@0.000ns fall@5.000ns period=10.000ns})
  Destination:            design_2_i/cg_fpga_0/inst/cg_axi_vdma_0/U0/AXI_LITE_REG_INTERFACE_I/GEN_AXI_LITE_IF.AXI_LITE_IF_I/GEN_LITE_IS_ASYNC.GEN_ASYNC_LITE_ACCESS.ip2axi_rddata_captured_mm2s_cdc_tig_reg[6]/D
                            (rising edge-triggered cell FDRE clocked by clk_fpga_0  {rise@0.000ns fall@5.000ns period=10.000ns})
  Path Group:             (none)
  Path Type:              Hold (Min at Fast Process Corner)
  Data Path Delay:        0.220ns  (logic 0.164ns (74.580%)  route 0.056ns (25.420%))
  Logic Levels:           0  
  Clock Path Skew:        0.298ns (DCD - SCD - CPR)
    Destination Clock Delay (DCD):    1.189ns
    Source Clock Delay      (SCD):    0.891ns
    Clock Pessimism Removal (CPR):    -0.000ns
  Clock Uncertainty:      0.154ns  ((TSJ^2 + TIJ^2)^1/2 + DJ) / 2 + PE
    Total System Jitter     (TSJ):    0.071ns
    Total Input Jitter      (TIJ):    0.300ns
    Discrete Jitter          (DJ):    0.000ns
    Phase Error              (PE):    0.000ns
  Timing Exception:       False Path

    Location             Delay type                Incr(ns)  Path(ns)    Netlist Resource(s)
  -------------------------------------------------------------------    -------------------
                         (clock clk_fpga_0 rise edge)
                                                      0.000     0.000 r  
    PS7_X0Y0             PS7                          0.000     0.000 r  design_2_i/cg_fpga_0/inst/processing_system7_0/inst/PS7_i/FCLKCLK[0]
                         net (fo=1, routed)           0.310     0.310    design_2_i/cg_fpga_0/inst/processing_system7_0/inst/FCLK_CLK_unbuffered[0]
    BUFGCTRL_X0Y16       BUFG (Prop_bufg_I_O)         0.026     0.336 r  design_2_i/cg_fpga_0/inst/processing_system7_0/inst/buffer_fclk_clk_0.FCLK_CLK_0_BUFG/O
                         net (fo=6935, routed)        0.555     0.891    design_2_i/cg_fpga_0/inst/cg_axi_vdma_0/U0/AXI_LITE_REG_INTERFACE_I/GEN_AXI_LITE_IF.AXI_LITE_IF_I/s_axi_lite_aclk
    SLICE_X46Y59         FDRE                                         r  design_2_i/cg_fpga_0/inst/cg_axi_vdma_0/U0/AXI_LITE_REG_INTERFACE_I/GEN_AXI_LITE_IF.AXI_LITE_IF_I/GEN_LITE_IS_ASYNC.GEN_ASYNC_LITE_ACCESS.mm2s_ip2axi_rddata_d1_reg[6]/C
  -------------------------------------------------------------------    -------------------
    SLICE_X46Y59         FDRE (Prop_fdre_C_Q)         0.164     1.055 r  design_2_i/cg_fpga_0/inst/cg_axi_vdma_0/U0/AXI_LITE_REG_INTERFACE_I/GEN_AXI_LITE_IF.AXI_LITE_IF_I/GEN_LITE_IS_ASYNC.GEN_ASYNC_LITE_ACCESS.mm2s_ip2axi_rddata_d1_reg[6]/Q
                         net (fo=1, routed)           0.056     1.110    design_2_i/cg_fpga_0/inst/cg_axi_vdma_0/U0/AXI_LITE_REG_INTERFACE_I/GEN_AXI_LITE_IF.AXI_LITE_IF_I/mm2s_ip2axi_rddata_d1[6]
    SLICE_X46Y59         FDRE                                         r  design_2_i/cg_fpga_0/inst/cg_axi_vdma_0/U0/AXI_LITE_REG_INTERFACE_I/GEN_AXI_LITE_IF.AXI_LITE_IF_I/GEN_LITE_IS_ASYNC.GEN_ASYNC_LITE_ACCESS.ip2axi_rddata_captured_mm2s_cdc_tig_reg[6]/D
  -------------------------------------------------------------------    -------------------

                         (clock clk_fpga_0 rise edge)
                                                      0.000     0.000 r  
    PS7_X0Y0             PS7                          0.000     0.000 r  design_2_i/cg_fpga_0/inst/processing_system7_0/inst/PS7_i/FCLKCLK[0]
                         net (fo=1, routed)           0.337     0.337    design_2_i/cg_fpga_0/inst/processing_system7_0/inst/FCLK_CLK_unbuffered[0]
    BUFGCTRL_X0Y16       BUFG (Prop_bufg_I_O)         0.029     0.366 r  design_2_i/cg_fpga_0/inst/processing_system7_0/inst/buffer_fclk_clk_0.FCLK_CLK_0_BUFG/O
                         net (fo=6935, routed)        0.823     1.189    design_2_i/cg_fpga_0/inst/cg_axi_vdma_0/U0/AXI_LITE_REG_INTERFACE_I/GEN_AXI_LITE_IF.AXI_LITE_IF_I/s_axi_lite_aclk
    SLICE_X46Y59         FDRE                                         r  design_2_i/cg_fpga_0/inst/cg_axi_vdma_0/U0/AXI_LITE_REG_INTERFACE_I/GEN_AXI_LITE_IF.AXI_LITE_IF_I/GEN_LITE_IS_ASYNC.GEN_ASYNC_LITE_ACCESS.ip2axi_rddata_captured_mm2s_cdc_tig_reg[6]/C

Slack:                    inf
  Source:                 design_2_i/cg_fpga_0/inst/cg_axi_vdma_0/U0/I_RST_MODULE/GEN_RESET_FOR_MM2S.RESET_I/GEN_MIN_FOR_ASYNC.LITE_MIN_CDC_I/GENERATE_LEVEL_P_S_CDC.SINGLE_BIT.INPUT_FLOP.REG_PLEVEL_IN_cdc_from/C
                            (rising edge-triggered cell FDRE clocked by clk_fpga_0  {rise@0.000ns fall@5.000ns period=10.000ns})
  Destination:            design_2_i/cg_fpga_0/inst/cg_axi_vdma_0/U0/I_RST_MODULE/GEN_RESET_FOR_MM2S.RESET_I/GEN_MIN_FOR_ASYNC.LITE_MIN_CDC_I/GENERATE_LEVEL_P_S_CDC.SINGLE_BIT.CROSS_PLEVEL_IN2SCNDRY_IN_cdc_to/D
                            (rising edge-triggered cell FDRE clocked by clk_fpga_0  {rise@0.000ns fall@5.000ns period=10.000ns})
  Path Group:             (none)
  Path Type:              Hold (Min at Fast Process Corner)
  Data Path Delay:        0.228ns  (logic 0.141ns (61.814%)  route 0.087ns (38.186%))
  Logic Levels:           0  
  Clock Path Skew:        0.295ns (DCD - SCD - CPR)
    Destination Clock Delay (DCD):    1.185ns
    Source Clock Delay      (SCD):    0.890ns
    Clock Pessimism Removal (CPR):    -0.000ns
  Clock Uncertainty:      0.154ns  ((TSJ^2 + TIJ^2)^1/2 + DJ) / 2 + PE
    Total System Jitter     (TSJ):    0.071ns
    Total Input Jitter      (TIJ):    0.300ns
    Discrete Jitter          (DJ):    0.000ns
    Phase Error              (PE):    0.000ns
  Timing Exception:       False Path

    Location             Delay type                Incr(ns)  Path(ns)    Netlist Resource(s)
  -------------------------------------------------------------------    -------------------
                         (clock clk_fpga_0 rise edge)
                                                      0.000     0.000 r  
    PS7_X0Y0             PS7                          0.000     0.000 r  design_2_i/cg_fpga_0/inst/processing_system7_0/inst/PS7_i/FCLKCLK[0]
                         net (fo=1, routed)           0.310     0.310    design_2_i/cg_fpga_0/inst/processing_system7_0/inst/FCLK_CLK_unbuffered[0]
    BUFGCTRL_X0Y16       BUFG (Prop_bufg_I_O)         0.026     0.336 r  design_2_i/cg_fpga_0/inst/processing_system7_0/inst/buffer_fclk_clk_0.FCLK_CLK_0_BUFG/O
                         net (fo=6935, routed)        0.554     0.890    design_2_i/cg_fpga_0/inst/cg_axi_vdma_0/U0/I_RST_MODULE/GEN_RESET_FOR_MM2S.RESET_I/GEN_MIN_FOR_ASYNC.LITE_MIN_CDC_I/s_axi_lite_aclk
    SLICE_X51Y34         FDRE                                         r  design_2_i/cg_fpga_0/inst/cg_axi_vdma_0/U0/I_RST_MODULE/GEN_RESET_FOR_MM2S.RESET_I/GEN_MIN_FOR_ASYNC.LITE_MIN_CDC_I/GENERATE_LEVEL_P_S_CDC.SINGLE_BIT.INPUT_FLOP.REG_PLEVEL_IN_cdc_from/C
  -------------------------------------------------------------------    -------------------
    SLICE_X51Y34         FDRE (Prop_fdre_C_Q)         0.141     1.031 r  design_2_i/cg_fpga_0/inst/cg_axi_vdma_0/U0/I_RST_MODULE/GEN_RESET_FOR_MM2S.RESET_I/GEN_MIN_FOR_ASYNC.LITE_MIN_CDC_I/GENERATE_LEVEL_P_S_CDC.SINGLE_BIT.INPUT_FLOP.REG_PLEVEL_IN_cdc_from/Q
                         net (fo=1, routed)           0.087     1.118    design_2_i/cg_fpga_0/inst/cg_axi_vdma_0/U0/I_RST_MODULE/GEN_RESET_FOR_MM2S.RESET_I/GEN_MIN_FOR_ASYNC.LITE_MIN_CDC_I/Q
    SLICE_X50Y34         FDRE                                         r  design_2_i/cg_fpga_0/inst/cg_axi_vdma_0/U0/I_RST_MODULE/GEN_RESET_FOR_MM2S.RESET_I/GEN_MIN_FOR_ASYNC.LITE_MIN_CDC_I/GENERATE_LEVEL_P_S_CDC.SINGLE_BIT.CROSS_PLEVEL_IN2SCNDRY_IN_cdc_to/D
  -------------------------------------------------------------------    -------------------

                         (clock clk_fpga_0 rise edge)
                                                      0.000     0.000 r  
    PS7_X0Y0             PS7                          0.000     0.000 r  design_2_i/cg_fpga_0/inst/processing_system7_0/inst/PS7_i/FCLKCLK[0]
                         net (fo=1, routed)           0.337     0.337    design_2_i/cg_fpga_0/inst/processing_system7_0/inst/FCLK_CLK_unbuffered[0]
    BUFGCTRL_X0Y16       BUFG (Prop_bufg_I_O)         0.029     0.366 r  design_2_i/cg_fpga_0/inst/processing_system7_0/inst/buffer_fclk_clk_0.FCLK_CLK_0_BUFG/O
                         net (fo=6935, routed)        0.819     1.185    design_2_i/cg_fpga_0/inst/cg_axi_vdma_0/U0/I_RST_MODULE/GEN_RESET_FOR_MM2S.RESET_I/GEN_MIN_FOR_ASYNC.LITE_MIN_CDC_I/s_axi_lite_aclk
    SLICE_X50Y34         FDRE                                         r  design_2_i/cg_fpga_0/inst/cg_axi_vdma_0/U0/I_RST_MODULE/GEN_RESET_FOR_MM2S.RESET_I/GEN_MIN_FOR_ASYNC.LITE_MIN_CDC_I/GENERATE_LEVEL_P_S_CDC.SINGLE_BIT.CROSS_PLEVEL_IN2SCNDRY_IN_cdc_to/C

Slack:                    inf
  Source:                 design_2_i/cg_fpga_0/inst/cg_axi_vdma_0/U0/I_RST_MODULE/GEN_RESET_FOR_S2MM.RESET_I/GEN_MIN_FOR_ASYNC.LITE_RESET_CDC_I/GENERATE_PULSE_P_S_CDC_OPEN_ENDED.REG_P_IN_cdc_from/C
                            (rising edge-triggered cell FDRE clocked by clk_fpga_0  {rise@0.000ns fall@5.000ns period=10.000ns})
  Destination:            design_2_i/cg_fpga_0/inst/cg_axi_vdma_0/U0/I_RST_MODULE/GEN_RESET_FOR_S2MM.RESET_I/GEN_MIN_FOR_ASYNC.LITE_RESET_CDC_I/GENERATE_PULSE_P_S_CDC_OPEN_ENDED.REG_P_IN2_cdc_to/D
                            (rising edge-triggered cell FDRE clocked by clk_fpga_0  {rise@0.000ns fall@5.000ns period=10.000ns})
  Path Group:             (none)
  Path Type:              Hold (Min at Fast Process Corner)
  Data Path Delay:        0.231ns  (logic 0.164ns (70.995%)  route 0.067ns (29.005%))
  Logic Levels:           0  
  Clock Path Skew:        0.295ns (DCD - SCD - CPR)
    Destination Clock Delay (DCD):    1.188ns
    Source Clock Delay      (SCD):    0.893ns
    Clock Pessimism Removal (CPR):    -0.000ns
  Clock Uncertainty:      0.154ns  ((TSJ^2 + TIJ^2)^1/2 + DJ) / 2 + PE
    Total System Jitter     (TSJ):    0.071ns
    Total Input Jitter      (TIJ):    0.300ns
    Discrete Jitter          (DJ):    0.000ns
    Phase Error              (PE):    0.000ns
  Timing Exception:       False Path

    Location             Delay type                Incr(ns)  Path(ns)    Netlist Resource(s)
  -------------------------------------------------------------------    -------------------
                         (clock clk_fpga_0 rise edge)
                                                      0.000     0.000 r  
    PS7_X0Y0             PS7                          0.000     0.000 r  design_2_i/cg_fpga_0/inst/processing_system7_0/inst/PS7_i/FCLKCLK[0]
                         net (fo=1, routed)           0.310     0.310    design_2_i/cg_fpga_0/inst/processing_system7_0/inst/FCLK_CLK_unbuffered[0]
    BUFGCTRL_X0Y16       BUFG (Prop_bufg_I_O)         0.026     0.336 r  design_2_i/cg_fpga_0/inst/processing_system7_0/inst/buffer_fclk_clk_0.FCLK_CLK_0_BUFG/O
                         net (fo=6935, routed)        0.557     0.893    design_2_i/cg_fpga_0/inst/cg_axi_vdma_0/U0/I_RST_MODULE/GEN_RESET_FOR_S2MM.RESET_I/GEN_MIN_FOR_ASYNC.LITE_RESET_CDC_I/s_axi_lite_aclk
    SLICE_X42Y33         FDRE                                         r  design_2_i/cg_fpga_0/inst/cg_axi_vdma_0/U0/I_RST_MODULE/GEN_RESET_FOR_S2MM.RESET_I/GEN_MIN_FOR_ASYNC.LITE_RESET_CDC_I/GENERATE_PULSE_P_S_CDC_OPEN_ENDED.REG_P_IN_cdc_from/C
  -------------------------------------------------------------------    -------------------
    SLICE_X42Y33         FDRE (Prop_fdre_C_Q)         0.164     1.057 r  design_2_i/cg_fpga_0/inst/cg_axi_vdma_0/U0/I_RST_MODULE/GEN_RESET_FOR_S2MM.RESET_I/GEN_MIN_FOR_ASYNC.LITE_RESET_CDC_I/GENERATE_PULSE_P_S_CDC_OPEN_ENDED.REG_P_IN_cdc_from/Q
                         net (fo=2, routed)           0.067     1.124    design_2_i/cg_fpga_0/inst/cg_axi_vdma_0/U0/I_RST_MODULE/GEN_RESET_FOR_S2MM.RESET_I/GEN_MIN_FOR_ASYNC.LITE_RESET_CDC_I/GENERATE_PULSE_P_S_CDC_OPEN_ENDED.p_in_d1_cdc_from
    SLICE_X42Y33         FDRE                                         r  design_2_i/cg_fpga_0/inst/cg_axi_vdma_0/U0/I_RST_MODULE/GEN_RESET_FOR_S2MM.RESET_I/GEN_MIN_FOR_ASYNC.LITE_RESET_CDC_I/GENERATE_PULSE_P_S_CDC_OPEN_ENDED.REG_P_IN2_cdc_to/D
  -------------------------------------------------------------------    -------------------

                         (clock clk_fpga_0 rise edge)
                                                      0.000     0.000 r  
    PS7_X0Y0             PS7                          0.000     0.000 r  design_2_i/cg_fpga_0/inst/processing_system7_0/inst/PS7_i/FCLKCLK[0]
                         net (fo=1, routed)           0.337     0.337    design_2_i/cg_fpga_0/inst/processing_system7_0/inst/FCLK_CLK_unbuffered[0]
    BUFGCTRL_X0Y16       BUFG (Prop_bufg_I_O)         0.029     0.366 r  design_2_i/cg_fpga_0/inst/processing_system7_0/inst/buffer_fclk_clk_0.FCLK_CLK_0_BUFG/O
                         net (fo=6935, routed)        0.822     1.188    design_2_i/cg_fpga_0/inst/cg_axi_vdma_0/U0/I_RST_MODULE/GEN_RESET_FOR_S2MM.RESET_I/GEN_MIN_FOR_ASYNC.LITE_RESET_CDC_I/s_axi_lite_aclk
    SLICE_X42Y33         FDRE                                         r  design_2_i/cg_fpga_0/inst/cg_axi_vdma_0/U0/I_RST_MODULE/GEN_RESET_FOR_S2MM.RESET_I/GEN_MIN_FOR_ASYNC.LITE_RESET_CDC_I/GENERATE_PULSE_P_S_CDC_OPEN_ENDED.REG_P_IN2_cdc_to/C

Slack:                    inf
  Source:                 design_2_i/cg_fpga_0/inst/cg_axi_vdma_0/U0/AXI_LITE_REG_INTERFACE_I/GEN_AXI_LITE_IF.AXI_LITE_IF_I/GEN_LITE_IS_ASYNC.GEN_ASYNC_LITE_ACCESS.s2mm_ip2axi_rddata_d1_reg[18]/C
                            (rising edge-triggered cell FDRE clocked by clk_fpga_0  {rise@0.000ns fall@5.000ns period=10.000ns})
  Destination:            design_2_i/cg_fpga_0/inst/cg_axi_vdma_0/U0/AXI_LITE_REG_INTERFACE_I/GEN_AXI_LITE_IF.AXI_LITE_IF_I/GEN_LITE_IS_ASYNC.GEN_ASYNC_LITE_ACCESS.ip2axi_rddata_captured_s2mm_cdc_tig_reg[18]/D
                            (rising edge-triggered cell FDRE clocked by clk_fpga_0  {rise@0.000ns fall@5.000ns period=10.000ns})
  Path Group:             (none)
  Path Type:              Hold (Min at Fast Process Corner)
  Data Path Delay:        0.246ns  (logic 0.141ns (57.415%)  route 0.105ns (42.585%))
  Logic Levels:           0  
  Clock Path Skew:        0.297ns (DCD - SCD - CPR)
    Destination Clock Delay (DCD):    1.181ns
    Source Clock Delay      (SCD):    0.884ns
    Clock Pessimism Removal (CPR):    -0.000ns
  Clock Uncertainty:      0.154ns  ((TSJ^2 + TIJ^2)^1/2 + DJ) / 2 + PE
    Total System Jitter     (TSJ):    0.071ns
    Total Input Jitter      (TIJ):    0.300ns
    Discrete Jitter          (DJ):    0.000ns
    Phase Error              (PE):    0.000ns
  Timing Exception:       False Path

    Location             Delay type                Incr(ns)  Path(ns)    Netlist Resource(s)
  -------------------------------------------------------------------    -------------------
                         (clock clk_fpga_0 rise edge)
                                                      0.000     0.000 r  
    PS7_X0Y0             PS7                          0.000     0.000 r  design_2_i/cg_fpga_0/inst/processing_system7_0/inst/PS7_i/FCLKCLK[0]
                         net (fo=1, routed)           0.310     0.310    design_2_i/cg_fpga_0/inst/processing_system7_0/inst/FCLK_CLK_unbuffered[0]
    BUFGCTRL_X0Y16       BUFG (Prop_bufg_I_O)         0.026     0.336 r  design_2_i/cg_fpga_0/inst/processing_system7_0/inst/buffer_fclk_clk_0.FCLK_CLK_0_BUFG/O
                         net (fo=6935, routed)        0.548     0.884    design_2_i/cg_fpga_0/inst/cg_axi_vdma_0/U0/AXI_LITE_REG_INTERFACE_I/GEN_AXI_LITE_IF.AXI_LITE_IF_I/s_axi_lite_aclk
    SLICE_X52Y63         FDRE                                         r  design_2_i/cg_fpga_0/inst/cg_axi_vdma_0/U0/AXI_LITE_REG_INTERFACE_I/GEN_AXI_LITE_IF.AXI_LITE_IF_I/GEN_LITE_IS_ASYNC.GEN_ASYNC_LITE_ACCESS.s2mm_ip2axi_rddata_d1_reg[18]/C
  -------------------------------------------------------------------    -------------------
    SLICE_X52Y63         FDRE (Prop_fdre_C_Q)         0.141     1.025 r  design_2_i/cg_fpga_0/inst/cg_axi_vdma_0/U0/AXI_LITE_REG_INTERFACE_I/GEN_AXI_LITE_IF.AXI_LITE_IF_I/GEN_LITE_IS_ASYNC.GEN_ASYNC_LITE_ACCESS.s2mm_ip2axi_rddata_d1_reg[18]/Q
                         net (fo=1, routed)           0.105     1.129    design_2_i/cg_fpga_0/inst/cg_axi_vdma_0/U0/AXI_LITE_REG_INTERFACE_I/GEN_AXI_LITE_IF.AXI_LITE_IF_I/s2mm_ip2axi_rddata_d1[18]
    SLICE_X50Y63         FDRE                                         r  design_2_i/cg_fpga_0/inst/cg_axi_vdma_0/U0/AXI_LITE_REG_INTERFACE_I/GEN_AXI_LITE_IF.AXI_LITE_IF_I/GEN_LITE_IS_ASYNC.GEN_ASYNC_LITE_ACCESS.ip2axi_rddata_captured_s2mm_cdc_tig_reg[18]/D
  -------------------------------------------------------------------    -------------------

                         (clock clk_fpga_0 rise edge)
                                                      0.000     0.000 r  
    PS7_X0Y0             PS7                          0.000     0.000 r  design_2_i/cg_fpga_0/inst/processing_system7_0/inst/PS7_i/FCLKCLK[0]
                         net (fo=1, routed)           0.337     0.337    design_2_i/cg_fpga_0/inst/processing_system7_0/inst/FCLK_CLK_unbuffered[0]
    BUFGCTRL_X0Y16       BUFG (Prop_bufg_I_O)         0.029     0.366 r  design_2_i/cg_fpga_0/inst/processing_system7_0/inst/buffer_fclk_clk_0.FCLK_CLK_0_BUFG/O
                         net (fo=6935, routed)        0.815     1.181    design_2_i/cg_fpga_0/inst/cg_axi_vdma_0/U0/AXI_LITE_REG_INTERFACE_I/GEN_AXI_LITE_IF.AXI_LITE_IF_I/s_axi_lite_aclk
    SLICE_X50Y63         FDRE                                         r  design_2_i/cg_fpga_0/inst/cg_axi_vdma_0/U0/AXI_LITE_REG_INTERFACE_I/GEN_AXI_LITE_IF.AXI_LITE_IF_I/GEN_LITE_IS_ASYNC.GEN_ASYNC_LITE_ACCESS.ip2axi_rddata_captured_s2mm_cdc_tig_reg[18]/C

Slack:                    inf
  Source:                 design_2_i/cg_fpga_0/inst/cg_axi_vdma_0/U0/AXI_LITE_REG_INTERFACE_I/GEN_AXI_LITE_IF.AXI_LITE_IF_I/wdata_reg[25]/C
                            (rising edge-triggered cell FDRE clocked by clk_fpga_0  {rise@0.000ns fall@5.000ns period=10.000ns})
  Destination:            design_2_i/cg_fpga_0/inst/cg_axi_vdma_0/U0/AXI_LITE_REG_INTERFACE_I/GEN_AXI_LITE_IF.AXI_LITE_IF_I/GEN_LITE_IS_ASYNC.GEN_ASYNC_LITE_ACCESS.mm2s_axi2ip_wrdata_cdc_tig_reg[25]/D
                            (rising edge-triggered cell FDRE clocked by clk_fpga_0  {rise@0.000ns fall@5.000ns period=10.000ns})
  Path Group:             (none)
  Path Type:              Hold (Min at Fast Process Corner)
  Data Path Delay:        0.257ns  (logic 0.141ns (54.812%)  route 0.116ns (45.188%))
  Logic Levels:           0  
  Clock Path Skew:        0.297ns (DCD - SCD - CPR)
    Destination Clock Delay (DCD):    1.179ns
    Source Clock Delay      (SCD):    0.882ns
    Clock Pessimism Removal (CPR):    -0.000ns
  Clock Uncertainty:      0.154ns  ((TSJ^2 + TIJ^2)^1/2 + DJ) / 2 + PE
    Total System Jitter     (TSJ):    0.071ns
    Total Input Jitter      (TIJ):    0.300ns
    Discrete Jitter          (DJ):    0.000ns
    Phase Error              (PE):    0.000ns
  Timing Exception:       False Path

    Location             Delay type                Incr(ns)  Path(ns)    Netlist Resource(s)
  -------------------------------------------------------------------    -------------------
                         (clock clk_fpga_0 rise edge)
                                                      0.000     0.000 r  
    PS7_X0Y0             PS7                          0.000     0.000 r  design_2_i/cg_fpga_0/inst/processing_system7_0/inst/PS7_i/FCLKCLK[0]
                         net (fo=1, routed)           0.310     0.310    design_2_i/cg_fpga_0/inst/processing_system7_0/inst/FCLK_CLK_unbuffered[0]
    BUFGCTRL_X0Y16       BUFG (Prop_bufg_I_O)         0.026     0.336 r  design_2_i/cg_fpga_0/inst/processing_system7_0/inst/buffer_fclk_clk_0.FCLK_CLK_0_BUFG/O
                         net (fo=6935, routed)        0.546     0.882    design_2_i/cg_fpga_0/inst/cg_axi_vdma_0/U0/AXI_LITE_REG_INTERFACE_I/GEN_AXI_LITE_IF.AXI_LITE_IF_I/s_axi_lite_aclk
    SLICE_X47Y72         FDRE                                         r  design_2_i/cg_fpga_0/inst/cg_axi_vdma_0/U0/AXI_LITE_REG_INTERFACE_I/GEN_AXI_LITE_IF.AXI_LITE_IF_I/wdata_reg[25]/C
  -------------------------------------------------------------------    -------------------
    SLICE_X47Y72         FDRE (Prop_fdre_C_Q)         0.141     1.023 r  design_2_i/cg_fpga_0/inst/cg_axi_vdma_0/U0/AXI_LITE_REG_INTERFACE_I/GEN_AXI_LITE_IF.AXI_LITE_IF_I/wdata_reg[25]/Q
                         net (fo=2, routed)           0.116     1.139    design_2_i/cg_fpga_0/inst/cg_axi_vdma_0/U0/AXI_LITE_REG_INTERFACE_I/GEN_AXI_LITE_IF.AXI_LITE_IF_I/wdata[25]
    SLICE_X47Y70         FDRE                                         r  design_2_i/cg_fpga_0/inst/cg_axi_vdma_0/U0/AXI_LITE_REG_INTERFACE_I/GEN_AXI_LITE_IF.AXI_LITE_IF_I/GEN_LITE_IS_ASYNC.GEN_ASYNC_LITE_ACCESS.mm2s_axi2ip_wrdata_cdc_tig_reg[25]/D
  -------------------------------------------------------------------    -------------------

                         (clock clk_fpga_0 rise edge)
                                                      0.000     0.000 r  
    PS7_X0Y0             PS7                          0.000     0.000 r  design_2_i/cg_fpga_0/inst/processing_system7_0/inst/PS7_i/FCLKCLK[0]
                         net (fo=1, routed)           0.337     0.337    design_2_i/cg_fpga_0/inst/processing_system7_0/inst/FCLK_CLK_unbuffered[0]
    BUFGCTRL_X0Y16       BUFG (Prop_bufg_I_O)         0.029     0.366 r  design_2_i/cg_fpga_0/inst/processing_system7_0/inst/buffer_fclk_clk_0.FCLK_CLK_0_BUFG/O
                         net (fo=6935, routed)        0.813     1.179    design_2_i/cg_fpga_0/inst/cg_axi_vdma_0/U0/AXI_LITE_REG_INTERFACE_I/GEN_AXI_LITE_IF.AXI_LITE_IF_I/s_axi_lite_aclk
    SLICE_X47Y70         FDRE                                         r  design_2_i/cg_fpga_0/inst/cg_axi_vdma_0/U0/AXI_LITE_REG_INTERFACE_I/GEN_AXI_LITE_IF.AXI_LITE_IF_I/GEN_LITE_IS_ASYNC.GEN_ASYNC_LITE_ACCESS.mm2s_axi2ip_wrdata_cdc_tig_reg[25]/C

Slack:                    inf
  Source:                 design_2_i/cg_fpga_0/inst/cg_axi_vdma_0/U0/GEN_SPRT_FOR_MM2S.MM2S_REGISTER_MODULE_I/I_DMA_REGISTER/MM2S_ERR_FOR_IRQ.frm_store_i_reg[2]/C
                            (rising edge-triggered cell FDRE clocked by clk_fpga_0  {rise@0.000ns fall@5.000ns period=10.000ns})
  Destination:            design_2_i/cg_fpga_0/inst/cg_axi_vdma_0/U0/AXI_LITE_REG_INTERFACE_I/GEN_MM2S_LITE_CROSSINGS.GEN_MM2S_CROSSINGS_ASYNC.mm2s_ip2axi_frame_store_cdc_tig_reg[2]/D
                            (rising edge-triggered cell FDRE clocked by clk_fpga_0  {rise@0.000ns fall@5.000ns period=10.000ns})
  Path Group:             (none)
  Path Type:              Hold (Min at Fast Process Corner)
  Data Path Delay:        0.253ns  (logic 0.141ns (55.730%)  route 0.112ns (44.270%))
  Logic Levels:           0  
  Clock Path Skew:        0.297ns (DCD - SCD - CPR)
    Destination Clock Delay (DCD):    1.185ns
    Source Clock Delay      (SCD):    0.888ns
    Clock Pessimism Removal (CPR):    -0.000ns
  Clock Uncertainty:      0.154ns  ((TSJ^2 + TIJ^2)^1/2 + DJ) / 2 + PE
    Total System Jitter     (TSJ):    0.071ns
    Total Input Jitter      (TIJ):    0.300ns
    Discrete Jitter          (DJ):    0.000ns
    Phase Error              (PE):    0.000ns
  Timing Exception:       False Path

    Location             Delay type                Incr(ns)  Path(ns)    Netlist Resource(s)
  -------------------------------------------------------------------    -------------------
                         (clock clk_fpga_0 rise edge)
                                                      0.000     0.000 r  
    PS7_X0Y0             PS7                          0.000     0.000 r  design_2_i/cg_fpga_0/inst/processing_system7_0/inst/PS7_i/FCLKCLK[0]
                         net (fo=1, routed)           0.310     0.310    design_2_i/cg_fpga_0/inst/processing_system7_0/inst/FCLK_CLK_unbuffered[0]
    BUFGCTRL_X0Y16       BUFG (Prop_bufg_I_O)         0.026     0.336 r  design_2_i/cg_fpga_0/inst/processing_system7_0/inst/buffer_fclk_clk_0.FCLK_CLK_0_BUFG/O
                         net (fo=6935, routed)        0.552     0.888    design_2_i/cg_fpga_0/inst/cg_axi_vdma_0/U0/GEN_SPRT_FOR_MM2S.MM2S_REGISTER_MODULE_I/I_DMA_REGISTER/s_axi_lite_aclk
    SLICE_X47Y63         FDRE                                         r  design_2_i/cg_fpga_0/inst/cg_axi_vdma_0/U0/GEN_SPRT_FOR_MM2S.MM2S_REGISTER_MODULE_I/I_DMA_REGISTER/MM2S_ERR_FOR_IRQ.frm_store_i_reg[2]/C
  -------------------------------------------------------------------    -------------------
    SLICE_X47Y63         FDRE (Prop_fdre_C_Q)         0.141     1.029 r  design_2_i/cg_fpga_0/inst/cg_axi_vdma_0/U0/GEN_SPRT_FOR_MM2S.MM2S_REGISTER_MODULE_I/I_DMA_REGISTER/MM2S_ERR_FOR_IRQ.frm_store_i_reg[2]/Q
                         net (fo=1, routed)           0.112     1.141    design_2_i/cg_fpga_0/inst/cg_axi_vdma_0/U0/AXI_LITE_REG_INTERFACE_I/GEN_MM2S_LITE_CROSSINGS.GEN_MM2S_CROSSINGS_ASYNC.mm2s_ip2axi_frame_store_cdc_tig_reg[4]_0[2]
    SLICE_X47Y64         FDRE                                         r  design_2_i/cg_fpga_0/inst/cg_axi_vdma_0/U0/AXI_LITE_REG_INTERFACE_I/GEN_MM2S_LITE_CROSSINGS.GEN_MM2S_CROSSINGS_ASYNC.mm2s_ip2axi_frame_store_cdc_tig_reg[2]/D
  -------------------------------------------------------------------    -------------------

                         (clock clk_fpga_0 rise edge)
                                                      0.000     0.000 r  
    PS7_X0Y0             PS7                          0.000     0.000 r  design_2_i/cg_fpga_0/inst/processing_system7_0/inst/PS7_i/FCLKCLK[0]
                         net (fo=1, routed)           0.337     0.337    design_2_i/cg_fpga_0/inst/processing_system7_0/inst/FCLK_CLK_unbuffered[0]
    BUFGCTRL_X0Y16       BUFG (Prop_bufg_I_O)         0.029     0.366 r  design_2_i/cg_fpga_0/inst/processing_system7_0/inst/buffer_fclk_clk_0.FCLK_CLK_0_BUFG/O
                         net (fo=6935, routed)        0.819     1.185    design_2_i/cg_fpga_0/inst/cg_axi_vdma_0/U0/AXI_LITE_REG_INTERFACE_I/s_axi_lite_aclk
    SLICE_X47Y64         FDRE                                         r  design_2_i/cg_fpga_0/inst/cg_axi_vdma_0/U0/AXI_LITE_REG_INTERFACE_I/GEN_MM2S_LITE_CROSSINGS.GEN_MM2S_CROSSINGS_ASYNC.mm2s_ip2axi_frame_store_cdc_tig_reg[2]/C





