
*** Running vivado
    with args -log design_2_wrapper.vdi -applog -m64 -product Vivado -messageDb vivado.pb -mode batch -source design_2_wrapper.tcl -notrace



****** Vivado v2024.2 (64-bit)
  **** SW Build 5239630 on Fri Nov 08 22:35:27 MST 2024
  **** IP Build 5239520 on Sun Nov 10 16:12:51 MST 2024
  **** SharedData Build 5239561 on Fri Nov 08 14:39:27 MST 2024
  **** Start of session at: Fri Oct 10 11:19:30 2025
    ** Copyright 1986-2022 Xilinx, Inc. All Rights Reserved.
    ** Copyright 2022-2024 Advanced Micro Devices, Inc. All Rights Reserved.

source design_2_wrapper.tcl -notrace
INFO: [IP_Flow 19-234] Refreshing IP repositories
INFO: [IP_Flow 19-1700] Loaded user IP repository 'd:/ip_repo'.
INFO: [IP_Flow 19-2313] Loaded Vivado IP repository 'D:/Vivado/2024.2/data/ip'.
add_files: Time (s): cpu = 00:00:02 ; elapsed = 00:00:05 . Memory (MB): peak = 434.254 ; gain = 62.414
Command: link_design -top design_2_wrapper -part xc7z020clg400-1
Design is defaulting to srcset: sources_1
Design is defaulting to constrset: constrs_1
INFO: [Device 21-403] Loading part xc7z020clg400-1
INFO: [Project 1-454] Reading design checkpoint 'd:/cd2/design_2/ip/design_2_adpt_in_0_2/design_2_adpt_in_0_2.dcp' for cell 'design_2_i/adpt_in_0'
INFO: [Project 1-454] Reading design checkpoint 'd:/cd2/design_2/ip/design_2_adpt_in_1_0/design_2_adpt_in_1_0.dcp' for cell 'design_2_i/adpt_in_1'
INFO: [Project 1-454] Reading design checkpoint 'd:/cd2/design_2/ip/design_2_adpt_out_16bit_0_0/design_2_adpt_out_16bit_0_0.dcp' for cell 'design_2_i/adpt_out_16bit_0'
INFO: [Project 1-454] Reading design checkpoint 'd:/cd2/design_2/ip/design_2_carry_output_splitter_0_1/design_2_carry_output_splitter_0_1.dcp' for cell 'design_2_i/carry_output_splitter_0'
INFO: [Project 1-454] Reading design checkpoint 'd:/cd2/design_2/ip/design_2_carry_output_splitter_1_1/design_2_carry_output_splitter_1_1.dcp' for cell 'design_2_i/carry_output_splitter_1'
INFO: [Project 1-454] Reading design checkpoint 'd:/cd2/design_2/ip/design_2_carry_output_splitter_2_1/design_2_carry_output_splitter_2_1.dcp' for cell 'design_2_i/carry_output_splitter_2'
INFO: [Project 1-454] Reading design checkpoint 'd:/cd2/design_2/ip/design_2_carry_output_splitter_3_0/design_2_carry_output_splitter_3_0.dcp' for cell 'design_2_i/carry_output_splitter_3'
INFO: [Project 1-454] Reading design checkpoint 'd:/cd2/design_2/ip/design_2_carry_output_splitter_4_0/design_2_carry_output_splitter_4_0.dcp' for cell 'design_2_i/carry_output_splitter_4'
INFO: [Project 1-454] Reading design checkpoint 'd:/cd2/design_2/ip/design_2_carry_output_splitter_5_0/design_2_carry_output_splitter_5_0.dcp' for cell 'design_2_i/carry_output_splitter_5'
INFO: [Project 1-454] Reading design checkpoint 'd:/cd2/design_2/ip/design_2_carry_output_splitter_6_0/design_2_carry_output_splitter_6_0.dcp' for cell 'design_2_i/carry_output_splitter_6'
INFO: [Project 1-454] Reading design checkpoint 'd:/cd2/design_2/ip/design_2_carry_output_splitter_7_0/design_2_carry_output_splitter_7_0.dcp' for cell 'design_2_i/carry_output_splitter_7'
INFO: [Project 1-454] Reading design checkpoint 'd:/cd2/design_2/ip/design_2_cg_fpga_0_0/design_2_cg_fpga_0_0.dcp' for cell 'design_2_i/cg_fpga_0'
INFO: [Project 1-454] Reading design checkpoint 'd:/cd2/design_2/ip/design_2_complement_16bit_con_0_0/design_2_complement_16bit_con_0_0.dcp' for cell 'design_2_i/complement_16bit_con_0'
INFO: [Project 1-454] Reading design checkpoint 'd:/cd2/design_2/ip/design_2_xor_gate_0_0/design_2_xor_gate_0_0.dcp' for cell 'design_2_i/xor_gate_0'
INFO: [Project 1-454] Reading design checkpoint 'd:/cd2/design_2/ip/design_2_xor_gate_8bit_0_0/design_2_xor_gate_8bit_0_0.dcp' for cell 'design_2_i/xor_gate_8bit_0'
INFO: [Project 1-454] Reading design checkpoint 'd:/cd2/design_2/ip/design_2_xor_gate_8bit_0_1/design_2_xor_gate_8bit_0_1.dcp' for cell 'design_2_i/xor_gate_8bit_1'
INFO: [Project 1-454] Reading design checkpoint 'd:/cd2/design_2/ip/design_2_aggregator_4bit_0_6/design_2_aggregator_4bit_0_6.dcp' for cell 'design_2_i/SUM/aggregator_4bit_0'
INFO: [Project 1-454] Reading design checkpoint 'd:/cd2/design_2/ip/design_2_alu_74181_0_3/design_2_alu_74181_0_3.dcp' for cell 'design_2_i/SUM/alu_74181_0'
INFO: [Project 1-454] Reading design checkpoint 'd:/cd2/design_2/ip/design_2_alu_74181_1_3/design_2_alu_74181_1_3.dcp' for cell 'design_2_i/SUM/alu_74181_1'
INFO: [Project 1-454] Reading design checkpoint 'd:/cd2/design_2/ip/design_2_carry_lookahead_74182_0_1/design_2_carry_lookahead_74182_0_1.dcp' for cell 'design_2_i/SUM/carry_lookahead_74182_0'
INFO: [Project 1-454] Reading design checkpoint 'd:/cd2/design_2/ip/design_2_aggregator_4bit_0_7/design_2_aggregator_4bit_0_7.dcp' for cell 'design_2_i/SUM1/aggregator_4bit_0'
INFO: [Project 1-454] Reading design checkpoint 'd:/cd2/design_2/ip/design_2_alu_74181_0_4/design_2_alu_74181_0_4.dcp' for cell 'design_2_i/SUM1/alu_74181_0'
INFO: [Project 1-454] Reading design checkpoint 'd:/cd2/design_2/ip/design_2_alu_74181_1_4/design_2_alu_74181_1_4.dcp' for cell 'design_2_i/SUM1/alu_74181_1'
INFO: [Project 1-454] Reading design checkpoint 'd:/cd2/design_2/ip/design_2_carry_lookahead_74182_0_2/design_2_carry_lookahead_74182_0_2.dcp' for cell 'design_2_i/SUM1/carry_lookahead_74182_0'
INFO: [Project 1-454] Reading design checkpoint 'd:/cd2/design_2/ip/design_2_aggregator_4bit_0_5/design_2_aggregator_4bit_0_5.dcp' for cell 'design_2_i/zlcfq_sixteen/SUM/aggregator_4bit_0'
INFO: [Project 1-454] Reading design checkpoint 'd:/cd2/design_2/ip/design_2_alu_74181_0_2/design_2_alu_74181_0_2.dcp' for cell 'design_2_i/zlcfq_sixteen/SUM/alu_74181_0'
INFO: [Project 1-454] Reading design checkpoint 'd:/cd2/design_2/ip/design_2_alu_74181_1_2/design_2_alu_74181_1_2.dcp' for cell 'design_2_i/zlcfq_sixteen/SUM/alu_74181_1'
INFO: [Project 1-454] Reading design checkpoint 'd:/cd2/design_2/ip/design_2_alu_74181_2_0/design_2_alu_74181_2_0.dcp' for cell 'design_2_i/zlcfq_sixteen/SUM/alu_74181_2'
INFO: [Project 1-454] Reading design checkpoint 'd:/cd2/design_2/ip/design_2_carry_lookahead_74182_0_0/design_2_carry_lookahead_74182_0_0.dcp' for cell 'design_2_i/zlcfq_sixteen/SUM/carry_lookahead_74182_0'
INFO: [Project 1-454] Reading design checkpoint 'd:/cd2/design_2/ip/design_2_aggregator_4bit_0_2/design_2_aggregator_4bit_0_2.dcp' for cell 'design_2_i/zlcfq_sixteen/half_mul/aggregator_4bit_0'
INFO: [Project 1-454] Reading design checkpoint 'd:/cd2/design_2/ip/design_2_aggregator_4bit_0_0/design_2_aggregator_4bit_0_0.dcp' for cell 'design_2_i/zlcfq_sixteen/half_mul/ADD/aggregator_4bit_0'
INFO: [Project 1-454] Reading design checkpoint 'd:/cd2/design_2/ip/design_2_aggregator_4bit_0_1/design_2_aggregator_4bit_0_1.dcp' for cell 'design_2_i/zlcfq_sixteen/half_mul/ADD/aggregator_4bit_1'
INFO: [Project 1-454] Reading design checkpoint 'd:/cd2/design_2/ip/design_2_aggregator_4bit_2_0/design_2_aggregator_4bit_2_0.dcp' for cell 'design_2_i/zlcfq_sixteen/half_mul/ADD/aggregator_4bit_2'
INFO: [Project 1-454] Reading design checkpoint 'd:/cd2/design_2/ip/design_2_aggregator_4bit_3_0/design_2_aggregator_4bit_3_0.dcp' for cell 'design_2_i/zlcfq_sixteen/half_mul/ADD/aggregator_4bit_3'
INFO: [Project 1-454] Reading design checkpoint 'd:/cd2/design_2/ip/design_2_alu_74181_0_0/design_2_alu_74181_0_0.dcp' for cell 'design_2_i/zlcfq_sixteen/half_mul/ADD/alu_74181_0'
INFO: [Project 1-454] Reading design checkpoint 'd:/cd2/design_2/ip/design_2_alu_74181_1_0/design_2_alu_74181_1_0.dcp' for cell 'design_2_i/zlcfq_sixteen/half_mul/ADD/alu_74181_1'
INFO: [Project 1-454] Reading design checkpoint 'd:/cd2/design_2/ip/design_2_and_gate_0_0/design_2_and_gate_0_0.dcp' for cell 'design_2_i/zlcfq_sixteen/half_mul/zlcfq/addcell0/and_gate_0'
INFO: [Project 1-454] Reading design checkpoint 'd:/cd2/design_2/ip/design_2_full_add_0_0/design_2_full_add_0_0.dcp' for cell 'design_2_i/zlcfq_sixteen/half_mul/zlcfq/addcell0/full_add_0'
INFO: [Project 1-454] Reading design checkpoint 'd:/cd2/design_2/ip/design_2_and_gate_0_1/design_2_and_gate_0_1.dcp' for cell 'design_2_i/zlcfq_sixteen/half_mul/zlcfq/addcell1/and_gate_0'
INFO: [Project 1-454] Reading design checkpoint 'd:/cd2/design_2/ip/design_2_full_add_0_16/design_2_full_add_0_16.dcp' for cell 'design_2_i/zlcfq_sixteen/half_mul/zlcfq/addcell1/full_add_0'
INFO: [Project 1-454] Reading design checkpoint 'd:/cd2/design_2/ip/design_2_and_gate_0_10/design_2_and_gate_0_10.dcp' for cell 'design_2_i/zlcfq_sixteen/half_mul/zlcfq/addcell10/and_gate_0'
INFO: [Project 1-454] Reading design checkpoint 'd:/cd2/design_2/ip/design_2_full_add_0_25/design_2_full_add_0_25.dcp' for cell 'design_2_i/zlcfq_sixteen/half_mul/zlcfq/addcell10/full_add_0'
INFO: [Project 1-454] Reading design checkpoint 'd:/cd2/design_2/ip/design_2_and_gate_0_11/design_2_and_gate_0_11.dcp' for cell 'design_2_i/zlcfq_sixteen/half_mul/zlcfq/addcell11/and_gate_0'
INFO: [Project 1-454] Reading design checkpoint 'd:/cd2/design_2/ip/design_2_full_add_0_26/design_2_full_add_0_26.dcp' for cell 'design_2_i/zlcfq_sixteen/half_mul/zlcfq/addcell11/full_add_0'
INFO: [Project 1-454] Reading design checkpoint 'd:/cd2/design_2/ip/design_2_and_gate_0_12/design_2_and_gate_0_12.dcp' for cell 'design_2_i/zlcfq_sixteen/half_mul/zlcfq/addcell12/and_gate_0'
INFO: [Project 1-454] Reading design checkpoint 'd:/cd2/design_2/ip/design_2_full_add_0_27/design_2_full_add_0_27.dcp' for cell 'design_2_i/zlcfq_sixteen/half_mul/zlcfq/addcell12/full_add_0'
INFO: [Project 1-454] Reading design checkpoint 'd:/cd2/design_2/ip/design_2_and_gate_0_13/design_2_and_gate_0_13.dcp' for cell 'design_2_i/zlcfq_sixteen/half_mul/zlcfq/addcell13/and_gate_0'
INFO: [Project 1-454] Reading design checkpoint 'd:/cd2/design_2/ip/design_2_full_add_0_28/design_2_full_add_0_28.dcp' for cell 'design_2_i/zlcfq_sixteen/half_mul/zlcfq/addcell13/full_add_0'
INFO: [Project 1-454] Reading design checkpoint 'd:/cd2/design_2/ip/design_2_and_gate_0_14/design_2_and_gate_0_14.dcp' for cell 'design_2_i/zlcfq_sixteen/half_mul/zlcfq/addcell14/and_gate_0'
INFO: [Project 1-454] Reading design checkpoint 'd:/cd2/design_2/ip/design_2_full_add_0_29/design_2_full_add_0_29.dcp' for cell 'design_2_i/zlcfq_sixteen/half_mul/zlcfq/addcell14/full_add_0'
INFO: [Project 1-454] Reading design checkpoint 'd:/cd2/design_2/ip/design_2_and_gate_0_15/design_2_and_gate_0_15.dcp' for cell 'design_2_i/zlcfq_sixteen/half_mul/zlcfq/addcell15/and_gate_0'
INFO: [Project 1-454] Reading design checkpoint 'd:/cd2/design_2/ip/design_2_full_add_0_30/design_2_full_add_0_30.dcp' for cell 'design_2_i/zlcfq_sixteen/half_mul/zlcfq/addcell15/full_add_0'
INFO: [Project 1-454] Reading design checkpoint 'd:/cd2/design_2/ip/design_2_and_gate_0_2/design_2_and_gate_0_2.dcp' for cell 'design_2_i/zlcfq_sixteen/half_mul/zlcfq/addcell2/and_gate_0'
INFO: [Project 1-454] Reading design checkpoint 'd:/cd2/design_2/ip/design_2_full_add_0_17/design_2_full_add_0_17.dcp' for cell 'design_2_i/zlcfq_sixteen/half_mul/zlcfq/addcell2/full_add_0'
INFO: [Project 1-454] Reading design checkpoint 'd:/cd2/design_2/ip/design_2_and_gate_0_3/design_2_and_gate_0_3.dcp' for cell 'design_2_i/zlcfq_sixteen/half_mul/zlcfq/addcell3/and_gate_0'
INFO: [Project 1-454] Reading design checkpoint 'd:/cd2/design_2/ip/design_2_full_add_0_18/design_2_full_add_0_18.dcp' for cell 'design_2_i/zlcfq_sixteen/half_mul/zlcfq/addcell3/full_add_0'
INFO: [Project 1-454] Reading design checkpoint 'd:/cd2/design_2/ip/design_2_and_gate_0_4/design_2_and_gate_0_4.dcp' for cell 'design_2_i/zlcfq_sixteen/half_mul/zlcfq/addcell4/and_gate_0'
INFO: [Project 1-454] Reading design checkpoint 'd:/cd2/design_2/ip/design_2_full_add_0_19/design_2_full_add_0_19.dcp' for cell 'design_2_i/zlcfq_sixteen/half_mul/zlcfq/addcell4/full_add_0'
INFO: [Project 1-454] Reading design checkpoint 'd:/cd2/design_2/ip/design_2_and_gate_0_5/design_2_and_gate_0_5.dcp' for cell 'design_2_i/zlcfq_sixteen/half_mul/zlcfq/addcell5/and_gate_0'
INFO: [Project 1-454] Reading design checkpoint 'd:/cd2/design_2/ip/design_2_full_add_0_20/design_2_full_add_0_20.dcp' for cell 'design_2_i/zlcfq_sixteen/half_mul/zlcfq/addcell5/full_add_0'
INFO: [Project 1-454] Reading design checkpoint 'd:/cd2/design_2/ip/design_2_and_gate_0_6/design_2_and_gate_0_6.dcp' for cell 'design_2_i/zlcfq_sixteen/half_mul/zlcfq/addcell6/and_gate_0'
INFO: [Project 1-454] Reading design checkpoint 'd:/cd2/design_2/ip/design_2_full_add_0_21/design_2_full_add_0_21.dcp' for cell 'design_2_i/zlcfq_sixteen/half_mul/zlcfq/addcell6/full_add_0'
INFO: [Project 1-454] Reading design checkpoint 'd:/cd2/design_2/ip/design_2_and_gate_0_7/design_2_and_gate_0_7.dcp' for cell 'design_2_i/zlcfq_sixteen/half_mul/zlcfq/addcell7/and_gate_0'
INFO: [Project 1-454] Reading design checkpoint 'd:/cd2/design_2/ip/design_2_full_add_0_22/design_2_full_add_0_22.dcp' for cell 'design_2_i/zlcfq_sixteen/half_mul/zlcfq/addcell7/full_add_0'
INFO: [Project 1-454] Reading design checkpoint 'd:/cd2/design_2/ip/design_2_and_gate_0_8/design_2_and_gate_0_8.dcp' for cell 'design_2_i/zlcfq_sixteen/half_mul/zlcfq/addcell8/and_gate_0'
INFO: [Project 1-454] Reading design checkpoint 'd:/cd2/design_2/ip/design_2_full_add_0_23/design_2_full_add_0_23.dcp' for cell 'design_2_i/zlcfq_sixteen/half_mul/zlcfq/addcell8/full_add_0'
INFO: [Project 1-454] Reading design checkpoint 'd:/cd2/design_2/ip/design_2_and_gate_0_9/design_2_and_gate_0_9.dcp' for cell 'design_2_i/zlcfq_sixteen/half_mul/zlcfq/addcell9/and_gate_0'
INFO: [Project 1-454] Reading design checkpoint 'd:/cd2/design_2/ip/design_2_full_add_0_24/design_2_full_add_0_24.dcp' for cell 'design_2_i/zlcfq_sixteen/half_mul/zlcfq/addcell9/full_add_0'
INFO: [Project 1-454] Reading design checkpoint 'd:/cd2/design_2/bd/zlcfq_inst_0/ip/zlcfq_inst_0_and_gate_0_0/zlcfq_inst_0_and_gate_0_0.dcp' for cell 'design_2_i/zlcfq_sixteen/half_mul/zlcfq1/addcell0/and_gate_0'
INFO: [Project 1-454] Reading design checkpoint 'd:/cd2/design_2/bd/zlcfq_inst_0/ip/zlcfq_inst_0_full_add_0_0/zlcfq_inst_0_full_add_0_0.dcp' for cell 'design_2_i/zlcfq_sixteen/half_mul/zlcfq1/addcell0/full_add_0'
INFO: [Project 1-454] Reading design checkpoint 'd:/cd2/design_2/bd/zlcfq_inst_0/ip/zlcfq_inst_0_and_gate_0_1/zlcfq_inst_0_and_gate_0_1.dcp' for cell 'design_2_i/zlcfq_sixteen/half_mul/zlcfq1/addcell1/and_gate_0'
INFO: [Project 1-454] Reading design checkpoint 'd:/cd2/design_2/bd/zlcfq_inst_0/ip/zlcfq_inst_0_full_add_0_1/zlcfq_inst_0_full_add_0_1.dcp' for cell 'design_2_i/zlcfq_sixteen/half_mul/zlcfq1/addcell1/full_add_0'
INFO: [Project 1-454] Reading design checkpoint 'd:/cd2/design_2/bd/zlcfq_inst_0/ip/zlcfq_inst_0_and_gate_0_2/zlcfq_inst_0_and_gate_0_2.dcp' for cell 'design_2_i/zlcfq_sixteen/half_mul/zlcfq1/addcell10/and_gate_0'
INFO: [Project 1-454] Reading design checkpoint 'd:/cd2/design_2/bd/zlcfq_inst_0/ip/zlcfq_inst_0_full_add_0_2/zlcfq_inst_0_full_add_0_2.dcp' for cell 'design_2_i/zlcfq_sixteen/half_mul/zlcfq1/addcell10/full_add_0'
INFO: [Project 1-454] Reading design checkpoint 'd:/cd2/design_2/bd/zlcfq_inst_0/ip/zlcfq_inst_0_and_gate_0_3/zlcfq_inst_0_and_gate_0_3.dcp' for cell 'design_2_i/zlcfq_sixteen/half_mul/zlcfq1/addcell11/and_gate_0'
INFO: [Project 1-454] Reading design checkpoint 'd:/cd2/design_2/bd/zlcfq_inst_0/ip/zlcfq_inst_0_full_add_0_3/zlcfq_inst_0_full_add_0_3.dcp' for cell 'design_2_i/zlcfq_sixteen/half_mul/zlcfq1/addcell11/full_add_0'
INFO: [Project 1-454] Reading design checkpoint 'd:/cd2/design_2/bd/zlcfq_inst_0/ip/zlcfq_inst_0_and_gate_0_4/zlcfq_inst_0_and_gate_0_4.dcp' for cell 'design_2_i/zlcfq_sixteen/half_mul/zlcfq1/addcell12/and_gate_0'
INFO: [Project 1-454] Reading design checkpoint 'd:/cd2/design_2/bd/zlcfq_inst_0/ip/zlcfq_inst_0_full_add_0_4/zlcfq_inst_0_full_add_0_4.dcp' for cell 'design_2_i/zlcfq_sixteen/half_mul/zlcfq1/addcell12/full_add_0'
INFO: [Project 1-454] Reading design checkpoint 'd:/cd2/design_2/bd/zlcfq_inst_0/ip/zlcfq_inst_0_and_gate_0_5/zlcfq_inst_0_and_gate_0_5.dcp' for cell 'design_2_i/zlcfq_sixteen/half_mul/zlcfq1/addcell13/and_gate_0'
INFO: [Project 1-454] Reading design checkpoint 'd:/cd2/design_2/bd/zlcfq_inst_0/ip/zlcfq_inst_0_full_add_0_5/zlcfq_inst_0_full_add_0_5.dcp' for cell 'design_2_i/zlcfq_sixteen/half_mul/zlcfq1/addcell13/full_add_0'
INFO: [Project 1-454] Reading design checkpoint 'd:/cd2/design_2/bd/zlcfq_inst_0/ip/zlcfq_inst_0_and_gate_0_6/zlcfq_inst_0_and_gate_0_6.dcp' for cell 'design_2_i/zlcfq_sixteen/half_mul/zlcfq1/addcell14/and_gate_0'
INFO: [Project 1-454] Reading design checkpoint 'd:/cd2/design_2/bd/zlcfq_inst_0/ip/zlcfq_inst_0_full_add_0_6/zlcfq_inst_0_full_add_0_6.dcp' for cell 'design_2_i/zlcfq_sixteen/half_mul/zlcfq1/addcell14/full_add_0'
INFO: [Project 1-454] Reading design checkpoint 'd:/cd2/design_2/bd/zlcfq_inst_0/ip/zlcfq_inst_0_and_gate_0_7/zlcfq_inst_0_and_gate_0_7.dcp' for cell 'design_2_i/zlcfq_sixteen/half_mul/zlcfq1/addcell15/and_gate_0'
INFO: [Project 1-454] Reading design checkpoint 'd:/cd2/design_2/bd/zlcfq_inst_0/ip/zlcfq_inst_0_full_add_0_7/zlcfq_inst_0_full_add_0_7.dcp' for cell 'design_2_i/zlcfq_sixteen/half_mul/zlcfq1/addcell15/full_add_0'
INFO: [Project 1-454] Reading design checkpoint 'd:/cd2/design_2/bd/zlcfq_inst_0/ip/zlcfq_inst_0_and_gate_0_8/zlcfq_inst_0_and_gate_0_8.dcp' for cell 'design_2_i/zlcfq_sixteen/half_mul/zlcfq1/addcell2/and_gate_0'
INFO: [Project 1-454] Reading design checkpoint 'd:/cd2/design_2/bd/zlcfq_inst_0/ip/zlcfq_inst_0_full_add_0_8/zlcfq_inst_0_full_add_0_8.dcp' for cell 'design_2_i/zlcfq_sixteen/half_mul/zlcfq1/addcell2/full_add_0'
INFO: [Project 1-454] Reading design checkpoint 'd:/cd2/design_2/bd/zlcfq_inst_0/ip/zlcfq_inst_0_and_gate_0_9/zlcfq_inst_0_and_gate_0_9.dcp' for cell 'design_2_i/zlcfq_sixteen/half_mul/zlcfq1/addcell3/and_gate_0'
INFO: [Project 1-454] Reading design checkpoint 'd:/cd2/design_2/bd/zlcfq_inst_0/ip/zlcfq_inst_0_full_add_0_9/zlcfq_inst_0_full_add_0_9.dcp' for cell 'design_2_i/zlcfq_sixteen/half_mul/zlcfq1/addcell3/full_add_0'
INFO: [Project 1-454] Reading design checkpoint 'd:/cd2/design_2/bd/zlcfq_inst_0/ip/zlcfq_inst_0_and_gate_0_10/zlcfq_inst_0_and_gate_0_10.dcp' for cell 'design_2_i/zlcfq_sixteen/half_mul/zlcfq1/addcell4/and_gate_0'
INFO: [Project 1-454] Reading design checkpoint 'd:/cd2/design_2/bd/zlcfq_inst_0/ip/zlcfq_inst_0_full_add_0_10/zlcfq_inst_0_full_add_0_10.dcp' for cell 'design_2_i/zlcfq_sixteen/half_mul/zlcfq1/addcell4/full_add_0'
INFO: [Project 1-454] Reading design checkpoint 'd:/cd2/design_2/bd/zlcfq_inst_0/ip/zlcfq_inst_0_and_gate_0_11/zlcfq_inst_0_and_gate_0_11.dcp' for cell 'design_2_i/zlcfq_sixteen/half_mul/zlcfq1/addcell5/and_gate_0'
INFO: [Project 1-454] Reading design checkpoint 'd:/cd2/design_2/bd/zlcfq_inst_0/ip/zlcfq_inst_0_full_add_0_11/zlcfq_inst_0_full_add_0_11.dcp' for cell 'design_2_i/zlcfq_sixteen/half_mul/zlcfq1/addcell5/full_add_0'
INFO: [Project 1-454] Reading design checkpoint 'd:/cd2/design_2/bd/zlcfq_inst_0/ip/zlcfq_inst_0_and_gate_0_12/zlcfq_inst_0_and_gate_0_12.dcp' for cell 'design_2_i/zlcfq_sixteen/half_mul/zlcfq1/addcell6/and_gate_0'
INFO: [Project 1-454] Reading design checkpoint 'd:/cd2/design_2/bd/zlcfq_inst_0/ip/zlcfq_inst_0_full_add_0_12/zlcfq_inst_0_full_add_0_12.dcp' for cell 'design_2_i/zlcfq_sixteen/half_mul/zlcfq1/addcell6/full_add_0'
INFO: [Project 1-454] Reading design checkpoint 'd:/cd2/design_2/bd/zlcfq_inst_0/ip/zlcfq_inst_0_and_gate_0_13/zlcfq_inst_0_and_gate_0_13.dcp' for cell 'design_2_i/zlcfq_sixteen/half_mul/zlcfq1/addcell7/and_gate_0'
INFO: [Project 1-454] Reading design checkpoint 'd:/cd2/design_2/bd/zlcfq_inst_0/ip/zlcfq_inst_0_full_add_0_13/zlcfq_inst_0_full_add_0_13.dcp' for cell 'design_2_i/zlcfq_sixteen/half_mul/zlcfq1/addcell7/full_add_0'
INFO: [Project 1-454] Reading design checkpoint 'd:/cd2/design_2/bd/zlcfq_inst_0/ip/zlcfq_inst_0_and_gate_0_14/zlcfq_inst_0_and_gate_0_14.dcp' for cell 'design_2_i/zlcfq_sixteen/half_mul/zlcfq1/addcell8/and_gate_0'
INFO: [Project 1-454] Reading design checkpoint 'd:/cd2/design_2/bd/zlcfq_inst_0/ip/zlcfq_inst_0_full_add_0_14/zlcfq_inst_0_full_add_0_14.dcp' for cell 'design_2_i/zlcfq_sixteen/half_mul/zlcfq1/addcell8/full_add_0'
INFO: [Project 1-454] Reading design checkpoint 'd:/cd2/design_2/bd/zlcfq_inst_0/ip/zlcfq_inst_0_and_gate_0_15/zlcfq_inst_0_and_gate_0_15.dcp' for cell 'design_2_i/zlcfq_sixteen/half_mul/zlcfq1/addcell9/and_gate_0'
INFO: [Project 1-454] Reading design checkpoint 'd:/cd2/design_2/bd/zlcfq_inst_0/ip/zlcfq_inst_0_full_add_0_15/zlcfq_inst_0_full_add_0_15.dcp' for cell 'design_2_i/zlcfq_sixteen/half_mul/zlcfq1/addcell9/full_add_0'
INFO: [Common 17-14] Message 'Project 1-454' appears 100 times and further instances of the messages will be disabled. Use the Tcl command set_msg_config to change the current settings.
Netlist sorting complete. Time (s): cpu = 00:00:00 ; elapsed = 00:00:00.407 . Memory (MB): peak = 744.750 ; gain = 1.906
INFO: [Netlist 29-17] Analyzing 347 Unisim elements for replacement
INFO: [Netlist 29-28] Unisim Transformation completed in 0 CPU seconds
INFO: [Project 1-479] Netlist was created with Vivado 2024.2
INFO: [Project 1-570] Preparing netlist for logic optimization
Parsing XDC File [d:/cd2/design_2/ip/design_2_cg_fpga_0_0/src/cg_fpga_processing_system7_0_0/cg_fpga_processing_system7_0_0.xdc] for cell 'design_2_i/cg_fpga_0/inst/processing_system7_0/inst'
CRITICAL WARNING: [Netlist 29-160] Cannot set property 'iostandard', because the property does not exist for objects of type 'pin'. [d:/cd2/design_2/ip/design_2_cg_fpga_0_0/src/cg_fpga_processing_system7_0_0/cg_fpga_processing_system7_0_0.xdc:30]
Resolution: Modify the set_property command to apply the property on the correct object type. Since the property is being applied as a scoped constraint, ensure the proper connectivity of the object port objects can be translated into pin objects. This could be due to the insertion of IO Buffers between the top level terminal and cell pin. If the goal is to apply constraints that will migrate to top level ports it is required that IO Buffers manually be instanced.
CRITICAL WARNING: [Netlist 29-160] Cannot set property 'PACKAGE_PIN', because the property does not exist for objects of type 'pin'. [d:/cd2/design_2/ip/design_2_cg_fpga_0_0/src/cg_fpga_processing_system7_0_0/cg_fpga_processing_system7_0_0.xdc:31]
Resolution: Modify the set_property command to apply the property on the correct object type. Since the property is being applied as a scoped constraint, ensure the proper connectivity of the object port objects can be translated into pin objects. This could be due to the insertion of IO Buffers between the top level terminal and cell pin. If the goal is to apply constraints that will migrate to top level ports it is required that IO Buffers manually be instanced.
CRITICAL WARNING: [Netlist 29-160] Cannot set property 'slew', because the property does not exist for objects of type 'pin'. [d:/cd2/design_2/ip/design_2_cg_fpga_0_0/src/cg_fpga_processing_system7_0_0/cg_fpga_processing_system7_0_0.xdc:32]
Resolution: Modify the set_property command to apply the property on the correct object type. Since the property is being applied as a scoped constraint, ensure the proper connectivity of the object port objects can be translated into pin objects. This could be due to the insertion of IO Buffers between the top level terminal and cell pin. If the goal is to apply constraints that will migrate to top level ports it is required that IO Buffers manually be instanced.
CRITICAL WARNING: [Netlist 29-160] Cannot set property 'drive', because the property does not exist for objects of type 'pin'. [d:/cd2/design_2/ip/design_2_cg_fpga_0_0/src/cg_fpga_processing_system7_0_0/cg_fpga_processing_system7_0_0.xdc:33]
Resolution: Modify the set_property command to apply the property on the correct object type. Since the property is being applied as a scoped constraint, ensure the proper connectivity of the object port objects can be translated into pin objects. This could be due to the insertion of IO Buffers between the top level terminal and cell pin. If the goal is to apply constraints that will migrate to top level ports it is required that IO Buffers manually be instanced.
CRITICAL WARNING: [Netlist 29-160] Cannot set property 'pullup', because the property does not exist for objects of type 'pin'. [d:/cd2/design_2/ip/design_2_cg_fpga_0_0/src/cg_fpga_processing_system7_0_0/cg_fpga_processing_system7_0_0.xdc:34]
Resolution: Modify the set_property command to apply the property on the correct object type. Since the property is being applied as a scoped constraint, ensure the proper connectivity of the object port objects can be translated into pin objects. This could be due to the insertion of IO Buffers between the top level terminal and cell pin. If the goal is to apply constraints that will migrate to top level ports it is required that IO Buffers manually be instanced.
CRITICAL WARNING: [Netlist 29-160] Cannot set property 'PIO_DIRECTION', because the property does not exist for objects of type 'pin'. [d:/cd2/design_2/ip/design_2_cg_fpga_0_0/src/cg_fpga_processing_system7_0_0/cg_fpga_processing_system7_0_0.xdc:35]
Resolution: Modify the set_property command to apply the property on the correct object type. Since the property is being applied as a scoped constraint, ensure the proper connectivity of the object port objects can be translated into pin objects. This could be due to the insertion of IO Buffers between the top level terminal and cell pin. If the goal is to apply constraints that will migrate to top level ports it is required that IO Buffers manually be instanced.
CRITICAL WARNING: [Netlist 29-160] Cannot set property 'iostandard', because the property does not exist for objects of type 'pin'. [d:/cd2/design_2/ip/design_2_cg_fpga_0_0/src/cg_fpga_processing_system7_0_0/cg_fpga_processing_system7_0_0.xdc:37]
Resolution: Modify the set_property command to apply the property on the correct object type. Since the property is being applied as a scoped constraint, ensure the proper connectivity of the object port objects can be translated into pin objects. This could be due to the insertion of IO Buffers between the top level terminal and cell pin. If the goal is to apply constraints that will migrate to top level ports it is required that IO Buffers manually be instanced.
CRITICAL WARNING: [Netlist 29-160] Cannot set property 'PACKAGE_PIN', because the property does not exist for objects of type 'pin'. [d:/cd2/design_2/ip/design_2_cg_fpga_0_0/src/cg_fpga_processing_system7_0_0/cg_fpga_processing_system7_0_0.xdc:38]
Resolution: Modify the set_property command to apply the property on the correct object type. Since the property is being applied as a scoped constraint, ensure the proper connectivity of the object port objects can be translated into pin objects. This could be due to the insertion of IO Buffers between the top level terminal and cell pin. If the goal is to apply constraints that will migrate to top level ports it is required that IO Buffers manually be instanced.
CRITICAL WARNING: [Netlist 29-160] Cannot set property 'slew', because the property does not exist for objects of type 'pin'. [d:/cd2/design_2/ip/design_2_cg_fpga_0_0/src/cg_fpga_processing_system7_0_0/cg_fpga_processing_system7_0_0.xdc:39]
Resolution: Modify the set_property command to apply the property on the correct object type. Since the property is being applied as a scoped constraint, ensure the proper connectivity of the object port objects can be translated into pin objects. This could be due to the insertion of IO Buffers between the top level terminal and cell pin. If the goal is to apply constraints that will migrate to top level ports it is required that IO Buffers manually be instanced.
CRITICAL WARNING: [Netlist 29-160] Cannot set property 'drive', because the property does not exist for objects of type 'pin'. [d:/cd2/design_2/ip/design_2_cg_fpga_0_0/src/cg_fpga_processing_system7_0_0/cg_fpga_processing_system7_0_0.xdc:40]
Resolution: Modify the set_property command to apply the property on the correct object type. Since the property is being applied as a scoped constraint, ensure the proper connectivity of the object port objects can be translated into pin objects. This could be due to the insertion of IO Buffers between the top level terminal and cell pin. If the goal is to apply constraints that will migrate to top level ports it is required that IO Buffers manually be instanced.
CRITICAL WARNING: [Netlist 29-160] Cannot set property 'pullup', because the property does not exist for objects of type 'pin'. [d:/cd2/design_2/ip/design_2_cg_fpga_0_0/src/cg_fpga_processing_system7_0_0/cg_fpga_processing_system7_0_0.xdc:41]
Resolution: Modify the set_property command to apply the property on the correct object type. Since the property is being applied as a scoped constraint, ensure the proper connectivity of the object port objects can be translated into pin objects. This could be due to the insertion of IO Buffers between the top level terminal and cell pin. If the goal is to apply constraints that will migrate to top level ports it is required that IO Buffers manually be instanced.
CRITICAL WARNING: [Netlist 29-160] Cannot set property 'PIO_DIRECTION', because the property does not exist for objects of type 'pin'. [d:/cd2/design_2/ip/design_2_cg_fpga_0_0/src/cg_fpga_processing_system7_0_0/cg_fpga_processing_system7_0_0.xdc:42]
Resolution: Modify the set_property command to apply the property on the correct object type. Since the property is being applied as a scoped constraint, ensure the proper connectivity of the object port objects can be translated into pin objects. This could be due to the insertion of IO Buffers between the top level terminal and cell pin. If the goal is to apply constraints that will migrate to top level ports it is required that IO Buffers manually be instanced.
CRITICAL WARNING: [Netlist 29-160] Cannot set property 'iostandard', because the property does not exist for objects of type 'pin'. [d:/cd2/design_2/ip/design_2_cg_fpga_0_0/src/cg_fpga_processing_system7_0_0/cg_fpga_processing_system7_0_0.xdc:44]
Resolution: Modify the set_property command to apply the property on the correct object type. Since the property is being applied as a scoped constraint, ensure the proper connectivity of the object port objects can be translated into pin objects. This could be due to the insertion of IO Buffers between the top level terminal and cell pin. If the goal is to apply constraints that will migrate to top level ports it is required that IO Buffers manually be instanced.
CRITICAL WARNING: [Netlist 29-160] Cannot set property 'PACKAGE_PIN', because the property does not exist for objects of type 'pin'. [d:/cd2/design_2/ip/design_2_cg_fpga_0_0/src/cg_fpga_processing_system7_0_0/cg_fpga_processing_system7_0_0.xdc:45]
Resolution: Modify the set_property command to apply the property on the correct object type. Since the property is being applied as a scoped constraint, ensure the proper connectivity of the object port objects can be translated into pin objects. This could be due to the insertion of IO Buffers between the top level terminal and cell pin. If the goal is to apply constraints that will migrate to top level ports it is required that IO Buffers manually be instanced.
CRITICAL WARNING: [Netlist 29-160] Cannot set property 'slew', because the property does not exist for objects of type 'pin'. [d:/cd2/design_2/ip/design_2_cg_fpga_0_0/src/cg_fpga_processing_system7_0_0/cg_fpga_processing_system7_0_0.xdc:46]
Resolution: Modify the set_property command to apply the property on the correct object type. Since the property is being applied as a scoped constraint, ensure the proper connectivity of the object port objects can be translated into pin objects. This could be due to the insertion of IO Buffers between the top level terminal and cell pin. If the goal is to apply constraints that will migrate to top level ports it is required that IO Buffers manually be instanced.
CRITICAL WARNING: [Netlist 29-160] Cannot set property 'drive', because the property does not exist for objects of type 'pin'. [d:/cd2/design_2/ip/design_2_cg_fpga_0_0/src/cg_fpga_processing_system7_0_0/cg_fpga_processing_system7_0_0.xdc:47]
Resolution: Modify the set_property command to apply the property on the correct object type. Since the property is being applied as a scoped constraint, ensure the proper connectivity of the object port objects can be translated into pin objects. This could be due to the insertion of IO Buffers between the top level terminal and cell pin. If the goal is to apply constraints that will migrate to top level ports it is required that IO Buffers manually be instanced.
CRITICAL WARNING: [Netlist 29-160] Cannot set property 'pullup', because the property does not exist for objects of type 'pin'. [d:/cd2/design_2/ip/design_2_cg_fpga_0_0/src/cg_fpga_processing_system7_0_0/cg_fpga_processing_system7_0_0.xdc:48]
Resolution: Modify the set_property command to apply the property on the correct object type. Since the property is being applied as a scoped constraint, ensure the proper connectivity of the object port objects can be translated into pin objects. This could be due to the insertion of IO Buffers between the top level terminal and cell pin. If the goal is to apply constraints that will migrate to top level ports it is required that IO Buffers manually be instanced.
CRITICAL WARNING: [Netlist 29-160] Cannot set property 'PIO_DIRECTION', because the property does not exist for objects of type 'pin'. [d:/cd2/design_2/ip/design_2_cg_fpga_0_0/src/cg_fpga_processing_system7_0_0/cg_fpga_processing_system7_0_0.xdc:49]
Resolution: Modify the set_property command to apply the property on the correct object type. Since the property is being applied as a scoped constraint, ensure the proper connectivity of the object port objects can be translated into pin objects. This could be due to the insertion of IO Buffers between the top level terminal and cell pin. If the goal is to apply constraints that will migrate to top level ports it is required that IO Buffers manually be instanced.
CRITICAL WARNING: [Netlist 29-160] Cannot set property 'iostandard', because the property does not exist for objects of type 'pin'. [d:/cd2/design_2/ip/design_2_cg_fpga_0_0/src/cg_fpga_processing_system7_0_0/cg_fpga_processing_system7_0_0.xdc:51]
Resolution: Modify the set_property command to apply the property on the correct object type. Since the property is being applied as a scoped constraint, ensure the proper connectivity of the object port objects can be translated into pin objects. This could be due to the insertion of IO Buffers between the top level terminal and cell pin. If the goal is to apply constraints that will migrate to top level ports it is required that IO Buffers manually be instanced.
CRITICAL WARNING: [Netlist 29-160] Cannot set property 'PACKAGE_PIN', because the property does not exist for objects of type 'pin'. [d:/cd2/design_2/ip/design_2_cg_fpga_0_0/src/cg_fpga_processing_system7_0_0/cg_fpga_processing_system7_0_0.xdc:52]
Resolution: Modify the set_property command to apply the property on the correct object type. Since the property is being applied as a scoped constraint, ensure the proper connectivity of the object port objects can be translated into pin objects. This could be due to the insertion of IO Buffers between the top level terminal and cell pin. If the goal is to apply constraints that will migrate to top level ports it is required that IO Buffers manually be instanced.
CRITICAL WARNING: [Netlist 29-160] Cannot set property 'slew', because the property does not exist for objects of type 'pin'. [d:/cd2/design_2/ip/design_2_cg_fpga_0_0/src/cg_fpga_processing_system7_0_0/cg_fpga_processing_system7_0_0.xdc:53]
Resolution: Modify the set_property command to apply the property on the correct object type. Since the property is being applied as a scoped constraint, ensure the proper connectivity of the object port objects can be translated into pin objects. This could be due to the insertion of IO Buffers between the top level terminal and cell pin. If the goal is to apply constraints that will migrate to top level ports it is required that IO Buffers manually be instanced.
CRITICAL WARNING: [Netlist 29-160] Cannot set property 'drive', because the property does not exist for objects of type 'pin'. [d:/cd2/design_2/ip/design_2_cg_fpga_0_0/src/cg_fpga_processing_system7_0_0/cg_fpga_processing_system7_0_0.xdc:54]
Resolution: Modify the set_property command to apply the property on the correct object type. Since the property is being applied as a scoped constraint, ensure the proper connectivity of the object port objects can be translated into pin objects. This could be due to the insertion of IO Buffers between the top level terminal and cell pin. If the goal is to apply constraints that will migrate to top level ports it is required that IO Buffers manually be instanced.
CRITICAL WARNING: [Netlist 29-160] Cannot set property 'pullup', because the property does not exist for objects of type 'pin'. [d:/cd2/design_2/ip/design_2_cg_fpga_0_0/src/cg_fpga_processing_system7_0_0/cg_fpga_processing_system7_0_0.xdc:55]
Resolution: Modify the set_property command to apply the property on the correct object type. Since the property is being applied as a scoped constraint, ensure the proper connectivity of the object port objects can be translated into pin objects. This could be due to the insertion of IO Buffers between the top level terminal and cell pin. If the goal is to apply constraints that will migrate to top level ports it is required that IO Buffers manually be instanced.
CRITICAL WARNING: [Netlist 29-160] Cannot set property 'PIO_DIRECTION', because the property does not exist for objects of type 'pin'. [d:/cd2/design_2/ip/design_2_cg_fpga_0_0/src/cg_fpga_processing_system7_0_0/cg_fpga_processing_system7_0_0.xdc:56]
Resolution: Modify the set_property command to apply the property on the correct object type. Since the property is being applied as a scoped constraint, ensure the proper connectivity of the object port objects can be translated into pin objects. This could be due to the insertion of IO Buffers between the top level terminal and cell pin. If the goal is to apply constraints that will migrate to top level ports it is required that IO Buffers manually be instanced.
CRITICAL WARNING: [Netlist 29-160] Cannot set property 'iostandard', because the property does not exist for objects of type 'pin'. [d:/cd2/design_2/ip/design_2_cg_fpga_0_0/src/cg_fpga_processing_system7_0_0/cg_fpga_processing_system7_0_0.xdc:58]
Resolution: Modify the set_property command to apply the property on the correct object type. Since the property is being applied as a scoped constraint, ensure the proper connectivity of the object port objects can be translated into pin objects. This could be due to the insertion of IO Buffers between the top level terminal and cell pin. If the goal is to apply constraints that will migrate to top level ports it is required that IO Buffers manually be instanced.
CRITICAL WARNING: [Netlist 29-160] Cannot set property 'PACKAGE_PIN', because the property does not exist for objects of type 'pin'. [d:/cd2/design_2/ip/design_2_cg_fpga_0_0/src/cg_fpga_processing_system7_0_0/cg_fpga_processing_system7_0_0.xdc:59]
Resolution: Modify the set_property command to apply the property on the correct object type. Since the property is being applied as a scoped constraint, ensure the proper connectivity of the object port objects can be translated into pin objects. This could be due to the insertion of IO Buffers between the top level terminal and cell pin. If the goal is to apply constraints that will migrate to top level ports it is required that IO Buffers manually be instanced.
CRITICAL WARNING: [Netlist 29-160] Cannot set property 'slew', because the property does not exist for objects of type 'pin'. [d:/cd2/design_2/ip/design_2_cg_fpga_0_0/src/cg_fpga_processing_system7_0_0/cg_fpga_processing_system7_0_0.xdc:60]
Resolution: Modify the set_property command to apply the property on the correct object type. Since the property is being applied as a scoped constraint, ensure the proper connectivity of the object port objects can be translated into pin objects. This could be due to the insertion of IO Buffers between the top level terminal and cell pin. If the goal is to apply constraints that will migrate to top level ports it is required that IO Buffers manually be instanced.
CRITICAL WARNING: [Netlist 29-160] Cannot set property 'drive', because the property does not exist for objects of type 'pin'. [d:/cd2/design_2/ip/design_2_cg_fpga_0_0/src/cg_fpga_processing_system7_0_0/cg_fpga_processing_system7_0_0.xdc:61]
Resolution: Modify the set_property command to apply the property on the correct object type. Since the property is being applied as a scoped constraint, ensure the proper connectivity of the object port objects can be translated into pin objects. This could be due to the insertion of IO Buffers between the top level terminal and cell pin. If the goal is to apply constraints that will migrate to top level ports it is required that IO Buffers manually be instanced.
CRITICAL WARNING: [Netlist 29-160] Cannot set property 'pullup', because the property does not exist for objects of type 'pin'. [d:/cd2/design_2/ip/design_2_cg_fpga_0_0/src/cg_fpga_processing_system7_0_0/cg_fpga_processing_system7_0_0.xdc:62]
Resolution: Modify the set_property command to apply the property on the correct object type. Since the property is being applied as a scoped constraint, ensure the proper connectivity of the object port objects can be translated into pin objects. This could be due to the insertion of IO Buffers between the top level terminal and cell pin. If the goal is to apply constraints that will migrate to top level ports it is required that IO Buffers manually be instanced.
CRITICAL WARNING: [Netlist 29-160] Cannot set property 'PIO_DIRECTION', because the property does not exist for objects of type 'pin'. [d:/cd2/design_2/ip/design_2_cg_fpga_0_0/src/cg_fpga_processing_system7_0_0/cg_fpga_processing_system7_0_0.xdc:63]
Resolution: Modify the set_property command to apply the property on the correct object type. Since the property is being applied as a scoped constraint, ensure the proper connectivity of the object port objects can be translated into pin objects. This could be due to the insertion of IO Buffers between the top level terminal and cell pin. If the goal is to apply constraints that will migrate to top level ports it is required that IO Buffers manually be instanced.
CRITICAL WARNING: [Netlist 29-160] Cannot set property 'iostandard', because the property does not exist for objects of type 'pin'. [d:/cd2/design_2/ip/design_2_cg_fpga_0_0/src/cg_fpga_processing_system7_0_0/cg_fpga_processing_system7_0_0.xdc:65]
Resolution: Modify the set_property command to apply the property on the correct object type. Since the property is being applied as a scoped constraint, ensure the proper connectivity of the object port objects can be translated into pin objects. This could be due to the insertion of IO Buffers between the top level terminal and cell pin. If the goal is to apply constraints that will migrate to top level ports it is required that IO Buffers manually be instanced.
CRITICAL WARNING: [Netlist 29-160] Cannot set property 'PACKAGE_PIN', because the property does not exist for objects of type 'pin'. [d:/cd2/design_2/ip/design_2_cg_fpga_0_0/src/cg_fpga_processing_system7_0_0/cg_fpga_processing_system7_0_0.xdc:66]
Resolution: Modify the set_property command to apply the property on the correct object type. Since the property is being applied as a scoped constraint, ensure the proper connectivity of the object port objects can be translated into pin objects. This could be due to the insertion of IO Buffers between the top level terminal and cell pin. If the goal is to apply constraints that will migrate to top level ports it is required that IO Buffers manually be instanced.
CRITICAL WARNING: [Netlist 29-160] Cannot set property 'slew', because the property does not exist for objects of type 'pin'. [d:/cd2/design_2/ip/design_2_cg_fpga_0_0/src/cg_fpga_processing_system7_0_0/cg_fpga_processing_system7_0_0.xdc:67]
Resolution: Modify the set_property command to apply the property on the correct object type. Since the property is being applied as a scoped constraint, ensure the proper connectivity of the object port objects can be translated into pin objects. This could be due to the insertion of IO Buffers between the top level terminal and cell pin. If the goal is to apply constraints that will migrate to top level ports it is required that IO Buffers manually be instanced.
CRITICAL WARNING: [Netlist 29-160] Cannot set property 'drive', because the property does not exist for objects of type 'pin'. [d:/cd2/design_2/ip/design_2_cg_fpga_0_0/src/cg_fpga_processing_system7_0_0/cg_fpga_processing_system7_0_0.xdc:68]
Resolution: Modify the set_property command to apply the property on the correct object type. Since the property is being applied as a scoped constraint, ensure the proper connectivity of the object port objects can be translated into pin objects. This could be due to the insertion of IO Buffers between the top level terminal and cell pin. If the goal is to apply constraints that will migrate to top level ports it is required that IO Buffers manually be instanced.
CRITICAL WARNING: [Netlist 29-160] Cannot set property 'pullup', because the property does not exist for objects of type 'pin'. [d:/cd2/design_2/ip/design_2_cg_fpga_0_0/src/cg_fpga_processing_system7_0_0/cg_fpga_processing_system7_0_0.xdc:69]
Resolution: Modify the set_property command to apply the property on the correct object type. Since the property is being applied as a scoped constraint, ensure the proper connectivity of the object port objects can be translated into pin objects. This could be due to the insertion of IO Buffers between the top level terminal and cell pin. If the goal is to apply constraints that will migrate to top level ports it is required that IO Buffers manually be instanced.
CRITICAL WARNING: [Netlist 29-160] Cannot set property 'PIO_DIRECTION', because the property does not exist for objects of type 'pin'. [d:/cd2/design_2/ip/design_2_cg_fpga_0_0/src/cg_fpga_processing_system7_0_0/cg_fpga_processing_system7_0_0.xdc:70]
Resolution: Modify the set_property command to apply the property on the correct object type. Since the property is being applied as a scoped constraint, ensure the proper connectivity of the object port objects can be translated into pin objects. This could be due to the insertion of IO Buffers between the top level terminal and cell pin. If the goal is to apply constraints that will migrate to top level ports it is required that IO Buffers manually be instanced.
CRITICAL WARNING: [Netlist 29-160] Cannot set property 'iostandard', because the property does not exist for objects of type 'pin'. [d:/cd2/design_2/ip/design_2_cg_fpga_0_0/src/cg_fpga_processing_system7_0_0/cg_fpga_processing_system7_0_0.xdc:72]
Resolution: Modify the set_property command to apply the property on the correct object type. Since the property is being applied as a scoped constraint, ensure the proper connectivity of the object port objects can be translated into pin objects. This could be due to the insertion of IO Buffers between the top level terminal and cell pin. If the goal is to apply constraints that will migrate to top level ports it is required that IO Buffers manually be instanced.
CRITICAL WARNING: [Netlist 29-160] Cannot set property 'PACKAGE_PIN', because the property does not exist for objects of type 'pin'. [d:/cd2/design_2/ip/design_2_cg_fpga_0_0/src/cg_fpga_processing_system7_0_0/cg_fpga_processing_system7_0_0.xdc:73]
Resolution: Modify the set_property command to apply the property on the correct object type. Since the property is being applied as a scoped constraint, ensure the proper connectivity of the object port objects can be translated into pin objects. This could be due to the insertion of IO Buffers between the top level terminal and cell pin. If the goal is to apply constraints that will migrate to top level ports it is required that IO Buffers manually be instanced.
CRITICAL WARNING: [Netlist 29-160] Cannot set property 'slew', because the property does not exist for objects of type 'pin'. [d:/cd2/design_2/ip/design_2_cg_fpga_0_0/src/cg_fpga_processing_system7_0_0/cg_fpga_processing_system7_0_0.xdc:74]
Resolution: Modify the set_property command to apply the property on the correct object type. Since the property is being applied as a scoped constraint, ensure the proper connectivity of the object port objects can be translated into pin objects. This could be due to the insertion of IO Buffers between the top level terminal and cell pin. If the goal is to apply constraints that will migrate to top level ports it is required that IO Buffers manually be instanced.
CRITICAL WARNING: [Netlist 29-160] Cannot set property 'drive', because the property does not exist for objects of type 'pin'. [d:/cd2/design_2/ip/design_2_cg_fpga_0_0/src/cg_fpga_processing_system7_0_0/cg_fpga_processing_system7_0_0.xdc:75]
Resolution: Modify the set_property command to apply the property on the correct object type. Since the property is being applied as a scoped constraint, ensure the proper connectivity of the object port objects can be translated into pin objects. This could be due to the insertion of IO Buffers between the top level terminal and cell pin. If the goal is to apply constraints that will migrate to top level ports it is required that IO Buffers manually be instanced.
CRITICAL WARNING: [Netlist 29-160] Cannot set property 'pullup', because the property does not exist for objects of type 'pin'. [d:/cd2/design_2/ip/design_2_cg_fpga_0_0/src/cg_fpga_processing_system7_0_0/cg_fpga_processing_system7_0_0.xdc:76]
Resolution: Modify the set_property command to apply the property on the correct object type. Since the property is being applied as a scoped constraint, ensure the proper connectivity of the object port objects can be translated into pin objects. This could be due to the insertion of IO Buffers between the top level terminal and cell pin. If the goal is to apply constraints that will migrate to top level ports it is required that IO Buffers manually be instanced.
CRITICAL WARNING: [Netlist 29-160] Cannot set property 'PIO_DIRECTION', because the property does not exist for objects of type 'pin'. [d:/cd2/design_2/ip/design_2_cg_fpga_0_0/src/cg_fpga_processing_system7_0_0/cg_fpga_processing_system7_0_0.xdc:77]
Resolution: Modify the set_property command to apply the property on the correct object type. Since the property is being applied as a scoped constraint, ensure the proper connectivity of the object port objects can be translated into pin objects. This could be due to the insertion of IO Buffers between the top level terminal and cell pin. If the goal is to apply constraints that will migrate to top level ports it is required that IO Buffers manually be instanced.
CRITICAL WARNING: [Netlist 29-160] Cannot set property 'iostandard', because the property does not exist for objects of type 'pin'. [d:/cd2/design_2/ip/design_2_cg_fpga_0_0/src/cg_fpga_processing_system7_0_0/cg_fpga_processing_system7_0_0.xdc:79]
Resolution: Modify the set_property command to apply the property on the correct object type. Since the property is being applied as a scoped constraint, ensure the proper connectivity of the object port objects can be translated into pin objects. This could be due to the insertion of IO Buffers between the top level terminal and cell pin. If the goal is to apply constraints that will migrate to top level ports it is required that IO Buffers manually be instanced.
CRITICAL WARNING: [Netlist 29-160] Cannot set property 'PACKAGE_PIN', because the property does not exist for objects of type 'pin'. [d:/cd2/design_2/ip/design_2_cg_fpga_0_0/src/cg_fpga_processing_system7_0_0/cg_fpga_processing_system7_0_0.xdc:80]
Resolution: Modify the set_property command to apply the property on the correct object type. Since the property is being applied as a scoped constraint, ensure the proper connectivity of the object port objects can be translated into pin objects. This could be due to the insertion of IO Buffers between the top level terminal and cell pin. If the goal is to apply constraints that will migrate to top level ports it is required that IO Buffers manually be instanced.
CRITICAL WARNING: [Netlist 29-160] Cannot set property 'slew', because the property does not exist for objects of type 'pin'. [d:/cd2/design_2/ip/design_2_cg_fpga_0_0/src/cg_fpga_processing_system7_0_0/cg_fpga_processing_system7_0_0.xdc:81]
Resolution: Modify the set_property command to apply the property on the correct object type. Since the property is being applied as a scoped constraint, ensure the proper connectivity of the object port objects can be translated into pin objects. This could be due to the insertion of IO Buffers between the top level terminal and cell pin. If the goal is to apply constraints that will migrate to top level ports it is required that IO Buffers manually be instanced.
CRITICAL WARNING: [Netlist 29-160] Cannot set property 'drive', because the property does not exist for objects of type 'pin'. [d:/cd2/design_2/ip/design_2_cg_fpga_0_0/src/cg_fpga_processing_system7_0_0/cg_fpga_processing_system7_0_0.xdc:82]
Resolution: Modify the set_property command to apply the property on the correct object type. Since the property is being applied as a scoped constraint, ensure the proper connectivity of the object port objects can be translated into pin objects. This could be due to the insertion of IO Buffers between the top level terminal and cell pin. If the goal is to apply constraints that will migrate to top level ports it is required that IO Buffers manually be instanced.
CRITICAL WARNING: [Netlist 29-160] Cannot set property 'pullup', because the property does not exist for objects of type 'pin'. [d:/cd2/design_2/ip/design_2_cg_fpga_0_0/src/cg_fpga_processing_system7_0_0/cg_fpga_processing_system7_0_0.xdc:83]
Resolution: Modify the set_property command to apply the property on the correct object type. Since the property is being applied as a scoped constraint, ensure the proper connectivity of the object port objects can be translated into pin objects. This could be due to the insertion of IO Buffers between the top level terminal and cell pin. If the goal is to apply constraints that will migrate to top level ports it is required that IO Buffers manually be instanced.
CRITICAL WARNING: [Netlist 29-160] Cannot set property 'PIO_DIRECTION', because the property does not exist for objects of type 'pin'. [d:/cd2/design_2/ip/design_2_cg_fpga_0_0/src/cg_fpga_processing_system7_0_0/cg_fpga_processing_system7_0_0.xdc:84]
Resolution: Modify the set_property command to apply the property on the correct object type. Since the property is being applied as a scoped constraint, ensure the proper connectivity of the object port objects can be translated into pin objects. This could be due to the insertion of IO Buffers between the top level terminal and cell pin. If the goal is to apply constraints that will migrate to top level ports it is required that IO Buffers manually be instanced.
CRITICAL WARNING: [Netlist 29-160] Cannot set property 'iostandard', because the property does not exist for objects of type 'pin'. [d:/cd2/design_2/ip/design_2_cg_fpga_0_0/src/cg_fpga_processing_system7_0_0/cg_fpga_processing_system7_0_0.xdc:86]
Resolution: Modify the set_property command to apply the property on the correct object type. Since the property is being applied as a scoped constraint, ensure the proper connectivity of the object port objects can be translated into pin objects. This could be due to the insertion of IO Buffers between the top level terminal and cell pin. If the goal is to apply constraints that will migrate to top level ports it is required that IO Buffers manually be instanced.
CRITICAL WARNING: [Netlist 29-160] Cannot set property 'PACKAGE_PIN', because the property does not exist for objects of type 'pin'. [d:/cd2/design_2/ip/design_2_cg_fpga_0_0/src/cg_fpga_processing_system7_0_0/cg_fpga_processing_system7_0_0.xdc:87]
Resolution: Modify the set_property command to apply the property on the correct object type. Since the property is being applied as a scoped constraint, ensure the proper connectivity of the object port objects can be translated into pin objects. This could be due to the insertion of IO Buffers between the top level terminal and cell pin. If the goal is to apply constraints that will migrate to top level ports it is required that IO Buffers manually be instanced.
CRITICAL WARNING: [Netlist 29-160] Cannot set property 'slew', because the property does not exist for objects of type 'pin'. [d:/cd2/design_2/ip/design_2_cg_fpga_0_0/src/cg_fpga_processing_system7_0_0/cg_fpga_processing_system7_0_0.xdc:88]
Resolution: Modify the set_property command to apply the property on the correct object type. Since the property is being applied as a scoped constraint, ensure the proper connectivity of the object port objects can be translated into pin objects. This could be due to the insertion of IO Buffers between the top level terminal and cell pin. If the goal is to apply constraints that will migrate to top level ports it is required that IO Buffers manually be instanced.
CRITICAL WARNING: [Netlist 29-160] Cannot set property 'drive', because the property does not exist for objects of type 'pin'. [d:/cd2/design_2/ip/design_2_cg_fpga_0_0/src/cg_fpga_processing_system7_0_0/cg_fpga_processing_system7_0_0.xdc:89]
Resolution: Modify the set_property command to apply the property on the correct object type. Since the property is being applied as a scoped constraint, ensure the proper connectivity of the object port objects can be translated into pin objects. This could be due to the insertion of IO Buffers between the top level terminal and cell pin. If the goal is to apply constraints that will migrate to top level ports it is required that IO Buffers manually be instanced.
CRITICAL WARNING: [Netlist 29-160] Cannot set property 'pullup', because the property does not exist for objects of type 'pin'. [d:/cd2/design_2/ip/design_2_cg_fpga_0_0/src/cg_fpga_processing_system7_0_0/cg_fpga_processing_system7_0_0.xdc:90]
Resolution: Modify the set_property command to apply the property on the correct object type. Since the property is being applied as a scoped constraint, ensure the proper connectivity of the object port objects can be translated into pin objects. This could be due to the insertion of IO Buffers between the top level terminal and cell pin. If the goal is to apply constraints that will migrate to top level ports it is required that IO Buffers manually be instanced.
CRITICAL WARNING: [Netlist 29-160] Cannot set property 'PIO_DIRECTION', because the property does not exist for objects of type 'pin'. [d:/cd2/design_2/ip/design_2_cg_fpga_0_0/src/cg_fpga_processing_system7_0_0/cg_fpga_processing_system7_0_0.xdc:91]
Resolution: Modify the set_property command to apply the property on the correct object type. Since the property is being applied as a scoped constraint, ensure the proper connectivity of the object port objects can be translated into pin objects. This could be due to the insertion of IO Buffers between the top level terminal and cell pin. If the goal is to apply constraints that will migrate to top level ports it is required that IO Buffers manually be instanced.
CRITICAL WARNING: [Netlist 29-160] Cannot set property 'iostandard', because the property does not exist for objects of type 'pin'. [d:/cd2/design_2/ip/design_2_cg_fpga_0_0/src/cg_fpga_processing_system7_0_0/cg_fpga_processing_system7_0_0.xdc:93]
Resolution: Modify the set_property command to apply the property on the correct object type. Since the property is being applied as a scoped constraint, ensure the proper connectivity of the object port objects can be translated into pin objects. This could be due to the insertion of IO Buffers between the top level terminal and cell pin. If the goal is to apply constraints that will migrate to top level ports it is required that IO Buffers manually be instanced.
CRITICAL WARNING: [Netlist 29-160] Cannot set property 'PACKAGE_PIN', because the property does not exist for objects of type 'pin'. [d:/cd2/design_2/ip/design_2_cg_fpga_0_0/src/cg_fpga_processing_system7_0_0/cg_fpga_processing_system7_0_0.xdc:94]
Resolution: Modify the set_property command to apply the property on the correct object type. Since the property is being applied as a scoped constraint, ensure the proper connectivity of the object port objects can be translated into pin objects. This could be due to the insertion of IO Buffers between the top level terminal and cell pin. If the goal is to apply constraints that will migrate to top level ports it is required that IO Buffers manually be instanced.
CRITICAL WARNING: [Netlist 29-160] Cannot set property 'slew', because the property does not exist for objects of type 'pin'. [d:/cd2/design_2/ip/design_2_cg_fpga_0_0/src/cg_fpga_processing_system7_0_0/cg_fpga_processing_system7_0_0.xdc:95]
Resolution: Modify the set_property command to apply the property on the correct object type. Since the property is being applied as a scoped constraint, ensure the proper connectivity of the object port objects can be translated into pin objects. This could be due to the insertion of IO Buffers between the top level terminal and cell pin. If the goal is to apply constraints that will migrate to top level ports it is required that IO Buffers manually be instanced.
CRITICAL WARNING: [Netlist 29-160] Cannot set property 'drive', because the property does not exist for objects of type 'pin'. [d:/cd2/design_2/ip/design_2_cg_fpga_0_0/src/cg_fpga_processing_system7_0_0/cg_fpga_processing_system7_0_0.xdc:96]
Resolution: Modify the set_property command to apply the property on the correct object type. Since the property is being applied as a scoped constraint, ensure the proper connectivity of the object port objects can be translated into pin objects. This could be due to the insertion of IO Buffers between the top level terminal and cell pin. If the goal is to apply constraints that will migrate to top level ports it is required that IO Buffers manually be instanced.
CRITICAL WARNING: [Netlist 29-160] Cannot set property 'pullup', because the property does not exist for objects of type 'pin'. [d:/cd2/design_2/ip/design_2_cg_fpga_0_0/src/cg_fpga_processing_system7_0_0/cg_fpga_processing_system7_0_0.xdc:97]
Resolution: Modify the set_property command to apply the property on the correct object type. Since the property is being applied as a scoped constraint, ensure the proper connectivity of the object port objects can be translated into pin objects. This could be due to the insertion of IO Buffers between the top level terminal and cell pin. If the goal is to apply constraints that will migrate to top level ports it is required that IO Buffers manually be instanced.
CRITICAL WARNING: [Netlist 29-160] Cannot set property 'PIO_DIRECTION', because the property does not exist for objects of type 'pin'. [d:/cd2/design_2/ip/design_2_cg_fpga_0_0/src/cg_fpga_processing_system7_0_0/cg_fpga_processing_system7_0_0.xdc:98]
Resolution: Modify the set_property command to apply the property on the correct object type. Since the property is being applied as a scoped constraint, ensure the proper connectivity of the object port objects can be translated into pin objects. This could be due to the insertion of IO Buffers between the top level terminal and cell pin. If the goal is to apply constraints that will migrate to top level ports it is required that IO Buffers manually be instanced.
CRITICAL WARNING: [Netlist 29-160] Cannot set property 'iostandard', because the property does not exist for objects of type 'pin'. [d:/cd2/design_2/ip/design_2_cg_fpga_0_0/src/cg_fpga_processing_system7_0_0/cg_fpga_processing_system7_0_0.xdc:100]
Resolution: Modify the set_property command to apply the property on the correct object type. Since the property is being applied as a scoped constraint, ensure the proper connectivity of the object port objects can be translated into pin objects. This could be due to the insertion of IO Buffers between the top level terminal and cell pin. If the goal is to apply constraints that will migrate to top level ports it is required that IO Buffers manually be instanced.
CRITICAL WARNING: [Netlist 29-160] Cannot set property 'PACKAGE_PIN', because the property does not exist for objects of type 'pin'. [d:/cd2/design_2/ip/design_2_cg_fpga_0_0/src/cg_fpga_processing_system7_0_0/cg_fpga_processing_system7_0_0.xdc:101]
Resolution: Modify the set_property command to apply the property on the correct object type. Since the property is being applied as a scoped constraint, ensure the proper connectivity of the object port objects can be translated into pin objects. This could be due to the insertion of IO Buffers between the top level terminal and cell pin. If the goal is to apply constraints that will migrate to top level ports it is required that IO Buffers manually be instanced.
CRITICAL WARNING: [Netlist 29-160] Cannot set property 'slew', because the property does not exist for objects of type 'pin'. [d:/cd2/design_2/ip/design_2_cg_fpga_0_0/src/cg_fpga_processing_system7_0_0/cg_fpga_processing_system7_0_0.xdc:102]
Resolution: Modify the set_property command to apply the property on the correct object type. Since the property is being applied as a scoped constraint, ensure the proper connectivity of the object port objects can be translated into pin objects. This could be due to the insertion of IO Buffers between the top level terminal and cell pin. If the goal is to apply constraints that will migrate to top level ports it is required that IO Buffers manually be instanced.
CRITICAL WARNING: [Netlist 29-160] Cannot set property 'drive', because the property does not exist for objects of type 'pin'. [d:/cd2/design_2/ip/design_2_cg_fpga_0_0/src/cg_fpga_processing_system7_0_0/cg_fpga_processing_system7_0_0.xdc:103]
Resolution: Modify the set_property command to apply the property on the correct object type. Since the property is being applied as a scoped constraint, ensure the proper connectivity of the object port objects can be translated into pin objects. This could be due to the insertion of IO Buffers between the top level terminal and cell pin. If the goal is to apply constraints that will migrate to top level ports it is required that IO Buffers manually be instanced.
CRITICAL WARNING: [Netlist 29-160] Cannot set property 'pullup', because the property does not exist for objects of type 'pin'. [d:/cd2/design_2/ip/design_2_cg_fpga_0_0/src/cg_fpga_processing_system7_0_0/cg_fpga_processing_system7_0_0.xdc:104]
Resolution: Modify the set_property command to apply the property on the correct object type. Since the property is being applied as a scoped constraint, ensure the proper connectivity of the object port objects can be translated into pin objects. This could be due to the insertion of IO Buffers between the top level terminal and cell pin. If the goal is to apply constraints that will migrate to top level ports it is required that IO Buffers manually be instanced.
CRITICAL WARNING: [Netlist 29-160] Cannot set property 'PIO_DIRECTION', because the property does not exist for objects of type 'pin'. [d:/cd2/design_2/ip/design_2_cg_fpga_0_0/src/cg_fpga_processing_system7_0_0/cg_fpga_processing_system7_0_0.xdc:105]
Resolution: Modify the set_property command to apply the property on the correct object type. Since the property is being applied as a scoped constraint, ensure the proper connectivity of the object port objects can be translated into pin objects. This could be due to the insertion of IO Buffers between the top level terminal and cell pin. If the goal is to apply constraints that will migrate to top level ports it is required that IO Buffers manually be instanced.
CRITICAL WARNING: [Netlist 29-160] Cannot set property 'iostandard', because the property does not exist for objects of type 'pin'. [d:/cd2/design_2/ip/design_2_cg_fpga_0_0/src/cg_fpga_processing_system7_0_0/cg_fpga_processing_system7_0_0.xdc:107]
Resolution: Modify the set_property command to apply the property on the correct object type. Since the property is being applied as a scoped constraint, ensure the proper connectivity of the object port objects can be translated into pin objects. This could be due to the insertion of IO Buffers between the top level terminal and cell pin. If the goal is to apply constraints that will migrate to top level ports it is required that IO Buffers manually be instanced.
CRITICAL WARNING: [Netlist 29-160] Cannot set property 'PACKAGE_PIN', because the property does not exist for objects of type 'pin'. [d:/cd2/design_2/ip/design_2_cg_fpga_0_0/src/cg_fpga_processing_system7_0_0/cg_fpga_processing_system7_0_0.xdc:108]
Resolution: Modify the set_property command to apply the property on the correct object type. Since the property is being applied as a scoped constraint, ensure the proper connectivity of the object port objects can be translated into pin objects. This could be due to the insertion of IO Buffers between the top level terminal and cell pin. If the goal is to apply constraints that will migrate to top level ports it is required that IO Buffers manually be instanced.
CRITICAL WARNING: [Netlist 29-160] Cannot set property 'slew', because the property does not exist for objects of type 'pin'. [d:/cd2/design_2/ip/design_2_cg_fpga_0_0/src/cg_fpga_processing_system7_0_0/cg_fpga_processing_system7_0_0.xdc:109]
Resolution: Modify the set_property command to apply the property on the correct object type. Since the property is being applied as a scoped constraint, ensure the proper connectivity of the object port objects can be translated into pin objects. This could be due to the insertion of IO Buffers between the top level terminal and cell pin. If the goal is to apply constraints that will migrate to top level ports it is required that IO Buffers manually be instanced.
CRITICAL WARNING: [Netlist 29-160] Cannot set property 'drive', because the property does not exist for objects of type 'pin'. [d:/cd2/design_2/ip/design_2_cg_fpga_0_0/src/cg_fpga_processing_system7_0_0/cg_fpga_processing_system7_0_0.xdc:110]
Resolution: Modify the set_property command to apply the property on the correct object type. Since the property is being applied as a scoped constraint, ensure the proper connectivity of the object port objects can be translated into pin objects. This could be due to the insertion of IO Buffers between the top level terminal and cell pin. If the goal is to apply constraints that will migrate to top level ports it is required that IO Buffers manually be instanced.
CRITICAL WARNING: [Netlist 29-160] Cannot set property 'pullup', because the property does not exist for objects of type 'pin'. [d:/cd2/design_2/ip/design_2_cg_fpga_0_0/src/cg_fpga_processing_system7_0_0/cg_fpga_processing_system7_0_0.xdc:111]
Resolution: Modify the set_property command to apply the property on the correct object type. Since the property is being applied as a scoped constraint, ensure the proper connectivity of the object port objects can be translated into pin objects. This could be due to the insertion of IO Buffers between the top level terminal and cell pin. If the goal is to apply constraints that will migrate to top level ports it is required that IO Buffers manually be instanced.
CRITICAL WARNING: [Netlist 29-160] Cannot set property 'PIO_DIRECTION', because the property does not exist for objects of type 'pin'. [d:/cd2/design_2/ip/design_2_cg_fpga_0_0/src/cg_fpga_processing_system7_0_0/cg_fpga_processing_system7_0_0.xdc:112]
Resolution: Modify the set_property command to apply the property on the correct object type. Since the property is being applied as a scoped constraint, ensure the proper connectivity of the object port objects can be translated into pin objects. This could be due to the insertion of IO Buffers between the top level terminal and cell pin. If the goal is to apply constraints that will migrate to top level ports it is required that IO Buffers manually be instanced.
CRITICAL WARNING: [Netlist 29-160] Cannot set property 'iostandard', because the property does not exist for objects of type 'pin'. [d:/cd2/design_2/ip/design_2_cg_fpga_0_0/src/cg_fpga_processing_system7_0_0/cg_fpga_processing_system7_0_0.xdc:114]
Resolution: Modify the set_property command to apply the property on the correct object type. Since the property is being applied as a scoped constraint, ensure the proper connectivity of the object port objects can be translated into pin objects. This could be due to the insertion of IO Buffers between the top level terminal and cell pin. If the goal is to apply constraints that will migrate to top level ports it is required that IO Buffers manually be instanced.
CRITICAL WARNING: [Netlist 29-160] Cannot set property 'PACKAGE_PIN', because the property does not exist for objects of type 'pin'. [d:/cd2/design_2/ip/design_2_cg_fpga_0_0/src/cg_fpga_processing_system7_0_0/cg_fpga_processing_system7_0_0.xdc:115]
Resolution: Modify the set_property command to apply the property on the correct object type. Since the property is being applied as a scoped constraint, ensure the proper connectivity of the object port objects can be translated into pin objects. This could be due to the insertion of IO Buffers between the top level terminal and cell pin. If the goal is to apply constraints that will migrate to top level ports it is required that IO Buffers manually be instanced.
CRITICAL WARNING: [Netlist 29-160] Cannot set property 'slew', because the property does not exist for objects of type 'pin'. [d:/cd2/design_2/ip/design_2_cg_fpga_0_0/src/cg_fpga_processing_system7_0_0/cg_fpga_processing_system7_0_0.xdc:116]
Resolution: Modify the set_property command to apply the property on the correct object type. Since the property is being applied as a scoped constraint, ensure the proper connectivity of the object port objects can be translated into pin objects. This could be due to the insertion of IO Buffers between the top level terminal and cell pin. If the goal is to apply constraints that will migrate to top level ports it is required that IO Buffers manually be instanced.
CRITICAL WARNING: [Netlist 29-160] Cannot set property 'drive', because the property does not exist for objects of type 'pin'. [d:/cd2/design_2/ip/design_2_cg_fpga_0_0/src/cg_fpga_processing_system7_0_0/cg_fpga_processing_system7_0_0.xdc:117]
Resolution: Modify the set_property command to apply the property on the correct object type. Since the property is being applied as a scoped constraint, ensure the proper connectivity of the object port objects can be translated into pin objects. This could be due to the insertion of IO Buffers between the top level terminal and cell pin. If the goal is to apply constraints that will migrate to top level ports it is required that IO Buffers manually be instanced.
CRITICAL WARNING: [Netlist 29-160] Cannot set property 'pullup', because the property does not exist for objects of type 'pin'. [d:/cd2/design_2/ip/design_2_cg_fpga_0_0/src/cg_fpga_processing_system7_0_0/cg_fpga_processing_system7_0_0.xdc:118]
Resolution: Modify the set_property command to apply the property on the correct object type. Since the property is being applied as a scoped constraint, ensure the proper connectivity of the object port objects can be translated into pin objects. This could be due to the insertion of IO Buffers between the top level terminal and cell pin. If the goal is to apply constraints that will migrate to top level ports it is required that IO Buffers manually be instanced.
CRITICAL WARNING: [Netlist 29-160] Cannot set property 'PIO_DIRECTION', because the property does not exist for objects of type 'pin'. [d:/cd2/design_2/ip/design_2_cg_fpga_0_0/src/cg_fpga_processing_system7_0_0/cg_fpga_processing_system7_0_0.xdc:119]
Resolution: Modify the set_property command to apply the property on the correct object type. Since the property is being applied as a scoped constraint, ensure the proper connectivity of the object port objects can be translated into pin objects. This could be due to the insertion of IO Buffers between the top level terminal and cell pin. If the goal is to apply constraints that will migrate to top level ports it is required that IO Buffers manually be instanced.
CRITICAL WARNING: [Netlist 29-160] Cannot set property 'iostandard', because the property does not exist for objects of type 'pin'. [d:/cd2/design_2/ip/design_2_cg_fpga_0_0/src/cg_fpga_processing_system7_0_0/cg_fpga_processing_system7_0_0.xdc:121]
Resolution: Modify the set_property command to apply the property on the correct object type. Since the property is being applied as a scoped constraint, ensure the proper connectivity of the object port objects can be translated into pin objects. This could be due to the insertion of IO Buffers between the top level terminal and cell pin. If the goal is to apply constraints that will migrate to top level ports it is required that IO Buffers manually be instanced.
CRITICAL WARNING: [Netlist 29-160] Cannot set property 'PACKAGE_PIN', because the property does not exist for objects of type 'pin'. [d:/cd2/design_2/ip/design_2_cg_fpga_0_0/src/cg_fpga_processing_system7_0_0/cg_fpga_processing_system7_0_0.xdc:122]
Resolution: Modify the set_property command to apply the property on the correct object type. Since the property is being applied as a scoped constraint, ensure the proper connectivity of the object port objects can be translated into pin objects. This could be due to the insertion of IO Buffers between the top level terminal and cell pin. If the goal is to apply constraints that will migrate to top level ports it is required that IO Buffers manually be instanced.
CRITICAL WARNING: [Netlist 29-160] Cannot set property 'slew', because the property does not exist for objects of type 'pin'. [d:/cd2/design_2/ip/design_2_cg_fpga_0_0/src/cg_fpga_processing_system7_0_0/cg_fpga_processing_system7_0_0.xdc:123]
Resolution: Modify the set_property command to apply the property on the correct object type. Since the property is being applied as a scoped constraint, ensure the proper connectivity of the object port objects can be translated into pin objects. This could be due to the insertion of IO Buffers between the top level terminal and cell pin. If the goal is to apply constraints that will migrate to top level ports it is required that IO Buffers manually be instanced.
CRITICAL WARNING: [Netlist 29-160] Cannot set property 'drive', because the property does not exist for objects of type 'pin'. [d:/cd2/design_2/ip/design_2_cg_fpga_0_0/src/cg_fpga_processing_system7_0_0/cg_fpga_processing_system7_0_0.xdc:124]
Resolution: Modify the set_property command to apply the property on the correct object type. Since the property is being applied as a scoped constraint, ensure the proper connectivity of the object port objects can be translated into pin objects. This could be due to the insertion of IO Buffers between the top level terminal and cell pin. If the goal is to apply constraints that will migrate to top level ports it is required that IO Buffers manually be instanced.
CRITICAL WARNING: [Netlist 29-160] Cannot set property 'pullup', because the property does not exist for objects of type 'pin'. [d:/cd2/design_2/ip/design_2_cg_fpga_0_0/src/cg_fpga_processing_system7_0_0/cg_fpga_processing_system7_0_0.xdc:125]
Resolution: Modify the set_property command to apply the property on the correct object type. Since the property is being applied as a scoped constraint, ensure the proper connectivity of the object port objects can be translated into pin objects. This could be due to the insertion of IO Buffers between the top level terminal and cell pin. If the goal is to apply constraints that will migrate to top level ports it is required that IO Buffers manually be instanced.
CRITICAL WARNING: [Netlist 29-160] Cannot set property 'PIO_DIRECTION', because the property does not exist for objects of type 'pin'. [d:/cd2/design_2/ip/design_2_cg_fpga_0_0/src/cg_fpga_processing_system7_0_0/cg_fpga_processing_system7_0_0.xdc:126]
Resolution: Modify the set_property command to apply the property on the correct object type. Since the property is being applied as a scoped constraint, ensure the proper connectivity of the object port objects can be translated into pin objects. This could be due to the insertion of IO Buffers between the top level terminal and cell pin. If the goal is to apply constraints that will migrate to top level ports it is required that IO Buffers manually be instanced.
CRITICAL WARNING: [Netlist 29-160] Cannot set property 'iostandard', because the property does not exist for objects of type 'pin'. [d:/cd2/design_2/ip/design_2_cg_fpga_0_0/src/cg_fpga_processing_system7_0_0/cg_fpga_processing_system7_0_0.xdc:128]
Resolution: Modify the set_property command to apply the property on the correct object type. Since the property is being applied as a scoped constraint, ensure the proper connectivity of the object port objects can be translated into pin objects. This could be due to the insertion of IO Buffers between the top level terminal and cell pin. If the goal is to apply constraints that will migrate to top level ports it is required that IO Buffers manually be instanced.
CRITICAL WARNING: [Netlist 29-160] Cannot set property 'PACKAGE_PIN', because the property does not exist for objects of type 'pin'. [d:/cd2/design_2/ip/design_2_cg_fpga_0_0/src/cg_fpga_processing_system7_0_0/cg_fpga_processing_system7_0_0.xdc:129]
Resolution: Modify the set_property command to apply the property on the correct object type. Since the property is being applied as a scoped constraint, ensure the proper connectivity of the object port objects can be translated into pin objects. This could be due to the insertion of IO Buffers between the top level terminal and cell pin. If the goal is to apply constraints that will migrate to top level ports it is required that IO Buffers manually be instanced.
CRITICAL WARNING: [Netlist 29-160] Cannot set property 'slew', because the property does not exist for objects of type 'pin'. [d:/cd2/design_2/ip/design_2_cg_fpga_0_0/src/cg_fpga_processing_system7_0_0/cg_fpga_processing_system7_0_0.xdc:130]
Resolution: Modify the set_property command to apply the property on the correct object type. Since the property is being applied as a scoped constraint, ensure the proper connectivity of the object port objects can be translated into pin objects. This could be due to the insertion of IO Buffers between the top level terminal and cell pin. If the goal is to apply constraints that will migrate to top level ports it is required that IO Buffers manually be instanced.
CRITICAL WARNING: [Netlist 29-160] Cannot set property 'drive', because the property does not exist for objects of type 'pin'. [d:/cd2/design_2/ip/design_2_cg_fpga_0_0/src/cg_fpga_processing_system7_0_0/cg_fpga_processing_system7_0_0.xdc:131]
Resolution: Modify the set_property command to apply the property on the correct object type. Since the property is being applied as a scoped constraint, ensure the proper connectivity of the object port objects can be translated into pin objects. This could be due to the insertion of IO Buffers between the top level terminal and cell pin. If the goal is to apply constraints that will migrate to top level ports it is required that IO Buffers manually be instanced.
CRITICAL WARNING: [Netlist 29-160] Cannot set property 'pullup', because the property does not exist for objects of type 'pin'. [d:/cd2/design_2/ip/design_2_cg_fpga_0_0/src/cg_fpga_processing_system7_0_0/cg_fpga_processing_system7_0_0.xdc:132]
Resolution: Modify the set_property command to apply the property on the correct object type. Since the property is being applied as a scoped constraint, ensure the proper connectivity of the object port objects can be translated into pin objects. This could be due to the insertion of IO Buffers between the top level terminal and cell pin. If the goal is to apply constraints that will migrate to top level ports it is required that IO Buffers manually be instanced.
CRITICAL WARNING: [Netlist 29-160] Cannot set property 'PIO_DIRECTION', because the property does not exist for objects of type 'pin'. [d:/cd2/design_2/ip/design_2_cg_fpga_0_0/src/cg_fpga_processing_system7_0_0/cg_fpga_processing_system7_0_0.xdc:133]
Resolution: Modify the set_property command to apply the property on the correct object type. Since the property is being applied as a scoped constraint, ensure the proper connectivity of the object port objects can be translated into pin objects. This could be due to the insertion of IO Buffers between the top level terminal and cell pin. If the goal is to apply constraints that will migrate to top level ports it is required that IO Buffers manually be instanced.
CRITICAL WARNING: [Netlist 29-160] Cannot set property 'iostandard', because the property does not exist for objects of type 'pin'. [d:/cd2/design_2/ip/design_2_cg_fpga_0_0/src/cg_fpga_processing_system7_0_0/cg_fpga_processing_system7_0_0.xdc:135]
Resolution: Modify the set_property command to apply the property on the correct object type. Since the property is being applied as a scoped constraint, ensure the proper connectivity of the object port objects can be translated into pin objects. This could be due to the insertion of IO Buffers between the top level terminal and cell pin. If the goal is to apply constraints that will migrate to top level ports it is required that IO Buffers manually be instanced.
CRITICAL WARNING: [Netlist 29-160] Cannot set property 'PACKAGE_PIN', because the property does not exist for objects of type 'pin'. [d:/cd2/design_2/ip/design_2_cg_fpga_0_0/src/cg_fpga_processing_system7_0_0/cg_fpga_processing_system7_0_0.xdc:136]
Resolution: Modify the set_property command to apply the property on the correct object type. Since the property is being applied as a scoped constraint, ensure the proper connectivity of the object port objects can be translated into pin objects. This could be due to the insertion of IO Buffers between the top level terminal and cell pin. If the goal is to apply constraints that will migrate to top level ports it is required that IO Buffers manually be instanced.
CRITICAL WARNING: [Netlist 29-160] Cannot set property 'slew', because the property does not exist for objects of type 'pin'. [d:/cd2/design_2/ip/design_2_cg_fpga_0_0/src/cg_fpga_processing_system7_0_0/cg_fpga_processing_system7_0_0.xdc:137]
Resolution: Modify the set_property command to apply the property on the correct object type. Since the property is being applied as a scoped constraint, ensure the proper connectivity of the object port objects can be translated into pin objects. This could be due to the insertion of IO Buffers between the top level terminal and cell pin. If the goal is to apply constraints that will migrate to top level ports it is required that IO Buffers manually be instanced.
CRITICAL WARNING: [Netlist 29-160] Cannot set property 'drive', because the property does not exist for objects of type 'pin'. [d:/cd2/design_2/ip/design_2_cg_fpga_0_0/src/cg_fpga_processing_system7_0_0/cg_fpga_processing_system7_0_0.xdc:138]
Resolution: Modify the set_property command to apply the property on the correct object type. Since the property is being applied as a scoped constraint, ensure the proper connectivity of the object port objects can be translated into pin objects. This could be due to the insertion of IO Buffers between the top level terminal and cell pin. If the goal is to apply constraints that will migrate to top level ports it is required that IO Buffers manually be instanced.
CRITICAL WARNING: [Netlist 29-160] Cannot set property 'pullup', because the property does not exist for objects of type 'pin'. [d:/cd2/design_2/ip/design_2_cg_fpga_0_0/src/cg_fpga_processing_system7_0_0/cg_fpga_processing_system7_0_0.xdc:139]
Resolution: Modify the set_property command to apply the property on the correct object type. Since the property is being applied as a scoped constraint, ensure the proper connectivity of the object port objects can be translated into pin objects. This could be due to the insertion of IO Buffers between the top level terminal and cell pin. If the goal is to apply constraints that will migrate to top level ports it is required that IO Buffers manually be instanced.
CRITICAL WARNING: [Netlist 29-160] Cannot set property 'PIO_DIRECTION', because the property does not exist for objects of type 'pin'. [d:/cd2/design_2/ip/design_2_cg_fpga_0_0/src/cg_fpga_processing_system7_0_0/cg_fpga_processing_system7_0_0.xdc:140]
Resolution: Modify the set_property command to apply the property on the correct object type. Since the property is being applied as a scoped constraint, ensure the proper connectivity of the object port objects can be translated into pin objects. This could be due to the insertion of IO Buffers between the top level terminal and cell pin. If the goal is to apply constraints that will migrate to top level ports it is required that IO Buffers manually be instanced.
CRITICAL WARNING: [Netlist 29-160] Cannot set property 'iostandard', because the property does not exist for objects of type 'pin'. [d:/cd2/design_2/ip/design_2_cg_fpga_0_0/src/cg_fpga_processing_system7_0_0/cg_fpga_processing_system7_0_0.xdc:142]
Resolution: Modify the set_property command to apply the property on the correct object type. Since the property is being applied as a scoped constraint, ensure the proper connectivity of the object port objects can be translated into pin objects. This could be due to the insertion of IO Buffers between the top level terminal and cell pin. If the goal is to apply constraints that will migrate to top level ports it is required that IO Buffers manually be instanced.
CRITICAL WARNING: [Netlist 29-160] Cannot set property 'PACKAGE_PIN', because the property does not exist for objects of type 'pin'. [d:/cd2/design_2/ip/design_2_cg_fpga_0_0/src/cg_fpga_processing_system7_0_0/cg_fpga_processing_system7_0_0.xdc:143]
Resolution: Modify the set_property command to apply the property on the correct object type. Since the property is being applied as a scoped constraint, ensure the proper connectivity of the object port objects can be translated into pin objects. This could be due to the insertion of IO Buffers between the top level terminal and cell pin. If the goal is to apply constraints that will migrate to top level ports it is required that IO Buffers manually be instanced.
CRITICAL WARNING: [Netlist 29-160] Cannot set property 'slew', because the property does not exist for objects of type 'pin'. [d:/cd2/design_2/ip/design_2_cg_fpga_0_0/src/cg_fpga_processing_system7_0_0/cg_fpga_processing_system7_0_0.xdc:144]
Resolution: Modify the set_property command to apply the property on the correct object type. Since the property is being applied as a scoped constraint, ensure the proper connectivity of the object port objects can be translated into pin objects. This could be due to the insertion of IO Buffers between the top level terminal and cell pin. If the goal is to apply constraints that will migrate to top level ports it is required that IO Buffers manually be instanced.
CRITICAL WARNING: [Netlist 29-160] Cannot set property 'drive', because the property does not exist for objects of type 'pin'. [d:/cd2/design_2/ip/design_2_cg_fpga_0_0/src/cg_fpga_processing_system7_0_0/cg_fpga_processing_system7_0_0.xdc:145]
Resolution: Modify the set_property command to apply the property on the correct object type. Since the property is being applied as a scoped constraint, ensure the proper connectivity of the object port objects can be translated into pin objects. This could be due to the insertion of IO Buffers between the top level terminal and cell pin. If the goal is to apply constraints that will migrate to top level ports it is required that IO Buffers manually be instanced.
INFO: [Common 17-14] Message 'Netlist 29-160' appears 100 times and further instances of the messages will be disabled. Use the Tcl command set_msg_config to change the current settings. [d:/cd2/design_2/ip/design_2_cg_fpga_0_0/src/cg_fpga_processing_system7_0_0/cg_fpga_processing_system7_0_0.xdc:145]
Finished Parsing XDC File [d:/cd2/design_2/ip/design_2_cg_fpga_0_0/src/cg_fpga_processing_system7_0_0/cg_fpga_processing_system7_0_0.xdc] for cell 'design_2_i/cg_fpga_0/inst/processing_system7_0/inst'
Parsing XDC File [d:/cd2/design_2/ip/design_2_cg_fpga_0_0/src/cg_fpga_axi_vdma_0_0/cg_fpga_axi_vdma_0_0.xdc] for cell 'design_2_i/cg_fpga_0/inst/cg_axi_vdma_0/U0'
WARNING: [Vivado_Tcl 4-921] Waiver ID 'CDC-4' -to list should not be empty. [d:/cd2/design_2/ip/design_2_cg_fpga_0_0/src/cg_fpga_axi_vdma_0_0/cg_fpga_axi_vdma_0_0.xdc:68]
WARNING: [Vivado_Tcl 4-921] Waiver ID 'CDC-4' -to list should not be empty. [d:/cd2/design_2/ip/design_2_cg_fpga_0_0/src/cg_fpga_axi_vdma_0_0/cg_fpga_axi_vdma_0_0.xdc:72]
WARNING: [Vivado_Tcl 4-921] Waiver ID 'CDC-4' -to list should not be empty. [d:/cd2/design_2/ip/design_2_cg_fpga_0_0/src/cg_fpga_axi_vdma_0_0/cg_fpga_axi_vdma_0_0.xdc:76]
WARNING: [Vivado_Tcl 4-921] Waiver ID 'CDC-4' -to list should not be empty. [d:/cd2/design_2/ip/design_2_cg_fpga_0_0/src/cg_fpga_axi_vdma_0_0/cg_fpga_axi_vdma_0_0.xdc:80]
WARNING: [Vivado_Tcl 4-921] Waiver ID 'CDC-1' -to list should not be empty. [d:/cd2/design_2/ip/design_2_cg_fpga_0_0/src/cg_fpga_axi_vdma_0_0/cg_fpga_axi_vdma_0_0.xdc:84]
WARNING: [Vivado_Tcl 4-921] Waiver ID 'CDC-4' -to list should not be empty. [d:/cd2/design_2/ip/design_2_cg_fpga_0_0/src/cg_fpga_axi_vdma_0_0/cg_fpga_axi_vdma_0_0.xdc:88]
WARNING: [Vivado_Tcl 4-921] Waiver ID 'CDC-4' -to list should not be empty. [d:/cd2/design_2/ip/design_2_cg_fpga_0_0/src/cg_fpga_axi_vdma_0_0/cg_fpga_axi_vdma_0_0.xdc:92]
WARNING: [Vivado_Tcl 4-921] Waiver ID 'CDC-4' -to list should not be empty. [d:/cd2/design_2/ip/design_2_cg_fpga_0_0/src/cg_fpga_axi_vdma_0_0/cg_fpga_axi_vdma_0_0.xdc:96]
WARNING: [Vivado_Tcl 4-921] Waiver ID 'CDC-4' -to list should not be empty. [d:/cd2/design_2/ip/design_2_cg_fpga_0_0/src/cg_fpga_axi_vdma_0_0/cg_fpga_axi_vdma_0_0.xdc:100]
WARNING: [Vivado_Tcl 4-921] Waiver ID 'CDC-4' -to list should not be empty. [d:/cd2/design_2/ip/design_2_cg_fpga_0_0/src/cg_fpga_axi_vdma_0_0/cg_fpga_axi_vdma_0_0.xdc:104]
WARNING: [Vivado_Tcl 4-921] Waiver ID 'CDC-1' -to list should not be empty. [d:/cd2/design_2/ip/design_2_cg_fpga_0_0/src/cg_fpga_axi_vdma_0_0/cg_fpga_axi_vdma_0_0.xdc:108]
WARNING: [Vivado_Tcl 4-921] Waiver ID 'CDC-6' -to list should not be empty. [d:/cd2/design_2/ip/design_2_cg_fpga_0_0/src/cg_fpga_axi_vdma_0_0/cg_fpga_axi_vdma_0_0.xdc:192]
WARNING: [Vivado_Tcl 4-921] Waiver ID 'CDC-6' -to list should not be empty. [d:/cd2/design_2/ip/design_2_cg_fpga_0_0/src/cg_fpga_axi_vdma_0_0/cg_fpga_axi_vdma_0_0.xdc:196]
WARNING: [Vivado_Tcl 4-921] Waiver ID 'CDC-6' -to list should not be empty. [d:/cd2/design_2/ip/design_2_cg_fpga_0_0/src/cg_fpga_axi_vdma_0_0/cg_fpga_axi_vdma_0_0.xdc:200]
WARNING: [Vivado_Tcl 4-921] Waiver ID 'CDC-6' -to list should not be empty. [d:/cd2/design_2/ip/design_2_cg_fpga_0_0/src/cg_fpga_axi_vdma_0_0/cg_fpga_axi_vdma_0_0.xdc:204]
WARNING: [Vivado_Tcl 4-921] Waiver ID 'CDC-6' -to list should not be empty. [d:/cd2/design_2/ip/design_2_cg_fpga_0_0/src/cg_fpga_axi_vdma_0_0/cg_fpga_axi_vdma_0_0.xdc:208]
WARNING: [Vivado_Tcl 4-921] Waiver ID 'CDC-6' -to list should not be empty. [d:/cd2/design_2/ip/design_2_cg_fpga_0_0/src/cg_fpga_axi_vdma_0_0/cg_fpga_axi_vdma_0_0.xdc:212]
WARNING: [Vivado_Tcl 4-921] Waiver ID 'CDC-6' -to list should not be empty. [d:/cd2/design_2/ip/design_2_cg_fpga_0_0/src/cg_fpga_axi_vdma_0_0/cg_fpga_axi_vdma_0_0.xdc:216]
WARNING: [Vivado_Tcl 4-921] Waiver ID 'CDC-6' -to list should not be empty. [d:/cd2/design_2/ip/design_2_cg_fpga_0_0/src/cg_fpga_axi_vdma_0_0/cg_fpga_axi_vdma_0_0.xdc:220]
Finished Parsing XDC File [d:/cd2/design_2/ip/design_2_cg_fpga_0_0/src/cg_fpga_axi_vdma_0_0/cg_fpga_axi_vdma_0_0.xdc] for cell 'design_2_i/cg_fpga_0/inst/cg_axi_vdma_0/U0'
Parsing XDC File [d:/cd2/design_2/ip/design_2_cg_fpga_0_0/src/cg_fpga_rst_ps7_0_50M_0/cg_fpga_rst_ps7_0_50M_0_board.xdc] for cell 'design_2_i/cg_fpga_0/inst/rst_ps7_0_100M/U0'
Finished Parsing XDC File [d:/cd2/design_2/ip/design_2_cg_fpga_0_0/src/cg_fpga_rst_ps7_0_50M_0/cg_fpga_rst_ps7_0_50M_0_board.xdc] for cell 'design_2_i/cg_fpga_0/inst/rst_ps7_0_100M/U0'
Parsing XDC File [d:/cd2/design_2/ip/design_2_cg_fpga_0_0/src/cg_fpga_rst_ps7_0_50M_0/cg_fpga_rst_ps7_0_50M_0.xdc] for cell 'design_2_i/cg_fpga_0/inst/rst_ps7_0_100M/U0'
WARNING: [Vivado_Tcl 4-921] Waiver ID 'CDC-11' -to list should not be empty. [d:/cd2/design_2/ip/design_2_cg_fpga_0_0/src/cg_fpga_rst_ps7_0_50M_0/cg_fpga_rst_ps7_0_50M_0.xdc:50]
Finished Parsing XDC File [d:/cd2/design_2/ip/design_2_cg_fpga_0_0/src/cg_fpga_rst_ps7_0_50M_0/cg_fpga_rst_ps7_0_50M_0.xdc] for cell 'design_2_i/cg_fpga_0/inst/rst_ps7_0_100M/U0'
Parsing XDC File [d:/cd2/design_2/ip/design_2_cg_fpga_0_0/src/cg_fpga_axi_intc_0_0/cg_fpga_axi_intc_0_0.xdc] for cell 'design_2_i/cg_fpga_0/inst/cg_axi_intc_0/U0'
Finished Parsing XDC File [d:/cd2/design_2/ip/design_2_cg_fpga_0_0/src/cg_fpga_axi_intc_0_0/cg_fpga_axi_intc_0_0.xdc] for cell 'design_2_i/cg_fpga_0/inst/cg_axi_intc_0/U0'
Parsing XDC File [d:/cd2/design_2/ip/design_2_cg_fpga_0_0/src/cg_fpga_axi_uartlite_0_0/cg_fpga_axi_uartlite_0_0_board.xdc] for cell 'design_2_i/cg_fpga_0/inst/cg_axi_uartlite_0/U0'
Finished Parsing XDC File [d:/cd2/design_2/ip/design_2_cg_fpga_0_0/src/cg_fpga_axi_uartlite_0_0/cg_fpga_axi_uartlite_0_0_board.xdc] for cell 'design_2_i/cg_fpga_0/inst/cg_axi_uartlite_0/U0'
Parsing XDC File [d:/cd2/design_2/ip/design_2_cg_fpga_0_0/src/cg_fpga_axi_uartlite_0_0/cg_fpga_axi_uartlite_0_0.xdc] for cell 'design_2_i/cg_fpga_0/inst/cg_axi_uartlite_0/U0'
Finished Parsing XDC File [d:/cd2/design_2/ip/design_2_cg_fpga_0_0/src/cg_fpga_axi_uartlite_0_0/cg_fpga_axi_uartlite_0_0.xdc] for cell 'design_2_i/cg_fpga_0/inst/cg_axi_uartlite_0/U0'
Parsing XDC File [d:/cd2/design_2/ip/design_2_cg_fpga_0_0/src/cg_fpga_cg_fpga_axi_gpio_i1_0/cg_fpga_cg_fpga_axi_gpio_i1_0_board.xdc] for cell 'design_2_i/cg_fpga_0/inst/cg_fpga_axi_gpio_i2/U0'
Finished Parsing XDC File [d:/cd2/design_2/ip/design_2_cg_fpga_0_0/src/cg_fpga_cg_fpga_axi_gpio_i1_0/cg_fpga_cg_fpga_axi_gpio_i1_0_board.xdc] for cell 'design_2_i/cg_fpga_0/inst/cg_fpga_axi_gpio_i2/U0'
Parsing XDC File [d:/cd2/design_2/ip/design_2_cg_fpga_0_0/src/cg_fpga_cg_fpga_axi_gpio_i1_0/cg_fpga_cg_fpga_axi_gpio_i1_0.xdc] for cell 'design_2_i/cg_fpga_0/inst/cg_fpga_axi_gpio_i2/U0'
Finished Parsing XDC File [d:/cd2/design_2/ip/design_2_cg_fpga_0_0/src/cg_fpga_cg_fpga_axi_gpio_i1_0/cg_fpga_cg_fpga_axi_gpio_i1_0.xdc] for cell 'design_2_i/cg_fpga_0/inst/cg_fpga_axi_gpio_i2/U0'
Parsing XDC File [d:/cd2/design_2/ip/design_2_cg_fpga_0_0/src/cg_fpga_cg_fpga_axi_gpio_o1_1/cg_fpga_cg_fpga_axi_gpio_o1_1_board.xdc] for cell 'design_2_i/cg_fpga_0/inst/cg_fpga_axi_gpio_i1/U0'
Finished Parsing XDC File [d:/cd2/design_2/ip/design_2_cg_fpga_0_0/src/cg_fpga_cg_fpga_axi_gpio_o1_1/cg_fpga_cg_fpga_axi_gpio_o1_1_board.xdc] for cell 'design_2_i/cg_fpga_0/inst/cg_fpga_axi_gpio_i1/U0'
Parsing XDC File [d:/cd2/design_2/ip/design_2_cg_fpga_0_0/src/cg_fpga_cg_fpga_axi_gpio_o1_1/cg_fpga_cg_fpga_axi_gpio_o1_1.xdc] for cell 'design_2_i/cg_fpga_0/inst/cg_fpga_axi_gpio_i1/U0'
Finished Parsing XDC File [d:/cd2/design_2/ip/design_2_cg_fpga_0_0/src/cg_fpga_cg_fpga_axi_gpio_o1_1/cg_fpga_cg_fpga_axi_gpio_o1_1.xdc] for cell 'design_2_i/cg_fpga_0/inst/cg_fpga_axi_gpio_i1/U0'
Parsing XDC File [d:/cd2/design_2/ip/design_2_cg_fpga_0_0/src/cg_fpga_cg_fpga_axi_gpio_o1_0/cg_fpga_cg_fpga_axi_gpio_o1_0_board.xdc] for cell 'design_2_i/cg_fpga_0/inst/cg_fpga_axi_gpio_o2/U0'
Finished Parsing XDC File [d:/cd2/design_2/ip/design_2_cg_fpga_0_0/src/cg_fpga_cg_fpga_axi_gpio_o1_0/cg_fpga_cg_fpga_axi_gpio_o1_0_board.xdc] for cell 'design_2_i/cg_fpga_0/inst/cg_fpga_axi_gpio_o2/U0'
Parsing XDC File [d:/cd2/design_2/ip/design_2_cg_fpga_0_0/src/cg_fpga_cg_fpga_axi_gpio_o1_0/cg_fpga_cg_fpga_axi_gpio_o1_0.xdc] for cell 'design_2_i/cg_fpga_0/inst/cg_fpga_axi_gpio_o2/U0'
Finished Parsing XDC File [d:/cd2/design_2/ip/design_2_cg_fpga_0_0/src/cg_fpga_cg_fpga_axi_gpio_o1_0/cg_fpga_cg_fpga_axi_gpio_o1_0.xdc] for cell 'design_2_i/cg_fpga_0/inst/cg_fpga_axi_gpio_o2/U0'
Parsing XDC File [d:/cd2/design_2/ip/design_2_cg_fpga_0_0/src/cg_fpga_axi_gpio_0_0/cg_fpga_axi_gpio_0_0_board.xdc] for cell 'design_2_i/cg_fpga_0/inst/cg_fpga_axi_gpio_o1/U0'
Finished Parsing XDC File [d:/cd2/design_2/ip/design_2_cg_fpga_0_0/src/cg_fpga_axi_gpio_0_0/cg_fpga_axi_gpio_0_0_board.xdc] for cell 'design_2_i/cg_fpga_0/inst/cg_fpga_axi_gpio_o1/U0'
Parsing XDC File [d:/cd2/design_2/ip/design_2_cg_fpga_0_0/src/cg_fpga_axi_gpio_0_0/cg_fpga_axi_gpio_0_0.xdc] for cell 'design_2_i/cg_fpga_0/inst/cg_fpga_axi_gpio_o1/U0'
Finished Parsing XDC File [d:/cd2/design_2/ip/design_2_cg_fpga_0_0/src/cg_fpga_axi_gpio_0_0/cg_fpga_axi_gpio_0_0.xdc] for cell 'design_2_i/cg_fpga_0/inst/cg_fpga_axi_gpio_o1/U0'
Parsing XDC File [d:/cd2/design_2/ip/design_2_cg_fpga_0_0/src/cg_fpga_axi_vdma_0_0/cg_fpga_axi_vdma_0_0_clocks.xdc] for cell 'design_2_i/cg_fpga_0/inst/cg_axi_vdma_0/U0'
Finished Parsing XDC File [d:/cd2/design_2/ip/design_2_cg_fpga_0_0/src/cg_fpga_axi_vdma_0_0/cg_fpga_axi_vdma_0_0_clocks.xdc] for cell 'design_2_i/cg_fpga_0/inst/cg_axi_vdma_0/U0'
Parsing XDC File [d:/cd2/design_2/ip/design_2_cg_fpga_0_0/src/cg_fpga_v_vid_in_axi4s_0_0/cg_fpga_v_vid_in_axi4s_0_0_clocks.xdc] for cell 'design_2_i/cg_fpga_0/inst/v_vid_in_axi4s_0/inst'
Finished Parsing XDC File [d:/cd2/design_2/ip/design_2_cg_fpga_0_0/src/cg_fpga_v_vid_in_axi4s_0_0/cg_fpga_v_vid_in_axi4s_0_0_clocks.xdc] for cell 'design_2_i/cg_fpga_0/inst/v_vid_in_axi4s_0/inst'
Parsing XDC File [d:/cd2/design_2/ip/design_2_cg_fpga_0_0/src/cg_fpga_axi_intc_0_0/cg_fpga_axi_intc_0_0_clocks.xdc] for cell 'design_2_i/cg_fpga_0/inst/cg_axi_intc_0/U0'
Finished Parsing XDC File [d:/cd2/design_2/ip/design_2_cg_fpga_0_0/src/cg_fpga_axi_intc_0_0/cg_fpga_axi_intc_0_0_clocks.xdc] for cell 'design_2_i/cg_fpga_0/inst/cg_axi_intc_0/U0'
INFO: [Project 1-1714] 17 XPM XDC files have been applied to the design.
INFO: [Opt 31-138] Pushed 0 inverter(s) to 0 load pin(s).
INFO: [Project 1-1687] 1 scoped IP constraints or related sub-commands were skipped due to synthesis logic optimizations usually triggered by constant connectivity or unconnected output pins. To review the skipped constraints and messages, run the command 'set_param netlist.IPMsgFiltering false' before opening the design.
Netlist sorting complete. Time (s): cpu = 00:00:00 ; elapsed = 00:00:00.009 . Memory (MB): peak = 1494.473 ; gain = 0.000
INFO: [Project 1-111] Unisim Transformation Summary:
  A total of 3 instances were transformed.
  RAM32M => RAM32M (RAMD32(x6), RAMS32(x2)): 3 instances

114 Infos, 20 Warnings, 100 Critical Warnings and 0 Errors encountered.
link_design completed successfully
link_design: Time (s): cpu = 00:00:10 ; elapsed = 00:00:21 . Memory (MB): peak = 1494.473 ; gain = 1060.219
Command: opt_design
Attempting to get a license for feature 'Implementation' and/or device 'xc7z020'
INFO: [Common 17-349] Got license for feature 'Implementation' and/or device 'xc7z020'
Running DRC as a precondition to command opt_design

Starting DRC Task
INFO: [DRC 23-27] Running DRC with 2 threads
INFO: [Project 1-461] DRC finished with 0 Errors
INFO: [Project 1-462] Please refer to the DRC report (report_drc) for more information.

Time (s): cpu = 00:00:01 ; elapsed = 00:00:00.804 . Memory (MB): peak = 1494.473 ; gain = 0.000

Starting Cache Timing Information Task
INFO: [Timing 38-35] Done setting XDC timing constraints.
Ending Cache Timing Information Task | Checksum: 196924a67

Time (s): cpu = 00:00:00 ; elapsed = 00:00:00.369 . Memory (MB): peak = 1494.473 ; gain = 0.000

Starting Logic Optimization Task

Phase 1 Initialization

Phase 1.1 Core Generation And Design Setup
Phase 1.1 Core Generation And Design Setup | Checksum: 196924a67

Time (s): cpu = 00:00:00 ; elapsed = 00:00:00.017 . Memory (MB): peak = 1866.918 ; gain = 0.000

Phase 1.2 Setup Constraints And Sort Netlist
Phase 1.2 Setup Constraints And Sort Netlist | Checksum: 196924a67

Time (s): cpu = 00:00:00 ; elapsed = 00:00:00.029 . Memory (MB): peak = 1866.918 ; gain = 0.000
Phase 1 Initialization | Checksum: 196924a67

Time (s): cpu = 00:00:00 ; elapsed = 00:00:00.030 . Memory (MB): peak = 1866.918 ; gain = 0.000

Phase 2 Timer Update And Timing Data Collection

Phase 2.1 Timer Update
Phase 2.1 Timer Update | Checksum: 196924a67

Time (s): cpu = 00:00:00 ; elapsed = 00:00:00.200 . Memory (MB): peak = 1866.918 ; gain = 0.000

Phase 2.2 Timing Data Collection
Phase 2.2 Timing Data Collection | Checksum: 196924a67

Time (s): cpu = 00:00:00 ; elapsed = 00:00:00.224 . Memory (MB): peak = 1866.918 ; gain = 0.000
Phase 2 Timer Update And Timing Data Collection | Checksum: 196924a67

Time (s): cpu = 00:00:00 ; elapsed = 00:00:00.226 . Memory (MB): peak = 1866.918 ; gain = 0.000

Phase 3 Retarget
INFO: [Opt 31-1851] Number of loadless carry chains removed were: 0
INFO: [Opt 31-1834] Total Chains To Be Transformed Were: 0 AND Number of Transformed insts Created are: 0
INFO: [Opt 31-1566] Pulled 33 inverters resulting in an inversion of 371 pins
INFO: [Opt 31-138] Pushed 20 inverter(s) to 25 load pin(s).
INFO: [Opt 31-49] Retargeted 0 cell(s).
Phase 3 Retarget | Checksum: 166373a2c

Time (s): cpu = 00:00:00 ; elapsed = 00:00:00.644 . Memory (MB): peak = 1866.918 ; gain = 0.000
Retarget | Checksum: 166373a2c
INFO: [Opt 31-389] Phase Retarget created 736 cells and removed 1299 cells
INFO: [Opt 31-1021] In phase Retarget, 27 netlist objects are constrained preventing optimization. Please run opt_design with -debug_log to get more detail. 

Phase 4 Constant propagation
INFO: [Opt 31-138] Pushed 0 inverter(s) to 0 load pin(s).
Phase 4 Constant propagation | Checksum: 108c5ce94

Time (s): cpu = 00:00:01 ; elapsed = 00:00:00.772 . Memory (MB): peak = 1866.918 ; gain = 0.000
Constant propagation | Checksum: 108c5ce94
INFO: [Opt 31-389] Phase Constant propagation created 75 cells and removed 636 cells
INFO: [Opt 31-1021] In phase Constant propagation, 48 netlist objects are constrained preventing optimization. Please run opt_design with -debug_log to get more detail. 

Phase 5 Sweep
INFO: [Constraints 18-11670] Building netlist checker database with flags, 0x8
Done building netlist checker database: Time (s): cpu = 00:00:00 ; elapsed = 00:00:00.006 . Memory (MB): peak = 1866.918 ; gain = 0.000
INFO: [Constraints 18-11670] Building netlist checker database with flags, 0x8
Done building netlist checker database: Time (s): cpu = 00:00:00 ; elapsed = 00:00:00.005 . Memory (MB): peak = 1866.918 ; gain = 0.000
Phase 5 Sweep | Checksum: 14f65e16f

Time (s): cpu = 00:00:01 ; elapsed = 00:00:01 . Memory (MB): peak = 1866.918 ; gain = 0.000
Sweep | Checksum: 14f65e16f
INFO: [Opt 31-389] Phase Sweep created 0 cells and removed 933 cells
INFO: [Opt 31-1021] In phase Sweep, 161 netlist objects are constrained preventing optimization. Please run opt_design with -debug_log to get more detail. 

Phase 6 BUFG optimization
Phase 6 BUFG optimization | Checksum: 14f65e16f

Time (s): cpu = 00:00:01 ; elapsed = 00:00:01 . Memory (MB): peak = 1866.918 ; gain = 0.000
BUFG optimization | Checksum: 14f65e16f
INFO: [Opt 31-662] Phase BUFG optimization created 0 cells of which 0 are BUFGs and removed 0 cells.

Phase 7 Shift Register Optimization
INFO: [Opt 31-1064] SRL Remap converted 0 SRLs to 0 registers and converted 0 registers of register chains to 0 SRLs
Phase 7 Shift Register Optimization | Checksum: 14f65e16f

Time (s): cpu = 00:00:01 ; elapsed = 00:00:01 . Memory (MB): peak = 1866.918 ; gain = 0.000
Shift Register Optimization | Checksum: 14f65e16f
INFO: [Opt 31-389] Phase Shift Register Optimization created 0 cells and removed 0 cells

Phase 8 Post Processing Netlist
INFO: [Opt 31-1566] Pulled 2 inverters resulting in an inversion of 4 pins
Phase 8 Post Processing Netlist | Checksum: 11675fdc8

Time (s): cpu = 00:00:01 ; elapsed = 00:00:01 . Memory (MB): peak = 1866.918 ; gain = 0.000
Post Processing Netlist | Checksum: 11675fdc8
INFO: [Opt 31-389] Phase Post Processing Netlist created 0 cells and removed 4 cells
INFO: [Opt 31-1021] In phase Post Processing Netlist, 33 netlist objects are constrained preventing optimization. Please run opt_design with -debug_log to get more detail. 

Phase 9 Finalization

Phase 9.1 Finalizing Design Cores and Updating Shapes
Phase 9.1 Finalizing Design Cores and Updating Shapes | Checksum: bf1d0343

Time (s): cpu = 00:00:01 ; elapsed = 00:00:01 . Memory (MB): peak = 1866.918 ; gain = 0.000

Phase 9.2 Verifying Netlist Connectivity

Starting Connectivity Check Task

Time (s): cpu = 00:00:00 ; elapsed = 00:00:00.022 . Memory (MB): peak = 1866.918 ; gain = 0.000
Phase 9.2 Verifying Netlist Connectivity | Checksum: bf1d0343

Time (s): cpu = 00:00:01 ; elapsed = 00:00:01 . Memory (MB): peak = 1866.918 ; gain = 0.000
Phase 9 Finalization | Checksum: bf1d0343

Time (s): cpu = 00:00:01 ; elapsed = 00:00:01 . Memory (MB): peak = 1866.918 ; gain = 0.000
Opt_design Change Summary
=========================


-------------------------------------------------------------------------------------------------------------------------
|  Phase                        |  #Cells created  |  #Cells Removed  |  #Constrained objects preventing optimizations  |
-------------------------------------------------------------------------------------------------------------------------
|  Retarget                     |             736  |            1299  |                                             27  |
|  Constant propagation         |              75  |             636  |                                             48  |
|  Sweep                        |               0  |             933  |                                            161  |
|  BUFG optimization            |               0  |               0  |                                              0  |
|  Shift Register Optimization  |               0  |               0  |                                              0  |
|  Post Processing Netlist      |               0  |               4  |                                             33  |
-------------------------------------------------------------------------------------------------------------------------


Ending Logic Optimization Task | Checksum: bf1d0343

Time (s): cpu = 00:00:01 ; elapsed = 00:00:01 . Memory (MB): peak = 1866.918 ; gain = 0.000

Starting Power Optimization Task
INFO: [Pwropt 34-132] Skipping clock gating for clocks with a period < 2.00 ns.
INFO: [Pwropt 34-9] Applying IDT optimizations ...
INFO: [Pwropt 34-10] Applying ODC optimizations ...
INFO: [Timing 38-35] Done setting XDC timing constraints.
Running Vector-less Activity Propagation...

Finished Running Vector-less Activity Propagation


Starting PowerOpt Patch Enables Task
INFO: [Pwropt 34-162] WRITE_MODE attribute of 0 BRAM(s) out of a total of 6 has been updated to save power. Run report_power_opt to get a complete listing of the BRAMs updated.
INFO: [Pwropt 34-201] Structural ODC has moved 2 WE to EN ports
Number of BRAM Ports augmented: 9 newly gated: 2 Total Ports: 12
Ending PowerOpt Patch Enables Task | Checksum: e75c4650

Time (s): cpu = 00:00:00 ; elapsed = 00:00:00.057 . Memory (MB): peak = 2037.973 ; gain = 0.000
Ending Power Optimization Task | Checksum: e75c4650

Time (s): cpu = 00:00:02 ; elapsed = 00:00:03 . Memory (MB): peak = 2037.973 ; gain = 171.055

Starting Final Cleanup Task
Ending Final Cleanup Task | Checksum: e75c4650

Time (s): cpu = 00:00:00 ; elapsed = 00:00:00.002 . Memory (MB): peak = 2037.973 ; gain = 0.000

Starting Netlist Obfuscation Task
Netlist sorting complete. Time (s): cpu = 00:00:00 ; elapsed = 00:00:00.041 . Memory (MB): peak = 2037.973 ; gain = 0.000
Ending Netlist Obfuscation Task | Checksum: 145ccef90

Time (s): cpu = 00:00:00 ; elapsed = 00:00:00.042 . Memory (MB): peak = 2037.973 ; gain = 0.000
INFO: [Common 17-83] Releasing license: Implementation
146 Infos, 20 Warnings, 100 Critical Warnings and 0 Errors encountered.
opt_design completed successfully
opt_design: Time (s): cpu = 00:00:07 ; elapsed = 00:00:09 . Memory (MB): peak = 2037.973 ; gain = 543.500
INFO: [Vivado 12-24828] Executing command : report_drc -file design_2_wrapper_drc_opted.rpt -pb design_2_wrapper_drc_opted.pb -rpx design_2_wrapper_drc_opted.rpx
Command: report_drc -file design_2_wrapper_drc_opted.rpt -pb design_2_wrapper_drc_opted.pb -rpx design_2_wrapper_drc_opted.rpx
INFO: [IP_Flow 19-1839] IP Catalog is up to date.
INFO: [DRC 23-27] Running DRC with 2 threads
INFO: [Vivado_Tcl 2-168] The results of DRC are in file D:/cd2/impl_1/design_2_wrapper_drc_opted.rpt.
report_drc completed successfully
INFO: [Timing 38-35] Done setting XDC timing constraints.
INFO: [Timing 38-480] Writing timing data to binary archive.
Write ShapeDB Complete: Time (s): cpu = 00:00:00 ; elapsed = 00:00:00.022 . Memory (MB): peak = 2037.973 ; gain = 0.000
INFO: [Common 17-1381] The checkpoint 'D:/cd2/impl_1/design_2_wrapper_opt.dcp' has been generated.
Command: place_design
Attempting to get a license for feature 'Implementation' and/or device 'xc7z020'
INFO: [Common 17-349] Got license for feature 'Implementation' and/or device 'xc7z020'
INFO: [Common 17-83] Releasing license: Implementation
INFO: [DRC 23-27] Running DRC with 2 threads
INFO: [Vivado_Tcl 4-198] DRC finished with 0 Errors
INFO: [Vivado_Tcl 4-199] Please refer to the DRC report (report_drc) for more information.
Running DRC as a precondition to command place_design
INFO: [DRC 23-27] Running DRC with 2 threads
INFO: [Vivado_Tcl 4-198] DRC finished with 0 Errors
INFO: [Vivado_Tcl 4-199] Please refer to the DRC report (report_drc) for more information.
INFO: [Place 30-611] Multithreading enabled for place_design using a maximum of 2 CPUs

Starting Placer Task

Phase 1 Placer Initialization

Phase 1.1 Placer Initialization Netlist Sorting
Netlist sorting complete. Time (s): cpu = 00:00:00 ; elapsed = 00:00:00.008 . Memory (MB): peak = 2037.973 ; gain = 0.000
Phase 1.1 Placer Initialization Netlist Sorting | Checksum: c057a28b

Time (s): cpu = 00:00:00 ; elapsed = 00:00:00.010 . Memory (MB): peak = 2037.973 ; gain = 0.000
Netlist sorting complete. Time (s): cpu = 00:00:00 ; elapsed = 00:00:00.007 . Memory (MB): peak = 2037.973 ; gain = 0.000

Phase 1.2 IO Placement/ Clock Placement/ Build Placer Device
Phase 1.2 IO Placement/ Clock Placement/ Build Placer Device | Checksum: 62552913

Time (s): cpu = 00:00:00 ; elapsed = 00:00:00.505 . Memory (MB): peak = 2037.973 ; gain = 0.000

Phase 1.3 Build Placer Netlist Model
Phase 1.3 Build Placer Netlist Model | Checksum: 1cd0903f1

Time (s): cpu = 00:00:01 ; elapsed = 00:00:02 . Memory (MB): peak = 2037.973 ; gain = 0.000

Phase 1.4 Constrain Clocks/Macros
Phase 1.4 Constrain Clocks/Macros | Checksum: 1cd0903f1

Time (s): cpu = 00:00:01 ; elapsed = 00:00:02 . Memory (MB): peak = 2037.973 ; gain = 0.000
Phase 1 Placer Initialization | Checksum: 1cd0903f1

Time (s): cpu = 00:00:01 ; elapsed = 00:00:02 . Memory (MB): peak = 2037.973 ; gain = 0.000

Phase 2 Global Placement

Phase 2.1 Floorplanning
Phase 2.1 Floorplanning | Checksum: 15031d3aa

Time (s): cpu = 00:00:02 ; elapsed = 00:00:03 . Memory (MB): peak = 2037.973 ; gain = 0.000

Phase 2.2 Update Timing before SLR Path Opt
Phase 2.2 Update Timing before SLR Path Opt | Checksum: 1c053b8d5

Time (s): cpu = 00:00:02 ; elapsed = 00:00:03 . Memory (MB): peak = 2037.973 ; gain = 0.000

Phase 2.3 Post-Processing in Floorplanning
Phase 2.3 Post-Processing in Floorplanning | Checksum: 1c053b8d5

Time (s): cpu = 00:00:02 ; elapsed = 00:00:03 . Memory (MB): peak = 2037.973 ; gain = 0.000

Phase 2.4 Global Place Phase1
Phase 2.4 Global Place Phase1 | Checksum: 183d25cce

Time (s): cpu = 00:00:04 ; elapsed = 00:00:06 . Memory (MB): peak = 2037.973 ; gain = 0.000

Phase 2.5 Global Place Phase2

Phase 2.5.1 UpdateTiming Before Physical Synthesis
Phase 2.5.1 UpdateTiming Before Physical Synthesis | Checksum: 22d375797

Time (s): cpu = 00:00:05 ; elapsed = 00:00:07 . Memory (MB): peak = 2037.973 ; gain = 0.000

Phase 2.5.2 Physical Synthesis In Placer
INFO: [Physopt 32-1035] Found 0 LUTNM shape to break, 590 LUT instances to create LUTNM shape
INFO: [Physopt 32-1044] Break lutnm for timing: one critical 0, two critical 0, total 0, new lutff created 0
INFO: [Physopt 32-1138] End 1 Pass. Optimized 254 nets or LUTs. Breaked 0 LUT, combined 254 existing LUTs and moved 0 existing LUT
INFO: [Physopt 32-65] No nets found for high-fanout optimization.
INFO: [Physopt 32-232] Optimized 0 net. Created 0 new instance.
INFO: [Physopt 32-775] End 1 Pass. Optimized 0 net or cell. Created 0 new cell, deleted 0 existing cell and moved 0 existing cell
INFO: [Physopt 32-670] No setup violation found.  DSP Register Optimization was not performed.
INFO: [Physopt 32-670] No setup violation found.  Shift Register to Pipeline Optimization was not performed.
INFO: [Physopt 32-670] No setup violation found.  Shift Register Optimization was not performed.
INFO: [Physopt 32-670] No setup violation found.  BRAM Register Optimization was not performed.
INFO: [Physopt 32-670] No setup violation found.  URAM Register Optimization was not performed.
INFO: [Physopt 32-949] No candidate nets found for dynamic/static region interface net replication
INFO: [Physopt 32-775] End 1 Pass. Optimized 0 net or cell. Created 0 new cell, deleted 0 existing cell and moved 0 existing cell
Netlist sorting complete. Time (s): cpu = 00:00:00 ; elapsed = 00:00:00.010 . Memory (MB): peak = 2037.973 ; gain = 0.000

Summary of Physical Synthesis Optimizations
============================================


-----------------------------------------------------------------------------------------------------------------------------------------------------------
|  Optimization                                     |  Added Cells  |  Removed Cells  |  Optimized Cells/Nets  |  Dont Touch  |  Iterations  |  Elapsed   |
-----------------------------------------------------------------------------------------------------------------------------------------------------------
|  LUT Combining                                    |            0  |            254  |                   254  |           0  |           1  |  00:00:00  |
|  Retime                                           |            0  |              0  |                     0  |           0  |           1  |  00:00:00  |
|  Very High Fanout                                 |            0  |              0  |                     0  |           0  |           1  |  00:00:00  |
|  DSP Register                                     |            0  |              0  |                     0  |           0  |           0  |  00:00:00  |
|  Shift Register to Pipeline                       |            0  |              0  |                     0  |           0  |           0  |  00:00:00  |
|  Shift Register                                   |            0  |              0  |                     0  |           0  |           0  |  00:00:00  |
|  BRAM Register                                    |            0  |              0  |                     0  |           0  |           0  |  00:00:00  |
|  URAM Register                                    |            0  |              0  |                     0  |           0  |           0  |  00:00:00  |
|  Dynamic/Static Region Interface Net Replication  |            0  |              0  |                     0  |           0  |           1  |  00:00:00  |
|  Total                                            |            0  |            254  |                   254  |           0  |           4  |  00:00:00  |
-----------------------------------------------------------------------------------------------------------------------------------------------------------


Phase 2.5.2 Physical Synthesis In Placer | Checksum: 10b890a85

Time (s): cpu = 00:00:05 ; elapsed = 00:00:08 . Memory (MB): peak = 2037.973 ; gain = 0.000
Phase 2.5 Global Place Phase2 | Checksum: 913351fd

Time (s): cpu = 00:00:05 ; elapsed = 00:00:08 . Memory (MB): peak = 2037.973 ; gain = 0.000
Phase 2 Global Placement | Checksum: 913351fd

Time (s): cpu = 00:00:05 ; elapsed = 00:00:08 . Memory (MB): peak = 2037.973 ; gain = 0.000

Phase 3 Detail Placement

Phase 3.1 Commit Multi Column Macros
Phase 3.1 Commit Multi Column Macros | Checksum: 13689cf38

Time (s): cpu = 00:00:06 ; elapsed = 00:00:09 . Memory (MB): peak = 2037.973 ; gain = 0.000

Phase 3.2 Commit Most Macros & LUTRAMs
Phase 3.2 Commit Most Macros & LUTRAMs | Checksum: 1c618500b

Time (s): cpu = 00:00:06 ; elapsed = 00:00:09 . Memory (MB): peak = 2037.973 ; gain = 0.000

Phase 3.3 Area Swap Optimization
Phase 3.3 Area Swap Optimization | Checksum: 1afc13cd4

Time (s): cpu = 00:00:06 ; elapsed = 00:00:09 . Memory (MB): peak = 2037.973 ; gain = 0.000

Phase 3.4 Pipeline Register Optimization
Phase 3.4 Pipeline Register Optimization | Checksum: 21877457a

Time (s): cpu = 00:00:06 ; elapsed = 00:00:09 . Memory (MB): peak = 2037.973 ; gain = 0.000

Phase 3.5 Small Shape Detail Placement
Phase 3.5 Small Shape Detail Placement | Checksum: 8e71a259

Time (s): cpu = 00:00:07 ; elapsed = 00:00:13 . Memory (MB): peak = 2037.973 ; gain = 0.000

Phase 3.6 Re-assign LUT pins
Phase 3.6 Re-assign LUT pins | Checksum: 12b8fdc80

Time (s): cpu = 00:00:08 ; elapsed = 00:00:13 . Memory (MB): peak = 2037.973 ; gain = 0.000

Phase 3.7 Pipeline Register Optimization
Phase 3.7 Pipeline Register Optimization | Checksum: 10ed8f217

Time (s): cpu = 00:00:08 ; elapsed = 00:00:13 . Memory (MB): peak = 2037.973 ; gain = 0.000
Phase 3 Detail Placement | Checksum: 10ed8f217

Time (s): cpu = 00:00:08 ; elapsed = 00:00:13 . Memory (MB): peak = 2037.973 ; gain = 0.000

Phase 4 Post Placement Optimization and Clean-Up

Phase 4.1 Post Commit Optimization
INFO: [Timing 38-35] Done setting XDC timing constraints.

Phase 4.1.1 Post Placement Optimization
Post Placement Optimization Initialization | Checksum: d57d672a

Phase 4.1.1.1 BUFG Insertion

Starting Physical Synthesis Task

Phase 1 Physical Synthesis Initialization
INFO: [Physopt 32-721] Multithreading enabled for phys_opt_design using a maximum of 2 CPUs
INFO: [Physopt 32-619] Estimated Timing Summary | WNS=3.018 | TNS=0.000 |
Phase 1 Physical Synthesis Initialization | Checksum: bab6ee26

Time (s): cpu = 00:00:00 ; elapsed = 00:00:00.295 . Memory (MB): peak = 2037.973 ; gain = 0.000
INFO: [Place 46-56] BUFG insertion identified 0 candidate nets. Inserted BUFG: 0, Replicated BUFG Driver: 0, Skipped due to Placement/Routing Conflicts: 0, Skipped due to Timing Degradation: 0, Skipped due to netlist editing failed: 0.
Ending Physical Synthesis Task | Checksum: 15aa52474

Time (s): cpu = 00:00:00 ; elapsed = 00:00:00.347 . Memory (MB): peak = 2037.973 ; gain = 0.000
Phase 4.1.1.1 BUFG Insertion | Checksum: d57d672a

Time (s): cpu = 00:00:09 ; elapsed = 00:00:15 . Memory (MB): peak = 2037.973 ; gain = 0.000

Phase 4.1.1.2 Post Placement Timing Optimization
INFO: [Place 30-746] Post Placement Timing Summary WNS=3.018. For the most accurate timing information please run report_timing.
Phase 4.1.1.2 Post Placement Timing Optimization | Checksum: 1d30d2fad

Time (s): cpu = 00:00:09 ; elapsed = 00:00:15 . Memory (MB): peak = 2037.973 ; gain = 0.000

Time (s): cpu = 00:00:09 ; elapsed = 00:00:15 . Memory (MB): peak = 2037.973 ; gain = 0.000
Phase 4.1 Post Commit Optimization | Checksum: 1d30d2fad

Time (s): cpu = 00:00:09 ; elapsed = 00:00:15 . Memory (MB): peak = 2037.973 ; gain = 0.000

Phase 4.2 Post Placement Cleanup
Phase 4.2 Post Placement Cleanup | Checksum: 1d30d2fad

Time (s): cpu = 00:00:09 ; elapsed = 00:00:15 . Memory (MB): peak = 2037.973 ; gain = 0.000

Phase 4.3 Placer Reporting

Phase 4.3.1 Print Estimated Congestion
INFO: [Place 30-612] Post-Placement Estimated Congestion 
 ____________________________________________________
|           | Global Congestion | Short Congestion  |
| Direction | Region Size       | Region Size       |
|___________|___________________|___________________|
|      North|                1x1|                1x1|
|___________|___________________|___________________|
|      South|                1x1|                1x1|
|___________|___________________|___________________|
|       East|                1x1|                1x1|
|___________|___________________|___________________|
|       West|                1x1|                1x1|
|___________|___________________|___________________|

Phase 4.3.1 Print Estimated Congestion | Checksum: 1d30d2fad

Time (s): cpu = 00:00:09 ; elapsed = 00:00:15 . Memory (MB): peak = 2037.973 ; gain = 0.000
Phase 4.3 Placer Reporting | Checksum: 1d30d2fad

Time (s): cpu = 00:00:09 ; elapsed = 00:00:16 . Memory (MB): peak = 2037.973 ; gain = 0.000

Phase 4.4 Final Placement Cleanup
Netlist sorting complete. Time (s): cpu = 00:00:00 ; elapsed = 00:00:00.008 . Memory (MB): peak = 2037.973 ; gain = 0.000

Time (s): cpu = 00:00:09 ; elapsed = 00:00:16 . Memory (MB): peak = 2037.973 ; gain = 0.000
Phase 4 Post Placement Optimization and Clean-Up | Checksum: 2635335a1

Time (s): cpu = 00:00:09 ; elapsed = 00:00:16 . Memory (MB): peak = 2037.973 ; gain = 0.000
Ending Placer Task | Checksum: 16575dd63

Time (s): cpu = 00:00:09 ; elapsed = 00:00:16 . Memory (MB): peak = 2037.973 ; gain = 0.000
181 Infos, 20 Warnings, 100 Critical Warnings and 0 Errors encountered.
place_design completed successfully
place_design: Time (s): cpu = 00:00:10 ; elapsed = 00:00:17 . Memory (MB): peak = 2037.973 ; gain = 0.000
INFO: [Vivado 12-24838] Running report commands "report_control_sets, report_io, report_utilization" in parallel.
Running report generation with 2 threads.
INFO: [Vivado 12-24828] Executing command : report_io -file design_2_wrapper_io_placed.rpt
report_io: Time (s): cpu = 00:00:00 ; elapsed = 00:00:00.050 . Memory (MB): peak = 2037.973 ; gain = 0.000
INFO: [Vivado 12-24828] Executing command : report_control_sets -verbose -file design_2_wrapper_control_sets_placed.rpt
report_control_sets: Time (s): cpu = 00:00:00 ; elapsed = 00:00:00.035 . Memory (MB): peak = 2037.973 ; gain = 0.000
INFO: [Vivado 12-24828] Executing command : report_utilization -file design_2_wrapper_utilization_placed.rpt -pb design_2_wrapper_utilization_placed.pb
INFO: [Timing 38-480] Writing timing data to binary archive.
Write ShapeDB Complete: Time (s): cpu = 00:00:00 ; elapsed = 00:00:00.041 . Memory (MB): peak = 2037.973 ; gain = 0.000
Wrote PlaceDB: Time (s): cpu = 00:00:01 ; elapsed = 00:00:00.717 . Memory (MB): peak = 2037.973 ; gain = 0.000
Wrote PulsedLatchDB: Time (s): cpu = 00:00:00 ; elapsed = 00:00:00 . Memory (MB): peak = 2037.973 ; gain = 0.000
Writing XDEF routing.
Writing XDEF routing logical nets.
Writing XDEF routing special nets.
Wrote RouteStorage: Time (s): cpu = 00:00:00 ; elapsed = 00:00:00.045 . Memory (MB): peak = 2037.973 ; gain = 0.000
Wrote Netlist Cache: Time (s): cpu = 00:00:00 ; elapsed = 00:00:00.021 . Memory (MB): peak = 2037.973 ; gain = 0.000
Wrote Device Cache: Time (s): cpu = 00:00:00 ; elapsed = 00:00:00.019 . Memory (MB): peak = 2037.973 ; gain = 0.000
Write Physdb Complete: Time (s): cpu = 00:00:01 ; elapsed = 00:00:03 . Memory (MB): peak = 2037.973 ; gain = 0.000
INFO: [Common 17-1381] The checkpoint 'D:/cd2/impl_1/design_2_wrapper_placed.dcp' has been generated.
Command: phys_opt_design
Attempting to get a license for feature 'Implementation' and/or device 'xc7z020'
INFO: [Common 17-349] Got license for feature 'Implementation' and/or device 'xc7z020'

Starting Initial Update Timing Task

Time (s): cpu = 00:00:01 ; elapsed = 00:00:01 . Memory (MB): peak = 2037.973 ; gain = 0.000
INFO: [Vivado_Tcl 4-2279] Estimated Timing Summary | WNS= 3.018 | TNS= 0.000 | 
INFO: [Vivado_Tcl 4-383] Design worst setup slack (WNS) is greater than or equal to 0.000 ns. All physical synthesis setup optimizations will be skipped.
INFO: [Vivado_Tcl 4-232] No setup violation found. The netlist was not modified.
INFO: [Common 17-83] Releasing license: Implementation
192 Infos, 20 Warnings, 100 Critical Warnings and 0 Errors encountered.
phys_opt_design completed successfully
INFO: [Timing 38-480] Writing timing data to binary archive.
Write ShapeDB Complete: Time (s): cpu = 00:00:00 ; elapsed = 00:00:00.035 . Memory (MB): peak = 2037.973 ; gain = 0.000
Wrote PlaceDB: Time (s): cpu = 00:00:01 ; elapsed = 00:00:00.717 . Memory (MB): peak = 2037.973 ; gain = 0.000
Wrote PulsedLatchDB: Time (s): cpu = 00:00:00 ; elapsed = 00:00:00 . Memory (MB): peak = 2037.973 ; gain = 0.000
Writing XDEF routing.
Writing XDEF routing logical nets.
Writing XDEF routing special nets.
Wrote RouteStorage: Time (s): cpu = 00:00:00 ; elapsed = 00:00:00.037 . Memory (MB): peak = 2037.973 ; gain = 0.000
Wrote Netlist Cache: Time (s): cpu = 00:00:00 ; elapsed = 00:00:00.015 . Memory (MB): peak = 2037.973 ; gain = 0.000
Wrote Device Cache: Time (s): cpu = 00:00:00 ; elapsed = 00:00:00.012 . Memory (MB): peak = 2037.973 ; gain = 0.000
Write Physdb Complete: Time (s): cpu = 00:00:01 ; elapsed = 00:00:03 . Memory (MB): peak = 2037.973 ; gain = 0.000
INFO: [Common 17-1381] The checkpoint 'D:/cd2/impl_1/design_2_wrapper_physopt.dcp' has been generated.
Command: route_design
Attempting to get a license for feature 'Implementation' and/or device 'xc7z020'
INFO: [Common 17-349] Got license for feature 'Implementation' and/or device 'xc7z020'


Starting Routing Task
INFO: [Route 35-254] Multithreading enabled for route_design using a maximum of 2 CPUs

Phase 1 Build RT Design
Checksum: PlaceDB: 8a425319 ConstDB: 0 ShapeSum: c53a175a RouteDB: 15f972f0
Post Restoration Checksum: NetGraph: a12583ec | NumContArr: a61620fa | Constraints: c2a8fa9d | Timing: c2a8fa9d
Phase 1 Build RT Design | Checksum: 2cc8d9a20

Time (s): cpu = 00:00:15 ; elapsed = 00:00:25 . Memory (MB): peak = 2093.523 ; gain = 55.551

Phase 2 Router Initialization

Phase 2.1 Fix Topology Constraints
Phase 2.1 Fix Topology Constraints | Checksum: 2cc8d9a20

Time (s): cpu = 00:00:15 ; elapsed = 00:00:25 . Memory (MB): peak = 2093.523 ; gain = 55.551

Phase 2.2 Pre Route Cleanup
Phase 2.2 Pre Route Cleanup | Checksum: 2cc8d9a20

Time (s): cpu = 00:00:15 ; elapsed = 00:00:25 . Memory (MB): peak = 2093.523 ; gain = 55.551
 Number of Nodes with overlaps = 0

Phase 2.3 Update Timing
Phase 2.3 Update Timing | Checksum: 279187f30

Time (s): cpu = 00:00:16 ; elapsed = 00:00:28 . Memory (MB): peak = 2134.953 ; gain = 96.980
INFO: [Route 35-416] Intermediate Timing Summary | WNS=3.189  | TNS=0.000  | WHS=-0.356 | THS=-191.389|


Phase 2.4 Update Timing for Bus Skew

Phase 2.4.1 Update Timing
Phase 2.4.1 Update Timing | Checksum: 1e88c3425

Time (s): cpu = 00:00:16 ; elapsed = 00:00:29 . Memory (MB): peak = 2134.953 ; gain = 96.980
INFO: [Route 35-416] Intermediate Timing Summary | WNS=3.189  | TNS=0.000  | WHS=-0.100 | THS=-1.794 |

Phase 2.4 Update Timing for Bus Skew | Checksum: 1e88c3425

Time (s): cpu = 00:00:16 ; elapsed = 00:00:29 . Memory (MB): peak = 2134.953 ; gain = 96.980

Router Utilization Summary
  Global Vertical Routing Utilization    = 0 %
  Global Horizontal Routing Utilization  = 0 %
  Routable Net Status*
  *Does not include unroutable nets such as driverless and loadless.
  Run report_route_status for detailed report.
  Number of Failed Nets               = 9612
    (Failed Nets is the sum of unrouted and partially routed nets)
  Number of Unrouted Nets             = 9612
  Number of Partially Routed Nets     = 0
  Number of Node Overlaps             = 0

Phase 2 Router Initialization | Checksum: 1b6c58522

Time (s): cpu = 00:00:16 ; elapsed = 00:00:29 . Memory (MB): peak = 2137.172 ; gain = 99.199

Phase 3 Global Routing
Phase 3 Global Routing | Checksum: 1b6c58522

Time (s): cpu = 00:00:16 ; elapsed = 00:00:29 . Memory (MB): peak = 2137.172 ; gain = 99.199

Phase 4 Initial Routing

Phase 4.1 Initial Net Routing Pass
Phase 4.1 Initial Net Routing Pass | Checksum: 2b506bb67

Time (s): cpu = 00:00:17 ; elapsed = 00:00:30 . Memory (MB): peak = 2137.172 ; gain = 99.199
Phase 4 Initial Routing | Checksum: 2b506bb67

Time (s): cpu = 00:00:17 ; elapsed = 00:00:30 . Memory (MB): peak = 2137.172 ; gain = 99.199

Phase 5 Rip-up And Reroute

Phase 5.1 Global Iteration 0
 Number of Nodes with overlaps = 506
 Number of Nodes with overlaps = 10
 Number of Nodes with overlaps = 1
 Number of Nodes with overlaps = 0
INFO: [Route 35-416] Intermediate Timing Summary | WNS=2.471  | TNS=0.000  | WHS=N/A    | THS=N/A    |

Phase 5.1 Global Iteration 0 | Checksum: 19dd64182

Time (s): cpu = 00:00:18 ; elapsed = 00:00:33 . Memory (MB): peak = 2137.172 ; gain = 99.199

Phase 5.2 Global Iteration 1
 Number of Nodes with overlaps = 7
 Number of Nodes with overlaps = 0
INFO: [Route 35-416] Intermediate Timing Summary | WNS=2.471  | TNS=0.000  | WHS=N/A    | THS=N/A    |

Phase 5.2 Global Iteration 1 | Checksum: 29799953d

Time (s): cpu = 00:00:18 ; elapsed = 00:00:33 . Memory (MB): peak = 2137.172 ; gain = 99.199
Phase 5 Rip-up And Reroute | Checksum: 29799953d

Time (s): cpu = 00:00:18 ; elapsed = 00:00:33 . Memory (MB): peak = 2137.172 ; gain = 99.199

Phase 6 Delay and Skew Optimization

Phase 6.1 Delay CleanUp

Phase 6.1.1 Update Timing
Phase 6.1.1 Update Timing | Checksum: 1e18c6abb

Time (s): cpu = 00:00:18 ; elapsed = 00:00:33 . Memory (MB): peak = 2137.172 ; gain = 99.199
INFO: [Route 35-416] Intermediate Timing Summary | WNS=2.586  | TNS=0.000  | WHS=N/A    | THS=N/A    |

Phase 6.1 Delay CleanUp | Checksum: 22e477a18

Time (s): cpu = 00:00:18 ; elapsed = 00:00:34 . Memory (MB): peak = 2137.172 ; gain = 99.199

Phase 6.2 Clock Skew Optimization
Phase 6.2 Clock Skew Optimization | Checksum: 22e477a18

Time (s): cpu = 00:00:18 ; elapsed = 00:00:34 . Memory (MB): peak = 2137.172 ; gain = 99.199
Phase 6 Delay and Skew Optimization | Checksum: 22e477a18

Time (s): cpu = 00:00:18 ; elapsed = 00:00:34 . Memory (MB): peak = 2137.172 ; gain = 99.199

Phase 7 Post Hold Fix

Phase 7.1 Hold Fix Iter
INFO: [Route 35-416] Intermediate Timing Summary | WNS=2.586  | TNS=0.000  | WHS=0.030  | THS=0.000  |

Phase 7.1 Hold Fix Iter | Checksum: 2b5d08aba

Time (s): cpu = 00:00:19 ; elapsed = 00:00:34 . Memory (MB): peak = 2137.172 ; gain = 99.199
Phase 7 Post Hold Fix | Checksum: 2b5d08aba

Time (s): cpu = 00:00:19 ; elapsed = 00:00:34 . Memory (MB): peak = 2137.172 ; gain = 99.199

Phase 8 Route finalize

Router Utilization Summary
  Global Vertical Routing Utilization    = 1.35435 %
  Global Horizontal Routing Utilization  = 1.73944 %
  Routable Net Status*
  *Does not include unroutable nets such as driverless and loadless.
  Run report_route_status for detailed report.
  Number of Failed Nets               = 0
    (Failed Nets is the sum of unrouted and partially routed nets)
  Number of Unrouted Nets             = 0
  Number of Partially Routed Nets     = 0
  Number of Node Overlaps             = 0

Phase 8 Route finalize | Checksum: 2b5d08aba

Time (s): cpu = 00:00:19 ; elapsed = 00:00:34 . Memory (MB): peak = 2137.172 ; gain = 99.199

Phase 9 Verifying routed nets

 Verification completed successfully
Phase 9 Verifying routed nets | Checksum: 2b5d08aba

Time (s): cpu = 00:00:19 ; elapsed = 00:00:34 . Memory (MB): peak = 2137.172 ; gain = 99.199

Phase 10 Depositing Routes
Phase 10 Depositing Routes | Checksum: 1d2829801

Time (s): cpu = 00:00:19 ; elapsed = 00:00:35 . Memory (MB): peak = 2137.172 ; gain = 99.199

Phase 11 Post Process Routing
Phase 11 Post Process Routing | Checksum: 1d2829801

Time (s): cpu = 00:00:19 ; elapsed = 00:00:35 . Memory (MB): peak = 2137.172 ; gain = 99.199

Phase 12 Post Router Timing
INFO: [Route 35-57] Estimated Timing Summary | WNS=2.586  | TNS=0.000  | WHS=0.030  | THS=0.000  |

INFO: [Route 35-327] The final timing numbers are based on the router estimated timing analysis. For a complete and accurate timing signoff, please run report_timing_summary.
Phase 12 Post Router Timing | Checksum: 1d2829801

Time (s): cpu = 00:00:19 ; elapsed = 00:00:35 . Memory (MB): peak = 2137.172 ; gain = 99.199
Total Elapsed time in route_design: 34.592 secs

Phase 13 Post-Route Event Processing
Phase 13 Post-Route Event Processing | Checksum: 1f73d3103

Time (s): cpu = 00:00:19 ; elapsed = 00:00:35 . Memory (MB): peak = 2137.172 ; gain = 99.199
INFO: [Route 35-16] Router Completed Successfully
Ending Routing Task | Checksum: 1f73d3103

Time (s): cpu = 00:00:19 ; elapsed = 00:00:35 . Memory (MB): peak = 2137.172 ; gain = 99.199

Routing Is Done.
INFO: [Common 17-83] Releasing license: Implementation
206 Infos, 20 Warnings, 100 Critical Warnings and 0 Errors encountered.
route_design completed successfully
route_design: Time (s): cpu = 00:00:19 ; elapsed = 00:00:35 . Memory (MB): peak = 2137.172 ; gain = 99.199
INFO: [Vivado 12-24828] Executing command : report_drc -file design_2_wrapper_drc_routed.rpt -pb design_2_wrapper_drc_routed.pb -rpx design_2_wrapper_drc_routed.rpx
Command: report_drc -file design_2_wrapper_drc_routed.rpt -pb design_2_wrapper_drc_routed.pb -rpx design_2_wrapper_drc_routed.rpx
INFO: [IP_Flow 19-1839] IP Catalog is up to date.
INFO: [DRC 23-27] Running DRC with 2 threads
INFO: [Vivado_Tcl 2-168] The results of DRC are in file D:/cd2/impl_1/design_2_wrapper_drc_routed.rpt.
report_drc completed successfully
INFO: [Vivado 12-24828] Executing command : report_methodology -file design_2_wrapper_methodology_drc_routed.rpt -pb design_2_wrapper_methodology_drc_routed.pb -rpx design_2_wrapper_methodology_drc_routed.rpx
Command: report_methodology -file design_2_wrapper_methodology_drc_routed.rpt -pb design_2_wrapper_methodology_drc_routed.pb -rpx design_2_wrapper_methodology_drc_routed.rpx
INFO: [Timing 38-35] Done setting XDC timing constraints.
INFO: [DRC 23-133] Running Methodology with 2 threads
INFO: [Vivado_Tcl 2-1520] The results of Report Methodology are in file D:/cd2/impl_1/design_2_wrapper_methodology_drc_routed.rpt.
report_methodology completed successfully
report_methodology: Time (s): cpu = 00:00:02 ; elapsed = 00:00:05 . Memory (MB): peak = 2213.395 ; gain = 33.828
INFO: [Vivado 12-24828] Executing command : report_timing_summary -max_paths 10 -report_unconstrained -file design_2_wrapper_timing_summary_routed.rpt -pb design_2_wrapper_timing_summary_routed.pb -rpx design_2_wrapper_timing_summary_routed.rpx -warn_on_violation 
INFO: [Timing 38-35] Done setting XDC timing constraints.
INFO: [Timing 38-91] UpdateTimingParams: Speed grade: -1, Delay Type: min_max.
INFO: [Timing 38-191] Multithreading enabled for timing update using a maximum of 2 CPUs
WARNING: [Timing 38-436] There are set_bus_skew constraint(s) in this design. Please run report_bus_skew to ensure that bus skew requirements are met.
INFO: [Vivado 12-24838] Running report commands "report_incremental_reuse, report_route_status" in parallel.
Running report generation with 2 threads.
INFO: [Vivado 12-24828] Executing command : report_incremental_reuse -file design_2_wrapper_incremental_reuse_routed.rpt
INFO: [Vivado_Tcl 4-1062] Incremental flow is disabled. No incremental reuse Info to report.
INFO: [Vivado 12-24828] Executing command : report_route_status -file design_2_wrapper_route_status.rpt -pb design_2_wrapper_route_status.pb
INFO: [Vivado 12-24828] Executing command : report_power -file design_2_wrapper_power_routed.rpt -pb design_2_wrapper_power_summary_routed.pb -rpx design_2_wrapper_power_routed.rpx
Command: report_power -file design_2_wrapper_power_routed.rpt -pb design_2_wrapper_power_summary_routed.pb -rpx design_2_wrapper_power_routed.rpx
Running Vector-less Activity Propagation...

Finished Running Vector-less Activity Propagation
WARNING: [Power 33-332] Found switching activity that implies high-fanout reset nets being asserted for excessive periods of time which may result in inaccurate power analysis.
Resolution: To review and fix problems, please run Power Constraints Advisor in the GUI from Tools > Power Constraints Advisor or run report_power with the -advisory option to generate a text report.
223 Infos, 22 Warnings, 100 Critical Warnings and 0 Errors encountered.
report_power completed successfully
INFO: [Vivado 12-24828] Executing command : report_clock_utilization -file design_2_wrapper_clock_utilization_routed.rpt
INFO: [Vivado 12-24828] Executing command : report_bus_skew -warn_on_violation -file design_2_wrapper_bus_skew_routed.rpt -pb design_2_wrapper_bus_skew_routed.pb -rpx design_2_wrapper_bus_skew_routed.rpx
INFO: [Timing 38-91] UpdateTimingParams: Speed grade: -1, Delay Type: min_max.
INFO: [Timing 38-191] Multithreading enabled for timing update using a maximum of 2 CPUs
generate_parallel_reports: Time (s): cpu = 00:00:12 ; elapsed = 00:00:14 . Memory (MB): peak = 2227.520 ; gain = 90.348
INFO: [Timing 38-480] Writing timing data to binary archive.
Write ShapeDB Complete: Time (s): cpu = 00:00:00 ; elapsed = 00:00:00.039 . Memory (MB): peak = 2254.379 ; gain = 8.977
Wrote PlaceDB: Time (s): cpu = 00:00:01 ; elapsed = 00:00:00.952 . Memory (MB): peak = 2263.836 ; gain = 18.430
Wrote PulsedLatchDB: Time (s): cpu = 00:00:00 ; elapsed = 00:00:00 . Memory (MB): peak = 2263.836 ; gain = 0.000
Writing XDEF routing.
Writing XDEF routing logical nets.
Writing XDEF routing special nets.
Wrote RouteStorage: Time (s): cpu = 00:00:00 ; elapsed = 00:00:00.103 . Memory (MB): peak = 2263.836 ; gain = 0.000
Wrote Netlist Cache: Time (s): cpu = 00:00:00 ; elapsed = 00:00:00.015 . Memory (MB): peak = 2263.836 ; gain = 0.000
Wrote Device Cache: Time (s): cpu = 00:00:00 ; elapsed = 00:00:00.011 . Memory (MB): peak = 2263.836 ; gain = 0.000
Write Physdb Complete: Time (s): cpu = 00:00:01 ; elapsed = 00:00:03 . Memory (MB): peak = 2263.836 ; gain = 18.430
INFO: [Common 17-1381] The checkpoint 'D:/cd2/impl_1/design_2_wrapper_routed.dcp' has been generated.
INFO: [Memdata 28-208] The XPM instance: <design_2_i/cg_fpga_0/inst/v_vid_in_axi4s_0/inst/COUPLER_INST/generate_async_fifo.FIFO_INST/XPM_FIFO_ASYNC_INST/gnuram_async_fifo.xpm_fifo_base_inst/gen_sdpram.xpm_memory_base_inst> is part of IP: <design_2_i/cg_fpga_0/inst/v_vid_in_axi4s_0>. This XPM instance will be excluded from the .mmi because updatemem is prohibited from making changes to an XPM that is part of an IP.
INFO: [Memdata 28-167] Found XPM memory block design_2_i/cg_fpga_0/inst/cg_axi_vdma_0/U0/I_PRMRY_DATAMOVER/GEN_S2MM_FULL.I_S2MM_FULL_WRAPPER/GEN_ENABLE_INDET_BTT_SF.I_INDET_BTT/I_XD_FIFO/NON_BLK_MEM.I_SYNC_FIFOGEN_FIFO/xpm_fifo_instance.xpm_fifo_sync_inst/xpm_fifo_base_inst/gen_sdpram.xpm_memory_base_inst with a P_MEMORY_PRIMITIVE property set to auto. A value of block is required. You will not be able to use the updatemem program to update the bitstream with new data for the design_2_i/cg_fpga_0/inst/cg_axi_vdma_0/U0/I_PRMRY_DATAMOVER/GEN_S2MM_FULL.I_S2MM_FULL_WRAPPER/GEN_ENABLE_INDET_BTT_SF.I_INDET_BTT/I_XD_FIFO/NON_BLK_MEM.I_SYNC_FIFOGEN_FIFO/xpm_fifo_instance.xpm_fifo_sync_inst/xpm_fifo_base_inst/gen_sdpram.xpm_memory_base_inst block.
INFO: [Memdata 28-208] The XPM instance: <design_2_i/cg_fpga_0/inst/cg_axi_vdma_0/U0/I_PRMRY_DATAMOVER/GEN_S2MM_FULL.I_S2MM_FULL_WRAPPER/GEN_ENABLE_INDET_BTT_SF.I_INDET_BTT/I_DATA_FIFO/BLK_MEM.I_SYNC_FIFOGEN_FIFO/xpm_fifo_instance.xpm_fifo_sync_inst/xpm_fifo_base_inst/gen_sdpram.xpm_memory_base_inst> is part of IP: <design_2_i/cg_fpga_0/inst/cg_axi_vdma_0>. This XPM instance will be excluded from the .mmi because updatemem is prohibited from making changes to an XPM that is part of an IP.
INFO: [Memdata 28-208] The XPM instance: <design_2_i/cg_fpga_0/inst/cg_axi_vdma_0/U0/I_PRMRY_DATAMOVER/GEN_MM2S_FULL.I_MM2S_FULL_WRAPPER/GEN_INCLUDE_MM2S_SF.I_RD_SF/I_DATA_FIFO/BLK_MEM.I_SYNC_FIFOGEN_FIFO/xpm_fifo_instance.xpm_fifo_sync_inst/xpm_fifo_base_inst/gen_sdpram.xpm_memory_base_inst> is part of IP: <design_2_i/cg_fpga_0/inst/cg_axi_vdma_0>. This XPM instance will be excluded from the .mmi because updatemem is prohibited from making changes to an XPM that is part of an IP.
INFO: [Memdata 28-208] The XPM instance: <design_2_i/cg_fpga_0/inst/cg_axi_vdma_0/U0/GEN_SPRT_FOR_S2MM.S2MM_LINEBUFFER_I/GEN_S2MM_FLUSH_SOF_LOGIC.GEN_LINEBUFFER_FLUSH_SOF.GEN_SYNC_FIFO_FLUSH_SOF.I_LINEBUFFER_FIFO/xpm_fifo_sync_inst/xpm_fifo_base_inst/gen_sdpram.xpm_memory_base_inst> is part of IP: <design_2_i/cg_fpga_0/inst/cg_axi_vdma_0>. This XPM instance will be excluded from the .mmi because updatemem is prohibited from making changes to an XPM that is part of an IP.
INFO: [Memdata 28-208] The XPM instance: <design_2_i/cg_fpga_0/inst/cg_axi_vdma_0/U0/GEN_SPRT_FOR_MM2S.MM2S_LINEBUFFER_I/GEN_LINEBUF_NO_SOF.GEN_LINEBUFFER.GEN_SYNC_FIFO.I_LINEBUFFER_FIFO/xpm_fifo_sync_inst/xpm_fifo_base_inst/gen_sdpram.xpm_memory_base_inst> is part of IP: <design_2_i/cg_fpga_0/inst/cg_axi_vdma_0>. This XPM instance will be excluded from the .mmi because updatemem is prohibited from making changes to an XPM that is part of an IP.
Command: write_bitstream -force design_2_wrapper.bit
Attempting to get a license for feature 'Implementation' and/or device 'xc7z020'
INFO: [Common 17-349] Got license for feature 'Implementation' and/or device 'xc7z020'
Running DRC as a precondition to command write_bitstream
INFO: [IP_Flow 19-1839] IP Catalog is up to date.
INFO: [DRC 23-27] Running DRC with 2 threads
INFO: [Vivado 12-3199] DRC finished with 0 Errors
INFO: [Vivado 12-3200] Please refer to the DRC report (report_drc) for more information.
INFO: [Designutils 20-2272] Running write_bitstream with 2 threads.
Loading data files...
Loading site data...
Loading route data...
Processing options...
Creating bitmap...
Creating bitstream...
Writing bitstream ./design_2_wrapper.bit...
INFO: [Vivado 12-1842] Bitgen Completed Successfully.
INFO: [Project 1-1876] WebTalk data collection is mandatory when using a ULT device. To see the specific WebTalk data collected for your design, open the usage_statistics_webtalk.html or usage_statistics_webtalk.xml file in the implementation directory.
INFO: [Common 17-83] Releasing license: Implementation
244 Infos, 22 Warnings, 100 Critical Warnings and 0 Errors encountered.
write_bitstream completed successfully
write_bitstream: Time (s): cpu = 00:00:13 ; elapsed = 00:00:20 . Memory (MB): peak = 2777.180 ; gain = 513.344
INFO: [Common 17-206] Exiting Vivado at Fri Oct 10 11:22:43 2025...
